Źródło danych;Czas;Wartość
\\PIAF\PKN Orlen\PI Vision\PKN Orlen\ZAKŁAD PRODUKCYJNY PŁOCK\RAFINERIA\PR03 BLOK PRZEROBU ROPY\DRW-IV|DR4.FC43354_SQR.PV;"2026-07-31 08:37:03,144012";"54,220272064209"
\\PIAF\PKN Orlen\PI Vision\PKN Orlen\ZAKŁAD PRODUKCYJNY PŁOCK\RAFINERIA\PR03 BLOK PRZEROBU ROPY\DRW-IV|DR4.FC43354_SQR.PV;"2026-07-31 08:38:03,207001";"51,9865646362305"
\\PIAF\PKN Orlen\PI Vision\PKN Orlen\ZAKŁAD PRODUKCYJNY PŁOCK\RAFINERIA\PR03 BLOK PRZEROBU ROPY\DRW-IV|DR4.FC43354_SQR.PV;"2026-07-31 08:48:13,160003";"51,8246765136719"
\\PIAF\PKN Orlen\PI Vision\PKN Orlen\ZAKŁAD PRODUKCYJNY PŁOCK\RAFINERIA\PR03 BLOK PRZEROBU ROPY\DRW-IV|DR4.FC43354_SQR.PV;"2026-07-31 08:49:18,254013";"52,5137710571289"
\\PIAF\PKN Orlen\PI Vision\PKN Orlen\ZAKŁAD PRODUKCYJNY PŁOCK\RAFINERIA\PR03 BLOK PRZEROBU ROPY\DRW-IV|DR4.FC43354_SQR.PV;"2026-07-31 08:53:58,207001";"52,7417297363281"
\\PIAF\PKN Orlen\PI Vision\PKN Orlen\ZAKŁAD PRODUKCYJNY PŁOCK\RAFINERIA\PR03 BLOK PRZEROBU ROPY\DRW-IV|DR4.FC43354_SQR.PV;"2026-07-31 08:56:28,17601";"53,3994979858398"
\\PIAF\PKN Orlen\PI Vision\PKN Orlen\ZAKŁAD PRODUKCYJNY PŁOCK\RAFINERIA\PR03 BLOK PRZEROBU ROPY\DRW-IV|DR4.FC43354_SQR.PV;"2026-07-31 08:59:33,160003";"53,5445709228516"
\\PIAF\PKN Orlen\PI Vision\PKN Orlen\ZAKŁAD PRODUKCYJNY PŁOCK\RAFINERIA\PR03 BLOK PRZEROBU ROPY\DRW-IV|DR4.FC43354_SQR.PV;"2026-07-31 09:02:53,223007";"54,2154006958008"
\\PIAF\PKN Orlen\PI Vision\PKN Orlen\ZAKŁAD PRODUKCYJNY PŁOCK\RAFINERIA\PR03 BLOK PRZEROBU ROPY\DRW-IV|DR4.FC43354_SQR.PV;"2026-07-31 09:08:08,238006";"53,8945236206055"
\\PIAF\PKN Orlen\PI Vision\PKN Orlen\ZAKŁAD PRODUKCYJNY PŁOCK\RAFINERIA\PR03 BLOK PRZEROBU ROPY\DRW-IV|DR4.FC43354_SQR.PV;"2026-07-31 09:19:28,238006";"53,1751708984375"
\\PIAF\PKN Orlen\PI Vision\PKN Orlen\ZAKŁAD PRODUKCYJNY PŁOCK\RAFINERIA\PR03 BLOK PRZEROBU ROPY\DRW-IV|DR4.FC43354_SQR.PV;"2026-07-31 09:22:08,160003";"53,0001564025879"
\\PIAF\PKN Orlen\PI Vision\PKN Orlen\ZAKŁAD PRODUKCYJNY PŁOCK\RAFINERIA\PR03 BLOK PRZEROBU ROPY\DRW-IV|DR4.FC43354_SQR.PV;"2026-07-31 09:33:18,270004";"53,6842613220215"
\\PIAF\PKN Orlen\PI Vision\PKN Orlen\ZAKŁAD PRODUKCYJNY PŁOCK\RAFINERIA\PR03 BLOK PRZEROBU ROPY\DRW-IV|DR4.FC43354_SQR.PV;"2026-07-31 09:40:38,223007";"53,6524314880371"
\\PIAF\PKN Orlen\PI Vision\PKN Orlen\ZAKŁAD PRODUKCYJNY PŁOCK\RAFINERIA\PR03 BLOK PRZEROBU ROPY\DRW-IV|DR4.FC43354_SQR.PV;"2026-07-31 09:45:38,113006";"54,336612701416"
\\PIAF\PKN Orlen\PI Vision\PKN Orlen\ZAKŁAD PRODUKCYJNY PŁOCK\RAFINERIA\PR03 BLOK PRZEROBU ROPY\DRW-IV|DR4.FC43354_SQR.PV;"2026-07-31 09:55:23,129013";"53,702995300293"
\\PIAF\PKN Orlen\PI Vision\PKN Orlen\ZAKŁAD PRODUKCYJNY PŁOCK\RAFINERIA\PR03 BLOK PRZEROBU ROPY\DRW-IV|DR4.FC43354_SQR.PV;"2026-07-31 09:59:18,19101";"53,8963851928711"
\\PIAF\PKN Orlen\PI Vision\PKN Orlen\ZAKŁAD PRODUKCYJNY PŁOCK\RAFINERIA\PR03 BLOK PRZEROBU ROPY\DRW-IV|DR4.FC43354_SQR.PV;"2026-07-31 10:03:13,144012";"54,4372367858887"
\\PIAF\PKN Orlen\PI Vision\PKN Orlen\ZAKŁAD PRODUKCYJNY PŁOCK\RAFINERIA\PR03 BLOK PRZEROBU ROPY\DRW-IV|DR4.FC43354_SQR.PV;"2026-07-31 10:08:13,19101";"53,8979835510254"
\\PIAF\PKN Orlen\PI Vision\PKN Orlen\ZAKŁAD PRODUKCYJNY PŁOCK\RAFINERIA\PR03 BLOK PRZEROBU ROPY\DRW-IV|DR4.FC43354_SQR.PV;"2026-07-31 10:12:58,145004";"54,4528312683105"
\\PIAF\PKN Orlen\PI Vision\PKN Orlen\ZAKŁAD PRODUKCYJNY PŁOCK\RAFINERIA\PR03 BLOK PRZEROBU ROPY\DRW-IV|DR4.FC43354_SQR.PV;"2026-07-31 10:17:13,129013";"54,3577156066895"
\\PIAF\PKN Orlen\PI Vision\PKN Orlen\ZAKŁAD PRODUKCYJNY PŁOCK\RAFINERIA\PR03 BLOK PRZEROBU ROPY\DRW-IV|DR4.FC43354_SQR.PV;"2026-07-31 10:22:48,19101";"53,728199005127"
\\PIAF\PKN Orlen\PI Vision\PKN Orlen\ZAKŁAD PRODUKCYJNY PŁOCK\RAFINERIA\PR03 BLOK PRZEROBU ROPY\DRW-IV|DR4.FC43354_SQR.PV;"2026-07-31 10:24:53,207001";"53,8194313049316"
\\PIAF\PKN Orlen\PI Vision\PKN Orlen\ZAKŁAD PRODUKCYJNY PŁOCK\RAFINERIA\PR03 BLOK PRZEROBU ROPY\DRW-IV|DR4.FC43354_SQR.PV;"2026-07-31 10:26:29,144012";"53,8832626342773"
\\PIAF\PKN Orlen\PI Vision\PKN Orlen\ZAKŁAD PRODUKCYJNY PŁOCK\RAFINERIA\PR03 BLOK PRZEROBU ROPY\DRW-IV|DR4.FC43354_SQR.PV;"2026-07-31 10:29:24,145004";"54,3638191223145"
\\PIAF\PKN Orlen\PI Vision\PKN Orlen\ZAKŁAD PRODUKCYJNY PŁOCK\RAFINERIA\PR03 BLOK PRZEROBU ROPY\DRW-IV|DR4.FC43354_SQR.PV;"2026-07-31 10:38:04,227005";"53,7674255371094"
\\PIAF\PKN Orlen\PI Vision\PKN Orlen\ZAKŁAD PRODUKCYJNY PŁOCK\RAFINERIA\PR03 BLOK PRZEROBU ROPY\DRW-IV|DR4.FC43354_SQR.PV;"2026-07-31 10:40:04,212006";"53,8287200927734"
\\PIAF\PKN Orlen\PI Vision\PKN Orlen\ZAKŁAD PRODUKCYJNY PŁOCK\RAFINERIA\PR03 BLOK PRZEROBU ROPY\DRW-IV|DR4.FC43354_SQR.PV;"2026-07-31 10:48:59,169006";"54,3701667785645"
\\PIAF\PKN Orlen\PI Vision\PKN Orlen\ZAKŁAD PRODUKCYJNY PŁOCK\RAFINERIA\PR03 BLOK PRZEROBU ROPY\DRW-IV|DR4.FC43354_SQR.PV;"2026-07-31 10:54:24,187011";"53,8104400634766"
\\PIAF\PKN Orlen\PI Vision\PKN Orlen\ZAKŁAD PRODUKCYJNY PŁOCK\RAFINERIA\PR03 BLOK PRZEROBU ROPY\DRW-IV|DR4.FC43354_SQR.PV;"2026-07-31 11:00:39,237015";"54,4519462585449"
\\PIAF\PKN Orlen\PI Vision\PKN Orlen\ZAKŁAD PRODUKCYJNY PŁOCK\RAFINERIA\PR03 BLOK PRZEROBU ROPY\DRW-IV|DR4.FC43354_SQR.PV;"2026-07-31 11:05:44,177002";"54,5785140991211"
\\PIAF\PKN Orlen\PI Vision\PKN Orlen\ZAKŁAD PRODUKCYJNY PŁOCK\RAFINERIA\PR03 BLOK PRZEROBU ROPY\DRW-IV|DR4.FC43354_SQR.PV;"2026-07-31 11:12:14,211014";"54,3090286254883"
\\PIAF\PKN Orlen\PI Vision\PKN Orlen\ZAKŁAD PRODUKCYJNY PŁOCK\RAFINERIA\PR03 BLOK PRZEROBU ROPY\DRW-IV|DR4.FC43354_SQR.PV;"2026-07-31 11:19:14,214004";"54,7929306030273"
\\PIAF\PKN Orlen\PI Vision\PKN Orlen\ZAKŁAD PRODUKCYJNY PŁOCK\RAFINERIA\PR03 BLOK PRZEROBU ROPY\DRW-IV|DR4.FC43354_SQR.PV;"2026-07-31 11:33:24,139999";"54,739574432373"
\\PIAF\PKN Orlen\PI Vision\PKN Orlen\ZAKŁAD PRODUKCYJNY PŁOCK\RAFINERIA\PR03 BLOK PRZEROBU ROPY\DRW-IV|DR4.FC43354_SQR.PV;"2026-07-31 11:39:24,205002";"54,4603424072266"
\\PIAF\PKN Orlen\PI Vision\PKN Orlen\ZAKŁAD PRODUKCYJNY PŁOCK\RAFINERIA\PR03 BLOK PRZEROBU ROPY\DRW-IV|DR4.FC43354_SQR.PV;"2026-07-31 11:49:59,131012";"54,7856254577637"
\\PIAF\PKN Orlen\PI Vision\PKN Orlen\ZAKŁAD PRODUKCYJNY PŁOCK\RAFINERIA\PR03 BLOK PRZEROBU ROPY\DRW-IV|DR4.FC43354_SQR.PV;"2026-07-31 11:54:34,102005";"54,1876258850098"
\\PIAF\PKN Orlen\PI Vision\PKN Orlen\ZAKŁAD PRODUKCYJNY PŁOCK\RAFINERIA\PR03 BLOK PRZEROBU ROPY\DRW-IV|DR4.FC43354_SQR.PV;"2026-07-31 12:01:59,152008";"54,8384056091309"
\\PIAF\PKN Orlen\PI Vision\PKN Orlen\ZAKŁAD PRODUKCYJNY PŁOCK\RAFINERIA\PR03 BLOK PRZEROBU ROPY\DRW-IV|DR4.FC43354_SQR.PV;"2026-07-31 12:12:49,173004";"54,0834732055664"
\\PIAF\PKN Orlen\PI Vision\PKN Orlen\ZAKŁAD PRODUKCYJNY PŁOCK\RAFINERIA\PR03 BLOK PRZEROBU ROPY\DRW-IV|DR4.FC43354_SQR.PV;"2026-07-31 12:16:44,112015";"54,414981842041"
\\PIAF\PKN Orlen\PI Vision\PKN Orlen\ZAKŁAD PRODUKCYJNY PŁOCK\RAFINERIA\PR03 BLOK PRZEROBU ROPY\DRW-IV|DR4.FC43354_SQR.PV;"2026-07-31 12:20:04,160003";"54,9975280761719"
\\PIAF\PKN Orlen\PI Vision\PKN Orlen\ZAKŁAD PRODUKCYJNY PŁOCK\RAFINERIA\PR03 BLOK PRZEROBU ROPY\DRW-IV|DR4.FC43354_SQR.PV;"2026-07-31 12:26:04,116012";"54,2099113464355"
\\PIAF\PKN Orlen\PI Vision\PKN Orlen\ZAKŁAD PRODUKCYJNY PŁOCK\RAFINERIA\PR03 BLOK PRZEROBU ROPY\DRW-IV|DR4.FC43354_SQR.PV;"2026-07-31 12:30:24,102005";"54,6020355224609"
\\PIAF\PKN Orlen\PI Vision\PKN Orlen\ZAKŁAD PRODUKCYJNY PŁOCK\RAFINERIA\PR03 BLOK PRZEROBU ROPY\DRW-IV|DR4.FC43354_SQR.PV;"2026-07-31 12:34:44,088012";"55,0979690551758"
\\PIAF\PKN Orlen\PI Vision\PKN Orlen\ZAKŁAD PRODUKCYJNY PŁOCK\RAFINERIA\PR03 BLOK PRZEROBU ROPY\DRW-IV|DR4.FC43354_SQR.PV;"2026-07-31 12:39:24,091003";"54,8489379882813"
\\PIAF\PKN Orlen\PI Vision\PKN Orlen\ZAKŁAD PRODUKCYJNY PŁOCK\RAFINERIA\PR03 BLOK PRZEROBU ROPY\DRW-IV|DR4.FC43354_SQR.PV;"2026-07-31 12:46:19,172012";"54,5257186889648"
\\PIAF\PKN Orlen\PI Vision\PKN Orlen\ZAKŁAD PRODUKCYJNY PŁOCK\RAFINERIA\PR03 BLOK PRZEROBU ROPY\DRW-IV|DR4.FC43354_SQR.PV;"2026-07-31 12:57:34,130005";"54,5037460327148"
\\PIAF\PKN Orlen\PI Vision\PKN Orlen\ZAKŁAD PRODUKCYJNY PŁOCK\RAFINERIA\PR03 BLOK PRZEROBU ROPY\DRW-IV|DR4.FC43354_SQR.PV;"2026-07-31 13:02:44,101013";"54,0116844177246"
\\PIAF\PKN Orlen\PI Vision\PKN Orlen\ZAKŁAD PRODUKCYJNY PŁOCK\RAFINERIA\PR03 BLOK PRZEROBU ROPY\DRW-IV|DR4.FC43354_SQR.PV;"2026-07-31 13:10:59,136002";"54,9184722900391"
\\PIAF\PKN Orlen\PI Vision\PKN Orlen\ZAKŁAD PRODUKCYJNY PŁOCK\RAFINERIA\PR03 BLOK PRZEROBU ROPY\DRW-IV|DR4.FC43354_SQR.PV;"2026-07-31 13:18:24,076004";"54,2356643676758"
\\PIAF\PKN Orlen\PI Vision\PKN Orlen\ZAKŁAD PRODUKCYJNY PŁOCK\RAFINERIA\PR03 BLOK PRZEROBU ROPY\DRW-IV|DR4.FC43354_SQR.PV;"2026-07-31 13:29:39,144012";"54,2493438720703"
\\PIAF\PKN Orlen\PI Vision\PKN Orlen\ZAKŁAD PRODUKCYJNY PŁOCK\RAFINERIA\PR03 BLOK PRZEROBU ROPY\DRW-IV|DR4.FC43354_SQR.PV;"2026-07-31 13:39:39,093002";"54,3310699462891"
\\PIAF\PKN Orlen\PI Vision\PKN Orlen\ZAKŁAD PRODUKCYJNY PŁOCK\RAFINERIA\PR03 BLOK PRZEROBU ROPY\DRW-IV|DR4.FC43354_SQR.PV;"2026-07-31 13:43:14,225006";"53,9001235961914"
\\PIAF\PKN Orlen\PI Vision\PKN Orlen\ZAKŁAD PRODUKCYJNY PŁOCK\RAFINERIA\PR03 BLOK PRZEROBU ROPY\DRW-IV|DR4.FC43354_SQR.PV;"2026-07-31 13:49:14,181";"54,3556594848633"
\\PIAF\PKN Orlen\PI Vision\PKN Orlen\ZAKŁAD PRODUKCYJNY PŁOCK\RAFINERIA\PR03 BLOK PRZEROBU ROPY\DRW-IV|DR4.FC43354_SQR.PV;"2026-07-31 13:54:14,199005";"54,5554466247559"
\\PIAF\PKN Orlen\PI Vision\PKN Orlen\ZAKŁAD PRODUKCYJNY PŁOCK\RAFINERIA\PR03 BLOK PRZEROBU ROPY\DRW-IV|DR4.FC43354_SQR.PV;"2026-07-31 14:01:39,249008";"54,1897087097168"
\\PIAF\PKN Orlen\PI Vision\PKN Orlen\ZAKŁAD PRODUKCYJNY PŁOCK\RAFINERIA\PR03 BLOK PRZEROBU ROPY\DRW-IV|DR4.FC43354_SQR.PV;"2026-07-31 14:10:19,222015";"54,2223167419434"
\\PIAF\PKN Orlen\PI Vision\PKN Orlen\ZAKŁAD PRODUKCYJNY PŁOCK\RAFINERIA\PR03 BLOK PRZEROBU ROPY\DRW-IV|DR4.FC43354_SQR.PV;"2026-07-31 14:14:19,192001";"54,3419418334961"
\\PIAF\PKN Orlen\PI Vision\PKN Orlen\ZAKŁAD PRODUKCYJNY PŁOCK\RAFINERIA\PR03 BLOK PRZEROBU ROPY\DRW-IV|DR4.FC43354_SQR.PV;"2026-07-31 14:21:34,180008";"54,8510208129883"
\\PIAF\PKN Orlen\PI Vision\PKN Orlen\ZAKŁAD PRODUKCYJNY PŁOCK\RAFINERIA\PR03 BLOK PRZEROBU ROPY\DRW-IV|DR4.FC43354_SQR.PV;"2026-07-31 14:25:54,166";"54,3736000061035"
\\PIAF\PKN Orlen\PI Vision\PKN Orlen\ZAKŁAD PRODUKCYJNY PŁOCK\RAFINERIA\PR03 BLOK PRZEROBU ROPY\DRW-IV|DR4.FC43354_SQR.PV;"2026-07-31 14:28:14,167007";"53,8246917724609"
\\PIAF\PKN Orlen\PI Vision\PKN Orlen\ZAKŁAD PRODUKCYJNY PŁOCK\RAFINERIA\PR03 BLOK PRZEROBU ROPY\DRW-IV|DR4.FC43354_SQR.PV;"2026-07-31 14:31:59,153015";"54,0912933349609"
\\PIAF\PKN Orlen\PI Vision\PKN Orlen\ZAKŁAD PRODUKCYJNY PŁOCK\RAFINERIA\PR03 BLOK PRZEROBU ROPY\DRW-IV|DR4.FC43354_SQR.PV;"2026-07-31 14:35:34,186004";"54,9721832275391"
\\PIAF\PKN Orlen\PI Vision\PKN Orlen\ZAKŁAD PRODUKCYJNY PŁOCK\RAFINERIA\PR03 BLOK PRZEROBU ROPY\DRW-IV|DR4.FC43354_SQR.PV;"2026-07-31 14:39:09,219009";"54,7583160400391"
\\PIAF\PKN Orlen\PI Vision\PKN Orlen\ZAKŁAD PRODUKCYJNY PŁOCK\RAFINERIA\PR03 BLOK PRZEROBU ROPY\DRW-IV|DR4.FC43354_SQR.PV;"2026-07-31 14:44:09,237015";"53,7163162231445"
\\PIAF\PKN Orlen\PI Vision\PKN Orlen\ZAKŁAD PRODUKCYJNY PŁOCK\RAFINERIA\PR03 BLOK PRZEROBU ROPY\DRW-IV|DR4.FC43354_SQR.PV;"2026-07-31 14:47:29,17601";"54,0213813781738"
\\PIAF\PKN Orlen\PI Vision\PKN Orlen\ZAKŁAD PRODUKCYJNY PŁOCK\RAFINERIA\PR03 BLOK PRZEROBU ROPY\DRW-IV|DR4.FC43354_SQR.PV;"2026-07-31 14:51:24,224014";"54,8420791625977"
\\PIAF\PKN Orlen\PI Vision\PKN Orlen\ZAKŁAD PRODUKCYJNY PŁOCK\RAFINERIA\PR03 BLOK PRZEROBU ROPY\DRW-IV|DR4.FC43354_SQR.PV;"2026-07-31 14:56:14,179016";"55,1811790466309"
\\PIAF\PKN Orlen\PI Vision\PKN Orlen\ZAKŁAD PRODUKCYJNY PŁOCK\RAFINERIA\PR03 BLOK PRZEROBU ROPY\DRW-IV|DR4.FC43354_SQR.PV;"2026-07-31 14:59:54,134002";"54,6440658569336"
\\PIAF\PKN Orlen\PI Vision\PKN Orlen\ZAKŁAD PRODUKCYJNY PŁOCK\RAFINERIA\PR03 BLOK PRZEROBU ROPY\DRW-IV|DR4.FC43354_SQR.PV;"2026-07-31 15:01:59,151001";"54,1947746276855"
\\PIAF\PKN Orlen\PI Vision\PKN Orlen\ZAKŁAD PRODUKCYJNY PŁOCK\RAFINERIA\PR03 BLOK PRZEROBU ROPY\DRW-IV|DR4.FC43354_SQR.PV;"2026-07-31 15:06:49,178009";"54,3961448669434"
\\PIAF\PKN Orlen\PI Vision\PKN Orlen\ZAKŁAD PRODUKCYJNY PŁOCK\RAFINERIA\PR03 BLOK PRZEROBU ROPY\DRW-IV|DR4.FC43354_SQR.PV;"2026-07-31 15:11:24,149002";"55,2708778381348"
\\PIAF\PKN Orlen\PI Vision\PKN Orlen\ZAKŁAD PRODUKCYJNY PŁOCK\RAFINERIA\PR03 BLOK PRZEROBU ROPY\DRW-IV|DR4.FC43354_SQR.PV;"2026-07-31 15:18:39,137008";"54,9167823791504"
\\PIAF\PKN Orlen\PI Vision\PKN Orlen\ZAKŁAD PRODUKCYJNY PŁOCK\RAFINERIA\PR03 BLOK PRZEROBU ROPY\DRW-IV|DR4.FC43354_SQR.PV;"2026-07-31 15:26:29,234009";"53,7553367614746"
\\PIAF\PKN Orlen\PI Vision\PKN Orlen\ZAKŁAD PRODUKCYJNY PŁOCK\RAFINERIA\PR03 BLOK PRZEROBU ROPY\DRW-IV|DR4.FC43354_SQR.PV;"2026-07-31 15:29:24,126007";"54,0106506347656"
\\PIAF\PKN Orlen\PI Vision\PKN Orlen\ZAKŁAD PRODUKCYJNY PŁOCK\RAFINERIA\PR03 BLOK PRZEROBU ROPY\DRW-IV|DR4.FC43354_SQR.PV;"2026-07-31 15:32:14,205002";"54,8820266723633"
\\PIAF\PKN Orlen\PI Vision\PKN Orlen\ZAKŁAD PRODUKCYJNY PŁOCK\RAFINERIA\PR03 BLOK PRZEROBU ROPY\DRW-IV|DR4.FC43354_SQR.PV;"2026-07-31 15:35:29,113006";"55,3665618896484"
\\PIAF\PKN Orlen\PI Vision\PKN Orlen\ZAKŁAD PRODUKCYJNY PŁOCK\RAFINERIA\PR03 BLOK PRZEROBU ROPY\DRW-IV|DR4.FC43354_SQR.PV;"2026-07-31 15:39:44,177002";"54,1496772766113"
\\PIAF\PKN Orlen\PI Vision\PKN Orlen\ZAKŁAD PRODUKCYJNY PŁOCK\RAFINERIA\PR03 BLOK PRZEROBU ROPY\DRW-IV|DR4.FC43354_SQR.PV;"2026-07-31 15:42:59,194";"54,2402687072754"
\\PIAF\PKN Orlen\PI Vision\PKN Orlen\ZAKŁAD PRODUKCYJNY PŁOCK\RAFINERIA\PR03 BLOK PRZEROBU ROPY\DRW-IV|DR4.FC43354_SQR.PV;"2026-07-31 15:46:59,165008";"55,640064239502"
\\PIAF\PKN Orlen\PI Vision\PKN Orlen\ZAKŁAD PRODUKCYJNY PŁOCK\RAFINERIA\PR03 BLOK PRZEROBU ROPY\DRW-IV|DR4.FC43354_SQR.PV;"2026-07-31 15:48:49,197006";"55,7084617614746"
\\PIAF\PKN Orlen\PI Vision\PKN Orlen\ZAKŁAD PRODUKCYJNY PŁOCK\RAFINERIA\PR03 BLOK PRZEROBU ROPY\DRW-IV|DR4.FC43354_SQR.PV;"2026-07-31 15:53:04,152008";"55,1113471984863"
\\PIAF\PKN Orlen\PI Vision\PKN Orlen\ZAKŁAD PRODUKCYJNY PŁOCK\RAFINERIA\PR03 BLOK PRZEROBU ROPY\DRW-IV|DR4.FC43354_SQR.PV;"2026-07-31 16:00:29,202011";"54,2945785522461"
\\PIAF\PKN Orlen\PI Vision\PKN Orlen\ZAKŁAD PRODUKCYJNY PŁOCK\RAFINERIA\PR03 BLOK PRZEROBU ROPY\DRW-IV|DR4.FC43354_SQR.PV;"2026-07-31 16:07:14,111007";"54,6100387573242"
\\PIAF\PKN Orlen\PI Vision\PKN Orlen\ZAKŁAD PRODUKCYJNY PŁOCK\RAFINERIA\PR03 BLOK PRZEROBU ROPY\DRW-IV|DR4.FC43354_SQR.PV;"2026-07-31 16:14:44,162002";"54,9674072265625"
\\PIAF\PKN Orlen\PI Vision\PKN Orlen\ZAKŁAD PRODUKCYJNY PŁOCK\RAFINERIA\PR03 BLOK PRZEROBU ROPY\DRW-IV|DR4.FC43354_SQR.PV;"2026-07-31 16:18:34,122009";"54,6507339477539"
\\PIAF\PKN Orlen\PI Vision\PKN Orlen\ZAKŁAD PRODUKCYJNY PŁOCK\RAFINERIA\PR03 BLOK PRZEROBU ROPY\DRW-IV|DR4.FC43354_SQR.PV;"2026-07-31 16:25:39,100006";"54,8569183349609"
\\PIAF\PKN Orlen\PI Vision\PKN Orlen\ZAKŁAD PRODUKCYJNY PŁOCK\RAFINERIA\PR03 BLOK PRZEROBU ROPY\DRW-IV|DR4.FC43354_SQR.PV;"2026-07-31 16:31:59,087006";"54,1951484680176"
\\PIAF\PKN Orlen\PI Vision\PKN Orlen\ZAKŁAD PRODUKCYJNY PŁOCK\RAFINERIA\PR03 BLOK PRZEROBU ROPY\DRW-IV|DR4.FC43354_SQR.PV;"2026-07-31 16:39:59,128006";"55,170051574707"
\\PIAF\PKN Orlen\PI Vision\PKN Orlen\ZAKŁAD PRODUKCYJNY PŁOCK\RAFINERIA\PR03 BLOK PRZEROBU ROPY\DRW-IV|DR4.FC43354_SQR.PV;"2026-07-31 16:46:04,101013";"54,1493721008301"
\\PIAF\PKN Orlen\PI Vision\PKN Orlen\ZAKŁAD PRODUKCYJNY PŁOCK\RAFINERIA\PR03 BLOK PRZEROBU ROPY\DRW-IV|DR4.FC43354_SQR.PV;"2026-07-31 16:48:59,102005";"54,257640838623"
\\PIAF\PKN Orlen\PI Vision\PKN Orlen\ZAKŁAD PRODUKCYJNY PŁOCK\RAFINERIA\PR03 BLOK PRZEROBU ROPY\DRW-IV|DR4.FC43354_SQR.PV;"2026-07-31 16:53:04,104004";"55,2266540527344"
\\PIAF\PKN Orlen\PI Vision\PKN Orlen\ZAKŁAD PRODUKCYJNY PŁOCK\RAFINERIA\PR03 BLOK PRZEROBU ROPY\DRW-IV|DR4.FC43354_SQR.PV;"2026-07-31 16:55:59,105011";"55,0804252624512"
\\PIAF\PKN Orlen\PI Vision\PKN Orlen\ZAKŁAD PRODUKCYJNY PŁOCK\RAFINERIA\PR03 BLOK PRZEROBU ROPY\DRW-IV|DR4.FC43354_SQR.PV;"2026-07-31 16:59:34,138";"54,5369491577148"
\\PIAF\PKN Orlen\PI Vision\PKN Orlen\ZAKŁAD PRODUKCYJNY PŁOCK\RAFINERIA\PR03 BLOK PRZEROBU ROPY\DRW-IV|DR4.FC43354_SQR.PV;"2026-07-31 17:02:09,124008";"54,7848777770996"
\\PIAF\PKN Orlen\PI Vision\PKN Orlen\ZAKŁAD PRODUKCYJNY PŁOCK\RAFINERIA\PR03 BLOK PRZEROBU ROPY\DRW-IV|DR4.FC43354_SQR.PV;"2026-07-31 17:06:29,110016";"56,3265190124512"
\\PIAF\PKN Orlen\PI Vision\PKN Orlen\ZAKŁAD PRODUKCYJNY PŁOCK\RAFINERIA\PR03 BLOK PRZEROBU ROPY\DRW-IV|DR4.FC43354_SQR.PV;"2026-07-31 17:09:39,096008";"56,2754516601563"
\\PIAF\PKN Orlen\PI Vision\PKN Orlen\ZAKŁAD PRODUKCYJNY PŁOCK\RAFINERIA\PR03 BLOK PRZEROBU ROPY\DRW-IV|DR4.FC43354_SQR.PV;"2026-07-31 17:13:59,082001";"54,7225341796875"
\\PIAF\PKN Orlen\PI Vision\PKN Orlen\ZAKŁAD PRODUKCYJNY PŁOCK\RAFINERIA\PR03 BLOK PRZEROBU ROPY\DRW-IV|DR4.FC43354_SQR.PV;"2026-07-31 17:17:39,146011";"54,865119934082"
\\PIAF\PKN Orlen\PI Vision\PKN Orlen\ZAKŁAD PRODUKCYJNY PŁOCK\RAFINERIA\PR03 BLOK PRZEROBU ROPY\DRW-IV|DR4.FC43354_SQR.PV;"2026-07-31 17:22:04,164001";"56,3097457885742"
\\PIAF\PKN Orlen\PI Vision\PKN Orlen\ZAKŁAD PRODUKCYJNY PŁOCK\RAFINERIA\PR03 BLOK PRZEROBU ROPY\DRW-IV|DR4.FC43354_SQR.PV;"2026-07-31 17:25:19,071014";"55,8604927062988"
\\PIAF\PKN Orlen\PI Vision\PKN Orlen\ZAKŁAD PRODUKCYJNY PŁOCK\RAFINERIA\PR03 BLOK PRZEROBU ROPY\DRW-IV|DR4.FC43354_SQR.PV;"2026-07-31 17:29:34,136002";"54,5760726928711"
\\PIAF\PKN Orlen\PI Vision\PKN Orlen\ZAKŁAD PRODUKCYJNY PŁOCK\RAFINERIA\PR03 BLOK PRZEROBU ROPY\DRW-IV|DR4.FC43354_SQR.PV;"2026-07-31 17:32:44,121002";"54,8663444519043"
\\PIAF\PKN Orlen\PI Vision\PKN Orlen\ZAKŁAD PRODUKCYJNY PŁOCK\RAFINERIA\PR03 BLOK PRZEROBU ROPY\DRW-IV|DR4.FC43354_SQR.PV;"2026-07-31 17:36:34,139008";"55,7981071472168"
\\PIAF\PKN Orlen\PI Vision\PKN Orlen\ZAKŁAD PRODUKCYJNY PŁOCK\RAFINERIA\PR03 BLOK PRZEROBU ROPY\DRW-IV|DR4.FC43354_SQR.PV;"2026-07-31 17:42:54,110016";"55,1404113769531"
\\PIAF\PKN Orlen\PI Vision\PKN Orlen\ZAKŁAD PRODUKCYJNY PŁOCK\RAFINERIA\PR03 BLOK PRZEROBU ROPY\DRW-IV|DR4.FC43354_SQR.PV;"2026-07-31 17:48:24,097015";"55,5170822143555"
\\PIAF\PKN Orlen\PI Vision\PKN Orlen\ZAKŁAD PRODUKCYJNY PŁOCK\RAFINERIA\PR03 BLOK PRZEROBU ROPY\DRW-IV|DR4.FC43354_SQR.PV;"2026-07-31 17:53:19,184005";"55,574275970459"
\\PIAF\PKN Orlen\PI Vision\PKN Orlen\ZAKŁAD PRODUKCYJNY PŁOCK\RAFINERIA\PR03 BLOK PRZEROBU ROPY\DRW-IV|DR4.FC43354_SQR.PV;"2026-07-31 17:58:24,233001";"54,9889488220215"
\\PIAF\PKN Orlen\PI Vision\PKN Orlen\ZAKŁAD PRODUKCYJNY PŁOCK\RAFINERIA\PR03 BLOK PRZEROBU ROPY\DRW-IV|DR4.FC43354_SQR.PV;"2026-07-31 18:03:59,251007";"55,9396858215332"
\\PIAF\PKN Orlen\PI Vision\PKN Orlen\ZAKŁAD PRODUKCYJNY PŁOCK\RAFINERIA\PR03 BLOK PRZEROBU ROPY\DRW-IV|DR4.FC43354_SQR.PV;"2026-07-31 18:05:09,251007";"56,266414642334"
\\PIAF\PKN Orlen\PI Vision\PKN Orlen\ZAKŁAD PRODUKCYJNY PŁOCK\RAFINERIA\PR03 BLOK PRZEROBU ROPY\DRW-IV|DR4.FC43354_SQR.PV;"2026-07-31 18:09:19,175003";"56,0374717712402"
\\PIAF\PKN Orlen\PI Vision\PKN Orlen\ZAKŁAD PRODUKCYJNY PŁOCK\RAFINERIA\PR03 BLOK PRZEROBU ROPY\DRW-IV|DR4.FC43354_SQR.PV;"2026-07-31 18:10:24,254013";"55,6309394836426"
\\PIAF\PKN Orlen\PI Vision\PKN Orlen\ZAKŁAD PRODUKCYJNY PŁOCK\RAFINERIA\PR03 BLOK PRZEROBU ROPY\DRW-IV|DR4.FC43354_SQR.PV;"2026-07-31 18:12:49,177002";"55,0222358703613"
\\PIAF\PKN Orlen\PI Vision\PKN Orlen\ZAKŁAD PRODUKCYJNY PŁOCK\RAFINERIA\PR03 BLOK PRZEROBU ROPY\DRW-IV|DR4.FC43354_SQR.PV;"2026-07-31 18:16:24,209";"55,290714263916"
\\PIAF\PKN Orlen\PI Vision\PKN Orlen\ZAKŁAD PRODUKCYJNY PŁOCK\RAFINERIA\PR03 BLOK PRZEROBU ROPY\DRW-IV|DR4.FC43354_SQR.PV;"2026-07-31 18:19:19,210998";"56,0380020141602"
\\PIAF\PKN Orlen\PI Vision\PKN Orlen\ZAKŁAD PRODUKCYJNY PŁOCK\RAFINERIA\PR03 BLOK PRZEROBU ROPY\DRW-IV|DR4.FC43354_SQR.PV;"2026-07-31 18:23:24,212006";"56,0773048400879"
\\PIAF\PKN Orlen\PI Vision\PKN Orlen\ZAKŁAD PRODUKCYJNY PŁOCK\RAFINERIA\PR03 BLOK PRZEROBU ROPY\DRW-IV|DR4.FC43354_SQR.PV;"2026-07-31 18:27:19,152008";"55,4616889953613"
\\PIAF\PKN Orlen\PI Vision\PKN Orlen\ZAKŁAD PRODUKCYJNY PŁOCK\RAFINERIA\PR03 BLOK PRZEROBU ROPY\DRW-IV|DR4.FC43354_SQR.PV;"2026-07-31 18:36:39,156006";"56,0764541625977"
\\PIAF\PKN Orlen\PI Vision\PKN Orlen\ZAKŁAD PRODUKCYJNY PŁOCK\RAFINERIA\PR03 BLOK PRZEROBU ROPY\DRW-IV|DR4.FC43354_SQR.PV;"2026-07-31 18:43:34,237015";"55,4333610534668"
\\PIAF\PKN Orlen\PI Vision\PKN Orlen\ZAKŁAD PRODUKCYJNY PŁOCK\RAFINERIA\PR03 BLOK PRZEROBU ROPY\DRW-IV|DR4.FC43354_SQR.PV;"2026-07-31 18:48:49,239013";"55,9796295166016"
\\PIAF\PKN Orlen\PI Vision\PKN Orlen\ZAKŁAD PRODUKCYJNY PŁOCK\RAFINERIA\PR03 BLOK PRZEROBU ROPY\DRW-IV|DR4.FC43354_SQR.PV;"2026-07-31 18:55:19,164001";"55,4036560058594"
\\PIAF\PKN Orlen\PI Vision\PKN Orlen\ZAKŁAD PRODUKCYJNY PŁOCK\RAFINERIA\PR03 BLOK PRZEROBU ROPY\DRW-IV|DR4.FC43354_SQR.PV;"2026-07-31 19:05:39,215012";"55,8791160583496"
\\PIAF\PKN Orlen\PI Vision\PKN Orlen\ZAKŁAD PRODUKCYJNY PŁOCK\RAFINERIA\PR03 BLOK PRZEROBU ROPY\DRW-IV|DR4.FC43354_SQR.PV;"2026-07-31 19:10:44,155014";"55,3479042053223"
\\PIAF\PKN Orlen\PI Vision\PKN Orlen\ZAKŁAD PRODUKCYJNY PŁOCK\RAFINERIA\PR03 BLOK PRZEROBU ROPY\DRW-IV|DR4.FC43354_SQR.PV;"2026-07-31 19:21:09,136002";"55,7466430664063"
\\PIAF\PKN Orlen\PI Vision\PKN Orlen\ZAKŁAD PRODUKCYJNY PŁOCK\RAFINERIA\PR03 BLOK PRZEROBU ROPY\DRW-IV|DR4.FC43354_SQR.PV;"2026-07-31 19:26:39,233001";"55,3394546508789"
\\PIAF\PKN Orlen\PI Vision\PKN Orlen\ZAKŁAD PRODUKCYJNY PŁOCK\RAFINERIA\PR03 BLOK PRZEROBU ROPY\DRW-IV|DR4.FC43354_SQR.PV;"2026-07-31 19:33:09,157013";"55,474853515625"
\\PIAF\PKN Orlen\PI Vision\PKN Orlen\ZAKŁAD PRODUKCYJNY PŁOCK\RAFINERIA\PR03 BLOK PRZEROBU ROPY\DRW-IV|DR4.FC43354_SQR.PV;"2026-07-31 19:42:04,224014";"55,1010780334473"
\\PIAF\PKN Orlen\PI Vision\PKN Orlen\ZAKŁAD PRODUKCYJNY PŁOCK\RAFINERIA\PR03 BLOK PRZEROBU ROPY\DRW-IV|DR4.FC43354_SQR.PV;"2026-07-31 19:50:44,195999";"56,0365715026855"
\\PIAF\PKN Orlen\PI Vision\PKN Orlen\ZAKŁAD PRODUKCYJNY PŁOCK\RAFINERIA\PR03 BLOK PRZEROBU ROPY\DRW-IV|DR4.FC43354_SQR.PV;"2026-07-31 19:52:54,13501";"55,8349876403809"
\\PIAF\PKN Orlen\PI Vision\PKN Orlen\ZAKŁAD PRODUKCYJNY PŁOCK\RAFINERIA\PR03 BLOK PRZEROBU ROPY\DRW-IV|DR4.FC43354_SQR.PV;"2026-07-31 20:02:09,21701";"55,0426712036133"
\\PIAF\PKN Orlen\PI Vision\PKN Orlen\ZAKŁAD PRODUKCYJNY PŁOCK\RAFINERIA\PR03 BLOK PRZEROBU ROPY\DRW-IV|DR4.FC43354_SQR.PV;"2026-07-31 20:10:44,158005";"56,3500213623047"
\\PIAF\PKN Orlen\PI Vision\PKN Orlen\ZAKŁAD PRODUKCYJNY PŁOCK\RAFINERIA\PR03 BLOK PRZEROBU ROPY\DRW-IV|DR4.FC43354_SQR.PV;"2026-07-31 20:13:59,175003";"56,1210823059082"
\\PIAF\PKN Orlen\PI Vision\PKN Orlen\ZAKŁAD PRODUKCYJNY PŁOCK\RAFINERIA\PR03 BLOK PRZEROBU ROPY\DRW-IV|DR4.FC43354_SQR.PV;"2026-07-31 20:18:39,177002";"55,0608863830566"
\\PIAF\PKN Orlen\PI Vision\PKN Orlen\ZAKŁAD PRODUKCYJNY PŁOCK\RAFINERIA\PR03 BLOK PRZEROBU ROPY\DRW-IV|DR4.FC43354_SQR.PV;"2026-07-31 20:21:59,116012";"55,2642936706543"
\\PIAF\PKN Orlen\PI Vision\PKN Orlen\ZAKŁAD PRODUKCYJNY PŁOCK\RAFINERIA\PR03 BLOK PRZEROBU ROPY\DRW-IV|DR4.FC43354_SQR.PV;"2026-07-31 20:25:24,196014";"56,1527557373047"
\\PIAF\PKN Orlen\PI Vision\PKN Orlen\ZAKŁAD PRODUKCYJNY PŁOCK\RAFINERIA\PR03 BLOK PRZEROBU ROPY\DRW-IV|DR4.FC43354_SQR.PV;"2026-07-31 20:29:24,166";"56,0852928161621"
\\PIAF\PKN Orlen\PI Vision\PKN Orlen\ZAKŁAD PRODUKCYJNY PŁOCK\RAFINERIA\PR03 BLOK PRZEROBU ROPY\DRW-IV|DR4.FC43354_SQR.PV;"2026-07-31 20:33:39,121002";"55,1967620849609"
\\PIAF\PKN Orlen\PI Vision\PKN Orlen\ZAKŁAD PRODUKCYJNY PŁOCK\RAFINERIA\PR03 BLOK PRZEROBU ROPY\DRW-IV|DR4.FC43354_SQR.PV;"2026-07-31 20:37:09,123001";"55,4575729370117"
\\PIAF\PKN Orlen\PI Vision\PKN Orlen\ZAKŁAD PRODUKCYJNY PŁOCK\RAFINERIA\PR03 BLOK PRZEROBU ROPY\DRW-IV|DR4.FC43354_SQR.PV;"2026-07-31 20:41:19,156006";"56,1646156311035"
\\PIAF\PKN Orlen\PI Vision\PKN Orlen\ZAKŁAD PRODUKCYJNY PŁOCK\RAFINERIA\PR03 BLOK PRZEROBU ROPY\DRW-IV|DR4.FC43354_SQR.PV;"2026-07-31 20:47:14,190002";"55,2866630554199"
\\PIAF\PKN Orlen\PI Vision\PKN Orlen\ZAKŁAD PRODUKCYJNY PŁOCK\RAFINERIA\PR03 BLOK PRZEROBU ROPY\DRW-IV|DR4.FC43354_SQR.PV;"2026-07-31 20:53:19,177002";"56,0687446594238"
\\PIAF\PKN Orlen\PI Vision\PKN Orlen\ZAKŁAD PRODUKCYJNY PŁOCK\RAFINERIA\PR03 BLOK PRZEROBU ROPY\DRW-IV|DR4.FC43354_SQR.PV;"2026-07-31 20:59:44,169006";"55,6018829345703"
\\PIAF\PKN Orlen\PI Vision\PKN Orlen\ZAKŁAD PRODUKCYJNY PŁOCK\RAFINERIA\PR03 BLOK PRZEROBU ROPY\DRW-IV|DR4.FC43354_SQR.PV;"2026-07-31 21:08:54,110001";"55,7134056091309"
\\PIAF\PKN Orlen\PI Vision\PKN Orlen\ZAKŁAD PRODUKCYJNY PŁOCK\RAFINERIA\PR03 BLOK PRZEROBU ROPY\DRW-IV|DR4.FC43354_SQR.PV;"2026-07-31 21:12:24,112";"55,348991394043"
\\PIAF\PKN Orlen\PI Vision\PKN Orlen\ZAKŁAD PRODUKCYJNY PŁOCK\RAFINERIA\PR03 BLOK PRZEROBU ROPY\DRW-IV|DR4.FC43354_SQR.PV;"2026-07-31 21:15:14,19101";"55,555118560791"
\\PIAF\PKN Orlen\PI Vision\PKN Orlen\ZAKŁAD PRODUKCYJNY PŁOCK\RAFINERIA\PR03 BLOK PRZEROBU ROPY\DRW-IV|DR4.FC43354_SQR.PV;"2026-07-31 21:21:14,147003";"56,9947395324707"
\\PIAF\PKN Orlen\PI Vision\PKN Orlen\ZAKŁAD PRODUKCYJNY PŁOCK\RAFINERIA\PR03 BLOK PRZEROBU ROPY\DRW-IV|DR4.FC43354_SQR.PV;"2026-07-31 21:24:24,133011";"56,7583122253418"
\\PIAF\PKN Orlen\PI Vision\PKN Orlen\ZAKŁAD PRODUKCYJNY PŁOCK\RAFINERIA\PR03 BLOK PRZEROBU ROPY\DRW-IV|DR4.FC43354_SQR.PV;"2026-07-31 21:27:24,165008";"55,8995895385742"
\\PIAF\PKN Orlen\PI Vision\PKN Orlen\ZAKŁAD PRODUKCYJNY PŁOCK\RAFINERIA\PR03 BLOK PRZEROBU ROPY\DRW-IV|DR4.FC43354_SQR.PV;"2026-07-31 21:41:04,156006";"55,4345397949219"
\\PIAF\PKN Orlen\PI Vision\PKN Orlen\ZAKŁAD PRODUKCYJNY PŁOCK\RAFINERIA\PR03 BLOK PRZEROBU ROPY\DRW-IV|DR4.FC43354_SQR.PV;"2026-07-31 21:45:14,189011";"55,046630859375"
\\PIAF\PKN Orlen\PI Vision\PKN Orlen\ZAKŁAD PRODUKCYJNY PŁOCK\RAFINERIA\PR03 BLOK PRZEROBU ROPY\DRW-IV|DR4.FC43354_SQR.PV;"2026-07-31 21:50:29,082001";"55,623722076416"
\\PIAF\PKN Orlen\PI Vision\PKN Orlen\ZAKŁAD PRODUKCYJNY PŁOCK\RAFINERIA\PR03 BLOK PRZEROBU ROPY\DRW-IV|DR4.FC43354_SQR.PV;"2026-07-31 22:00:29,117004";"54,9269599914551"
\\PIAF\PKN Orlen\PI Vision\PKN Orlen\ZAKŁAD PRODUKCYJNY PŁOCK\RAFINERIA\PR03 BLOK PRZEROBU ROPY\DRW-IV|DR4.FC43354_SQR.PV;"2026-07-31 22:03:24,119003";"55,1195793151855"
\\PIAF\PKN Orlen\PI Vision\PKN Orlen\ZAKŁAD PRODUKCYJNY PŁOCK\RAFINERIA\PR03 BLOK PRZEROBU ROPY\DRW-IV|DR4.FC43354_SQR.PV;"2026-07-31 22:10:39,106003";"55,2036781311035"
\\PIAF\PKN Orlen\PI Vision\PKN Orlen\ZAKŁAD PRODUKCYJNY PŁOCK\RAFINERIA\PR03 BLOK PRZEROBU ROPY\DRW-IV|DR4.FC43354_SQR.PV;"2026-07-31 22:13:44,170013";"55,274845123291"
\\PIAF\PKN Orlen\PI Vision\PKN Orlen\ZAKŁAD PRODUKCYJNY PŁOCK\RAFINERIA\PR03 BLOK PRZEROBU ROPY\DRW-IV|DR4.FC43354_SQR.PV;"2026-07-31 22:22:34,196014";"54,7002983093262"
\\PIAF\PKN Orlen\PI Vision\PKN Orlen\ZAKŁAD PRODUKCYJNY PŁOCK\RAFINERIA\PR03 BLOK PRZEROBU ROPY\DRW-IV|DR4.FC43354_SQR.PV;"2026-07-31 22:26:44,229004";"54,1229591369629"
\\PIAF\PKN Orlen\PI Vision\PKN Orlen\ZAKŁAD PRODUKCYJNY PŁOCK\RAFINERIA\PR03 BLOK PRZEROBU ROPY\DRW-IV|DR4.FC43354_SQR.PV;"2026-07-31 22:31:24,231003";"54,5427589416504"
\\PIAF\PKN Orlen\PI Vision\PKN Orlen\ZAKŁAD PRODUKCYJNY PŁOCK\RAFINERIA\PR03 BLOK PRZEROBU ROPY\DRW-IV|DR4.FC43354_SQR.PV;"2026-07-31 22:34:04,248001";"55,1562271118164"
\\PIAF\PKN Orlen\PI Vision\PKN Orlen\ZAKŁAD PRODUKCYJNY PŁOCK\RAFINERIA\PR03 BLOK PRZEROBU ROPY\DRW-IV|DR4.FC43354_SQR.PV;"2026-07-31 22:37:34,249008";"54,9667663574219"
\\PIAF\PKN Orlen\PI Vision\PKN Orlen\ZAKŁAD PRODUKCYJNY PŁOCK\RAFINERIA\PR03 BLOK PRZEROBU ROPY\DRW-IV|DR4.FC43354_SQR.PV;"2026-07-31 22:41:34,220001";"54,1827621459961"
\\PIAF\PKN Orlen\PI Vision\PKN Orlen\ZAKŁAD PRODUKCYJNY PŁOCK\RAFINERIA\PR03 BLOK PRZEROBU ROPY\DRW-IV|DR4.FC43354_SQR.PV;"2026-07-31 22:48:14,207001";"54,4843864440918"
\\PIAF\PKN Orlen\PI Vision\PKN Orlen\ZAKŁAD PRODUKCYJNY PŁOCK\RAFINERIA\PR03 BLOK PRZEROBU ROPY\DRW-IV|DR4.FC43354_SQR.PV;"2026-07-31 22:52:04,223999";"54,8386688232422"
\\PIAF\PKN Orlen\PI Vision\PKN Orlen\ZAKŁAD PRODUKCYJNY PŁOCK\RAFINERIA\PR03 BLOK PRZEROBU ROPY\DRW-IV|DR4.FC43354_SQR.PV;"2026-07-31 22:57:29,180008";"55,134407043457"
\\PIAF\PKN Orlen\PI Vision\PKN Orlen\ZAKŁAD PRODUKCYJNY PŁOCK\RAFINERIA\PR03 BLOK PRZEROBU ROPY\DRW-IV|DR4.FC43354_SQR.PV;"2026-07-31 23:00:04,165008";"54,8801918029785"
\\PIAF\PKN Orlen\PI Vision\PKN Orlen\ZAKŁAD PRODUKCYJNY PŁOCK\RAFINERIA\PR03 BLOK PRZEROBU ROPY\DRW-IV|DR4.FC43354_SQR.PV;"2026-07-31 23:02:54,24501";"54,4346122741699"
\\PIAF\PKN Orlen\PI Vision\PKN Orlen\ZAKŁAD PRODUKCYJNY PŁOCK\RAFINERIA\PR03 BLOK PRZEROBU ROPY\DRW-IV|DR4.FC43354_SQR.PV;"2026-07-31 23:06:39,231003";"54,7377395629883"
\\PIAF\PKN Orlen\PI Vision\PKN Orlen\ZAKŁAD PRODUKCYJNY PŁOCK\RAFINERIA\PR03 BLOK PRZEROBU ROPY\DRW-IV|DR4.FC43354_SQR.PV;"2026-07-31 23:08:59,23201";"55,3070411682129"
\\PIAF\PKN Orlen\PI Vision\PKN Orlen\ZAKŁAD PRODUKCYJNY PŁOCK\RAFINERIA\PR03 BLOK PRZEROBU ROPY\DRW-IV|DR4.FC43354_SQR.PV;"2026-07-31 23:11:59,155014";"55,3608207702637"
\\PIAF\PKN Orlen\PI Vision\PKN Orlen\ZAKŁAD PRODUKCYJNY PŁOCK\RAFINERIA\PR03 BLOK PRZEROBU ROPY\DRW-IV|DR4.FC43354_SQR.PV;"2026-07-31 23:16:24,173004";"54,9277687072754"
\\PIAF\PKN Orlen\PI Vision\PKN Orlen\ZAKŁAD PRODUKCYJNY PŁOCK\RAFINERIA\PR03 BLOK PRZEROBU ROPY\DRW-IV|DR4.FC43354_SQR.PV;"2026-07-31 23:20:34,206009";"54,4934463500977"
\\PIAF\PKN Orlen\PI Vision\PKN Orlen\ZAKŁAD PRODUKCYJNY PŁOCK\RAFINERIA\PR03 BLOK PRZEROBU ROPY\DRW-IV|DR4.FC43354_SQR.PV;"2026-07-31 23:22:24,238006";"55,0861930847168"
\\PIAF\PKN Orlen\PI Vision\PKN Orlen\ZAKŁAD PRODUKCYJNY PŁOCK\RAFINERIA\PR03 BLOK PRZEROBU ROPY\DRW-IV|DR4.FC43354_SQR.PV;"2026-07-31 23:25:29,192001";"56,0836982727051"
\\PIAF\PKN Orlen\PI Vision\PKN Orlen\ZAKŁAD PRODUKCYJNY PŁOCK\RAFINERIA\PR03 BLOK PRZEROBU ROPY\DRW-IV|DR4.FC43354_SQR.PV;"2026-07-31 23:28:09,209";"56,0084075927734"
\\PIAF\PKN Orlen\PI Vision\PKN Orlen\ZAKŁAD PRODUKCYJNY PŁOCK\RAFINERIA\PR03 BLOK PRZEROBU ROPY\DRW-IV|DR4.FC43354_SQR.PV;"2026-07-31 23:33:34,164001";"53,865421295166"
\\PIAF\PKN Orlen\PI Vision\PKN Orlen\ZAKŁAD PRODUKCYJNY PŁOCK\RAFINERIA\PR03 BLOK PRZEROBU ROPY\DRW-IV|DR4.FC43354_SQR.PV;"2026-07-31 23:36:04,228012";"54,1718978881836"
\\PIAF\PKN Orlen\PI Vision\PKN Orlen\ZAKŁAD PRODUKCYJNY PŁOCK\RAFINERIA\PR03 BLOK PRZEROBU ROPY\DRW-IV|DR4.FC43354_SQR.PV;"2026-07-31 23:39:34,230011";"55,7740020751953"
\\PIAF\PKN Orlen\PI Vision\PKN Orlen\ZAKŁAD PRODUKCYJNY PŁOCK\RAFINERIA\PR03 BLOK PRZEROBU ROPY\DRW-IV|DR4.FC43354_SQR.PV;"2026-07-31 23:42:19,168014";"55,8558959960938"
\\PIAF\PKN Orlen\PI Vision\PKN Orlen\ZAKŁAD PRODUKCYJNY PŁOCK\RAFINERIA\PR03 BLOK PRZEROBU ROPY\DRW-IV|DR4.FC43354_SQR.PV;"2026-07-31 23:47:39,202011";"54,8796653747559"
\\PIAF\PKN Orlen\PI Vision\PKN Orlen\ZAKŁAD PRODUKCYJNY PŁOCK\RAFINERIA\PR03 BLOK PRZEROBU ROPY\DRW-IV|DR4.FC43354_SQR.PV;"2026-07-31 23:52:39,220001";"55,5925483703613"
\\PIAF\PKN Orlen\PI Vision\PKN Orlen\ZAKŁAD PRODUKCYJNY PŁOCK\RAFINERIA\PR03 BLOK PRZEROBU ROPY\DRW-IV|DR4.FC43354_SQR.PV;"2026-07-31 23:54:04,205002";"55,8891868591309"
\\PIAF\PKN Orlen\PI Vision\PKN Orlen\ZAKŁAD PRODUKCYJNY PŁOCK\RAFINERIA\PR03 BLOK PRZEROBU ROPY\DRW-IV|DR4.FC43354_SQR.PV;"2026-07-31 23:58:24,19101";"55,5131797790527"
\\PIAF\PKN Orlen\PI Vision\PKN Orlen\ZAKŁAD PRODUKCYJNY PŁOCK\RAFINERIA\PR03 BLOK PRZEROBU ROPY\DRW-IV|DR4.FC43354_SQR.PV;"2026-08-01 00:00:54,255005";"55,0086708068848"
\\PIAF\PKN Orlen\PI Vision\PKN Orlen\ZAKŁAD PRODUKCYJNY PŁOCK\RAFINERIA\PR03 BLOK PRZEROBU ROPY\DRW-IV|DR4.FC43354_SQR.PV;"2026-08-01 00:04:14,194";"55,0223731994629"
\\PIAF\PKN Orlen\PI Vision\PKN Orlen\ZAKŁAD PRODUKCYJNY PŁOCK\RAFINERIA\PR03 BLOK PRZEROBU ROPY\DRW-IV|DR4.FC43354_SQR.PV;"2026-08-01 00:06:39,226013";"55,339599609375"
\\PIAF\PKN Orlen\PI Vision\PKN Orlen\ZAKŁAD PRODUKCYJNY PŁOCK\RAFINERIA\PR03 BLOK PRZEROBU ROPY\DRW-IV|DR4.FC43354_SQR.PV;"2026-08-01 00:11:19,228012";"54,9150543212891"
\\PIAF\PKN Orlen\PI Vision\PKN Orlen\ZAKŁAD PRODUKCYJNY PŁOCK\RAFINERIA\PR03 BLOK PRZEROBU ROPY\DRW-IV|DR4.FC43354_SQR.PV;"2026-08-01 00:13:19,213012";"54,5471420288086"
\\PIAF\PKN Orlen\PI Vision\PKN Orlen\ZAKŁAD PRODUKCYJNY PŁOCK\RAFINERIA\PR03 BLOK PRZEROBU ROPY\DRW-IV|DR4.FC43354_SQR.PV;"2026-08-01 00:16:04,152008";"54,776481628418"
\\PIAF\PKN Orlen\PI Vision\PKN Orlen\ZAKŁAD PRODUKCYJNY PŁOCK\RAFINERIA\PR03 BLOK PRZEROBU ROPY\DRW-IV|DR4.FC43354_SQR.PV;"2026-08-01 00:19:54,169006";"55,9097175598145"
\\PIAF\PKN Orlen\PI Vision\PKN Orlen\ZAKŁAD PRODUKCYJNY PŁOCK\RAFINERIA\PR03 BLOK PRZEROBU ROPY\DRW-IV|DR4.FC43354_SQR.PV;"2026-08-01 00:23:09,186004";"55,8474082946777"
\\PIAF\PKN Orlen\PI Vision\PKN Orlen\ZAKŁAD PRODUKCYJNY PŁOCK\RAFINERIA\PR03 BLOK PRZEROBU ROPY\DRW-IV|DR4.FC43354_SQR.PV;"2026-08-01 00:28:59,189011";"54,8747482299805"
\\PIAF\PKN Orlen\PI Vision\PKN Orlen\ZAKŁAD PRODUKCYJNY PŁOCK\RAFINERIA\PR03 BLOK PRZEROBU ROPY\DRW-IV|DR4.FC43354_SQR.PV;"2026-08-01 00:33:29,128006";"55,3521385192871"
\\PIAF\PKN Orlen\PI Vision\PKN Orlen\ZAKŁAD PRODUKCYJNY PŁOCK\RAFINERIA\PR03 BLOK PRZEROBU ROPY\DRW-IV|DR4.FC43354_SQR.PV;"2026-08-01 00:35:14,129013";"55,6190032958984"
\\PIAF\PKN Orlen\PI Vision\PKN Orlen\ZAKŁAD PRODUKCYJNY PŁOCK\RAFINERIA\PR03 BLOK PRZEROBU ROPY\DRW-IV|DR4.FC43354_SQR.PV;"2026-08-01 00:40:49,147003";"55,3735427856445"
\\PIAF\PKN Orlen\PI Vision\PKN Orlen\ZAKŁAD PRODUKCYJNY PŁOCK\RAFINERIA\PR03 BLOK PRZEROBU ROPY\DRW-IV|DR4.FC43354_SQR.PV;"2026-08-01 00:44:24,180008";"55,1894378662109"
\\PIAF\PKN Orlen\PI Vision\PKN Orlen\ZAKŁAD PRODUKCYJNY PŁOCK\RAFINERIA\PR03 BLOK PRZEROBU ROPY\DRW-IV|DR4.FC43354_SQR.PV;"2026-08-01 00:56:14,138";"55,6191711425781"
\\PIAF\PKN Orlen\PI Vision\PKN Orlen\ZAKŁAD PRODUKCYJNY PŁOCK\RAFINERIA\PR03 BLOK PRZEROBU ROPY\DRW-IV|DR4.FC43354_SQR.PV;"2026-08-01 01:00:54,139999";"55,4298057556152"
\\PIAF\PKN Orlen\PI Vision\PKN Orlen\ZAKŁAD PRODUKCYJNY PŁOCK\RAFINERIA\PR03 BLOK PRZEROBU ROPY\DRW-IV|DR4.FC43354_SQR.PV;"2026-08-01 01:10:04,19101";"55,6754493713379"
\\PIAF\PKN Orlen\PI Vision\PKN Orlen\ZAKŁAD PRODUKCYJNY PŁOCK\RAFINERIA\PR03 BLOK PRZEROBU ROPY\DRW-IV|DR4.FC43354_SQR.PV;"2026-08-01 01:20:39,145004";"55,654296875"
\\PIAF\PKN Orlen\PI Vision\PKN Orlen\ZAKŁAD PRODUKCYJNY PŁOCK\RAFINERIA\PR03 BLOK PRZEROBU ROPY\DRW-IV|DR4.FC43354_SQR.PV;"2026-08-01 01:29:19,118011";"55,9794845581055"
\\PIAF\PKN Orlen\PI Vision\PKN Orlen\ZAKŁAD PRODUKCYJNY PŁOCK\RAFINERIA\PR03 BLOK PRZEROBU ROPY\DRW-IV|DR4.FC43354_SQR.PV;"2026-08-01 01:35:24,105011";"56,0860023498535"
\\PIAF\PKN Orlen\PI Vision\PKN Orlen\ZAKŁAD PRODUKCYJNY PŁOCK\RAFINERIA\PR03 BLOK PRZEROBU ROPY\DRW-IV|DR4.FC43354_SQR.PV;"2026-08-01 01:43:04,139008";"55,4601440429688"
\\PIAF\PKN Orlen\PI Vision\PKN Orlen\ZAKŁAD PRODUKCYJNY PŁOCK\RAFINERIA\PR03 BLOK PRZEROBU ROPY\DRW-IV|DR4.FC43354_SQR.PV;"2026-08-01 01:50:24,158005";"55,7858276367188"
\\PIAF\PKN Orlen\PI Vision\PKN Orlen\ZAKŁAD PRODUKCYJNY PŁOCK\RAFINERIA\PR03 BLOK PRZEROBU ROPY\DRW-IV|DR4.FC43354_SQR.PV;"2026-08-01 02:00:54,163009";"55,9194107055664"
\\PIAF\PKN Orlen\PI Vision\PKN Orlen\ZAKŁAD PRODUKCYJNY PŁOCK\RAFINERIA\PR03 BLOK PRZEROBU ROPY\DRW-IV|DR4.FC43354_SQR.PV;"2026-08-01 02:05:49,149002";"55,7350997924805"
\\PIAF\PKN Orlen\PI Vision\PKN Orlen\ZAKŁAD PRODUKCYJNY PŁOCK\RAFINERIA\PR03 BLOK PRZEROBU ROPY\DRW-IV|DR4.FC43354_SQR.PV;"2026-08-01 02:09:04,166";"55,729434967041"
\\PIAF\PKN Orlen\PI Vision\PKN Orlen\ZAKŁAD PRODUKCYJNY PŁOCK\RAFINERIA\PR03 BLOK PRZEROBU ROPY\DRW-IV|DR4.FC43354_SQR.PV;"2026-08-01 02:17:49,170013";"55,6148986816406"
\\PIAF\PKN Orlen\PI Vision\PKN Orlen\ZAKŁAD PRODUKCYJNY PŁOCK\RAFINERIA\PR03 BLOK PRZEROBU ROPY\DRW-IV|DR4.FC43354_SQR.PV;"2026-08-01 02:24:24,126007";"55,0726509094238"
\\PIAF\PKN Orlen\PI Vision\PKN Orlen\ZAKŁAD PRODUKCYJNY PŁOCK\RAFINERIA\PR03 BLOK PRZEROBU ROPY\DRW-IV|DR4.FC43354_SQR.PV;"2026-08-01 02:28:09,112015";"55,3219032287598"
\\PIAF\PKN Orlen\PI Vision\PKN Orlen\ZAKŁAD PRODUKCYJNY PŁOCK\RAFINERIA\PR03 BLOK PRZEROBU ROPY\DRW-IV|DR4.FC43354_SQR.PV;"2026-08-01 02:31:49,17601";"56,3750343322754"
\\PIAF\PKN Orlen\PI Vision\PKN Orlen\ZAKŁAD PRODUKCYJNY PŁOCK\RAFINERIA\PR03 BLOK PRZEROBU ROPY\DRW-IV|DR4.FC43354_SQR.PV;"2026-08-01 02:35:39,084";"56,6148376464844"
\\PIAF\PKN Orlen\PI Vision\PKN Orlen\ZAKŁAD PRODUKCYJNY PŁOCK\RAFINERIA\PR03 BLOK PRZEROBU ROPY\DRW-IV|DR4.FC43354_SQR.PV;"2026-08-01 02:39:19,14801";"56,7848014831543"
\\PIAF\PKN Orlen\PI Vision\PKN Orlen\ZAKŁAD PRODUKCYJNY PŁOCK\RAFINERIA\PR03 BLOK PRZEROBU ROPY\DRW-IV|DR4.FC43354_SQR.PV;"2026-08-01 02:42:49,150009";"57,9018325805664"
\\PIAF\PKN Orlen\PI Vision\PKN Orlen\ZAKŁAD PRODUKCYJNY PŁOCK\RAFINERIA\PR03 BLOK PRZEROBU ROPY\DRW-IV|DR4.FC43354_SQR.PV;"2026-08-01 02:45:54,104004";"58,5449066162109"
\\PIAF\PKN Orlen\PI Vision\PKN Orlen\ZAKŁAD PRODUKCYJNY PŁOCK\RAFINERIA\PR03 BLOK PRZEROBU ROPY\DRW-IV|DR4.FC43354_SQR.PV;"2026-08-01 02:50:34,106003";"58,2984428405762"
\\PIAF\PKN Orlen\PI Vision\PKN Orlen\ZAKŁAD PRODUKCYJNY PŁOCK\RAFINERIA\PR03 BLOK PRZEROBU ROPY\DRW-IV|DR4.FC43354_SQR.PV;"2026-08-01 02:57:24,156006";"56,6371650695801"
\\PIAF\PKN Orlen\PI Vision\PKN Orlen\ZAKŁAD PRODUKCYJNY PŁOCK\RAFINERIA\PR03 BLOK PRZEROBU ROPY\DRW-IV|DR4.FC43354_SQR.PV;"2026-08-01 03:03:04,195999";"56,3753700256348"
\\PIAF\PKN Orlen\PI Vision\PKN Orlen\ZAKŁAD PRODUKCYJNY PŁOCK\RAFINERIA\PR03 BLOK PRZEROBU ROPY\DRW-IV|DR4.FC43354_SQR.PV;"2026-08-01 03:16:09,214004";"55,7648887634277"
\\PIAF\PKN Orlen\PI Vision\PKN Orlen\ZAKŁAD PRODUKCYJNY PŁOCK\RAFINERIA\PR03 BLOK PRZEROBU ROPY\DRW-IV|DR4.FC43354_SQR.PV;"2026-08-01 03:21:09,23201";"54,9661293029785"
\\PIAF\PKN Orlen\PI Vision\PKN Orlen\ZAKŁAD PRODUKCYJNY PŁOCK\RAFINERIA\PR03 BLOK PRZEROBU ROPY\DRW-IV|DR4.FC43354_SQR.PV;"2026-08-01 03:27:29,203003";"55,4123992919922"
\\PIAF\PKN Orlen\PI Vision\PKN Orlen\ZAKŁAD PRODUKCYJNY PŁOCK\RAFINERIA\PR03 BLOK PRZEROBU ROPY\DRW-IV|DR4.FC43354_SQR.PV;"2026-08-01 03:34:19,253006";"55,7860450744629"
\\PIAF\PKN Orlen\PI Vision\PKN Orlen\ZAKŁAD PRODUKCYJNY PŁOCK\RAFINERIA\PR03 BLOK PRZEROBU ROPY\DRW-IV|DR4.FC43354_SQR.PV;"2026-08-01 03:39:39,177002";"55,4955825805664"
\\PIAF\PKN Orlen\PI Vision\PKN Orlen\ZAKŁAD PRODUKCYJNY PŁOCK\RAFINERIA\PR03 BLOK PRZEROBU ROPY\DRW-IV|DR4.FC43354_SQR.PV;"2026-08-01 03:45:24,149002";"56,0273628234863"
\\PIAF\PKN Orlen\PI Vision\PKN Orlen\ZAKŁAD PRODUKCYJNY PŁOCK\RAFINERIA\PR03 BLOK PRZEROBU ROPY\DRW-IV|DR4.FC43354_SQR.PV;"2026-08-01 03:54:34,200012";"55,5774765014648"
\\PIAF\PKN Orlen\PI Vision\PKN Orlen\ZAKŁAD PRODUKCYJNY PŁOCK\RAFINERIA\PR03 BLOK PRZEROBU ROPY\DRW-IV|DR4.FC43354_SQR.PV;"2026-08-01 04:12:04,207001";"55,6297073364258"
\\PIAF\PKN Orlen\PI Vision\PKN Orlen\ZAKŁAD PRODUKCYJNY PŁOCK\RAFINERIA\PR03 BLOK PRZEROBU ROPY\DRW-IV|DR4.FC43354_SQR.PV;"2026-08-01 04:22:09,165008";"55,3040542602539"
\\PIAF\PKN Orlen\PI Vision\PKN Orlen\ZAKŁAD PRODUKCYJNY PŁOCK\RAFINERIA\PR03 BLOK PRZEROBU ROPY\DRW-IV|DR4.FC43354_SQR.PV;"2026-08-01 04:32:14,122009";"55,52734375"
\\PIAF\PKN Orlen\PI Vision\PKN Orlen\ZAKŁAD PRODUKCYJNY PŁOCK\RAFINERIA\PR03 BLOK PRZEROBU ROPY\DRW-IV|DR4.FC43354_SQR.PV;"2026-08-01 04:35:24,218002";"55,6739082336426"
\\PIAF\PKN Orlen\PI Vision\PKN Orlen\ZAKŁAD PRODUKCYJNY PŁOCK\RAFINERIA\PR03 BLOK PRZEROBU ROPY\DRW-IV|DR4.FC43354_SQR.PV;"2026-08-01 04:39:19,157013";"55,1786880493164"
\\PIAF\PKN Orlen\PI Vision\PKN Orlen\ZAKŁAD PRODUKCYJNY PŁOCK\RAFINERIA\PR03 BLOK PRZEROBU ROPY\DRW-IV|DR4.FC43354_SQR.PV;"2026-08-01 04:46:04,175003";"55,5288162231445"
\\PIAF\PKN Orlen\PI Vision\PKN Orlen\ZAKŁAD PRODUKCYJNY PŁOCK\RAFINERIA\PR03 BLOK PRZEROBU ROPY\DRW-IV|DR4.FC43354_SQR.PV;"2026-08-01 04:57:39,149002";"54,9633827209473"
\\PIAF\PKN Orlen\PI Vision\PKN Orlen\ZAKŁAD PRODUKCYJNY PŁOCK\RAFINERIA\PR03 BLOK PRZEROBU ROPY\DRW-IV|DR4.FC43354_SQR.PV;"2026-08-01 05:01:54,214004";"55,1527900695801"
\\PIAF\PKN Orlen\PI Vision\PKN Orlen\ZAKŁAD PRODUKCYJNY PŁOCK\RAFINERIA\PR03 BLOK PRZEROBU ROPY\DRW-IV|DR4.FC43354_SQR.PV;"2026-08-01 05:06:29,184005";"55,5747261047363"
\\PIAF\PKN Orlen\PI Vision\PKN Orlen\ZAKŁAD PRODUKCYJNY PŁOCK\RAFINERIA\PR03 BLOK PRZEROBU ROPY\DRW-IV|DR4.FC43354_SQR.PV;"2026-08-01 05:11:19,140014";"54,8397979736328"
\\PIAF\PKN Orlen\PI Vision\PKN Orlen\ZAKŁAD PRODUKCYJNY PŁOCK\RAFINERIA\PR03 BLOK PRZEROBU ROPY\DRW-IV|DR4.FC43354_SQR.PV;"2026-08-01 05:14:59,313004";"54,6911849975586"
\\PIAF\PKN Orlen\PI Vision\PKN Orlen\ZAKŁAD PRODUKCYJNY PŁOCK\RAFINERIA\PR03 BLOK PRZEROBU ROPY\DRW-IV|DR4.FC43354_SQR.PV;"2026-08-01 05:20:04,143005";"55,304084777832"
\\PIAF\PKN Orlen\PI Vision\PKN Orlen\ZAKŁAD PRODUKCYJNY PŁOCK\RAFINERIA\PR03 BLOK PRZEROBU ROPY\DRW-IV|DR4.FC43354_SQR.PV;"2026-08-01 05:25:54,146011";"55,0182342529297"
\\PIAF\PKN Orlen\PI Vision\PKN Orlen\ZAKŁAD PRODUKCYJNY PŁOCK\RAFINERIA\PR03 BLOK PRZEROBU ROPY\DRW-IV|DR4.FC43354_SQR.PV;"2026-08-01 05:31:24,133011";"54,9245986938477"
\\PIAF\PKN Orlen\PI Vision\PKN Orlen\ZAKŁAD PRODUKCYJNY PŁOCK\RAFINERIA\PR03 BLOK PRZEROBU ROPY\DRW-IV|DR4.FC43354_SQR.PV;"2026-08-01 05:38:59,136002";"54,7433815002441"
\\PIAF\PKN Orlen\PI Vision\PKN Orlen\ZAKŁAD PRODUKCYJNY PŁOCK\RAFINERIA\PR03 BLOK PRZEROBU ROPY\DRW-IV|DR4.FC43354_SQR.PV;"2026-08-01 05:44:49,139008";"54,5567626953125"
\\PIAF\PKN Orlen\PI Vision\PKN Orlen\ZAKŁAD PRODUKCYJNY PŁOCK\RAFINERIA\PR03 BLOK PRZEROBU ROPY\DRW-IV|DR4.FC43354_SQR.PV;"2026-08-01 05:51:24,20401";"55,0856513977051"
\\PIAF\PKN Orlen\PI Vision\PKN Orlen\ZAKŁAD PRODUKCYJNY PŁOCK\RAFINERIA\PR03 BLOK PRZEROBU ROPY\DRW-IV|DR4.FC43354_SQR.PV;"2026-08-01 06:05:19,179001";"54,8094100952148"
\\PIAF\PKN Orlen\PI Vision\PKN Orlen\ZAKŁAD PRODUKCYJNY PŁOCK\RAFINERIA\PR03 BLOK PRZEROBU ROPY\DRW-IV|DR4.FC43354_SQR.PV;"2026-08-01 06:19:34,170013";"54,7842864990234"
\\PIAF\PKN Orlen\PI Vision\PKN Orlen\ZAKŁAD PRODUKCYJNY PŁOCK\RAFINERIA\PR03 BLOK PRZEROBU ROPY\DRW-IV|DR4.FC43354_SQR.PV;"2026-08-01 06:25:04,156006";"54,8608245849609"
\\PIAF\PKN Orlen\PI Vision\PKN Orlen\ZAKŁAD PRODUKCYJNY PŁOCK\RAFINERIA\PR03 BLOK PRZEROBU ROPY\DRW-IV|DR4.FC43354_SQR.PV;"2026-08-01 06:28:04,189011";"54,774845123291"
\\PIAF\PKN Orlen\PI Vision\PKN Orlen\ZAKŁAD PRODUKCYJNY PŁOCK\RAFINERIA\PR03 BLOK PRZEROBU ROPY\DRW-IV|DR4.FC43354_SQR.PV;"2026-08-01 06:32:19,144012";"55,375789642334"
\\PIAF\PKN Orlen\PI Vision\PKN Orlen\ZAKŁAD PRODUKCYJNY PŁOCK\RAFINERIA\PR03 BLOK PRZEROBU ROPY\DRW-IV|DR4.FC43354_SQR.PV;"2026-08-01 06:34:59,161011";"55,9805335998535"
\\PIAF\PKN Orlen\PI Vision\PKN Orlen\ZAKŁAD PRODUKCYJNY PŁOCK\RAFINERIA\PR03 BLOK PRZEROBU ROPY\DRW-IV|DR4.FC43354_SQR.PV;"2026-08-01 06:39:14,116012";"55,142276763916"
\\PIAF\PKN Orlen\PI Vision\PKN Orlen\ZAKŁAD PRODUKCYJNY PŁOCK\RAFINERIA\PR03 BLOK PRZEROBU ROPY\DRW-IV|DR4.FC43354_SQR.PV;"2026-08-01 06:41:19,150009";"54,2602691650391"
\\PIAF\PKN Orlen\PI Vision\PKN Orlen\ZAKŁAD PRODUKCYJNY PŁOCK\RAFINERIA\PR03 BLOK PRZEROBU ROPY\DRW-IV|DR4.FC43354_SQR.PV;"2026-08-01 06:45:29,183014";"53,6362190246582"
\\PIAF\PKN Orlen\PI Vision\PKN Orlen\ZAKŁAD PRODUKCYJNY PŁOCK\RAFINERIA\PR03 BLOK PRZEROBU ROPY\DRW-IV|DR4.FC43354_SQR.PV;"2026-08-01 06:51:24,10701";"54,5621948242188"
\\PIAF\PKN Orlen\PI Vision\PKN Orlen\ZAKŁAD PRODUKCYJNY PŁOCK\RAFINERIA\PR03 BLOK PRZEROBU ROPY\DRW-IV|DR4.FC43354_SQR.PV;"2026-08-01 06:52:24,155014";"53,3217506408691"
\\PIAF\PKN Orlen\PI Vision\PKN Orlen\ZAKŁAD PRODUKCYJNY PŁOCK\RAFINERIA\PR03 BLOK PRZEROBU ROPY\DRW-IV|DR4.FC43354_SQR.PV;"2026-08-01 06:54:14,077011";"53,1063423156738"
\\PIAF\PKN Orlen\PI Vision\PKN Orlen\ZAKŁAD PRODUKCYJNY PŁOCK\RAFINERIA\PR03 BLOK PRZEROBU ROPY\DRW-IV|DR4.FC43354_SQR.PV;"2026-08-01 06:57:59,173004";"54,7260208129883"
\\PIAF\PKN Orlen\PI Vision\PKN Orlen\ZAKŁAD PRODUKCYJNY PŁOCK\RAFINERIA\PR03 BLOK PRZEROBU ROPY\DRW-IV|DR4.FC43354_SQR.PV;"2026-08-01 06:59:39,142014";"55,4314765930176"
\\PIAF\PKN Orlen\PI Vision\PKN Orlen\ZAKŁAD PRODUKCYJNY PŁOCK\RAFINERIA\PR03 BLOK PRZEROBU ROPY\DRW-IV|DR4.FC43354_SQR.PV;"2026-08-01 07:03:14,175003";"55,6646461486816"
\\PIAF\PKN Orlen\PI Vision\PKN Orlen\ZAKŁAD PRODUKCYJNY PŁOCK\RAFINERIA\PR03 BLOK PRZEROBU ROPY\DRW-IV|DR4.FC43354_SQR.PV;"2026-08-01 07:08:19,115005";"54,579174041748"
\\PIAF\PKN Orlen\PI Vision\PKN Orlen\ZAKŁAD PRODUKCYJNY PŁOCK\RAFINERIA\PR03 BLOK PRZEROBU ROPY\DRW-IV|DR4.FC43354_SQR.PV;"2026-08-01 07:13:49,102005";"54,8886451721191"
\\PIAF\PKN Orlen\PI Vision\PKN Orlen\ZAKŁAD PRODUKCYJNY PŁOCK\RAFINERIA\PR03 BLOK PRZEROBU ROPY\DRW-IV|DR4.FC43354_SQR.PV;"2026-08-01 07:20:09,073013";"55,450626373291"
\\PIAF\PKN Orlen\PI Vision\PKN Orlen\ZAKŁAD PRODUKCYJNY PŁOCK\RAFINERIA\PR03 BLOK PRZEROBU ROPY\DRW-IV|DR4.FC43354_SQR.PV;"2026-08-01 07:24:09,153015";"55,0442047119141"
\\PIAF\PKN Orlen\PI Vision\PKN Orlen\ZAKŁAD PRODUKCYJNY PŁOCK\RAFINERIA\PR03 BLOK PRZEROBU ROPY\DRW-IV|DR4.FC43354_SQR.PV;"2026-08-01 07:29:44,062011";"55,1840629577637"
\\PIAF\PKN Orlen\PI Vision\PKN Orlen\ZAKŁAD PRODUKCYJNY PŁOCK\RAFINERIA\PR03 BLOK PRZEROBU ROPY\DRW-IV|DR4.FC43354_SQR.PV;"2026-08-01 07:45:09,153015";"54,8137245178223"
\\PIAF\PKN Orlen\PI Vision\PKN Orlen\ZAKŁAD PRODUKCYJNY PŁOCK\RAFINERIA\PR03 BLOK PRZEROBU ROPY\DRW-IV|DR4.FC43354_SQR.PV;"2026-08-01 07:48:54,248001";"55,2500610351563"
\\PIAF\PKN Orlen\PI Vision\PKN Orlen\ZAKŁAD PRODUKCYJNY PŁOCK\RAFINERIA\PR03 BLOK PRZEROBU ROPY\DRW-IV|DR4.FC43354_SQR.PV;"2026-08-01 07:57:04,252014";"54,7195816040039"
\\PIAF\PKN Orlen\PI Vision\PKN Orlen\ZAKŁAD PRODUKCYJNY PŁOCK\RAFINERIA\PR03 BLOK PRZEROBU ROPY\DRW-IV|DR4.FC43354_SQR.PV;"2026-08-01 07:58:14,252014";"54,4763488769531"
\\PIAF\PKN Orlen\PI Vision\PKN Orlen\ZAKŁAD PRODUKCYJNY PŁOCK\RAFINERIA\PR03 BLOK PRZEROBU ROPY\DRW-IV|DR4.FC43354_SQR.PV;"2026-08-01 08:05:19,177002";"54,9111213684082"
\\PIAF\PKN Orlen\PI Vision\PKN Orlen\ZAKŁAD PRODUKCYJNY PŁOCK\RAFINERIA\PR03 BLOK PRZEROBU ROPY\DRW-IV|DR4.FC43354_SQR.PV;"2026-08-01 08:15:39,229004";"54,4501037597656"
\\PIAF\PKN Orlen\PI Vision\PKN Orlen\ZAKŁAD PRODUKCYJNY PŁOCK\RAFINERIA\PR03 BLOK PRZEROBU ROPY\DRW-IV|DR4.FC43354_SQR.PV;"2026-08-01 08:26:49,221008";"55,0984840393066"
\\PIAF\PKN Orlen\PI Vision\PKN Orlen\ZAKŁAD PRODUKCYJNY PŁOCK\RAFINERIA\PR03 BLOK PRZEROBU ROPY\DRW-IV|DR4.FC43354_SQR.PV;"2026-08-01 08:35:19,240005";"54,3548774719238"
\\PIAF\PKN Orlen\PI Vision\PKN Orlen\ZAKŁAD PRODUKCYJNY PŁOCK\RAFINERIA\PR03 BLOK PRZEROBU ROPY\DRW-IV|DR4.FC43354_SQR.PV;"2026-08-01 08:39:29,164001";"54,4163665771484"
\\PIAF\PKN Orlen\PI Vision\PKN Orlen\ZAKŁAD PRODUKCYJNY PŁOCK\RAFINERIA\PR03 BLOK PRZEROBU ROPY\DRW-IV|DR4.FC43354_SQR.PV;"2026-08-01 08:46:09,151001";"54,9231300354004"
\\PIAF\PKN Orlen\PI Vision\PKN Orlen\ZAKŁAD PRODUKCYJNY PŁOCK\RAFINERIA\PR03 BLOK PRZEROBU ROPY\DRW-IV|DR4.FC43354_SQR.PV;"2026-08-01 08:53:34,201004";"54,7015419006348"
\\PIAF\PKN Orlen\PI Vision\PKN Orlen\ZAKŁAD PRODUKCYJNY PŁOCK\RAFINERIA\PR03 BLOK PRZEROBU ROPY\DRW-IV|DR4.FC43354_SQR.PV;"2026-08-01 08:59:29,126007";"54,682071685791"
\\PIAF\PKN Orlen\PI Vision\PKN Orlen\ZAKŁAD PRODUKCYJNY PŁOCK\RAFINERIA\PR03 BLOK PRZEROBU ROPY\DRW-IV|DR4.FC43354_SQR.PV;"2026-08-01 09:01:54,158005";"54,7164344787598"
\\PIAF\PKN Orlen\PI Vision\PKN Orlen\ZAKŁAD PRODUKCYJNY PŁOCK\RAFINERIA\PR03 BLOK PRZEROBU ROPY\DRW-IV|DR4.FC43354_SQR.PV;"2026-08-01 09:12:19,131012";"54,3796157836914"
\\PIAF\PKN Orlen\PI Vision\PKN Orlen\ZAKŁAD PRODUKCYJNY PŁOCK\RAFINERIA\PR03 BLOK PRZEROBU ROPY\DRW-IV|DR4.FC43354_SQR.PV;"2026-08-01 09:19:39,150009";"54,682300567627"
\\PIAF\PKN Orlen\PI Vision\PKN Orlen\ZAKŁAD PRODUKCYJNY PŁOCK\RAFINERIA\PR03 BLOK PRZEROBU ROPY\DRW-IV|DR4.FC43354_SQR.PV;"2026-08-01 09:27:29,138";"54,1405792236328"
\\PIAF\PKN Orlen\PI Vision\PKN Orlen\ZAKŁAD PRODUKCYJNY PŁOCK\RAFINERIA\PR03 BLOK PRZEROBU ROPY\DRW-IV|DR4.FC43354_SQR.PV;"2026-08-01 09:36:04,188004";"54,6716918945313"
\\PIAF\PKN Orlen\PI Vision\PKN Orlen\ZAKŁAD PRODUKCYJNY PŁOCK\RAFINERIA\PR03 BLOK PRZEROBU ROPY\DRW-IV|DR4.FC43354_SQR.PV;"2026-08-01 09:43:19,17601";"53,9659423828125"
\\PIAF\PKN Orlen\PI Vision\PKN Orlen\ZAKŁAD PRODUKCYJNY PŁOCK\RAFINERIA\PR03 BLOK PRZEROBU ROPY\DRW-IV|DR4.FC43354_SQR.PV;"2026-08-01 09:48:44,132004";"54,3197402954102"
\\PIAF\PKN Orlen\PI Vision\PKN Orlen\ZAKŁAD PRODUKCYJNY PŁOCK\RAFINERIA\PR03 BLOK PRZEROBU ROPY\DRW-IV|DR4.FC43354_SQR.PV;"2026-08-01 09:55:49,110016";"54,4475250244141"
\\PIAF\PKN Orlen\PI Vision\PKN Orlen\ZAKŁAD PRODUKCYJNY PŁOCK\RAFINERIA\PR03 BLOK PRZEROBU ROPY\DRW-IV|DR4.FC43354_SQR.PV;"2026-08-01 10:04:54,129013";"54,297248840332"
\\PIAF\PKN Orlen\PI Vision\PKN Orlen\ZAKŁAD PRODUKCYJNY PŁOCK\RAFINERIA\PR03 BLOK PRZEROBU ROPY\DRW-IV|DR4.FC43354_SQR.PV;"2026-08-01 10:08:24,131012";"53,8876876831055"
\\PIAF\PKN Orlen\PI Vision\PKN Orlen\ZAKŁAD PRODUKCYJNY PŁOCK\RAFINERIA\PR03 BLOK PRZEROBU ROPY\DRW-IV|DR4.FC43354_SQR.PV;"2026-08-01 10:21:09,105011";"54,199878692627"
\\PIAF\PKN Orlen\PI Vision\PKN Orlen\ZAKŁAD PRODUKCYJNY PŁOCK\RAFINERIA\PR03 BLOK PRZEROBU ROPY\DRW-IV|DR4.FC43354_SQR.PV;"2026-08-01 10:28:59,093002";"53,5299949645996"
\\PIAF\PKN Orlen\PI Vision\PKN Orlen\ZAKŁAD PRODUKCYJNY PŁOCK\RAFINERIA\PR03 BLOK PRZEROBU ROPY\DRW-IV|DR4.FC43354_SQR.PV;"2026-08-01 10:32:24,172012";"53,1556015014648"
\\PIAF\PKN Orlen\PI Vision\PKN Orlen\ZAKŁAD PRODUKCYJNY PŁOCK\RAFINERIA\PR03 BLOK PRZEROBU ROPY\DRW-IV|DR4.FC43354_SQR.PV;"2026-08-01 10:36:24,143005";"52,4428939819336"
\\PIAF\PKN Orlen\PI Vision\PKN Orlen\ZAKŁAD PRODUKCYJNY PŁOCK\RAFINERIA\PR03 BLOK PRZEROBU ROPY\DRW-IV|DR4.FC43354_SQR.PV;"2026-08-01 10:39:09,19101";"51,5254974365234"
\\PIAF\PKN Orlen\PI Vision\PKN Orlen\ZAKŁAD PRODUKCYJNY PŁOCK\RAFINERIA\PR03 BLOK PRZEROBU ROPY\DRW-IV|DR4.FC43354_SQR.PV;"2026-08-01 10:43:14,193008";"49,5527763366699"
\\PIAF\PKN Orlen\PI Vision\PKN Orlen\ZAKŁAD PRODUKCYJNY PŁOCK\RAFINERIA\PR03 BLOK PRZEROBU ROPY\DRW-IV|DR4.FC43354_SQR.PV;"2026-08-01 10:46:29,101013";"48,6773910522461"
\\PIAF\PKN Orlen\PI Vision\PKN Orlen\ZAKŁAD PRODUKCYJNY PŁOCK\RAFINERIA\PR03 BLOK PRZEROBU ROPY\DRW-IV|DR4.FC43354_SQR.PV;"2026-08-01 10:50:39,134002";"48,0742301940918"
\\PIAF\PKN Orlen\PI Vision\PKN Orlen\ZAKŁAD PRODUKCYJNY PŁOCK\RAFINERIA\PR03 BLOK PRZEROBU ROPY\DRW-IV|DR4.FC43354_SQR.PV;"2026-08-01 10:55:39,151001";"48,7727012634277"
\\PIAF\PKN Orlen\PI Vision\PKN Orlen\ZAKŁAD PRODUKCYJNY PŁOCK\RAFINERIA\PR03 BLOK PRZEROBU ROPY\DRW-IV|DR4.FC43354_SQR.PV;"2026-08-01 10:57:59,152008";"49,4416999816895"
\\PIAF\PKN Orlen\PI Vision\PKN Orlen\ZAKŁAD PRODUKCYJNY PŁOCK\RAFINERIA\PR03 BLOK PRZEROBU ROPY\DRW-IV|DR4.FC43354_SQR.PV;"2026-08-01 11:00:49,122009";"49,9694290161133"
\\PIAF\PKN Orlen\PI Vision\PKN Orlen\ZAKŁAD PRODUKCYJNY PŁOCK\RAFINERIA\PR03 BLOK PRZEROBU ROPY\DRW-IV|DR4.FC43354_SQR.PV;"2026-08-01 11:04:14,093002";"49,2969131469727"
\\PIAF\PKN Orlen\PI Vision\PKN Orlen\ZAKŁAD PRODUKCYJNY PŁOCK\RAFINERIA\PR03 BLOK PRZEROBU ROPY\DRW-IV|DR4.FC43354_SQR.PV;"2026-08-01 11:07:54,157013";"47,933235168457"
\\PIAF\PKN Orlen\PI Vision\PKN Orlen\ZAKŁAD PRODUKCYJNY PŁOCK\RAFINERIA\PR03 BLOK PRZEROBU ROPY\DRW-IV|DR4.FC43354_SQR.PV;"2026-08-01 11:10:59,111007";"48,0573425292969"
\\PIAF\PKN Orlen\PI Vision\PKN Orlen\ZAKŁAD PRODUKCYJNY PŁOCK\RAFINERIA\PR03 BLOK PRZEROBU ROPY\DRW-IV|DR4.FC43354_SQR.PV;"2026-08-01 11:14:39,175003";"49,3806991577148"
\\PIAF\PKN Orlen\PI Vision\PKN Orlen\ZAKŁAD PRODUKCYJNY PŁOCK\RAFINERIA\PR03 BLOK PRZEROBU ROPY\DRW-IV|DR4.FC43354_SQR.PV;"2026-08-01 11:15:49,17601";"49,3561058044434"
\\PIAF\PKN Orlen\PI Vision\PKN Orlen\ZAKŁAD PRODUKCYJNY PŁOCK\RAFINERIA\PR03 BLOK PRZEROBU ROPY\DRW-IV|DR4.FC43354_SQR.PV;"2026-08-01 11:17:34,177002";"48,7549896240234"
\\PIAF\PKN Orlen\PI Vision\PKN Orlen\ZAKŁAD PRODUKCYJNY PŁOCK\RAFINERIA\PR03 BLOK PRZEROBU ROPY\DRW-IV|DR4.FC43354_SQR.PV;"2026-08-01 11:22:19,101013";"46,2933921813965"
\\PIAF\PKN Orlen\PI Vision\PKN Orlen\ZAKŁAD PRODUKCYJNY PŁOCK\RAFINERIA\PR03 BLOK PRZEROBU ROPY\DRW-IV|DR4.FC43354_SQR.PV;"2026-08-01 11:23:39,164001";"45,9999732971191"
\\PIAF\PKN Orlen\PI Vision\PKN Orlen\ZAKŁAD PRODUKCYJNY PŁOCK\RAFINERIA\PR03 BLOK PRZEROBU ROPY\DRW-IV|DR4.FC43354_SQR.PV;"2026-08-01 11:27:24,150009";"46,3279037475586"
\\PIAF\PKN Orlen\PI Vision\PKN Orlen\ZAKŁAD PRODUKCYJNY PŁOCK\RAFINERIA\PR03 BLOK PRZEROBU ROPY\DRW-IV|DR4.FC43354_SQR.PV;"2026-08-01 11:30:04,167007";"47,0646896362305"
\\PIAF\PKN Orlen\PI Vision\PKN Orlen\ZAKŁAD PRODUKCYJNY PŁOCK\RAFINERIA\PR03 BLOK PRZEROBU ROPY\DRW-IV|DR4.FC43354_SQR.PV;"2026-08-01 11:31:34,171005";"47,6067848205566"
\\PIAF\PKN Orlen\PI Vision\PKN Orlen\ZAKŁAD PRODUKCYJNY PŁOCK\RAFINERIA\PR03 BLOK PRZEROBU ROPY\DRW-IV|DR4.FC43354_SQR.PV;"2026-08-01 11:34:44,157013";"47,7290306091309"
\\PIAF\PKN Orlen\PI Vision\PKN Orlen\ZAKŁAD PRODUKCYJNY PŁOCK\RAFINERIA\PR03 BLOK PRZEROBU ROPY\DRW-IV|DR4.FC43354_SQR.PV;"2026-08-01 11:40:04,081009";"47,6134300231934"
\\PIAF\PKN Orlen\PI Vision\PKN Orlen\ZAKŁAD PRODUKCYJNY PŁOCK\RAFINERIA\PR03 BLOK PRZEROBU ROPY\DRW-IV|DR4.FC43354_SQR.PV;"2026-08-01 11:48:29,069";"47,3721504211426"
\\PIAF\PKN Orlen\PI Vision\PKN Orlen\ZAKŁAD PRODUKCYJNY PŁOCK\RAFINERIA\PR03 BLOK PRZEROBU ROPY\DRW-IV|DR4.FC43354_SQR.PV;"2026-08-01 11:54:54,072006";"47,4200248718262"
\\PIAF\PKN Orlen\PI Vision\PKN Orlen\ZAKŁAD PRODUKCYJNY PŁOCK\RAFINERIA\PR03 BLOK PRZEROBU ROPY\DRW-IV|DR4.FC43354_SQR.PV;"2026-08-01 12:01:19,075012";"46,7143020629883"
\\PIAF\PKN Orlen\PI Vision\PKN Orlen\ZAKŁAD PRODUKCYJNY PŁOCK\RAFINERIA\PR03 BLOK PRZEROBU ROPY\DRW-IV|DR4.FC43354_SQR.PV;"2026-08-01 12:05:24,177002";"46,087532043457"
\\PIAF\PKN Orlen\PI Vision\PKN Orlen\ZAKŁAD PRODUKCYJNY PŁOCK\RAFINERIA\PR03 BLOK PRZEROBU ROPY\DRW-IV|DR4.FC43354_SQR.PV;"2026-08-01 12:07:49,209015";"46,5110511779785"
\\PIAF\PKN Orlen\PI Vision\PKN Orlen\ZAKŁAD PRODUKCYJNY PŁOCK\RAFINERIA\PR03 BLOK PRZEROBU ROPY\DRW-IV|DR4.FC43354_SQR.PV;"2026-08-01 12:12:19,258011";"48,0195655822754"
\\PIAF\PKN Orlen\PI Vision\PKN Orlen\ZAKŁAD PRODUKCYJNY PŁOCK\RAFINERIA\PR03 BLOK PRZEROBU ROPY\DRW-IV|DR4.FC43354_SQR.PV;"2026-08-01 12:15:09,228012";"48,3377342224121"
\\PIAF\PKN Orlen\PI Vision\PKN Orlen\ZAKŁAD PRODUKCYJNY PŁOCK\RAFINERIA\PR03 BLOK PRZEROBU ROPY\DRW-IV|DR4.FC43354_SQR.PV;"2026-08-01 12:21:29,199005";"46,8124580383301"
\\PIAF\PKN Orlen\PI Vision\PKN Orlen\ZAKŁAD PRODUKCYJNY PŁOCK\RAFINERIA\PR03 BLOK PRZEROBU ROPY\DRW-IV|DR4.FC43354_SQR.PV;"2026-08-01 12:27:59,234009";"47,4737205505371"
\\PIAF\PKN Orlen\PI Vision\PKN Orlen\ZAKŁAD PRODUKCYJNY PŁOCK\RAFINERIA\PR03 BLOK PRZEROBU ROPY\DRW-IV|DR4.FC43354_SQR.PV;"2026-08-01 12:32:14,189011";"47,1565170288086"
\\PIAF\PKN Orlen\PI Vision\PKN Orlen\ZAKŁAD PRODUKCYJNY PŁOCK\RAFINERIA\PR03 BLOK PRZEROBU ROPY\DRW-IV|DR4.FC43354_SQR.PV;"2026-08-01 12:37:29,19101";"46,5688400268555"
\\PIAF\PKN Orlen\PI Vision\PKN Orlen\ZAKŁAD PRODUKCYJNY PŁOCK\RAFINERIA\PR03 BLOK PRZEROBU ROPY\DRW-IV|DR4.FC43354_SQR.PV;"2026-08-01 12:40:59,192001";"46,6557960510254"
\\PIAF\PKN Orlen\PI Vision\PKN Orlen\ZAKŁAD PRODUKCYJNY PŁOCK\RAFINERIA\PR03 BLOK PRZEROBU ROPY\DRW-IV|DR4.FC43354_SQR.PV;"2026-08-01 12:45:59,210007";"48,4277992248535"
\\PIAF\PKN Orlen\PI Vision\PKN Orlen\ZAKŁAD PRODUKCYJNY PŁOCK\RAFINERIA\PR03 BLOK PRZEROBU ROPY\DRW-IV|DR4.FC43354_SQR.PV;"2026-08-01 12:48:19,211014";"48,131664276123"
\\PIAF\PKN Orlen\PI Vision\PKN Orlen\ZAKŁAD PRODUKCYJNY PŁOCK\RAFINERIA\PR03 BLOK PRZEROBU ROPY\DRW-IV|DR4.FC43354_SQR.PV;"2026-08-01 12:53:49,198013";"46,3630027770996"
\\PIAF\PKN Orlen\PI Vision\PKN Orlen\ZAKŁAD PRODUKCYJNY PŁOCK\RAFINERIA\PR03 BLOK PRZEROBU ROPY\DRW-IV|DR4.FC43354_SQR.PV;"2026-08-01 12:58:14,216003";"46,2855911254883"
\\PIAF\PKN Orlen\PI Vision\PKN Orlen\ZAKŁAD PRODUKCYJNY PŁOCK\RAFINERIA\PR03 BLOK PRZEROBU ROPY\DRW-IV|DR4.FC43354_SQR.PV;"2026-08-01 13:00:39,138016";"46,812557220459"
\\PIAF\PKN Orlen\PI Vision\PKN Orlen\ZAKŁAD PRODUKCYJNY PŁOCK\RAFINERIA\PR03 BLOK PRZEROBU ROPY\DRW-IV|DR4.FC43354_SQR.PV;"2026-08-01 13:09:59,143005";"46,7247123718262"
\\PIAF\PKN Orlen\PI Vision\PKN Orlen\ZAKŁAD PRODUKCYJNY PŁOCK\RAFINERIA\PR03 BLOK PRZEROBU ROPY\DRW-IV|DR4.FC43354_SQR.PV;"2026-08-01 13:18:19,209015";"47,2658958435059"
\\PIAF\PKN Orlen\PI Vision\PKN Orlen\ZAKŁAD PRODUKCYJNY PŁOCK\RAFINERIA\PR03 BLOK PRZEROBU ROPY\DRW-IV|DR4.FC43354_SQR.PV;"2026-08-01 13:21:04,147003";"47,835334777832"
\\PIAF\PKN Orlen\PI Vision\PKN Orlen\ZAKŁAD PRODUKCYJNY PŁOCK\RAFINERIA\PR03 BLOK PRZEROBU ROPY\DRW-IV|DR4.FC43354_SQR.PV;"2026-08-01 13:25:14,181";"47,8815574645996"
\\PIAF\PKN Orlen\PI Vision\PKN Orlen\ZAKŁAD PRODUKCYJNY PŁOCK\RAFINERIA\PR03 BLOK PRZEROBU ROPY\DRW-IV|DR4.FC43354_SQR.PV;"2026-08-01 13:27:54,197006";"47,3878364562988"
\\PIAF\PKN Orlen\PI Vision\PKN Orlen\ZAKŁAD PRODUKCYJNY PŁOCK\RAFINERIA\PR03 BLOK PRZEROBU ROPY\DRW-IV|DR4.FC43354_SQR.PV;"2026-08-01 13:33:29,215012";"47,9491996765137"
\\PIAF\PKN Orlen\PI Vision\PKN Orlen\ZAKŁAD PRODUKCYJNY PŁOCK\RAFINERIA\PR03 BLOK PRZEROBU ROPY\DRW-IV|DR4.FC43354_SQR.PV;"2026-08-01 13:39:54,218002";"46,9504699707031"
\\PIAF\PKN Orlen\PI Vision\PKN Orlen\ZAKŁAD PRODUKCYJNY PŁOCK\RAFINERIA\PR03 BLOK PRZEROBU ROPY\DRW-IV|DR4.FC43354_SQR.PV;"2026-08-01 13:47:34,143005";"47,3996658325195"
\\PIAF\PKN Orlen\PI Vision\PKN Orlen\ZAKŁAD PRODUKCYJNY PŁOCK\RAFINERIA\PR03 BLOK PRZEROBU ROPY\DRW-IV|DR4.FC43354_SQR.PV;"2026-08-01 13:51:24,161011";"46,810604095459"
\\PIAF\PKN Orlen\PI Vision\PKN Orlen\ZAKŁAD PRODUKCYJNY PŁOCK\RAFINERIA\PR03 BLOK PRZEROBU ROPY\DRW-IV|DR4.FC43354_SQR.PV;"2026-08-01 13:53:39,131012";"46,4671936035156"
\\PIAF\PKN Orlen\PI Vision\PKN Orlen\ZAKŁAD PRODUKCYJNY PŁOCK\RAFINERIA\PR03 BLOK PRZEROBU ROPY\DRW-IV|DR4.FC43354_SQR.PV;"2026-08-01 13:57:54,195007";"46,9179573059082"
\\PIAF\PKN Orlen\PI Vision\PKN Orlen\ZAKŁAD PRODUKCYJNY PŁOCK\RAFINERIA\PR03 BLOK PRZEROBU ROPY\DRW-IV|DR4.FC43354_SQR.PV;"2026-08-01 14:03:14,119003";"47,4098854064941"
\\PIAF\PKN Orlen\PI Vision\PKN Orlen\ZAKŁAD PRODUKCYJNY PŁOCK\RAFINERIA\PR03 BLOK PRZEROBU ROPY\DRW-IV|DR4.FC43354_SQR.PV;"2026-08-01 14:09:29,163009";"46,9362716674805"
\\PIAF\PKN Orlen\PI Vision\PKN Orlen\ZAKŁAD PRODUKCYJNY PŁOCK\RAFINERIA\PR03 BLOK PRZEROBU ROPY\DRW-IV|DR4.FC43354_SQR.PV;"2026-08-01 14:21:29,184005";"46,7589149475098"
\\PIAF\PKN Orlen\PI Vision\PKN Orlen\ZAKŁAD PRODUKCYJNY PŁOCK\RAFINERIA\PR03 BLOK PRZEROBU ROPY\DRW-IV|DR4.FC43354_SQR.PV;"2026-08-01 14:27:49,155014";"46,9270057678223"
\\PIAF\PKN Orlen\PI Vision\PKN Orlen\ZAKŁAD PRODUKCYJNY PŁOCK\RAFINERIA\PR03 BLOK PRZEROBU ROPY\DRW-IV|DR4.FC43354_SQR.PV;"2026-08-01 14:36:54,175003";"46,5121192932129"
\\PIAF\PKN Orlen\PI Vision\PKN Orlen\ZAKŁAD PRODUKCYJNY PŁOCK\RAFINERIA\PR03 BLOK PRZEROBU ROPY\DRW-IV|DR4.FC43354_SQR.PV;"2026-08-01 14:42:49,099014";"47,0942573547363"
\\PIAF\PKN Orlen\PI Vision\PKN Orlen\ZAKŁAD PRODUKCYJNY PŁOCK\RAFINERIA\PR03 BLOK PRZEROBU ROPY\DRW-IV|DR4.FC43354_SQR.PV;"2026-08-01 14:52:49,13501";"46,7671318054199"
\\PIAF\PKN Orlen\PI Vision\PKN Orlen\ZAKŁAD PRODUKCYJNY PŁOCK\RAFINERIA\PR03 BLOK PRZEROBU ROPY\DRW-IV|DR4.FC43354_SQR.PV;"2026-08-01 15:06:24,094009";"46,7550506591797"
\\PIAF\PKN Orlen\PI Vision\PKN Orlen\ZAKŁAD PRODUKCYJNY PŁOCK\RAFINERIA\PR03 BLOK PRZEROBU ROPY\DRW-IV|DR4.FC43354_SQR.PV;"2026-08-01 15:12:59,159012";"46,5813903808594"
\\PIAF\PKN Orlen\PI Vision\PKN Orlen\ZAKŁAD PRODUKCYJNY PŁOCK\RAFINERIA\PR03 BLOK PRZEROBU ROPY\DRW-IV|DR4.FC43354_SQR.PV;"2026-08-01 15:24:59,180008";"46,868579864502"
\\PIAF\PKN Orlen\PI Vision\PKN Orlen\ZAKŁAD PRODUKCYJNY PŁOCK\RAFINERIA\PR03 BLOK PRZEROBU ROPY\DRW-IV|DR4.FC43354_SQR.PV;"2026-08-01 15:28:34,104004";"46,5124053955078"
\\PIAF\PKN Orlen\PI Vision\PKN Orlen\ZAKŁAD PRODUKCYJNY PŁOCK\RAFINERIA\PR03 BLOK PRZEROBU ROPY\DRW-IV|DR4.FC43354_SQR.PV;"2026-08-01 15:36:09,10701";"46,6156425476074"
\\PIAF\PKN Orlen\PI Vision\PKN Orlen\ZAKŁAD PRODUKCYJNY PŁOCK\RAFINERIA\PR03 BLOK PRZEROBU ROPY\DRW-IV|DR4.FC43354_SQR.PV;"2026-08-01 15:38:19,155014";"46,5364112854004"
\\PIAF\PKN Orlen\PI Vision\PKN Orlen\ZAKŁAD PRODUKCYJNY PŁOCK\RAFINERIA\PR03 BLOK PRZEROBU ROPY\DRW-IV|DR4.FC43354_SQR.PV;"2026-08-01 15:43:49,142014";"46,5897483825684"
\\PIAF\PKN Orlen\PI Vision\PKN Orlen\ZAKŁAD PRODUKCYJNY PŁOCK\RAFINERIA\PR03 BLOK PRZEROBU ROPY\DRW-IV|DR4.FC43354_SQR.PV;"2026-08-01 15:49:24,162002";"46,2350234985352"
\\PIAF\PKN Orlen\PI Vision\PKN Orlen\ZAKŁAD PRODUKCYJNY PŁOCK\RAFINERIA\PR03 BLOK PRZEROBU ROPY\DRW-IV|DR4.FC43354_SQR.PV;"2026-08-01 15:55:24,118011";"47,3423767089844"
\\PIAF\PKN Orlen\PI Vision\PKN Orlen\ZAKŁAD PRODUKCYJNY PŁOCK\RAFINERIA\PR03 BLOK PRZEROBU ROPY\DRW-IV|DR4.FC43354_SQR.PV;"2026-08-01 16:03:54,137008";"46,8711700439453"
\\PIAF\PKN Orlen\PI Vision\PKN Orlen\ZAKŁAD PRODUKCYJNY PŁOCK\RAFINERIA\PR03 BLOK PRZEROBU ROPY\DRW-IV|DR4.FC43354_SQR.PV;"2026-08-01 16:06:34,154007";"47,0988807678223"
\\PIAF\PKN Orlen\PI Vision\PKN Orlen\ZAKŁAD PRODUKCYJNY PŁOCK\RAFINERIA\PR03 BLOK PRZEROBU ROPY\DRW-IV|DR4.FC43354_SQR.PV;"2026-08-01 16:08:19,155014";"47,4874725341797"
\\PIAF\PKN Orlen\PI Vision\PKN Orlen\ZAKŁAD PRODUKCYJNY PŁOCK\RAFINERIA\PR03 BLOK PRZEROBU ROPY\DRW-IV|DR4.FC43354_SQR.PV;"2026-08-01 16:11:09,125015";"47,435359954834"
\\PIAF\PKN Orlen\PI Vision\PKN Orlen\ZAKŁAD PRODUKCYJNY PŁOCK\RAFINERIA\PR03 BLOK PRZEROBU ROPY\DRW-IV|DR4.FC43354_SQR.PV;"2026-08-01 16:14:39,057007";"46,8263473510742"
\\PIAF\PKN Orlen\PI Vision\PKN Orlen\ZAKŁAD PRODUKCYJNY PŁOCK\RAFINERIA\PR03 BLOK PRZEROBU ROPY\DRW-IV|DR4.FC43354_SQR.PV;"2026-08-01 16:22:54,192001";"46,9196586608887"
\\PIAF\PKN Orlen\PI Vision\PKN Orlen\ZAKŁAD PRODUKCYJNY PŁOCK\RAFINERIA\PR03 BLOK PRZEROBU ROPY\DRW-IV|DR4.FC43354_SQR.PV;"2026-08-01 16:29:49,167007";"46,3699150085449"
\\PIAF\PKN Orlen\PI Vision\PKN Orlen\ZAKŁAD PRODUKCYJNY PŁOCK\RAFINERIA\PR03 BLOK PRZEROBU ROPY\DRW-IV|DR4.FC43354_SQR.PV;"2026-08-01 16:33:09,231003";"46,8738708496094"
\\PIAF\PKN Orlen\PI Vision\PKN Orlen\ZAKŁAD PRODUKCYJNY PŁOCK\RAFINERIA\PR03 BLOK PRZEROBU ROPY\DRW-IV|DR4.FC43354_SQR.PV;"2026-08-01 16:39:49,218002";"46,9620132446289"
\\PIAF\PKN Orlen\PI Vision\PKN Orlen\ZAKŁAD PRODUKCYJNY PŁOCK\RAFINERIA\PR03 BLOK PRZEROBU ROPY\DRW-IV|DR4.FC43354_SQR.PV;"2026-08-01 16:42:54,173004";"47,1363220214844"
\\PIAF\PKN Orlen\PI Vision\PKN Orlen\ZAKŁAD PRODUKCYJNY PŁOCK\RAFINERIA\PR03 BLOK PRZEROBU ROPY\DRW-IV|DR4.FC43354_SQR.PV;"2026-08-01 16:48:49,207001";"47,6633605957031"
\\PIAF\PKN Orlen\PI Vision\PKN Orlen\ZAKŁAD PRODUKCYJNY PŁOCK\RAFINERIA\PR03 BLOK PRZEROBU ROPY\DRW-IV|DR4.FC43354_SQR.PV;"2026-08-01 16:57:44,164001";"47,1406669616699"
\\PIAF\PKN Orlen\PI Vision\PKN Orlen\ZAKŁAD PRODUKCYJNY PŁOCK\RAFINERIA\PR03 BLOK PRZEROBU ROPY\DRW-IV|DR4.FC43354_SQR.PV;"2026-08-01 17:07:24,184005";"47,3520660400391"
\\PIAF\PKN Orlen\PI Vision\PKN Orlen\ZAKŁAD PRODUKCYJNY PŁOCK\RAFINERIA\PR03 BLOK PRZEROBU ROPY\DRW-IV|DR4.FC43354_SQR.PV;"2026-08-01 17:09:14,216003";"47,2705001831055"
\\PIAF\PKN Orlen\PI Vision\PKN Orlen\ZAKŁAD PRODUKCYJNY PŁOCK\RAFINERIA\PR03 BLOK PRZEROBU ROPY\DRW-IV|DR4.FC43354_SQR.PV;"2026-08-01 17:14:54,156006";"47,3676872253418"
\\PIAF\PKN Orlen\PI Vision\PKN Orlen\ZAKŁAD PRODUKCYJNY PŁOCK\RAFINERIA\PR03 BLOK PRZEROBU ROPY\DRW-IV|DR4.FC43354_SQR.PV;"2026-08-01 17:21:19,158005";"47,0134048461914"
\\PIAF\PKN Orlen\PI Vision\PKN Orlen\ZAKŁAD PRODUKCYJNY PŁOCK\RAFINERIA\PR03 BLOK PRZEROBU ROPY\DRW-IV|DR4.FC43354_SQR.PV;"2026-08-01 17:22:54,206009";"47,4159698486328"
\\PIAF\PKN Orlen\PI Vision\PKN Orlen\ZAKŁAD PRODUKCYJNY PŁOCK\RAFINERIA\PR03 BLOK PRZEROBU ROPY\DRW-IV|DR4.FC43354_SQR.PV;"2026-08-01 17:28:29,224014";"47,8369560241699"
\\PIAF\PKN Orlen\PI Vision\PKN Orlen\ZAKŁAD PRODUKCYJNY PŁOCK\RAFINERIA\PR03 BLOK PRZEROBU ROPY\DRW-IV|DR4.FC43354_SQR.PV;"2026-08-01 17:33:09,226013";"47,1221542358398"
\\PIAF\PKN Orlen\PI Vision\PKN Orlen\ZAKŁAD PRODUKCYJNY PŁOCK\RAFINERIA\PR03 BLOK PRZEROBU ROPY\DRW-IV|DR4.FC43354_SQR.PV;"2026-08-01 17:37:24,181";"47,3263931274414"
\\PIAF\PKN Orlen\PI Vision\PKN Orlen\ZAKŁAD PRODUKCYJNY PŁOCK\RAFINERIA\PR03 BLOK PRZEROBU ROPY\DRW-IV|DR4.FC43354_SQR.PV;"2026-08-01 17:42:44,215012";"47,260196685791"
\\PIAF\PKN Orlen\PI Vision\PKN Orlen\ZAKŁAD PRODUKCYJNY PŁOCK\RAFINERIA\PR03 BLOK PRZEROBU ROPY\DRW-IV|DR4.FC43354_SQR.PV;"2026-08-01 17:51:04,171005";"47,3430480957031"
\\PIAF\PKN Orlen\PI Vision\PKN Orlen\ZAKŁAD PRODUKCYJNY PŁOCK\RAFINERIA\PR03 BLOK PRZEROBU ROPY\DRW-IV|DR4.FC43354_SQR.PV;"2026-08-01 17:55:19,126007";"47,2516098022461"
\\PIAF\PKN Orlen\PI Vision\PKN Orlen\ZAKŁAD PRODUKCYJNY PŁOCK\RAFINERIA\PR03 BLOK PRZEROBU ROPY\DRW-IV|DR4.FC43354_SQR.PV;"2026-08-01 17:58:34,144012";"47,275390625"
\\PIAF\PKN Orlen\PI Vision\PKN Orlen\ZAKŁAD PRODUKCYJNY PŁOCK\RAFINERIA\PR03 BLOK PRZEROBU ROPY\DRW-IV|DR4.FC43354_SQR.PV;"2026-08-01 18:04:29,177002";"47,1116981506348"
\\PIAF\PKN Orlen\PI Vision\PKN Orlen\ZAKŁAD PRODUKCYJNY PŁOCK\RAFINERIA\PR03 BLOK PRZEROBU ROPY\DRW-IV|DR4.FC43354_SQR.PV;"2026-08-01 18:08:59,226013";"47,5088844299316"
\\PIAF\PKN Orlen\PI Vision\PKN Orlen\ZAKŁAD PRODUKCYJNY PŁOCK\RAFINERIA\PR03 BLOK PRZEROBU ROPY\DRW-IV|DR4.FC43354_SQR.PV;"2026-08-01 18:13:34,154007";"47,2657852172852"
\\PIAF\PKN Orlen\PI Vision\PKN Orlen\ZAKŁAD PRODUKCYJNY PŁOCK\RAFINERIA\PR03 BLOK PRZEROBU ROPY\DRW-IV|DR4.FC43354_SQR.PV;"2026-08-01 18:22:49,236007";"47,286449432373"
\\PIAF\PKN Orlen\PI Vision\PKN Orlen\ZAKŁAD PRODUKCYJNY PŁOCK\RAFINERIA\PR03 BLOK PRZEROBU ROPY\DRW-IV|DR4.FC43354_SQR.PV;"2026-08-01 18:36:54,164001";"47,1939544677734"
\\PIAF\PKN Orlen\PI Vision\PKN Orlen\ZAKŁAD PRODUKCYJNY PŁOCK\RAFINERIA\PR03 BLOK PRZEROBU ROPY\DRW-IV|DR4.FC43354_SQR.PV;"2026-08-01 18:46:14,167999";"47,0881462097168"
\\PIAF\PKN Orlen\PI Vision\PKN Orlen\ZAKŁAD PRODUKCYJNY PŁOCK\RAFINERIA\PR03 BLOK PRZEROBU ROPY\DRW-IV|DR4.FC43354_SQR.PV;"2026-08-01 18:50:14,138";"47,4715461730957"
\\PIAF\PKN Orlen\PI Vision\PKN Orlen\ZAKŁAD PRODUKCYJNY PŁOCK\RAFINERIA\PR03 BLOK PRZEROBU ROPY\DRW-IV|DR4.FC43354_SQR.PV;"2026-08-01 18:59:29,111007";"47,0220413208008"
\\PIAF\PKN Orlen\PI Vision\PKN Orlen\ZAKŁAD PRODUKCYJNY PŁOCK\RAFINERIA\PR03 BLOK PRZEROBU ROPY\DRW-IV|DR4.FC43354_SQR.PV;"2026-08-01 19:03:44,17601";"47,6181907653809"
\\PIAF\PKN Orlen\PI Vision\PKN Orlen\ZAKŁAD PRODUKCYJNY PŁOCK\RAFINERIA\PR03 BLOK PRZEROBU ROPY\DRW-IV|DR4.FC43354_SQR.PV;"2026-08-01 19:09:09,131012";"47,3540496826172"
\\PIAF\PKN Orlen\PI Vision\PKN Orlen\ZAKŁAD PRODUKCYJNY PŁOCK\RAFINERIA\PR03 BLOK PRZEROBU ROPY\DRW-IV|DR4.FC43354_SQR.PV;"2026-08-01 19:13:39,180008";"47,0512275695801"
\\PIAF\PKN Orlen\PI Vision\PKN Orlen\ZAKŁAD PRODUKCYJNY PŁOCK\RAFINERIA\PR03 BLOK PRZEROBU ROPY\DRW-IV|DR4.FC43354_SQR.PV;"2026-08-01 19:18:09,119003";"47,4636421203613"
\\PIAF\PKN Orlen\PI Vision\PKN Orlen\ZAKŁAD PRODUKCYJNY PŁOCK\RAFINERIA\PR03 BLOK PRZEROBU ROPY\DRW-IV|DR4.FC43354_SQR.PV;"2026-08-01 19:21:14,183014";"47,6338157653809"
\\PIAF\PKN Orlen\PI Vision\PKN Orlen\ZAKŁAD PRODUKCYJNY PŁOCK\RAFINERIA\PR03 BLOK PRZEROBU ROPY\DRW-IV|DR4.FC43354_SQR.PV;"2026-08-01 19:28:49,187011";"47,0914497375488"
\\PIAF\PKN Orlen\PI Vision\PKN Orlen\ZAKŁAD PRODUKCYJNY PŁOCK\RAFINERIA\PR03 BLOK PRZEROBU ROPY\DRW-IV|DR4.FC43354_SQR.PV;"2026-08-01 19:38:04,159012";"47,2902336120605"
\\PIAF\PKN Orlen\PI Vision\PKN Orlen\ZAKŁAD PRODUKCYJNY PŁOCK\RAFINERIA\PR03 BLOK PRZEROBU ROPY\DRW-IV|DR4.FC43354_SQR.PV;"2026-08-01 19:45:29,100006";"46,8889999389648"
\\PIAF\PKN Orlen\PI Vision\PKN Orlen\ZAKŁAD PRODUKCYJNY PŁOCK\RAFINERIA\PR03 BLOK PRZEROBU ROPY\DRW-IV|DR4.FC43354_SQR.PV;"2026-08-01 19:48:54,180008";"46,9163665771484"
\\PIAF\PKN Orlen\PI Vision\PKN Orlen\ZAKŁAD PRODUKCYJNY PŁOCK\RAFINERIA\PR03 BLOK PRZEROBU ROPY\DRW-IV|DR4.FC43354_SQR.PV;"2026-08-01 19:52:09,197006";"48,1867446899414"
\\PIAF\PKN Orlen\PI Vision\PKN Orlen\ZAKŁAD PRODUKCYJNY PŁOCK\RAFINERIA\PR03 BLOK PRZEROBU ROPY\DRW-IV|DR4.FC43354_SQR.PV;"2026-08-01 19:54:54,136002";"49,0565071105957"
\\PIAF\PKN Orlen\PI Vision\PKN Orlen\ZAKŁAD PRODUKCYJNY PŁOCK\RAFINERIA\PR03 BLOK PRZEROBU ROPY\DRW-IV|DR4.FC43354_SQR.PV;"2026-08-01 19:57:54,168014";"48,5649337768555"
\\PIAF\PKN Orlen\PI Vision\PKN Orlen\ZAKŁAD PRODUKCYJNY PŁOCK\RAFINERIA\PR03 BLOK PRZEROBU ROPY\DRW-IV|DR4.FC43354_SQR.PV;"2026-08-01 20:01:44,185013";"47,3761329650879"
\\PIAF\PKN Orlen\PI Vision\PKN Orlen\ZAKŁAD PRODUKCYJNY PŁOCK\RAFINERIA\PR03 BLOK PRZEROBU ROPY\DRW-IV|DR4.FC43354_SQR.PV;"2026-08-01 20:10:44,174011";"48,0035858154297"
\\PIAF\PKN Orlen\PI Vision\PKN Orlen\ZAKŁAD PRODUKCYJNY PŁOCK\RAFINERIA\PR03 BLOK PRZEROBU ROPY\DRW-IV|DR4.FC43354_SQR.PV;"2026-08-01 20:17:19,130005";"47,6014747619629"
\\PIAF\PKN Orlen\PI Vision\PKN Orlen\ZAKŁAD PRODUKCYJNY PŁOCK\RAFINERIA\PR03 BLOK PRZEROBU ROPY\DRW-IV|DR4.FC43354_SQR.PV;"2026-08-01 20:29:59,073013";"47,6773948669434"
\\PIAF\PKN Orlen\PI Vision\PKN Orlen\ZAKŁAD PRODUKCYJNY PŁOCK\RAFINERIA\PR03 BLOK PRZEROBU ROPY\DRW-IV|DR4.FC43354_SQR.PV;"2026-08-01 20:33:54,121002";"47,3692398071289"
\\PIAF\PKN Orlen\PI Vision\PKN Orlen\ZAKŁAD PRODUKCYJNY PŁOCK\RAFINERIA\PR03 BLOK PRZEROBU ROPY\DRW-IV|DR4.FC43354_SQR.PV;"2026-08-01 20:40:39,139999";"47,7888870239258"
\\PIAF\PKN Orlen\PI Vision\PKN Orlen\ZAKŁAD PRODUKCYJNY PŁOCK\RAFINERIA\PR03 BLOK PRZEROBU ROPY\DRW-IV|DR4.FC43354_SQR.PV;"2026-08-01 20:45:44,080002";"47,5828819274902"
\\PIAF\PKN Orlen\PI Vision\PKN Orlen\ZAKŁAD PRODUKCYJNY PŁOCK\RAFINERIA\PR03 BLOK PRZEROBU ROPY\DRW-IV|DR4.FC43354_SQR.PV;"2026-08-01 20:51:44,145004";"47,6842651367188"
\\PIAF\PKN Orlen\PI Vision\PKN Orlen\ZAKŁAD PRODUKCYJNY PŁOCK\RAFINERIA\PR03 BLOK PRZEROBU ROPY\DRW-IV|DR4.FC43354_SQR.PV;"2026-08-01 20:56:19,216003";"47,2629776000977"
\\PIAF\PKN Orlen\PI Vision\PKN Orlen\ZAKŁAD PRODUKCYJNY PŁOCK\RAFINERIA\PR03 BLOK PRZEROBU ROPY\DRW-IV|DR4.FC43354_SQR.PV;"2026-08-01 21:02:29,234009";"47,5659217834473"
\\PIAF\PKN Orlen\PI Vision\PKN Orlen\ZAKŁAD PRODUKCYJNY PŁOCK\RAFINERIA\PR03 BLOK PRZEROBU ROPY\DRW-IV|DR4.FC43354_SQR.PV;"2026-08-01 21:10:49,19101";"47,2973327636719"
\\PIAF\PKN Orlen\PI Vision\PKN Orlen\ZAKŁAD PRODUKCYJNY PŁOCK\RAFINERIA\PR03 BLOK PRZEROBU ROPY\DRW-IV|DR4.FC43354_SQR.PV;"2026-08-01 21:18:19,163009";"47,3802528381348"
\\PIAF\PKN Orlen\PI Vision\PKN Orlen\ZAKŁAD PRODUKCYJNY PŁOCK\RAFINERIA\PR03 BLOK PRZEROBU ROPY\DRW-IV|DR4.FC43354_SQR.PV;"2026-08-01 21:24:34,212006";"47,3014640808105"
\\PIAF\PKN Orlen\PI Vision\PKN Orlen\ZAKŁAD PRODUKCYJNY PŁOCK\RAFINERIA\PR03 BLOK PRZEROBU ROPY\DRW-IV|DR4.FC43354_SQR.PV;"2026-08-01 21:28:24,230011";"47,4126167297363"
\\PIAF\PKN Orlen\PI Vision\PKN Orlen\ZAKŁAD PRODUKCYJNY PŁOCK\RAFINERIA\PR03 BLOK PRZEROBU ROPY\DRW-IV|DR4.FC43354_SQR.PV;"2026-08-01 21:41:34,222";"47,4916191101074"
\\PIAF\PKN Orlen\PI Vision\PKN Orlen\ZAKŁAD PRODUKCYJNY PŁOCK\RAFINERIA\PR03 BLOK PRZEROBU ROPY\DRW-IV|DR4.FC43354_SQR.PV;"2026-08-01 21:49:39,194";"47,4149360656738"
\\PIAF\PKN Orlen\PI Vision\PKN Orlen\ZAKŁAD PRODUKCYJNY PŁOCK\RAFINERIA\PR03 BLOK PRZEROBU ROPY\DRW-IV|DR4.FC43354_SQR.PV;"2026-08-01 21:52:14,180008";"47,6538887023926"
\\PIAF\PKN Orlen\PI Vision\PKN Orlen\ZAKŁAD PRODUKCYJNY PŁOCK\RAFINERIA\PR03 BLOK PRZEROBU ROPY\DRW-IV|DR4.FC43354_SQR.PV;"2026-08-01 22:02:09,184005";"47,3970565795898"
\\PIAF\PKN Orlen\PI Vision\PKN Orlen\ZAKŁAD PRODUKCYJNY PŁOCK\RAFINERIA\PR03 BLOK PRZEROBU ROPY\DRW-IV|DR4.FC43354_SQR.PV;"2026-08-01 22:09:44,187011";"47,4953460693359"
\\PIAF\PKN Orlen\PI Vision\PKN Orlen\ZAKŁAD PRODUKCYJNY PŁOCK\RAFINERIA\PR03 BLOK PRZEROBU ROPY\DRW-IV|DR4.FC43354_SQR.PV;"2026-08-01 22:13:59,142014";"47,7024269104004"
\\PIAF\PKN Orlen\PI Vision\PKN Orlen\ZAKŁAD PRODUKCYJNY PŁOCK\RAFINERIA\PR03 BLOK PRZEROBU ROPY\DRW-IV|DR4.FC43354_SQR.PV;"2026-08-01 22:16:19,143005";"47,5825881958008"
\\PIAF\PKN Orlen\PI Vision\PKN Orlen\ZAKŁAD PRODUKCYJNY PŁOCK\RAFINERIA\PR03 BLOK PRZEROBU ROPY\DRW-IV|DR4.FC43354_SQR.PV;"2026-08-01 22:21:54,161011";"47,7071723937988"
\\PIAF\PKN Orlen\PI Vision\PKN Orlen\ZAKŁAD PRODUKCYJNY PŁOCK\RAFINERIA\PR03 BLOK PRZEROBU ROPY\DRW-IV|DR4.FC43354_SQR.PV;"2026-08-01 22:27:49,195007";"47,3477783203125"
\\PIAF\PKN Orlen\PI Vision\PKN Orlen\ZAKŁAD PRODUKCYJNY PŁOCK\RAFINERIA\PR03 BLOK PRZEROBU ROPY\DRW-IV|DR4.FC43354_SQR.PV;"2026-08-01 22:30:54,150009";"47,1630859375"
\\PIAF\PKN Orlen\PI Vision\PKN Orlen\ZAKŁAD PRODUKCYJNY PŁOCK\RAFINERIA\PR03 BLOK PRZEROBU ROPY\DRW-IV|DR4.FC43354_SQR.PV;"2026-08-01 22:35:14,136002";"47,643424987793"
\\PIAF\PKN Orlen\PI Vision\PKN Orlen\ZAKŁAD PRODUKCYJNY PŁOCK\RAFINERIA\PR03 BLOK PRZEROBU ROPY\DRW-IV|DR4.FC43354_SQR.PV;"2026-08-01 22:37:34,137008";"47,9852180480957"
\\PIAF\PKN Orlen\PI Vision\PKN Orlen\ZAKŁAD PRODUKCYJNY PŁOCK\RAFINERIA\PR03 BLOK PRZEROBU ROPY\DRW-IV|DR4.FC43354_SQR.PV;"2026-08-01 22:48:44,173004";"47,411205291748"
\\PIAF\PKN Orlen\PI Vision\PKN Orlen\ZAKŁAD PRODUKCYJNY PŁOCK\RAFINERIA\PR03 BLOK PRZEROBU ROPY\DRW-IV|DR4.FC43354_SQR.PV;"2026-08-01 22:53:54,144012";"47,7684783935547"
\\PIAF\PKN Orlen\PI Vision\PKN Orlen\ZAKŁAD PRODUKCYJNY PŁOCK\RAFINERIA\PR03 BLOK PRZEROBU ROPY\DRW-IV|DR4.FC43354_SQR.PV;"2026-08-01 22:56:34,161011";"48,0417709350586"
\\PIAF\PKN Orlen\PI Vision\PKN Orlen\ZAKŁAD PRODUKCYJNY PŁOCK\RAFINERIA\PR03 BLOK PRZEROBU ROPY\DRW-IV|DR4.FC43354_SQR.PV;"2026-08-01 23:03:09,117004";"47,0082168579102"
\\PIAF\PKN Orlen\PI Vision\PKN Orlen\ZAKŁAD PRODUKCYJNY PŁOCK\RAFINERIA\PR03 BLOK PRZEROBU ROPY\DRW-IV|DR4.FC43354_SQR.PV;"2026-08-01 23:12:09,105011";"47,7129364013672"
\\PIAF\PKN Orlen\PI Vision\PKN Orlen\ZAKŁAD PRODUKCYJNY PŁOCK\RAFINERIA\PR03 BLOK PRZEROBU ROPY\DRW-IV|DR4.FC43354_SQR.PV;"2026-08-01 23:19:04,187011";"47,510440826416"
\\PIAF\PKN Orlen\PI Vision\PKN Orlen\ZAKŁAD PRODUKCYJNY PŁOCK\RAFINERIA\PR03 BLOK PRZEROBU ROPY\DRW-IV|DR4.FC43354_SQR.PV;"2026-08-01 23:22:04,110001";"46,9178466796875"
\\PIAF\PKN Orlen\PI Vision\PKN Orlen\ZAKŁAD PRODUKCYJNY PŁOCK\RAFINERIA\PR03 BLOK PRZEROBU ROPY\DRW-IV|DR4.FC43354_SQR.PV;"2026-08-01 23:28:39,175003";"47,3156585693359"
\\PIAF\PKN Orlen\PI Vision\PKN Orlen\ZAKŁAD PRODUKCYJNY PŁOCK\RAFINERIA\PR03 BLOK PRZEROBU ROPY\DRW-IV|DR4.FC43354_SQR.PV;"2026-08-01 23:34:09,162002";"47,425235748291"
\\PIAF\PKN Orlen\PI Vision\PKN Orlen\ZAKŁAD PRODUKCYJNY PŁOCK\RAFINERIA\PR03 BLOK PRZEROBU ROPY\DRW-IV|DR4.FC43354_SQR.PV;"2026-08-01 23:38:24,117004";"46,8187294006348"
\\PIAF\PKN Orlen\PI Vision\PKN Orlen\ZAKŁAD PRODUKCYJNY PŁOCK\RAFINERIA\PR03 BLOK PRZEROBU ROPY\DRW-IV|DR4.FC43354_SQR.PV;"2026-08-01 23:41:49,197006";"46,9511222839355"
\\PIAF\PKN Orlen\PI Vision\PKN Orlen\ZAKŁAD PRODUKCYJNY PŁOCK\RAFINERIA\PR03 BLOK PRZEROBU ROPY\DRW-IV|DR4.FC43354_SQR.PV;"2026-08-01 23:44:44,198013";"47,2862129211426"
\\PIAF\PKN Orlen\PI Vision\PKN Orlen\ZAKŁAD PRODUKCYJNY PŁOCK\RAFINERIA\PR03 BLOK PRZEROBU ROPY\DRW-IV|DR4.FC43354_SQR.PV;"2026-08-01 23:49:34,153015";"47,0824432373047"
\\PIAF\PKN Orlen\PI Vision\PKN Orlen\ZAKŁAD PRODUKCYJNY PŁOCK\RAFINERIA\PR03 BLOK PRZEROBU ROPY\DRW-IV|DR4.FC43354_SQR.PV;"2026-08-01 23:53:04,155014";"47,0442161560059"
\\PIAF\PKN Orlen\PI Vision\PKN Orlen\ZAKŁAD PRODUKCYJNY PŁOCK\RAFINERIA\PR03 BLOK PRZEROBU ROPY\DRW-IV|DR4.FC43354_SQR.PV;"2026-08-01 23:57:14,188004";"47,1862602233887"
\\PIAF\PKN Orlen\PI Vision\PKN Orlen\ZAKŁAD PRODUKCYJNY PŁOCK\RAFINERIA\PR03 BLOK PRZEROBU ROPY\DRW-IV|DR4.FC43354_SQR.PV;"2026-08-02 00:00:44,189011";"47,5394401550293"
\\PIAF\PKN Orlen\PI Vision\PKN Orlen\ZAKŁAD PRODUKCYJNY PŁOCK\RAFINERIA\PR03 BLOK PRZEROBU ROPY\DRW-IV|DR4.FC43354_SQR.PV;"2026-08-02 00:06:14,17601";"47,1643714904785"
\\PIAF\PKN Orlen\PI Vision\PKN Orlen\ZAKŁAD PRODUKCYJNY PŁOCK\RAFINERIA\PR03 BLOK PRZEROBU ROPY\DRW-IV|DR4.FC43354_SQR.PV;"2026-08-02 00:09:04,146011";"46,7824592590332"
\\PIAF\PKN Orlen\PI Vision\PKN Orlen\ZAKŁAD PRODUKCYJNY PŁOCK\RAFINERIA\PR03 BLOK PRZEROBU ROPY\DRW-IV|DR4.FC43354_SQR.PV;"2026-08-02 00:14:49,117004";"47,134090423584"
\\PIAF\PKN Orlen\PI Vision\PKN Orlen\ZAKŁAD PRODUKCYJNY PŁOCK\RAFINERIA\PR03 BLOK PRZEROBU ROPY\DRW-IV|DR4.FC43354_SQR.PV;"2026-08-02 00:17:59,103012";"47,7005157470703"
\\PIAF\PKN Orlen\PI Vision\PKN Orlen\ZAKŁAD PRODUKCYJNY PŁOCK\RAFINERIA\PR03 BLOK PRZEROBU ROPY\DRW-IV|DR4.FC43354_SQR.PV;"2026-08-02 00:23:39,152008";"47,2756729125977"
\\PIAF\PKN Orlen\PI Vision\PKN Orlen\ZAKŁAD PRODUKCYJNY PŁOCK\RAFINERIA\PR03 BLOK PRZEROBU ROPY\DRW-IV|DR4.FC43354_SQR.PV;"2026-08-02 00:25:34,106003";"46,756103515625"
\\PIAF\PKN Orlen\PI Vision\PKN Orlen\ZAKŁAD PRODUKCYJNY PŁOCK\RAFINERIA\PR03 BLOK PRZEROBU ROPY\DRW-IV|DR4.FC43354_SQR.PV;"2026-08-02 00:31:44,125";"47,092170715332"
\\PIAF\PKN Orlen\PI Vision\PKN Orlen\ZAKŁAD PRODUKCYJNY PŁOCK\RAFINERIA\PR03 BLOK PRZEROBU ROPY\DRW-IV|DR4.FC43354_SQR.PV;"2026-08-02 00:35:09,095001";"47,2783164978027"
\\PIAF\PKN Orlen\PI Vision\PKN Orlen\ZAKŁAD PRODUKCYJNY PŁOCK\RAFINERIA\PR03 BLOK PRZEROBU ROPY\DRW-IV|DR4.FC43354_SQR.PV;"2026-08-02 00:36:24,127014";"47,1335105895996"
\\PIAF\PKN Orlen\PI Vision\PKN Orlen\ZAKŁAD PRODUKCYJNY PŁOCK\RAFINERIA\PR03 BLOK PRZEROBU ROPY\DRW-IV|DR4.FC43354_SQR.PV;"2026-08-02 00:47:54,069";"47,153491973877"
\\PIAF\PKN Orlen\PI Vision\PKN Orlen\ZAKŁAD PRODUKCYJNY PŁOCK\RAFINERIA\PR03 BLOK PRZEROBU ROPY\DRW-IV|DR4.FC43354_SQR.PV;"2026-08-02 00:52:09,134002";"47,1639862060547"
\\PIAF\PKN Orlen\PI Vision\PKN Orlen\ZAKŁAD PRODUKCYJNY PŁOCK\RAFINERIA\PR03 BLOK PRZEROBU ROPY\DRW-IV|DR4.FC43354_SQR.PV;"2026-08-02 00:56:34,151001";"46,7628593444824"
\\PIAF\PKN Orlen\PI Vision\PKN Orlen\ZAKŁAD PRODUKCYJNY PŁOCK\RAFINERIA\PR03 BLOK PRZEROBU ROPY\DRW-IV|DR4.FC43354_SQR.PV;"2026-08-02 01:06:24,124008";"47,1841316223145"
\\PIAF\PKN Orlen\PI Vision\PKN Orlen\ZAKŁAD PRODUKCYJNY PŁOCK\RAFINERIA\PR03 BLOK PRZEROBU ROPY\DRW-IV|DR4.FC43354_SQR.PV;"2026-08-02 01:13:19,26001";"47,2985382080078"
\\PIAF\PKN Orlen\PI Vision\PKN Orlen\ZAKŁAD PRODUKCYJNY PŁOCK\RAFINERIA\PR03 BLOK PRZEROBU ROPY\DRW-IV|DR4.FC43354_SQR.PV;"2026-08-02 01:19:14,184005";"47,5043754577637"
\\PIAF\PKN Orlen\PI Vision\PKN Orlen\ZAKŁAD PRODUKCYJNY PŁOCK\RAFINERIA\PR03 BLOK PRZEROBU ROPY\DRW-IV|DR4.FC43354_SQR.PV;"2026-08-02 01:29:09,189011";"47,1068305969238"
\\PIAF\PKN Orlen\PI Vision\PKN Orlen\ZAKŁAD PRODUKCYJNY PŁOCK\RAFINERIA\PR03 BLOK PRZEROBU ROPY\DRW-IV|DR4.FC43354_SQR.PV;"2026-08-02 01:34:24,19101";"47,4046859741211"
\\PIAF\PKN Orlen\PI Vision\PKN Orlen\ZAKŁAD PRODUKCYJNY PŁOCK\RAFINERIA\PR03 BLOK PRZEROBU ROPY\DRW-IV|DR4.FC43354_SQR.PV;"2026-08-02 01:39:49,256012";"47,4705657958984"
\\PIAF\PKN Orlen\PI Vision\PKN Orlen\ZAKŁAD PRODUKCYJNY PŁOCK\RAFINERIA\PR03 BLOK PRZEROBU ROPY\DRW-IV|DR4.FC43354_SQR.PV;"2026-08-02 01:53:54,184005";"47,2423553466797"
\\PIAF\PKN Orlen\PI Vision\PKN Orlen\ZAKŁAD PRODUKCYJNY PŁOCK\RAFINERIA\PR03 BLOK PRZEROBU ROPY\DRW-IV|DR4.FC43354_SQR.PV;"2026-08-02 02:07:34,174011";"47,3490829467773"
\\PIAF\PKN Orlen\PI Vision\PKN Orlen\ZAKŁAD PRODUKCYJNY PŁOCK\RAFINERIA\PR03 BLOK PRZEROBU ROPY\DRW-IV|DR4.FC43354_SQR.PV;"2026-08-02 02:14:44,240005";"47,1022834777832"
\\PIAF\PKN Orlen\PI Vision\PKN Orlen\ZAKŁAD PRODUKCYJNY PŁOCK\RAFINERIA\PR03 BLOK PRZEROBU ROPY\DRW-IV|DR4.FC43354_SQR.PV;"2026-08-02 02:17:49,194";"47,264087677002"
\\PIAF\PKN Orlen\PI Vision\PKN Orlen\ZAKŁAD PRODUKCYJNY PŁOCK\RAFINERIA\PR03 BLOK PRZEROBU ROPY\DRW-IV|DR4.FC43354_SQR.PV;"2026-08-02 02:26:29,167007";"47,0816955566406"
\\PIAF\PKN Orlen\PI Vision\PKN Orlen\ZAKŁAD PRODUKCYJNY PŁOCK\RAFINERIA\PR03 BLOK PRZEROBU ROPY\DRW-IV|DR4.FC43354_SQR.PV;"2026-08-02 02:31:24,153";"47,3656120300293"
\\PIAF\PKN Orlen\PI Vision\PKN Orlen\ZAKŁAD PRODUKCYJNY PŁOCK\RAFINERIA\PR03 BLOK PRZEROBU ROPY\DRW-IV|DR4.FC43354_SQR.PV;"2026-08-02 02:34:29,21701";"47,6112213134766"
\\PIAF\PKN Orlen\PI Vision\PKN Orlen\ZAKŁAD PRODUKCYJNY PŁOCK\RAFINERIA\PR03 BLOK PRZEROBU ROPY\DRW-IV|DR4.FC43354_SQR.PV;"2026-08-02 02:40:09,157013";"47,621208190918"
\\PIAF\PKN Orlen\PI Vision\PKN Orlen\ZAKŁAD PRODUKCYJNY PŁOCK\RAFINERIA\PR03 BLOK PRZEROBU ROPY\DRW-IV|DR4.FC43354_SQR.PV;"2026-08-02 02:45:14,206009";"47,2765579223633"
\\PIAF\PKN Orlen\PI Vision\PKN Orlen\ZAKŁAD PRODUKCYJNY PŁOCK\RAFINERIA\PR03 BLOK PRZEROBU ROPY\DRW-IV|DR4.FC43354_SQR.PV;"2026-08-02 02:53:44,226013";"47,2349243164063"
\\PIAF\PKN Orlen\PI Vision\PKN Orlen\ZAKŁAD PRODUKCYJNY PŁOCK\RAFINERIA\PR03 BLOK PRZEROBU ROPY\DRW-IV|DR4.FC43354_SQR.PV;"2026-08-02 03:02:19,167007";"47,517448425293"
\\PIAF\PKN Orlen\PI Vision\PKN Orlen\ZAKŁAD PRODUKCYJNY PŁOCK\RAFINERIA\PR03 BLOK PRZEROBU ROPY\DRW-IV|DR4.FC43354_SQR.PV;"2026-08-02 03:05:39,215012";"47,3457489013672"
\\PIAF\PKN Orlen\PI Vision\PKN Orlen\ZAKŁAD PRODUKCYJNY PŁOCK\RAFINERIA\PR03 BLOK PRZEROBU ROPY\DRW-IV|DR4.FC43354_SQR.PV;"2026-08-02 03:10:39,124008";"47,143684387207"
\\PIAF\PKN Orlen\PI Vision\PKN Orlen\ZAKŁAD PRODUKCYJNY PŁOCK\RAFINERIA\PR03 BLOK PRZEROBU ROPY\DRW-IV|DR4.FC43354_SQR.PV;"2026-08-02 03:18:14,127014";"47,5709571838379"
\\PIAF\PKN Orlen\PI Vision\PKN Orlen\ZAKŁAD PRODUKCYJNY PŁOCK\RAFINERIA\PR03 BLOK PRZEROBU ROPY\DRW-IV|DR4.FC43354_SQR.PV;"2026-08-02 03:22:24,160003";"47,272518157959"
\\PIAF\PKN Orlen\PI Vision\PKN Orlen\ZAKŁAD PRODUKCYJNY PŁOCK\RAFINERIA\PR03 BLOK PRZEROBU ROPY\DRW-IV|DR4.FC43354_SQR.PV;"2026-08-02 03:34:14,119003";"47,4027252197266"
\\PIAF\PKN Orlen\PI Vision\PKN Orlen\ZAKŁAD PRODUKCYJNY PŁOCK\RAFINERIA\PR03 BLOK PRZEROBU ROPY\DRW-IV|DR4.FC43354_SQR.PV;"2026-08-02 03:42:19,200012";"47,3287315368652"
\\PIAF\PKN Orlen\PI Vision\PKN Orlen\ZAKŁAD PRODUKCYJNY PŁOCK\RAFINERIA\PR03 BLOK PRZEROBU ROPY\DRW-IV|DR4.FC43354_SQR.PV;"2026-08-02 03:44:59,108001";"47,6529388427734"
\\PIAF\PKN Orlen\PI Vision\PKN Orlen\ZAKŁAD PRODUKCYJNY PŁOCK\RAFINERIA\PR03 BLOK PRZEROBU ROPY\DRW-IV|DR4.FC43354_SQR.PV;"2026-08-02 03:49:54,20401";"47,1675682067871"
\\PIAF\PKN Orlen\PI Vision\PKN Orlen\ZAKŁAD PRODUKCYJNY PŁOCK\RAFINERIA\PR03 BLOK PRZEROBU ROPY\DRW-IV|DR4.FC43354_SQR.PV;"2026-08-02 04:04:14,116012";"47,2982902526855"
\\PIAF\PKN Orlen\PI Vision\PKN Orlen\ZAKŁAD PRODUKCYJNY PŁOCK\RAFINERIA\PR03 BLOK PRZEROBU ROPY\DRW-IV|DR4.FC43354_SQR.PV;"2026-08-02 04:11:39,166";"47,1843147277832"
\\PIAF\PKN Orlen\PI Vision\PKN Orlen\ZAKŁAD PRODUKCYJNY PŁOCK\RAFINERIA\PR03 BLOK PRZEROBU ROPY\DRW-IV|DR4.FC43354_SQR.PV;"2026-08-02 04:18:24,185013";"47,4138679504395"
\\PIAF\PKN Orlen\PI Vision\PKN Orlen\ZAKŁAD PRODUKCYJNY PŁOCK\RAFINERIA\PR03 BLOK PRZEROBU ROPY\DRW-IV|DR4.FC43354_SQR.PV;"2026-08-02 04:28:49,158005";"47,0598030090332"
\\PIAF\PKN Orlen\PI Vision\PKN Orlen\ZAKŁAD PRODUKCYJNY PŁOCK\RAFINERIA\PR03 BLOK PRZEROBU ROPY\DRW-IV|DR4.FC43354_SQR.PV;"2026-08-02 04:44:19,167007";"47,2314949035645"
\\PIAF\PKN Orlen\PI Vision\PKN Orlen\ZAKŁAD PRODUKCYJNY PŁOCK\RAFINERIA\PR03 BLOK PRZEROBU ROPY\DRW-IV|DR4.FC43354_SQR.PV;"2026-08-02 04:51:59,09201";"47,5745086669922"
\\PIAF\PKN Orlen\PI Vision\PKN Orlen\ZAKŁAD PRODUKCYJNY PŁOCK\RAFINERIA\PR03 BLOK PRZEROBU ROPY\DRW-IV|DR4.FC43354_SQR.PV;"2026-08-02 04:55:54,139999";"47,5699882507324"
\\PIAF\PKN Orlen\PI Vision\PKN Orlen\ZAKŁAD PRODUKCYJNY PŁOCK\RAFINERIA\PR03 BLOK PRZEROBU ROPY\DRW-IV|DR4.FC43354_SQR.PV;"2026-08-02 05:00:44,096008";"46,3456115722656"
\\PIAF\PKN Orlen\PI Vision\PKN Orlen\ZAKŁAD PRODUKCYJNY PŁOCK\RAFINERIA\PR03 BLOK PRZEROBU ROPY\DRW-IV|DR4.FC43354_SQR.PV;"2026-08-02 05:05:54,17601";"46,6392250061035"
\\PIAF\PKN Orlen\PI Vision\PKN Orlen\ZAKŁAD PRODUKCYJNY PŁOCK\RAFINERIA\PR03 BLOK PRZEROBU ROPY\DRW-IV|DR4.FC43354_SQR.PV;"2026-08-02 05:09:09,084";"47,3995742797852"
\\PIAF\PKN Orlen\PI Vision\PKN Orlen\ZAKŁAD PRODUKCYJNY PŁOCK\RAFINERIA\PR03 BLOK PRZEROBU ROPY\DRW-IV|DR4.FC43354_SQR.PV;"2026-08-02 05:16:09,087006";"47,1564712524414"
\\PIAF\PKN Orlen\PI Vision\PKN Orlen\ZAKŁAD PRODUKCYJNY PŁOCK\RAFINERIA\PR03 BLOK PRZEROBU ROPY\DRW-IV|DR4.FC43354_SQR.PV;"2026-08-02 05:20:34,104004";"47,520435333252"
\\PIAF\PKN Orlen\PI Vision\PKN Orlen\ZAKŁAD PRODUKCYJNY PŁOCK\RAFINERIA\PR03 BLOK PRZEROBU ROPY\DRW-IV|DR4.FC43354_SQR.PV;"2026-08-02 05:24:54,091003";"47,4015159606934"
\\PIAF\PKN Orlen\PI Vision\PKN Orlen\ZAKŁAD PRODUKCYJNY PŁOCK\RAFINERIA\PR03 BLOK PRZEROBU ROPY\DRW-IV|DR4.FC43354_SQR.PV;"2026-08-02 05:29:19,108001";"46,3897399902344"
\\PIAF\PKN Orlen\PI Vision\PKN Orlen\ZAKŁAD PRODUKCYJNY PŁOCK\RAFINERIA\PR03 BLOK PRZEROBU ROPY\DRW-IV|DR4.FC43354_SQR.PV;"2026-08-02 05:31:19,093002";"46,4177398681641"
\\PIAF\PKN Orlen\PI Vision\PKN Orlen\ZAKŁAD PRODUKCYJNY PŁOCK\RAFINERIA\PR03 BLOK PRZEROBU ROPY\DRW-IV|DR4.FC43354_SQR.PV;"2026-08-02 05:34:04,142014";"46,7477684020996"
\\PIAF\PKN Orlen\PI Vision\PKN Orlen\ZAKŁAD PRODUKCYJNY PŁOCK\RAFINERIA\PR03 BLOK PRZEROBU ROPY\DRW-IV|DR4.FC43354_SQR.PV;"2026-08-02 05:38:29,159012";"47,3682746887207"
\\PIAF\PKN Orlen\PI Vision\PKN Orlen\ZAKŁAD PRODUKCYJNY PŁOCK\RAFINERIA\PR03 BLOK PRZEROBU ROPY\DRW-IV|DR4.FC43354_SQR.PV;"2026-08-02 05:44:19,262008";"46,7595138549805"
\\PIAF\PKN Orlen\PI Vision\PKN Orlen\ZAKŁAD PRODUKCYJNY PŁOCK\RAFINERIA\PR03 BLOK PRZEROBU ROPY\DRW-IV|DR4.FC43354_SQR.PV;"2026-08-02 05:51:24,187011";"47,3606910705566"
\\PIAF\PKN Orlen\PI Vision\PKN Orlen\ZAKŁAD PRODUKCYJNY PŁOCK\RAFINERIA\PR03 BLOK PRZEROBU ROPY\DRW-IV|DR4.FC43354_SQR.PV;"2026-08-02 05:52:29,156006";"47,3925476074219"
\\PIAF\PKN Orlen\PI Vision\PKN Orlen\ZAKŁAD PRODUKCYJNY PŁOCK\RAFINERIA\PR03 BLOK PRZEROBU ROPY\DRW-IV|DR4.FC43354_SQR.PV;"2026-08-02 05:56:49,252014";"47,2458610534668"
\\PIAF\PKN Orlen\PI Vision\PKN Orlen\ZAKŁAD PRODUKCYJNY PŁOCK\RAFINERIA\PR03 BLOK PRZEROBU ROPY\DRW-IV|DR4.FC43354_SQR.PV;"2026-08-02 05:59:29,159012";"46,6798362731934"
\\PIAF\PKN Orlen\PI Vision\PKN Orlen\ZAKŁAD PRODUKCYJNY PŁOCK\RAFINERIA\PR03 BLOK PRZEROBU ROPY\DRW-IV|DR4.FC43354_SQR.PV;"2026-08-02 06:05:39,177002";"46,9379653930664"
\\PIAF\PKN Orlen\PI Vision\PKN Orlen\ZAKŁAD PRODUKCYJNY PŁOCK\RAFINERIA\PR03 BLOK PRZEROBU ROPY\DRW-IV|DR4.FC43354_SQR.PV;"2026-08-02 06:10:44,226013";"46,9945411682129"
\\PIAF\PKN Orlen\PI Vision\PKN Orlen\ZAKŁAD PRODUKCYJNY PŁOCK\RAFINERIA\PR03 BLOK PRZEROBU ROPY\DRW-IV|DR4.FC43354_SQR.PV;"2026-08-02 06:12:09,211014";"46,9516448974609"
\\PIAF\PKN Orlen\PI Vision\PKN Orlen\ZAKŁAD PRODUKCYJNY PŁOCK\RAFINERIA\PR03 BLOK PRZEROBU ROPY\DRW-IV|DR4.FC43354_SQR.PV;"2026-08-02 06:15:34,187011";"47,0248756408691"
\\PIAF\PKN Orlen\PI Vision\PKN Orlen\ZAKŁAD PRODUKCYJNY PŁOCK\RAFINERIA\PR03 BLOK PRZEROBU ROPY\DRW-IV|DR4.FC43354_SQR.PV;"2026-08-02 06:21:44,205002";"47,696907043457"
\\PIAF\PKN Orlen\PI Vision\PKN Orlen\ZAKŁAD PRODUKCYJNY PŁOCK\RAFINERIA\PR03 BLOK PRZEROBU ROPY\DRW-IV|DR4.FC43354_SQR.PV;"2026-08-02 06:26:34,160003";"47,1683769226074"
\\PIAF\PKN Orlen\PI Vision\PKN Orlen\ZAKŁAD PRODUKCYJNY PŁOCK\RAFINERIA\PR03 BLOK PRZEROBU ROPY\DRW-IV|DR4.FC43354_SQR.PV;"2026-08-02 06:32:24,163009";"47,0681915283203"
\\PIAF\PKN Orlen\PI Vision\PKN Orlen\ZAKŁAD PRODUKCYJNY PŁOCK\RAFINERIA\PR03 BLOK PRZEROBU ROPY\DRW-IV|DR4.FC43354_SQR.PV;"2026-08-02 06:35:19,164001";"47,1676216125488"
\\PIAF\PKN Orlen\PI Vision\PKN Orlen\ZAKŁAD PRODUKCYJNY PŁOCK\RAFINERIA\PR03 BLOK PRZEROBU ROPY\DRW-IV|DR4.FC43354_SQR.PV;"2026-08-02 06:41:14,198013";"47,0563926696777"
\\PIAF\PKN Orlen\PI Vision\PKN Orlen\ZAKŁAD PRODUKCYJNY PŁOCK\RAFINERIA\PR03 BLOK PRZEROBU ROPY\DRW-IV|DR4.FC43354_SQR.PV;"2026-08-02 06:48:04,139008";"47,1408309936523"
\\PIAF\PKN Orlen\PI Vision\PKN Orlen\ZAKŁAD PRODUKCYJNY PŁOCK\RAFINERIA\PR03 BLOK PRZEROBU ROPY\DRW-IV|DR4.FC43354_SQR.PV;"2026-08-02 06:52:29,156006";"47,334228515625"
\\PIAF\PKN Orlen\PI Vision\PKN Orlen\ZAKŁAD PRODUKCYJNY PŁOCK\RAFINERIA\PR03 BLOK PRZEROBU ROPY\DRW-IV|DR4.FC43354_SQR.PV;"2026-08-02 06:56:39,189011";"47,9437217712402"
\\PIAF\PKN Orlen\PI Vision\PKN Orlen\ZAKŁAD PRODUKCYJNY PŁOCK\RAFINERIA\PR03 BLOK PRZEROBU ROPY\DRW-IV|DR4.FC43354_SQR.PV;"2026-08-02 07:05:44,209015";"47,1489105224609"
\\PIAF\PKN Orlen\PI Vision\PKN Orlen\ZAKŁAD PRODUKCYJNY PŁOCK\RAFINERIA\PR03 BLOK PRZEROBU ROPY\DRW-IV|DR4.FC43354_SQR.PV;"2026-08-02 07:08:39,210007";"47,2902641296387"
\\PIAF\PKN Orlen\PI Vision\PKN Orlen\ZAKŁAD PRODUKCYJNY PŁOCK\RAFINERIA\PR03 BLOK PRZEROBU ROPY\DRW-IV|DR4.FC43354_SQR.PV;"2026-08-02 07:12:59,196014";"47,1747627258301"
\\PIAF\PKN Orlen\PI Vision\PKN Orlen\ZAKŁAD PRODUKCYJNY PŁOCK\RAFINERIA\PR03 BLOK PRZEROBU ROPY\DRW-IV|DR4.FC43354_SQR.PV;"2026-08-02 07:20:14,184005";"47,4317932128906"
\\PIAF\PKN Orlen\PI Vision\PKN Orlen\ZAKŁAD PRODUKCYJNY PŁOCK\RAFINERIA\PR03 BLOK PRZEROBU ROPY\DRW-IV|DR4.FC43354_SQR.PV;"2026-08-02 07:29:29,157013";"47,780086517334"
\\PIAF\PKN Orlen\PI Vision\PKN Orlen\ZAKŁAD PRODUKCYJNY PŁOCK\RAFINERIA\PR03 BLOK PRZEROBU ROPY\DRW-IV|DR4.FC43354_SQR.PV;"2026-08-02 07:33:14,143005";"47,598518371582"
\\PIAF\PKN Orlen\PI Vision\PKN Orlen\ZAKŁAD PRODUKCYJNY PŁOCK\RAFINERIA\PR03 BLOK PRZEROBU ROPY\DRW-IV|DR4.FC43354_SQR.PV;"2026-08-02 07:35:49,128006";"47,2709083557129"
\\PIAF\PKN Orlen\PI Vision\PKN Orlen\ZAKŁAD PRODUKCYJNY PŁOCK\RAFINERIA\PR03 BLOK PRZEROBU ROPY\DRW-IV|DR4.FC43354_SQR.PV;"2026-08-02 07:40:09,115005";"47,6194458007813"
\\PIAF\PKN Orlen\PI Vision\PKN Orlen\ZAKŁAD PRODUKCYJNY PŁOCK\RAFINERIA\PR03 BLOK PRZEROBU ROPY\DRW-IV|DR4.FC43354_SQR.PV;"2026-08-02 07:51:39,167007";"47,2197418212891"
\\PIAF\PKN Orlen\PI Vision\PKN Orlen\ZAKŁAD PRODUKCYJNY PŁOCK\RAFINERIA\PR03 BLOK PRZEROBU ROPY\DRW-IV|DR4.FC43354_SQR.PV;"2026-08-02 07:58:24,185013";"47,1429214477539"
\\PIAF\PKN Orlen\PI Vision\PKN Orlen\ZAKŁAD PRODUKCYJNY PŁOCK\RAFINERIA\PR03 BLOK PRZEROBU ROPY\DRW-IV|DR4.FC43354_SQR.PV;"2026-08-02 08:03:34,156006";"47,1771774291992"
\\PIAF\PKN Orlen\PI Vision\PKN Orlen\ZAKŁAD PRODUKCYJNY PŁOCK\RAFINERIA\PR03 BLOK PRZEROBU ROPY\DRW-IV|DR4.FC43354_SQR.PV;"2026-08-02 08:09:39,143005";"47,1282424926758"
\\PIAF\PKN Orlen\PI Vision\PKN Orlen\ZAKŁAD PRODUKCYJNY PŁOCK\RAFINERIA\PR03 BLOK PRZEROBU ROPY\DRW-IV|DR4.FC43354_SQR.PV;"2026-08-02 08:17:24,100006";"47,2548751831055"
\\PIAF\PKN Orlen\PI Vision\PKN Orlen\ZAKŁAD PRODUKCYJNY PŁOCK\RAFINERIA\PR03 BLOK PRZEROBU ROPY\DRW-IV|DR4.FC43354_SQR.PV;"2026-08-02 08:24:14,150009";"46,7158546447754"
\\PIAF\PKN Orlen\PI Vision\PKN Orlen\ZAKŁAD PRODUKCYJNY PŁOCK\RAFINERIA\PR03 BLOK PRZEROBU ROPY\DRW-IV|DR4.FC43354_SQR.PV;"2026-08-02 08:28:49,12001";"46,8971557617188"
\\PIAF\PKN Orlen\PI Vision\PKN Orlen\ZAKŁAD PRODUKCYJNY PŁOCK\RAFINERIA\PR03 BLOK PRZEROBU ROPY\DRW-IV|DR4.FC43354_SQR.PV;"2026-08-02 08:33:14,138";"47,5599517822266"
\\PIAF\PKN Orlen\PI Vision\PKN Orlen\ZAKŁAD PRODUKCYJNY PŁOCK\RAFINERIA\PR03 BLOK PRZEROBU ROPY\DRW-IV|DR4.FC43354_SQR.PV;"2026-08-02 08:36:24,124008";"47,6988487243652"
\\PIAF\PKN Orlen\PI Vision\PKN Orlen\ZAKŁAD PRODUKCYJNY PŁOCK\RAFINERIA\PR03 BLOK PRZEROBU ROPY\DRW-IV|DR4.FC43354_SQR.PV;"2026-08-02 08:42:54,158005";"47,0627822875977"
\\PIAF\PKN Orlen\PI Vision\PKN Orlen\ZAKŁAD PRODUKCYJNY PŁOCK\RAFINERIA\PR03 BLOK PRZEROBU ROPY\DRW-IV|DR4.FC43354_SQR.PV;"2026-08-02 08:48:29,17601";"47,4503746032715"
\\PIAF\PKN Orlen\PI Vision\PKN Orlen\ZAKŁAD PRODUKCYJNY PŁOCK\RAFINERIA\PR03 BLOK PRZEROBU ROPY\DRW-IV|DR4.FC43354_SQR.PV;"2026-08-02 08:53:14,100006";"47,549877166748"
\\PIAF\PKN Orlen\PI Vision\PKN Orlen\ZAKŁAD PRODUKCYJNY PŁOCK\RAFINERIA\PR03 BLOK PRZEROBU ROPY\DRW-IV|DR4.FC43354_SQR.PV;"2026-08-02 08:54:59,101013";"47,5917549133301"
\\PIAF\PKN Orlen\PI Vision\PKN Orlen\ZAKŁAD PRODUKCYJNY PŁOCK\RAFINERIA\PR03 BLOK PRZEROBU ROPY\DRW-IV|DR4.FC43354_SQR.PV;"2026-08-02 08:58:04,165008";"47,3029403686523"
\\PIAF\PKN Orlen\PI Vision\PKN Orlen\ZAKŁAD PRODUKCYJNY PŁOCK\RAFINERIA\PR03 BLOK PRZEROBU ROPY\DRW-IV|DR4.FC43354_SQR.PV;"2026-08-02 09:00:54,13501";"46,6386299133301"
\\PIAF\PKN Orlen\PI Vision\PKN Orlen\ZAKŁAD PRODUKCYJNY PŁOCK\RAFINERIA\PR03 BLOK PRZEROBU ROPY\DRW-IV|DR4.FC43354_SQR.PV;"2026-08-02 09:15:19,078003";"46,4357719421387"
\\PIAF\PKN Orlen\PI Vision\PKN Orlen\ZAKŁAD PRODUKCYJNY PŁOCK\RAFINERIA\PR03 BLOK PRZEROBU ROPY\DRW-IV|DR4.FC43354_SQR.PV;"2026-08-02 09:18:44,158005";"47,1165351867676"
\\PIAF\PKN Orlen\PI Vision\PKN Orlen\ZAKŁAD PRODUKCYJNY PŁOCK\RAFINERIA\PR03 BLOK PRZEROBU ROPY\DRW-IV|DR4.FC43354_SQR.PV;"2026-08-02 09:21:04,159012";"46,8833808898926"
\\PIAF\PKN Orlen\PI Vision\PKN Orlen\ZAKŁAD PRODUKCYJNY PŁOCK\RAFINERIA\PR03 BLOK PRZEROBU ROPY\DRW-IV|DR4.FC43354_SQR.PV;"2026-08-02 09:26:39,177002";"46,342113494873"
\\PIAF\PKN Orlen\PI Vision\PKN Orlen\ZAKŁAD PRODUKCYJNY PŁOCK\RAFINERIA\PR03 BLOK PRZEROBU ROPY\DRW-IV|DR4.FC43354_SQR.PV;"2026-08-02 09:31:39,086014";"46,8812446594238"
\\PIAF\PKN Orlen\PI Vision\PKN Orlen\ZAKŁAD PRODUKCYJNY PŁOCK\RAFINERIA\PR03 BLOK PRZEROBU ROPY\DRW-IV|DR4.FC43354_SQR.PV;"2026-08-02 09:36:34,181015";"46,5943984985352"
\\PIAF\PKN Orlen\PI Vision\PKN Orlen\ZAKŁAD PRODUKCYJNY PŁOCK\RAFINERIA\PR03 BLOK PRZEROBU ROPY\DRW-IV|DR4.FC43354_SQR.PV;"2026-08-02 09:38:49,151001";"46,2069702148438"
\\PIAF\PKN Orlen\PI Vision\PKN Orlen\ZAKŁAD PRODUKCYJNY PŁOCK\RAFINERIA\PR03 BLOK PRZEROBU ROPY\DRW-IV|DR4.FC43354_SQR.PV;"2026-08-02 09:41:09,152008";"46,091438293457"
\\PIAF\PKN Orlen\PI Vision\PKN Orlen\ZAKŁAD PRODUKCYJNY PŁOCK\RAFINERIA\PR03 BLOK PRZEROBU ROPY\DRW-IV|DR4.FC43354_SQR.PV;"2026-08-02 09:43:49,169006";"46,0555801391602"
\\PIAF\PKN Orlen\PI Vision\PKN Orlen\ZAKŁAD PRODUKCYJNY PŁOCK\RAFINERIA\PR03 BLOK PRZEROBU ROPY\DRW-IV|DR4.FC43354_SQR.PV;"2026-08-02 09:47:39,077011";"46,5365409851074"
\\PIAF\PKN Orlen\PI Vision\PKN Orlen\ZAKŁAD PRODUKCYJNY PŁOCK\RAFINERIA\PR03 BLOK PRZEROBU ROPY\DRW-IV|DR4.FC43354_SQR.PV;"2026-08-02 09:54:09,157013";"45,9409141540527"
\\PIAF\PKN Orlen\PI Vision\PKN Orlen\ZAKŁAD PRODUKCYJNY PŁOCK\RAFINERIA\PR03 BLOK PRZEROBU ROPY\DRW-IV|DR4.FC43354_SQR.PV;"2026-08-02 09:57:09,080002";"45,8601150512695"
\\PIAF\PKN Orlen\PI Vision\PKN Orlen\ZAKŁAD PRODUKCYJNY PŁOCK\RAFINERIA\PR03 BLOK PRZEROBU ROPY\DRW-IV|DR4.FC43354_SQR.PV;"2026-08-02 10:04:59,068008";"46,4326324462891"
\\PIAF\PKN Orlen\PI Vision\PKN Orlen\ZAKŁAD PRODUKCYJNY PŁOCK\RAFINERIA\PR03 BLOK PRZEROBU ROPY\DRW-IV|DR4.FC43354_SQR.PV;"2026-08-02 10:09:49,132004";"46,2205238342285"
\\PIAF\PKN Orlen\PI Vision\PKN Orlen\ZAKŁAD PRODUKCYJNY PŁOCK\RAFINERIA\PR03 BLOK PRZEROBU ROPY\DRW-IV|DR4.FC43354_SQR.PV;"2026-08-02 10:11:09,086014";"46,1103172302246"
\\PIAF\PKN Orlen\PI Vision\PKN Orlen\ZAKŁAD PRODUKCYJNY PŁOCK\RAFINERIA\PR03 BLOK PRZEROBU ROPY\DRW-IV|DR4.FC43354_SQR.PV;"2026-08-02 10:16:24,188004";"46,6310882568359"
\\PIAF\PKN Orlen\PI Vision\PKN Orlen\ZAKŁAD PRODUKCYJNY PŁOCK\RAFINERIA\PR03 BLOK PRZEROBU ROPY\DRW-IV|DR4.FC43354_SQR.PV;"2026-08-02 10:21:04,190002";"46,4944496154785"
\\PIAF\PKN Orlen\PI Vision\PKN Orlen\ZAKŁAD PRODUKCYJNY PŁOCK\RAFINERIA\PR03 BLOK PRZEROBU ROPY\DRW-IV|DR4.FC43354_SQR.PV;"2026-08-02 10:27:29,193008";"46,3757476806641"
\\PIAF\PKN Orlen\PI Vision\PKN Orlen\ZAKŁAD PRODUKCYJNY PŁOCK\RAFINERIA\PR03 BLOK PRZEROBU ROPY\DRW-IV|DR4.FC43354_SQR.PV;"2026-08-02 10:39:04,196014";"46,4881286621094"
\\PIAF\PKN Orlen\PI Vision\PKN Orlen\ZAKŁAD PRODUKCYJNY PŁOCK\RAFINERIA\PR03 BLOK PRZEROBU ROPY\DRW-IV|DR4.FC43354_SQR.PV;"2026-08-02 10:42:59,24501";"46,3023147583008"
\\PIAF\PKN Orlen\PI Vision\PKN Orlen\ZAKŁAD PRODUKCYJNY PŁOCK\RAFINERIA\PR03 BLOK PRZEROBU ROPY\DRW-IV|DR4.FC43354_SQR.PV;"2026-08-02 10:48:54,169006";"46,5785980224609"
\\PIAF\PKN Orlen\PI Vision\PKN Orlen\ZAKŁAD PRODUKCYJNY PŁOCK\RAFINERIA\PR03 BLOK PRZEROBU ROPY\DRW-IV|DR4.FC43354_SQR.PV;"2026-08-02 10:51:54,202011";"46,3105888366699"
\\PIAF\PKN Orlen\PI Vision\PKN Orlen\ZAKŁAD PRODUKCYJNY PŁOCK\RAFINERIA\PR03 BLOK PRZEROBU ROPY\DRW-IV|DR4.FC43354_SQR.PV;"2026-08-02 10:54:54,234009";"45,7547416687012"
\\PIAF\PKN Orlen\PI Vision\PKN Orlen\ZAKŁAD PRODUKCYJNY PŁOCK\RAFINERIA\PR03 BLOK PRZEROBU ROPY\DRW-IV|DR4.FC43354_SQR.PV;"2026-08-02 10:58:59,236007";"45,549877166748"
\\PIAF\PKN Orlen\PI Vision\PKN Orlen\ZAKŁAD PRODUKCYJNY PŁOCK\RAFINERIA\PR03 BLOK PRZEROBU ROPY\DRW-IV|DR4.FC43354_SQR.PV;"2026-08-02 11:01:54,238006";"45,8140296936035"
\\PIAF\PKN Orlen\PI Vision\PKN Orlen\ZAKŁAD PRODUKCYJNY PŁOCK\RAFINERIA\PR03 BLOK PRZEROBU ROPY\DRW-IV|DR4.FC43354_SQR.PV;"2026-08-02 11:08:54,241012";"46,1498184204102"
\\PIAF\PKN Orlen\PI Vision\PKN Orlen\ZAKŁAD PRODUKCYJNY PŁOCK\RAFINERIA\PR03 BLOK PRZEROBU ROPY\DRW-IV|DR4.FC43354_SQR.PV;"2026-08-02 11:13:09,196014";"46,4152793884277"
\\PIAF\PKN Orlen\PI Vision\PKN Orlen\ZAKŁAD PRODUKCYJNY PŁOCK\RAFINERIA\PR03 BLOK PRZEROBU ROPY\DRW-IV|DR4.FC43354_SQR.PV;"2026-08-02 11:15:04,150009";"46,9658203125"
\\PIAF\PKN Orlen\PI Vision\PKN Orlen\ZAKŁAD PRODUKCYJNY PŁOCK\RAFINERIA\PR03 BLOK PRZEROBU ROPY\DRW-IV|DR4.FC43354_SQR.PV;"2026-08-02 11:17:49,198013";"47,3995780944824"
\\PIAF\PKN Orlen\PI Vision\PKN Orlen\ZAKŁAD PRODUKCYJNY PŁOCK\RAFINERIA\PR03 BLOK PRZEROBU ROPY\DRW-IV|DR4.FC43354_SQR.PV;"2026-08-02 11:22:04,153015";"47,0484504699707"
\\PIAF\PKN Orlen\PI Vision\PKN Orlen\ZAKŁAD PRODUKCYJNY PŁOCK\RAFINERIA\PR03 BLOK PRZEROBU ROPY\DRW-IV|DR4.FC43354_SQR.PV;"2026-08-02 11:27:54,155014";"46,0861053466797"
\\PIAF\PKN Orlen\PI Vision\PKN Orlen\ZAKŁAD PRODUKCYJNY PŁOCK\RAFINERIA\PR03 BLOK PRZEROBU ROPY\DRW-IV|DR4.FC43354_SQR.PV;"2026-08-02 11:34:14,127014";"46,7906494140625"
\\PIAF\PKN Orlen\PI Vision\PKN Orlen\ZAKŁAD PRODUKCYJNY PŁOCK\RAFINERIA\PR03 BLOK PRZEROBU ROPY\DRW-IV|DR4.FC43354_SQR.PV;"2026-08-02 11:44:04,209015";"46,473087310791"
\\PIAF\PKN Orlen\PI Vision\PKN Orlen\ZAKŁAD PRODUKCYJNY PŁOCK\RAFINERIA\PR03 BLOK PRZEROBU ROPY\DRW-IV|DR4.FC43354_SQR.PV;"2026-08-02 11:50:09,196014";"46,715274810791"
\\PIAF\PKN Orlen\PI Vision\PKN Orlen\ZAKŁAD PRODUKCYJNY PŁOCK\RAFINERIA\PR03 BLOK PRZEROBU ROPY\DRW-IV|DR4.FC43354_SQR.PV;"2026-08-02 11:52:14,213012";"46,5637474060059"
\\PIAF\PKN Orlen\PI Vision\PKN Orlen\ZAKŁAD PRODUKCYJNY PŁOCK\RAFINERIA\PR03 BLOK PRZEROBU ROPY\DRW-IV|DR4.FC43354_SQR.PV;"2026-08-02 12:02:09,21701";"46,8385543823242"
\\PIAF\PKN Orlen\PI Vision\PKN Orlen\ZAKŁAD PRODUKCYJNY PŁOCK\RAFINERIA\PR03 BLOK PRZEROBU ROPY\DRW-IV|DR4.FC43354_SQR.PV;"2026-08-02 12:04:59,187011";"46,5192604064941"
\\PIAF\PKN Orlen\PI Vision\PKN Orlen\ZAKŁAD PRODUKCYJNY PŁOCK\RAFINERIA\PR03 BLOK PRZEROBU ROPY\DRW-IV|DR4.FC43354_SQR.PV;"2026-08-02 12:09:19,173004";"46,3740577697754"
\\PIAF\PKN Orlen\PI Vision\PKN Orlen\ZAKŁAD PRODUKCYJNY PŁOCK\RAFINERIA\PR03 BLOK PRZEROBU ROPY\DRW-IV|DR4.FC43354_SQR.PV;"2026-08-02 12:12:44,144012";"46,5403633117676"
\\PIAF\PKN Orlen\PI Vision\PKN Orlen\ZAKŁAD PRODUKCYJNY PŁOCK\RAFINERIA\PR03 BLOK PRZEROBU ROPY\DRW-IV|DR4.FC43354_SQR.PV;"2026-08-02 12:17:04,130005";"46,4874076843262"
\\PIAF\PKN Orlen\PI Vision\PKN Orlen\ZAKŁAD PRODUKCYJNY PŁOCK\RAFINERIA\PR03 BLOK PRZEROBU ROPY\DRW-IV|DR4.FC43354_SQR.PV;"2026-08-02 12:24:19,118011";"46,4326171875"
\\PIAF\PKN Orlen\PI Vision\PKN Orlen\ZAKŁAD PRODUKCYJNY PŁOCK\RAFINERIA\PR03 BLOK PRZEROBU ROPY\DRW-IV|DR4.FC43354_SQR.PV;"2026-08-02 12:28:44,13501";"46,6005325317383"
\\PIAF\PKN Orlen\PI Vision\PKN Orlen\ZAKŁAD PRODUKCYJNY PŁOCK\RAFINERIA\PR03 BLOK PRZEROBU ROPY\DRW-IV|DR4.FC43354_SQR.PV;"2026-08-02 12:33:14,184005";"46,857250213623"
\\PIAF\PKN Orlen\PI Vision\PKN Orlen\ZAKŁAD PRODUKCYJNY PŁOCK\RAFINERIA\PR03 BLOK PRZEROBU ROPY\DRW-IV|DR4.FC43354_SQR.PV;"2026-08-02 12:40:34,203003";"46,5708198547363"
\\PIAF\PKN Orlen\PI Vision\PKN Orlen\ZAKŁAD PRODUKCYJNY PŁOCK\RAFINERIA\PR03 BLOK PRZEROBU ROPY\DRW-IV|DR4.FC43354_SQR.PV;"2026-08-02 12:47:14,190002";"46,1719207763672"
\\PIAF\PKN Orlen\PI Vision\PKN Orlen\ZAKŁAD PRODUKCYJNY PŁOCK\RAFINERIA\PR03 BLOK PRZEROBU ROPY\DRW-IV|DR4.FC43354_SQR.PV;"2026-08-02 12:56:09,147003";"47,2305870056152"
\\PIAF\PKN Orlen\PI Vision\PKN Orlen\ZAKŁAD PRODUKCYJNY PŁOCK\RAFINERIA\PR03 BLOK PRZEROBU ROPY\DRW-IV|DR4.FC43354_SQR.PV;"2026-08-02 13:00:44,118011";"47,0935821533203"
\\PIAF\PKN Orlen\PI Vision\PKN Orlen\ZAKŁAD PRODUKCYJNY PŁOCK\RAFINERIA\PR03 BLOK PRZEROBU ROPY\DRW-IV|DR4.FC43354_SQR.PV;"2026-08-02 13:05:24,12001";"46,3137397766113"
\\PIAF\PKN Orlen\PI Vision\PKN Orlen\ZAKŁAD PRODUKCYJNY PŁOCK\RAFINERIA\PR03 BLOK PRZEROBU ROPY\DRW-IV|DR4.FC43354_SQR.PV;"2026-08-02 13:09:24,200012";"46,4540481567383"
\\PIAF\PKN Orlen\PI Vision\PKN Orlen\ZAKŁAD PRODUKCYJNY PŁOCK\RAFINERIA\PR03 BLOK PRZEROBU ROPY\DRW-IV|DR4.FC43354_SQR.PV;"2026-08-02 13:12:39,10701";"46,6282844543457"
\\PIAF\PKN Orlen\PI Vision\PKN Orlen\ZAKŁAD PRODUKCYJNY PŁOCK\RAFINERIA\PR03 BLOK PRZEROBU ROPY\DRW-IV|DR4.FC43354_SQR.PV;"2026-08-02 13:19:24,126007";"46,2623481750488"
\\PIAF\PKN Orlen\PI Vision\PKN Orlen\ZAKŁAD PRODUKCYJNY PŁOCK\RAFINERIA\PR03 BLOK PRZEROBU ROPY\DRW-IV|DR4.FC43354_SQR.PV;"2026-08-02 13:27:09,192017";"46,4440956115723"
\\PIAF\PKN Orlen\PI Vision\PKN Orlen\ZAKŁAD PRODUKCYJNY PŁOCK\RAFINERIA\PR03 BLOK PRZEROBU ROPY\DRW-IV|DR4.FC43354_SQR.PV;"2026-08-02 13:42:24,121002";"46,4423217773438"
\\PIAF\PKN Orlen\PI Vision\PKN Orlen\ZAKŁAD PRODUKCYJNY PŁOCK\RAFINERIA\PR03 BLOK PRZEROBU ROPY\DRW-IV|DR4.FC43354_SQR.PV;"2026-08-02 13:48:14,123016";"46,1129455566406"
\\PIAF\PKN Orlen\PI Vision\PKN Orlen\ZAKŁAD PRODUKCYJNY PŁOCK\RAFINERIA\PR03 BLOK PRZEROBU ROPY\DRW-IV|DR4.FC43354_SQR.PV;"2026-08-02 13:58:24,112015";"46,3049697875977"
\\PIAF\PKN Orlen\PI Vision\PKN Orlen\ZAKŁAD PRODUKCYJNY PŁOCK\RAFINERIA\PR03 BLOK PRZEROBU ROPY\DRW-IV|DR4.FC43354_SQR.PV;"2026-08-02 13:59:54,128006";"46,2493782043457"
\\PIAF\PKN Orlen\PI Vision\PKN Orlen\ZAKŁAD PRODUKCYJNY PŁOCK\RAFINERIA\PR03 BLOK PRZEROBU ROPY\DRW-IV|DR4.FC43354_SQR.PV;"2026-08-02 14:03:39,114013";"46,035758972168"
\\PIAF\PKN Orlen\PI Vision\PKN Orlen\ZAKŁAD PRODUKCYJNY PŁOCK\RAFINERIA\PR03 BLOK PRZEROBU ROPY\DRW-IV|DR4.FC43354_SQR.PV;"2026-08-02 14:04:59,177002";"46,302677154541"
\\PIAF\PKN Orlen\PI Vision\PKN Orlen\ZAKŁAD PRODUKCYJNY PŁOCK\RAFINERIA\PR03 BLOK PRZEROBU ROPY\DRW-IV|DR4.FC43354_SQR.PV;"2026-08-02 14:09:34,14801";"46,4181060791016"
\\PIAF\PKN Orlen\PI Vision\PKN Orlen\ZAKŁAD PRODUKCYJNY PŁOCK\RAFINERIA\PR03 BLOK PRZEROBU ROPY\DRW-IV|DR4.FC43354_SQR.PV;"2026-08-02 14:11:54,149002";"46,6121253967285"
\\PIAF\PKN Orlen\PI Vision\PKN Orlen\ZAKŁAD PRODUKCYJNY PŁOCK\RAFINERIA\PR03 BLOK PRZEROBU ROPY\DRW-IV|DR4.FC43354_SQR.PV;"2026-08-02 14:20:29,090012";"46,4075126647949"
\\PIAF\PKN Orlen\PI Vision\PKN Orlen\ZAKŁAD PRODUKCYJNY PŁOCK\RAFINERIA\PR03 BLOK PRZEROBU ROPY\DRW-IV|DR4.FC43354_SQR.PV;"2026-08-02 14:34:49,112015";"46,5863418579102"
\\PIAF\PKN Orlen\PI Vision\PKN Orlen\ZAKŁAD PRODUKCYJNY PŁOCK\RAFINERIA\PR03 BLOK PRZEROBU ROPY\DRW-IV|DR4.FC43354_SQR.PV;"2026-08-02 14:37:49,145004";"46,0575103759766"
\\PIAF\PKN Orlen\PI Vision\PKN Orlen\ZAKŁAD PRODUKCYJNY PŁOCK\RAFINERIA\PR03 BLOK PRZEROBU ROPY\DRW-IV|DR4.FC43354_SQR.PV;"2026-08-02 14:41:09,084015";"45,679256439209"
\\PIAF\PKN Orlen\PI Vision\PKN Orlen\ZAKŁAD PRODUKCYJNY PŁOCK\RAFINERIA\PR03 BLOK PRZEROBU ROPY\DRW-IV|DR4.FC43354_SQR.PV;"2026-08-02 14:45:54,21701";"46,3197784423828"
\\PIAF\PKN Orlen\PI Vision\PKN Orlen\ZAKŁAD PRODUKCYJNY PŁOCK\RAFINERIA\PR03 BLOK PRZEROBU ROPY\DRW-IV|DR4.FC43354_SQR.PV;"2026-08-02 14:49:49,156006";"46,3971405029297"
\\PIAF\PKN Orlen\PI Vision\PKN Orlen\ZAKŁAD PRODUKCYJNY PŁOCK\RAFINERIA\PR03 BLOK PRZEROBU ROPY\DRW-IV|DR4.FC43354_SQR.PV;"2026-08-02 14:57:14,207001";"46,1472663879395"
\\PIAF\PKN Orlen\PI Vision\PKN Orlen\ZAKŁAD PRODUKCYJNY PŁOCK\RAFINERIA\PR03 BLOK PRZEROBU ROPY\DRW-IV|DR4.FC43354_SQR.PV;"2026-08-02 14:59:34,208008";"46,2739181518555"
\\PIAF\PKN Orlen\PI Vision\PKN Orlen\ZAKŁAD PRODUKCYJNY PŁOCK\RAFINERIA\PR03 BLOK PRZEROBU ROPY\DRW-IV|DR4.FC43354_SQR.PV;"2026-08-02 15:00:39,177002";"46,3368377685547"
\\PIAF\PKN Orlen\PI Vision\PKN Orlen\ZAKŁAD PRODUKCYJNY PŁOCK\RAFINERIA\PR03 BLOK PRZEROBU ROPY\DRW-IV|DR4.FC43354_SQR.PV;"2026-08-02 15:10:54,197006";"46,1520767211914"
\\PIAF\PKN Orlen\PI Vision\PKN Orlen\ZAKŁAD PRODUKCYJNY PŁOCK\RAFINERIA\PR03 BLOK PRZEROBU ROPY\DRW-IV|DR4.FC43354_SQR.PV;"2026-08-02 15:18:49,216003";"45,9954376220703"
\\PIAF\PKN Orlen\PI Vision\PKN Orlen\ZAKŁAD PRODUKCYJNY PŁOCK\RAFINERIA\PR03 BLOK PRZEROBU ROPY\DRW-IV|DR4.FC43354_SQR.PV;"2026-08-02 15:23:14,234009";"46,018684387207"
\\PIAF\PKN Orlen\PI Vision\PKN Orlen\ZAKŁAD PRODUKCYJNY PŁOCK\RAFINERIA\PR03 BLOK PRZEROBU ROPY\DRW-IV|DR4.FC43354_SQR.PV;"2026-08-02 15:28:04,189011";"46,5258026123047"
\\PIAF\PKN Orlen\PI Vision\PKN Orlen\ZAKŁAD PRODUKCYJNY PŁOCK\RAFINERIA\PR03 BLOK PRZEROBU ROPY\DRW-IV|DR4.FC43354_SQR.PV;"2026-08-02 15:36:34,186004";"46,0372352600098"
\\PIAF\PKN Orlen\PI Vision\PKN Orlen\ZAKŁAD PRODUKCYJNY PŁOCK\RAFINERIA\PR03 BLOK PRZEROBU ROPY\DRW-IV|DR4.FC43354_SQR.PV;"2026-08-02 15:40:49,141006";"46,4764289855957"
\\PIAF\PKN Orlen\PI Vision\PKN Orlen\ZAKŁAD PRODUKCYJNY PŁOCK\RAFINERIA\PR03 BLOK PRZEROBU ROPY\DRW-IV|DR4.FC43354_SQR.PV;"2026-08-02 15:49:14,238006";"46,0717239379883"
\\PIAF\PKN Orlen\PI Vision\PKN Orlen\ZAKŁAD PRODUKCYJNY PŁOCK\RAFINERIA\PR03 BLOK PRZEROBU ROPY\DRW-IV|DR4.FC43354_SQR.PV;"2026-08-02 15:50:54,208008";"45,9092292785645"
\\PIAF\PKN Orlen\PI Vision\PKN Orlen\ZAKŁAD PRODUKCYJNY PŁOCK\RAFINERIA\PR03 BLOK PRZEROBU ROPY\DRW-IV|DR4.FC43354_SQR.PV;"2026-08-02 15:56:59,195007";"45,9841194152832"
\\PIAF\PKN Orlen\PI Vision\PKN Orlen\ZAKŁAD PRODUKCYJNY PŁOCK\RAFINERIA\PR03 BLOK PRZEROBU ROPY\DRW-IV|DR4.FC43354_SQR.PV;"2026-08-02 16:03:24,198013";"46,3473014831543"
\\PIAF\PKN Orlen\PI Vision\PKN Orlen\ZAKŁAD PRODUKCYJNY PŁOCK\RAFINERIA\PR03 BLOK PRZEROBU ROPY\DRW-IV|DR4.FC43354_SQR.PV;"2026-08-02 16:13:39,088012";"46,240062713623"
\\PIAF\PKN Orlen\PI Vision\PKN Orlen\ZAKŁAD PRODUKCYJNY PŁOCK\RAFINERIA\PR03 BLOK PRZEROBU ROPY\DRW-IV|DR4.FC43354_SQR.PV;"2026-08-02 16:20:14,139008";"46,1131477355957"
\\PIAF\PKN Orlen\PI Vision\PKN Orlen\ZAKŁAD PRODUKCYJNY PŁOCK\RAFINERIA\PR03 BLOK PRZEROBU ROPY\DRW-IV|DR4.FC43354_SQR.PV;"2026-08-02 16:24:39,134002";"46,0868721008301"
\\PIAF\PKN Orlen\PI Vision\PKN Orlen\ZAKŁAD PRODUKCYJNY PŁOCK\RAFINERIA\PR03 BLOK PRZEROBU ROPY\DRW-IV|DR4.FC43354_SQR.PV;"2026-08-02 16:28:34,145004";"45,7314682006836"
\\PIAF\PKN Orlen\PI Vision\PKN Orlen\ZAKŁAD PRODUKCYJNY PŁOCK\RAFINERIA\PR03 BLOK PRZEROBU ROPY\DRW-IV|DR4.FC43354_SQR.PV;"2026-08-02 16:33:24,150009";"46,120288848877"
\\PIAF\PKN Orlen\PI Vision\PKN Orlen\ZAKŁAD PRODUKCYJNY PŁOCK\RAFINERIA\PR03 BLOK PRZEROBU ROPY\DRW-IV|DR4.FC43354_SQR.PV;"2026-08-02 16:43:39,170013";"46,0554695129395"
\\PIAF\PKN Orlen\PI Vision\PKN Orlen\ZAKŁAD PRODUKCYJNY PŁOCK\RAFINERIA\PR03 BLOK PRZEROBU ROPY\DRW-IV|DR4.FC43354_SQR.PV;"2026-08-02 16:56:09,160003";"46,1650924682617"
\\PIAF\PKN Orlen\PI Vision\PKN Orlen\ZAKŁAD PRODUKCYJNY PŁOCK\RAFINERIA\PR03 BLOK PRZEROBU ROPY\DRW-IV|DR4.FC43354_SQR.PV;"2026-08-02 16:59:14,224014";"46,2376174926758"
\\PIAF\PKN Orlen\PI Vision\PKN Orlen\ZAKŁAD PRODUKCYJNY PŁOCK\RAFINERIA\PR03 BLOK PRZEROBU ROPY\DRW-IV|DR4.FC43354_SQR.PV;"2026-08-02 17:03:19,116012";"46,0516242980957"
\\PIAF\PKN Orlen\PI Vision\PKN Orlen\ZAKŁAD PRODUKCYJNY PŁOCK\RAFINERIA\PR03 BLOK PRZEROBU ROPY\DRW-IV|DR4.FC43354_SQR.PV;"2026-08-02 17:09:09,119003";"45,9913063049316"
\\PIAF\PKN Orlen\PI Vision\PKN Orlen\ZAKŁAD PRODUKCYJNY PŁOCK\RAFINERIA\PR03 BLOK PRZEROBU ROPY\DRW-IV|DR4.FC43354_SQR.PV;"2026-08-02 17:15:59,169006";"46,1198883056641"
\\PIAF\PKN Orlen\PI Vision\PKN Orlen\ZAKŁAD PRODUKCYJNY PŁOCK\RAFINERIA\PR03 BLOK PRZEROBU ROPY\DRW-IV|DR4.FC43354_SQR.PV;"2026-08-02 17:19:09,155014";"45,7377243041992"
\\PIAF\PKN Orlen\PI Vision\PKN Orlen\ZAKŁAD PRODUKCYJNY PŁOCK\RAFINERIA\PR03 BLOK PRZEROBU ROPY\DRW-IV|DR4.FC43354_SQR.PV;"2026-08-02 17:20:39,171005";"45,7272529602051"
\\PIAF\PKN Orlen\PI Vision\PKN Orlen\ZAKŁAD PRODUKCYJNY PŁOCK\RAFINERIA\PR03 BLOK PRZEROBU ROPY\DRW-IV|DR4.FC43354_SQR.PV;"2026-08-02 17:27:54,158005";"45,9118843078613"
\\PIAF\PKN Orlen\PI Vision\PKN Orlen\ZAKŁAD PRODUKCYJNY PŁOCK\RAFINERIA\PR03 BLOK PRZEROBU ROPY\DRW-IV|DR4.FC43354_SQR.PV;"2026-08-02 17:34:59,193008";"45,6360778808594"
\\PIAF\PKN Orlen\PI Vision\PKN Orlen\ZAKŁAD PRODUKCYJNY PŁOCK\RAFINERIA\PR03 BLOK PRZEROBU ROPY\DRW-IV|DR4.FC43354_SQR.PV;"2026-08-02 17:37:49,163009";"45,7469635009766"
\\PIAF\PKN Orlen\PI Vision\PKN Orlen\ZAKŁAD PRODUKCYJNY PŁOCK\RAFINERIA\PR03 BLOK PRZEROBU ROPY\DRW-IV|DR4.FC43354_SQR.PV;"2026-08-02 17:47:14,198013";"45,5436782836914"
\\PIAF\PKN Orlen\PI Vision\PKN Orlen\ZAKŁAD PRODUKCYJNY PŁOCK\RAFINERIA\PR03 BLOK PRZEROBU ROPY\DRW-IV|DR4.FC43354_SQR.PV;"2026-08-02 17:56:59,140014";"45,8355484008789"
\\PIAF\PKN Orlen\PI Vision\PKN Orlen\ZAKŁAD PRODUKCYJNY PŁOCK\RAFINERIA\PR03 BLOK PRZEROBU ROPY\DRW-IV|DR4.FC43354_SQR.PV;"2026-08-02 18:05:29,183014";"45,6944313049316"
\\PIAF\PKN Orlen\PI Vision\PKN Orlen\ZAKŁAD PRODUKCYJNY PŁOCK\RAFINERIA\PR03 BLOK PRZEROBU ROPY\DRW-IV|DR4.FC43354_SQR.PV;"2026-08-02 18:08:54,154007";"46,0485305786133"
\\PIAF\PKN Orlen\PI Vision\PKN Orlen\ZAKŁAD PRODUKCYJNY PŁOCK\RAFINERIA\PR03 BLOK PRZEROBU ROPY\DRW-IV|DR4.FC43354_SQR.PV;"2026-08-02 18:14:19,109009";"45,5368995666504"
\\PIAF\PKN Orlen\PI Vision\PKN Orlen\ZAKŁAD PRODUKCYJNY PŁOCK\RAFINERIA\PR03 BLOK PRZEROBU ROPY\DRW-IV|DR4.FC43354_SQR.PV;"2026-08-02 18:19:19,127014";"45,4774894714355"
\\PIAF\PKN Orlen\PI Vision\PKN Orlen\ZAKŁAD PRODUKCYJNY PŁOCK\RAFINERIA\PR03 BLOK PRZEROBU ROPY\DRW-IV|DR4.FC43354_SQR.PV;"2026-08-02 18:22:39,175003";"45,5340423583984"
\\PIAF\PKN Orlen\PI Vision\PKN Orlen\ZAKŁAD PRODUKCYJNY PŁOCK\RAFINERIA\PR03 BLOK PRZEROBU ROPY\DRW-IV|DR4.FC43354_SQR.PV;"2026-08-02 18:29:24,194";"46,0334396362305"
\\PIAF\PKN Orlen\PI Vision\PKN Orlen\ZAKŁAD PRODUKCYJNY PŁOCK\RAFINERIA\PR03 BLOK PRZEROBU ROPY\DRW-IV|DR4.FC43354_SQR.PV;"2026-08-02 18:36:19,166";"46,2733840942383"
\\PIAF\PKN Orlen\PI Vision\PKN Orlen\ZAKŁAD PRODUKCYJNY PŁOCK\RAFINERIA\PR03 BLOK PRZEROBU ROPY\DRW-IV|DR4.FC43354_SQR.PV;"2026-08-02 18:41:34,168014";"46,1207847595215"
\\PIAF\PKN Orlen\PI Vision\PKN Orlen\ZAKŁAD PRODUKCYJNY PŁOCK\RAFINERIA\PR03 BLOK PRZEROBU ROPY\DRW-IV|DR4.FC43354_SQR.PV;"2026-08-02 18:43:54,169006";"46,0445785522461"
\\PIAF\PKN Orlen\PI Vision\PKN Orlen\ZAKŁAD PRODUKCYJNY PŁOCK\RAFINERIA\PR03 BLOK PRZEROBU ROPY\DRW-IV|DR4.FC43354_SQR.PV;"2026-08-02 18:50:09,109009";"46,3798828125"
\\PIAF\PKN Orlen\PI Vision\PKN Orlen\ZAKŁAD PRODUKCYJNY PŁOCK\RAFINERIA\PR03 BLOK PRZEROBU ROPY\DRW-IV|DR4.FC43354_SQR.PV;"2026-08-02 18:53:34,07901";"46,6183280944824"
\\PIAF\PKN Orlen\PI Vision\PKN Orlen\ZAKŁAD PRODUKCYJNY PŁOCK\RAFINERIA\PR03 BLOK PRZEROBU ROPY\DRW-IV|DR4.FC43354_SQR.PV;"2026-08-02 19:05:44,158005";"46,4410743713379"
\\PIAF\PKN Orlen\PI Vision\PKN Orlen\ZAKŁAD PRODUKCYJNY PŁOCK\RAFINERIA\PR03 BLOK PRZEROBU ROPY\DRW-IV|DR4.FC43354_SQR.PV;"2026-08-02 19:22:19,249008";"46,4909858703613"
\\PIAF\PKN Orlen\PI Vision\PKN Orlen\ZAKŁAD PRODUKCYJNY PŁOCK\RAFINERIA\PR03 BLOK PRZEROBU ROPY\DRW-IV|DR4.FC43354_SQR.PV;"2026-08-02 19:24:09,172012";"46,5752639770508"
\\PIAF\PKN Orlen\PI Vision\PKN Orlen\ZAKŁAD PRODUKCYJNY PŁOCK\RAFINERIA\PR03 BLOK PRZEROBU ROPY\DRW-IV|DR4.FC43354_SQR.PV;"2026-08-02 19:34:59,192001";"46,4296684265137"
\\PIAF\PKN Orlen\PI Vision\PKN Orlen\ZAKŁAD PRODUKCYJNY PŁOCK\RAFINERIA\PR03 BLOK PRZEROBU ROPY\DRW-IV|DR4.FC43354_SQR.PV;"2026-08-02 19:39:49,257004";"46,8289070129395"
\\PIAF\PKN Orlen\PI Vision\PKN Orlen\ZAKŁAD PRODUKCYJNY PŁOCK\RAFINERIA\PR03 BLOK PRZEROBU ROPY\DRW-IV|DR4.FC43354_SQR.PV;"2026-08-02 19:44:34,181";"46,6937294006348"
\\PIAF\PKN Orlen\PI Vision\PKN Orlen\ZAKŁAD PRODUKCYJNY PŁOCK\RAFINERIA\PR03 BLOK PRZEROBU ROPY\DRW-IV|DR4.FC43354_SQR.PV;"2026-08-02 19:51:19,200012";"47,0816192626953"
\\PIAF\PKN Orlen\PI Vision\PKN Orlen\ZAKŁAD PRODUKCYJNY PŁOCK\RAFINERIA\PR03 BLOK PRZEROBU ROPY\DRW-IV|DR4.FC43354_SQR.PV;"2026-08-02 19:55:19,170013";"46,5238914489746"
\\PIAF\PKN Orlen\PI Vision\PKN Orlen\ZAKŁAD PRODUKCYJNY PŁOCK\RAFINERIA\PR03 BLOK PRZEROBU ROPY\DRW-IV|DR4.FC43354_SQR.PV;"2026-08-02 20:03:19,221008";"46,6882591247559"
\\PIAF\PKN Orlen\PI Vision\PKN Orlen\ZAKŁAD PRODUKCYJNY PŁOCK\RAFINERIA\PR03 BLOK PRZEROBU ROPY\DRW-IV|DR4.FC43354_SQR.PV;"2026-08-02 20:19:09,149002";"47,0080184936523"
\\PIAF\PKN Orlen\PI Vision\PKN Orlen\ZAKŁAD PRODUKCYJNY PŁOCK\RAFINERIA\PR03 BLOK PRZEROBU ROPY\DRW-IV|DR4.FC43354_SQR.PV;"2026-08-02 20:27:04,167999";"47,1312294006348"
\\PIAF\PKN Orlen\PI Vision\PKN Orlen\ZAKŁAD PRODUKCYJNY PŁOCK\RAFINERIA\PR03 BLOK PRZEROBU ROPY\DRW-IV|DR4.FC43354_SQR.PV;"2026-08-02 20:37:24,220001";"47,4564895629883"
\\PIAF\PKN Orlen\PI Vision\PKN Orlen\ZAKŁAD PRODUKCYJNY PŁOCK\RAFINERIA\PR03 BLOK PRZEROBU ROPY\DRW-IV|DR4.FC43354_SQR.PV;"2026-08-02 20:44:44,129013";"47,8631553649902"
\\PIAF\PKN Orlen\PI Vision\PKN Orlen\ZAKŁAD PRODUKCYJNY PŁOCK\RAFINERIA\PR03 BLOK PRZEROBU ROPY\DRW-IV|DR4.FC43354_SQR.PV;"2026-08-02 20:50:34,207001";"47,156322479248"
\\PIAF\PKN Orlen\PI Vision\PKN Orlen\ZAKŁAD PRODUKCYJNY PŁOCK\RAFINERIA\PR03 BLOK PRZEROBU ROPY\DRW-IV|DR4.FC43354_SQR.PV;"2026-08-02 21:01:59,227005";"47,9553565979004"
\\PIAF\PKN Orlen\PI Vision\PKN Orlen\ZAKŁAD PRODUKCYJNY PŁOCK\RAFINERIA\PR03 BLOK PRZEROBU ROPY\DRW-IV|DR4.FC43354_SQR.PV;"2026-08-02 21:05:49,13501";"48,1971702575684"
\\PIAF\PKN Orlen\PI Vision\PKN Orlen\ZAKŁAD PRODUKCYJNY PŁOCK\RAFINERIA\PR03 BLOK PRZEROBU ROPY\DRW-IV|DR4.FC43354_SQR.PV;"2026-08-02 21:14:24,186004";"47,487117767334"
\\PIAF\PKN Orlen\PI Vision\PKN Orlen\ZAKŁAD PRODUKCYJNY PŁOCK\RAFINERIA\PR03 BLOK PRZEROBU ROPY\DRW-IV|DR4.FC43354_SQR.PV;"2026-08-02 21:22:09,142014";"48,1410598754883"
\\PIAF\PKN Orlen\PI Vision\PKN Orlen\ZAKŁAD PRODUKCYJNY PŁOCK\RAFINERIA\PR03 BLOK PRZEROBU ROPY\DRW-IV|DR4.FC43354_SQR.PV;"2026-08-02 21:30:59,177002";"48,0001182556152"
\\PIAF\PKN Orlen\PI Vision\PKN Orlen\ZAKŁAD PRODUKCYJNY PŁOCK\RAFINERIA\PR03 BLOK PRZEROBU ROPY\DRW-IV|DR4.FC43354_SQR.PV;"2026-08-02 21:35:59,195007";"47,7276344299316"
\\PIAF\PKN Orlen\PI Vision\PKN Orlen\ZAKŁAD PRODUKCYJNY PŁOCK\RAFINERIA\PR03 BLOK PRZEROBU ROPY\DRW-IV|DR4.FC43354_SQR.PV;"2026-08-02 21:42:34,151001";"47,8073310852051"
\\PIAF\PKN Orlen\PI Vision\PKN Orlen\ZAKŁAD PRODUKCYJNY PŁOCK\RAFINERIA\PR03 BLOK PRZEROBU ROPY\DRW-IV|DR4.FC43354_SQR.PV;"2026-08-02 21:48:49,201004";"47,6024322509766"
\\PIAF\PKN Orlen\PI Vision\PKN Orlen\ZAKŁAD PRODUKCYJNY PŁOCK\RAFINERIA\PR03 BLOK PRZEROBU ROPY\DRW-IV|DR4.FC43354_SQR.PV;"2026-08-02 21:52:39,218002";"47,2245941162109"
\\PIAF\PKN Orlen\PI Vision\PKN Orlen\ZAKŁAD PRODUKCYJNY PŁOCK\RAFINERIA\PR03 BLOK PRZEROBU ROPY\DRW-IV|DR4.FC43354_SQR.PV;"2026-08-02 21:57:39,127014";"47,8169441223145"
\\PIAF\PKN Orlen\PI Vision\PKN Orlen\ZAKŁAD PRODUKCYJNY PŁOCK\RAFINERIA\PR03 BLOK PRZEROBU ROPY\DRW-IV|DR4.FC43354_SQR.PV;"2026-08-02 21:58:59,190002";"48,0999488830566"
\\PIAF\PKN Orlen\PI Vision\PKN Orlen\ZAKŁAD PRODUKCYJNY PŁOCK\RAFINERIA\PR03 BLOK PRZEROBU ROPY\DRW-IV|DR4.FC43354_SQR.PV;"2026-08-02 22:10:49,14801";"47,7574005126953"
\\PIAF\PKN Orlen\PI Vision\PKN Orlen\ZAKŁAD PRODUKCYJNY PŁOCK\RAFINERIA\PR03 BLOK PRZEROBU ROPY\DRW-IV|DR4.FC43354_SQR.PV;"2026-08-02 22:13:34,196014";"47,8598670959473"
\\PIAF\PKN Orlen\PI Vision\PKN Orlen\ZAKŁAD PRODUKCYJNY PŁOCK\RAFINERIA\PR03 BLOK PRZEROBU ROPY\DRW-IV|DR4.FC43354_SQR.PV;"2026-08-02 22:21:14,121002";"48,0130805969238"
\\PIAF\PKN Orlen\PI Vision\PKN Orlen\ZAKŁAD PRODUKCYJNY PŁOCK\RAFINERIA\PR03 BLOK PRZEROBU ROPY\DRW-IV|DR4.FC43354_SQR.PV;"2026-08-02 22:26:44,108001";"47,2864608764648"
\\PIAF\PKN Orlen\PI Vision\PKN Orlen\ZAKŁAD PRODUKCYJNY PŁOCK\RAFINERIA\PR03 BLOK PRZEROBU ROPY\DRW-IV|DR4.FC43354_SQR.PV;"2026-08-02 22:35:19,159012";"47,752571105957"
\\PIAF\PKN Orlen\PI Vision\PKN Orlen\ZAKŁAD PRODUKCYJNY PŁOCK\RAFINERIA\PR03 BLOK PRZEROBU ROPY\DRW-IV|DR4.FC43354_SQR.PV;"2026-08-02 22:46:49,085007";"48,0755882263184"
\\PIAF\PKN Orlen\PI Vision\PKN Orlen\ZAKŁAD PRODUKCYJNY PŁOCK\RAFINERIA\PR03 BLOK PRZEROBU ROPY\DRW-IV|DR4.FC43354_SQR.PV;"2026-08-02 22:59:49,153";"47,4421844482422"
\\PIAF\PKN Orlen\PI Vision\PKN Orlen\ZAKŁAD PRODUKCYJNY PŁOCK\RAFINERIA\PR03 BLOK PRZEROBU ROPY\DRW-IV|DR4.FC43354_SQR.PV;"2026-08-02 23:11:29,158005";"47,5403518676758"
\\PIAF\PKN Orlen\PI Vision\PKN Orlen\ZAKŁAD PRODUKCYJNY PŁOCK\RAFINERIA\PR03 BLOK PRZEROBU ROPY\DRW-IV|DR4.FC43354_SQR.PV;"2026-08-02 23:19:54,146011";"47,6054916381836"
\\PIAF\PKN Orlen\PI Vision\PKN Orlen\ZAKŁAD PRODUKCYJNY PŁOCK\RAFINERIA\PR03 BLOK PRZEROBU ROPY\DRW-IV|DR4.FC43354_SQR.PV;"2026-08-02 23:26:09,085998";"47,1681671142578"
\\PIAF\PKN Orlen\PI Vision\PKN Orlen\ZAKŁAD PRODUKCYJNY PŁOCK\RAFINERIA\PR03 BLOK PRZEROBU ROPY\DRW-IV|DR4.FC43354_SQR.PV;"2026-08-02 23:31:14,136002";"47,1956634521484"
\\PIAF\PKN Orlen\PI Vision\PKN Orlen\ZAKŁAD PRODUKCYJNY PŁOCK\RAFINERIA\PR03 BLOK PRZEROBU ROPY\DRW-IV|DR4.FC43354_SQR.PV;"2026-08-02 23:34:14,168014";"47,3560447692871"
\\PIAF\PKN Orlen\PI Vision\PKN Orlen\ZAKŁAD PRODUKCYJNY PŁOCK\RAFINERIA\PR03 BLOK PRZEROBU ROPY\DRW-IV|DR4.FC43354_SQR.PV;"2026-08-02 23:38:14,139008";"47,0560188293457"
\\PIAF\PKN Orlen\PI Vision\PKN Orlen\ZAKŁAD PRODUKCYJNY PŁOCK\RAFINERIA\PR03 BLOK PRZEROBU ROPY\DRW-IV|DR4.FC43354_SQR.PV;"2026-08-02 23:42:29,194";"47,3393440246582"
\\PIAF\PKN Orlen\PI Vision\PKN Orlen\ZAKŁAD PRODUKCYJNY PŁOCK\RAFINERIA\PR03 BLOK PRZEROBU ROPY\DRW-IV|DR4.FC43354_SQR.PV;"2026-08-02 23:45:39,179001";"47,0202484130859"
\\PIAF\PKN Orlen\PI Vision\PKN Orlen\ZAKŁAD PRODUKCYJNY PŁOCK\RAFINERIA\PR03 BLOK PRZEROBU ROPY\DRW-IV|DR4.FC43354_SQR.PV;"2026-08-02 23:52:04,182007";"47,3967971801758"
\\PIAF\PKN Orlen\PI Vision\PKN Orlen\ZAKŁAD PRODUKCYJNY PŁOCK\RAFINERIA\PR03 BLOK PRZEROBU ROPY\DRW-IV|DR4.FC43354_SQR.PV;"2026-08-02 23:55:59,231003";"47,4871139526367"
\\PIAF\PKN Orlen\PI Vision\PKN Orlen\ZAKŁAD PRODUKCYJNY PŁOCK\RAFINERIA\PR03 BLOK PRZEROBU ROPY\DRW-IV|DR4.FC43354_SQR.PV;"2026-08-03 00:01:14,233001";"47,192310333252"
\\PIAF\PKN Orlen\PI Vision\PKN Orlen\ZAKŁAD PRODUKCYJNY PŁOCK\RAFINERIA\PR03 BLOK PRZEROBU ROPY\DRW-IV|DR4.FC43354_SQR.PV;"2026-08-03 00:03:54,25";"46,9244499206543"
\\PIAF\PKN Orlen\PI Vision\PKN Orlen\ZAKŁAD PRODUKCYJNY PŁOCK\RAFINERIA\PR03 BLOK PRZEROBU ROPY\DRW-IV|DR4.FC43354_SQR.PV;"2026-08-03 00:16:09,146011";"47,035774230957"
\\PIAF\PKN Orlen\PI Vision\PKN Orlen\ZAKŁAD PRODUKCYJNY PŁOCK\RAFINERIA\PR03 BLOK PRZEROBU ROPY\DRW-IV|DR4.FC43354_SQR.PV;"2026-08-03 00:21:09,197006";"47,268424987793"
\\PIAF\PKN Orlen\PI Vision\PKN Orlen\ZAKŁAD PRODUKCYJNY PŁOCK\RAFINERIA\PR03 BLOK PRZEROBU ROPY\DRW-IV|DR4.FC43354_SQR.PV;"2026-08-03 00:25:29,183014";"46,8225975036621"
\\PIAF\PKN Orlen\PI Vision\PKN Orlen\ZAKŁAD PRODUKCYJNY PŁOCK\RAFINERIA\PR03 BLOK PRZEROBU ROPY\DRW-IV|DR4.FC43354_SQR.PV;"2026-08-03 00:30:04,154007";"47,016975402832"
\\PIAF\PKN Orlen\PI Vision\PKN Orlen\ZAKŁAD PRODUKCYJNY PŁOCK\RAFINERIA\PR03 BLOK PRZEROBU ROPY\DRW-IV|DR4.FC43354_SQR.PV;"2026-08-03 00:38:09,183014";"48,6784439086914"
\\PIAF\PKN Orlen\PI Vision\PKN Orlen\ZAKŁAD PRODUKCYJNY PŁOCK\RAFINERIA\PR03 BLOK PRZEROBU ROPY\DRW-IV|DR4.FC43354_SQR.PV;"2026-08-03 00:46:34,190002";"48,3166351318359"
\\PIAF\PKN Orlen\PI Vision\PKN Orlen\ZAKŁAD PRODUKCYJNY PŁOCK\RAFINERIA\PR03 BLOK PRZEROBU ROPY\DRW-IV|DR4.FC43354_SQR.PV;"2026-08-03 00:54:09,065002";"47,6358757019043"
\\PIAF\PKN Orlen\PI Vision\PKN Orlen\ZAKŁAD PRODUKCYJNY PŁOCK\RAFINERIA\PR03 BLOK PRZEROBU ROPY\DRW-IV|DR4.FC43354_SQR.PV;"2026-08-03 00:59:59,145004";"46,907657623291"
\\PIAF\PKN Orlen\PI Vision\PKN Orlen\ZAKŁAD PRODUKCYJNY PŁOCK\RAFINERIA\PR03 BLOK PRZEROBU ROPY\DRW-IV|DR4.FC43354_SQR.PV;"2026-08-03 01:04:09,159012";"47,3975601196289"
\\PIAF\PKN Orlen\PI Vision\PKN Orlen\ZAKŁAD PRODUKCYJNY PŁOCK\RAFINERIA\PR03 BLOK PRZEROBU ROPY\DRW-IV|DR4.FC43354_SQR.PV;"2026-08-03 01:08:39,208008";"47,4905319213867"
\\PIAF\PKN Orlen\PI Vision\PKN Orlen\ZAKŁAD PRODUKCYJNY PŁOCK\RAFINERIA\PR03 BLOK PRZEROBU ROPY\DRW-IV|DR4.FC43354_SQR.PV;"2026-08-03 01:11:24,256012";"47,0860214233398"
\\PIAF\PKN Orlen\PI Vision\PKN Orlen\ZAKŁAD PRODUKCYJNY PŁOCK\RAFINERIA\PR03 BLOK PRZEROBU ROPY\DRW-IV|DR4.FC43354_SQR.PV;"2026-08-03 01:17:19,171005";"47,3150367736816"
\\PIAF\PKN Orlen\PI Vision\PKN Orlen\ZAKŁAD PRODUKCYJNY PŁOCK\RAFINERIA\PR03 BLOK PRZEROBU ROPY\DRW-IV|DR4.FC43354_SQR.PV;"2026-08-03 01:21:39,158005";"47,4307250976563"
\\PIAF\PKN Orlen\PI Vision\PKN Orlen\ZAKŁAD PRODUKCYJNY PŁOCK\RAFINERIA\PR03 BLOK PRZEROBU ROPY\DRW-IV|DR4.FC43354_SQR.PV;"2026-08-03 01:29:14,151001";"47,3828735351563"
\\PIAF\PKN Orlen\PI Vision\PKN Orlen\ZAKŁAD PRODUKCYJNY PŁOCK\RAFINERIA\PR03 BLOK PRZEROBU ROPY\DRW-IV|DR4.FC43354_SQR.PV;"2026-08-03 01:35:14,207001";"47,421875"
\\PIAF\PKN Orlen\PI Vision\PKN Orlen\ZAKŁAD PRODUKCYJNY PŁOCK\RAFINERIA\PR03 BLOK PRZEROBU ROPY\DRW-IV|DR4.FC43354_SQR.PV;"2026-08-03 01:39:34,194";"47,3036766052246"
\\PIAF\PKN Orlen\PI Vision\PKN Orlen\ZAKŁAD PRODUKCYJNY PŁOCK\RAFINERIA\PR03 BLOK PRZEROBU ROPY\DRW-IV|DR4.FC43354_SQR.PV;"2026-08-03 01:41:14,163009";"47,5990753173828"
\\PIAF\PKN Orlen\PI Vision\PKN Orlen\ZAKŁAD PRODUKCYJNY PŁOCK\RAFINERIA\PR03 BLOK PRZEROBU ROPY\DRW-IV|DR4.FC43354_SQR.PV;"2026-08-03 01:49:59,167007";"47,5065879821777"
\\PIAF\PKN Orlen\PI Vision\PKN Orlen\ZAKŁAD PRODUKCYJNY PŁOCK\RAFINERIA\PR03 BLOK PRZEROBU ROPY\DRW-IV|DR4.FC43354_SQR.PV;"2026-08-03 01:55:44,238006";"47,3619346618652"
\\PIAF\PKN Orlen\PI Vision\PKN Orlen\ZAKŁAD PRODUKCYJNY PŁOCK\RAFINERIA\PR03 BLOK PRZEROBU ROPY\DRW-IV|DR4.FC43354_SQR.PV;"2026-08-03 02:02:09,198013";"47,5175437927246"
\\PIAF\PKN Orlen\PI Vision\PKN Orlen\ZAKŁAD PRODUKCYJNY PŁOCK\RAFINERIA\PR03 BLOK PRZEROBU ROPY\DRW-IV|DR4.FC43354_SQR.PV;"2026-08-03 02:15:14,188004";"47,4959144592285"
\\PIAF\PKN Orlen\PI Vision\PKN Orlen\ZAKŁAD PRODUKCYJNY PŁOCK\RAFINERIA\PR03 BLOK PRZEROBU ROPY\DRW-IV|DR4.FC43354_SQR.PV;"2026-08-03 02:22:49,082001";"47,5976257324219"
\\PIAF\PKN Orlen\PI Vision\PKN Orlen\ZAKŁAD PRODUKCYJNY PŁOCK\RAFINERIA\PR03 BLOK PRZEROBU ROPY\DRW-IV|DR4.FC43354_SQR.PV;"2026-08-03 02:26:39,099014";"47,5503997802734"
\\PIAF\PKN Orlen\PI Vision\PKN Orlen\ZAKŁAD PRODUKCYJNY PŁOCK\RAFINERIA\PR03 BLOK PRZEROBU ROPY\DRW-IV|DR4.FC43354_SQR.PV;"2026-08-03 02:35:49,250015";"47,5425796508789"
\\PIAF\PKN Orlen\PI Vision\PKN Orlen\ZAKŁAD PRODUKCYJNY PŁOCK\RAFINERIA\PR03 BLOK PRZEROBU ROPY\DRW-IV|DR4.FC43354_SQR.PV;"2026-08-03 02:41:44,175003";"47,5954856872559"
\\PIAF\PKN Orlen\PI Vision\PKN Orlen\ZAKŁAD PRODUKCYJNY PŁOCK\RAFINERIA\PR03 BLOK PRZEROBU ROPY\DRW-IV|DR4.FC43354_SQR.PV;"2026-08-03 02:51:24,195007";"47,5716667175293"
\\PIAF\PKN Orlen\PI Vision\PKN Orlen\ZAKŁAD PRODUKCYJNY PŁOCK\RAFINERIA\PR03 BLOK PRZEROBU ROPY\DRW-IV|DR4.FC43354_SQR.PV;"2026-08-03 02:55:49,212006";"47,8648643493652"
\\PIAF\PKN Orlen\PI Vision\PKN Orlen\ZAKŁAD PRODUKCYJNY PŁOCK\RAFINERIA\PR03 BLOK PRZEROBU ROPY\DRW-IV|DR4.FC43354_SQR.PV;"2026-08-03 02:57:59,151016";"48,200065612793"
\\PIAF\PKN Orlen\PI Vision\PKN Orlen\ZAKŁAD PRODUKCYJNY PŁOCK\RAFINERIA\PR03 BLOK PRZEROBU ROPY\DRW-IV|DR4.FC43354_SQR.PV;"2026-08-03 03:02:19,137008";"48,0785102844238"
\\PIAF\PKN Orlen\PI Vision\PKN Orlen\ZAKŁAD PRODUKCYJNY PŁOCK\RAFINERIA\PR03 BLOK PRZEROBU ROPY\DRW-IV|DR4.FC43354_SQR.PV;"2026-08-03 03:07:39,170013";"47,4963760375977"
\\PIAF\PKN Orlen\PI Vision\PKN Orlen\ZAKŁAD PRODUKCYJNY PŁOCK\RAFINERIA\PR03 BLOK PRZEROBU ROPY\DRW-IV|DR4.FC43354_SQR.PV;"2026-08-03 03:11:39,250015";"47,8342971801758"
\\PIAF\PKN Orlen\PI Vision\PKN Orlen\ZAKŁAD PRODUKCYJNY PŁOCK\RAFINERIA\PR03 BLOK PRZEROBU ROPY\DRW-IV|DR4.FC43354_SQR.PV;"2026-08-03 03:17:29,143005";"47,6020126342773"
\\PIAF\PKN Orlen\PI Vision\PKN Orlen\ZAKŁAD PRODUKCYJNY PŁOCK\RAFINERIA\PR03 BLOK PRZEROBU ROPY\DRW-IV|DR4.FC43354_SQR.PV;"2026-08-03 03:21:34,145004";"47,7062225341797"
\\PIAF\PKN Orlen\PI Vision\PKN Orlen\ZAKŁAD PRODUKCYJNY PŁOCK\RAFINERIA\PR03 BLOK PRZEROBU ROPY\DRW-IV|DR4.FC43354_SQR.PV;"2026-08-03 03:26:59,210007";"47,9159088134766"
\\PIAF\PKN Orlen\PI Vision\PKN Orlen\ZAKŁAD PRODUKCYJNY PŁOCK\RAFINERIA\PR03 BLOK PRZEROBU ROPY\DRW-IV|DR4.FC43354_SQR.PV;"2026-08-03 03:29:44,149002";"47,8062171936035"
\\PIAF\PKN Orlen\PI Vision\PKN Orlen\ZAKŁAD PRODUKCYJNY PŁOCK\RAFINERIA\PR03 BLOK PRZEROBU ROPY\DRW-IV|DR4.FC43354_SQR.PV;"2026-08-03 03:34:19,229004";"47,8305397033691"
\\PIAF\PKN Orlen\PI Vision\PKN Orlen\ZAKŁAD PRODUKCYJNY PŁOCK\RAFINERIA\PR03 BLOK PRZEROBU ROPY\DRW-IV|DR4.FC43354_SQR.PV;"2026-08-03 03:39:19,137008";"47,7834739685059"
\\PIAF\PKN Orlen\PI Vision\PKN Orlen\ZAKŁAD PRODUKCYJNY PŁOCK\RAFINERIA\PR03 BLOK PRZEROBU ROPY\DRW-IV|DR4.FC43354_SQR.PV;"2026-08-03 03:42:19,170013";"48,135498046875"
\\PIAF\PKN Orlen\PI Vision\PKN Orlen\ZAKŁAD PRODUKCYJNY PŁOCK\RAFINERIA\PR03 BLOK PRZEROBU ROPY\DRW-IV|DR4.FC43354_SQR.PV;"2026-08-03 03:52:09,143005";"47,5429725646973"
\\PIAF\PKN Orlen\PI Vision\PKN Orlen\ZAKŁAD PRODUKCYJNY PŁOCK\RAFINERIA\PR03 BLOK PRZEROBU ROPY\DRW-IV|DR4.FC43354_SQR.PV;"2026-08-03 04:00:54,147003";"47,8721046447754"
\\PIAF\PKN Orlen\PI Vision\PKN Orlen\ZAKŁAD PRODUKCYJNY PŁOCK\RAFINERIA\PR03 BLOK PRZEROBU ROPY\DRW-IV|DR4.FC43354_SQR.PV;"2026-08-03 04:04:34,211014";"47,8627433776855"
\\PIAF\PKN Orlen\PI Vision\PKN Orlen\ZAKŁAD PRODUKCYJNY PŁOCK\RAFINERIA\PR03 BLOK PRZEROBU ROPY\DRW-IV|DR4.FC43354_SQR.PV;"2026-08-03 04:09:29,198013";"47,8900871276855"
\\PIAF\PKN Orlen\PI Vision\PKN Orlen\ZAKŁAD PRODUKCYJNY PŁOCK\RAFINERIA\PR03 BLOK PRZEROBU ROPY\DRW-IV|DR4.FC43354_SQR.PV;"2026-08-03 04:13:29,168014";"47,6037559509277"
\\PIAF\PKN Orlen\PI Vision\PKN Orlen\ZAKŁAD PRODUKCYJNY PŁOCK\RAFINERIA\PR03 BLOK PRZEROBU ROPY\DRW-IV|DR4.FC43354_SQR.PV;"2026-08-03 04:17:19,185013";"47,9040298461914"
\\PIAF\PKN Orlen\PI Vision\PKN Orlen\ZAKŁAD PRODUKCYJNY PŁOCK\RAFINERIA\PR03 BLOK PRZEROBU ROPY\DRW-IV|DR4.FC43354_SQR.PV;"2026-08-03 04:38:44,124008";"47,5050430297852"
\\PIAF\PKN Orlen\PI Vision\PKN Orlen\ZAKŁAD PRODUKCYJNY PŁOCK\RAFINERIA\PR03 BLOK PRZEROBU ROPY\DRW-IV|DR4.FC43354_SQR.PV;"2026-08-03 04:40:14,140014";"47,2717094421387"
\\PIAF\PKN Orlen\PI Vision\PKN Orlen\ZAKŁAD PRODUKCYJNY PŁOCK\RAFINERIA\PR03 BLOK PRZEROBU ROPY\DRW-IV|DR4.FC43354_SQR.PV;"2026-08-03 04:43:49,173004";"47,4834671020508"
\\PIAF\PKN Orlen\PI Vision\PKN Orlen\ZAKŁAD PRODUKCYJNY PŁOCK\RAFINERIA\PR03 BLOK PRZEROBU ROPY\DRW-IV|DR4.FC43354_SQR.PV;"2026-08-03 04:46:59,159012";"48,2271995544434"
\\PIAF\PKN Orlen\PI Vision\PKN Orlen\ZAKŁAD PRODUKCYJNY PŁOCK\RAFINERIA\PR03 BLOK PRZEROBU ROPY\DRW-IV|DR4.FC43354_SQR.PV;"2026-08-03 04:53:24,162002";"48,1534194946289"
\\PIAF\PKN Orlen\PI Vision\PKN Orlen\ZAKŁAD PRODUKCYJNY PŁOCK\RAFINERIA\PR03 BLOK PRZEROBU ROPY\DRW-IV|DR4.FC43354_SQR.PV;"2026-08-03 04:57:24,132004";"47,9989013671875"
\\PIAF\PKN Orlen\PI Vision\PKN Orlen\ZAKŁAD PRODUKCYJNY PŁOCK\RAFINERIA\PR03 BLOK PRZEROBU ROPY\DRW-IV|DR4.FC43354_SQR.PV;"2026-08-03 04:59:54,196014";"47,7985534667969"
\\PIAF\PKN Orlen\PI Vision\PKN Orlen\ZAKŁAD PRODUKCYJNY PŁOCK\RAFINERIA\PR03 BLOK PRZEROBU ROPY\DRW-IV|DR4.FC43354_SQR.PV;"2026-08-03 05:03:54,166016";"48,3106880187988"
\\PIAF\PKN Orlen\PI Vision\PKN Orlen\ZAKŁAD PRODUKCYJNY PŁOCK\RAFINERIA\PR03 BLOK PRZEROBU ROPY\DRW-IV|DR4.FC43354_SQR.PV;"2026-08-03 05:07:54,137008";"48,4912986755371"
\\PIAF\PKN Orlen\PI Vision\PKN Orlen\ZAKŁAD PRODUKCYJNY PŁOCK\RAFINERIA\PR03 BLOK PRZEROBU ROPY\DRW-IV|DR4.FC43354_SQR.PV;"2026-08-03 05:16:34,109009";"48,4687461853027"
\\PIAF\PKN Orlen\PI Vision\PKN Orlen\ZAKŁAD PRODUKCYJNY PŁOCK\RAFINERIA\PR03 BLOK PRZEROBU ROPY\DRW-IV|DR4.FC43354_SQR.PV;"2026-08-03 05:32:49,085007";"48,2256278991699"
\\PIAF\PKN Orlen\PI Vision\PKN Orlen\ZAKŁAD PRODUKCYJNY PŁOCK\RAFINERIA\PR03 BLOK PRZEROBU ROPY\DRW-IV|DR4.FC43354_SQR.PV;"2026-08-03 05:37:04,150009";"48,1333427429199"
\\PIAF\PKN Orlen\PI Vision\PKN Orlen\ZAKŁAD PRODUKCYJNY PŁOCK\RAFINERIA\PR03 BLOK PRZEROBU ROPY\DRW-IV|DR4.FC43354_SQR.PV;"2026-08-03 05:38:54,182007";"48,426513671875"
\\PIAF\PKN Orlen\PI Vision\PKN Orlen\ZAKŁAD PRODUKCYJNY PŁOCK\RAFINERIA\PR03 BLOK PRZEROBU ROPY\DRW-IV|DR4.FC43354_SQR.PV;"2026-08-03 05:45:39,091003";"48,106517791748"
\\PIAF\PKN Orlen\PI Vision\PKN Orlen\ZAKŁAD PRODUKCYJNY PŁOCK\RAFINERIA\PR03 BLOK PRZEROBU ROPY\DRW-IV|DR4.FC43354_SQR.PV;"2026-08-03 05:47:14,139008";"47,8144874572754"
\\PIAF\PKN Orlen\PI Vision\PKN Orlen\ZAKŁAD PRODUKCYJNY PŁOCK\RAFINERIA\PR03 BLOK PRZEROBU ROPY\DRW-IV|DR4.FC43354_SQR.PV;"2026-08-03 05:52:04,094009";"47,8891448974609"
\\PIAF\PKN Orlen\PI Vision\PKN Orlen\ZAKŁAD PRODUKCYJNY PŁOCK\RAFINERIA\PR03 BLOK PRZEROBU ROPY\DRW-IV|DR4.FC43354_SQR.PV;"2026-08-03 05:54:09,110001";"48,1480560302734"
\\PIAF\PKN Orlen\PI Vision\PKN Orlen\ZAKŁAD PRODUKCYJNY PŁOCK\RAFINERIA\PR03 BLOK PRZEROBU ROPY\DRW-IV|DR4.FC43354_SQR.PV;"2026-08-03 06:03:24,083008";"47,851936340332"
\\PIAF\PKN Orlen\PI Vision\PKN Orlen\ZAKŁAD PRODUKCYJNY PŁOCK\RAFINERIA\PR03 BLOK PRZEROBU ROPY\DRW-IV|DR4.FC43354_SQR.PV;"2026-08-03 06:07:44,179001";"47,968936920166"
\\PIAF\PKN Orlen\PI Vision\PKN Orlen\ZAKŁAD PRODUKCYJNY PŁOCK\RAFINERIA\PR03 BLOK PRZEROBU ROPY\DRW-IV|DR4.FC43354_SQR.PV;"2026-08-03 06:13:04,103012";"47,4762878417969"
\\PIAF\PKN Orlen\PI Vision\PKN Orlen\ZAKŁAD PRODUKCYJNY PŁOCK\RAFINERIA\PR03 BLOK PRZEROBU ROPY\DRW-IV|DR4.FC43354_SQR.PV;"2026-08-03 06:19:39,140014";"47,6738471984863"
\\PIAF\PKN Orlen\PI Vision\PKN Orlen\ZAKŁAD PRODUKCYJNY PŁOCK\RAFINERIA\PR03 BLOK PRZEROBU ROPY\DRW-IV|DR4.FC43354_SQR.PV;"2026-08-03 06:23:24,126007";"47,8019104003906"
\\PIAF\PKN Orlen\PI Vision\PKN Orlen\ZAKŁAD PRODUKCYJNY PŁOCK\RAFINERIA\PR03 BLOK PRZEROBU ROPY\DRW-IV|DR4.FC43354_SQR.PV;"2026-08-03 06:41:14,150009";"47,4728469848633"
\\PIAF\PKN Orlen\PI Vision\PKN Orlen\ZAKŁAD PRODUKCYJNY PŁOCK\RAFINERIA\PR03 BLOK PRZEROBU ROPY\DRW-IV|DR4.FC43354_SQR.PV;"2026-08-03 06:51:49,076004";"47,6090087890625"
\\PIAF\PKN Orlen\PI Vision\PKN Orlen\ZAKŁAD PRODUKCYJNY PŁOCK\RAFINERIA\PR03 BLOK PRZEROBU ROPY\DRW-IV|DR4.FC43354_SQR.PV;"2026-08-03 06:54:49,209015";"47,5387687683105"
\\PIAF\PKN Orlen\PI Vision\PKN Orlen\ZAKŁAD PRODUKCYJNY PŁOCK\RAFINERIA\PR03 BLOK PRZEROBU ROPY\DRW-IV|DR4.FC43354_SQR.PV;"2026-08-03 07:02:39,197006";"47,7157859802246"
\\PIAF\PKN Orlen\PI Vision\PKN Orlen\ZAKŁAD PRODUKCYJNY PŁOCK\RAFINERIA\PR03 BLOK PRZEROBU ROPY\DRW-IV|DR4.FC43354_SQR.PV;"2026-08-03 07:11:24,200012";"47,5655860900879"
\\PIAF\PKN Orlen\PI Vision\PKN Orlen\ZAKŁAD PRODUKCYJNY PŁOCK\RAFINERIA\PR03 BLOK PRZEROBU ROPY\DRW-IV|DR4.FC43354_SQR.PV;"2026-08-03 07:23:54,190002";"47,7056312561035"
\\PIAF\PKN Orlen\PI Vision\PKN Orlen\ZAKŁAD PRODUKCYJNY PŁOCK\RAFINERIA\PR03 BLOK PRZEROBU ROPY\DRW-IV|DR4.FC43354_SQR.PV;"2026-08-03 07:27:39,17601";"47,3388862609863"
\\PIAF\PKN Orlen\PI Vision\PKN Orlen\ZAKŁAD PRODUKCYJNY PŁOCK\RAFINERIA\PR03 BLOK PRZEROBU ROPY\DRW-IV|DR4.FC43354_SQR.PV;"2026-08-03 07:32:24,210007";"47,7516403198242"
\\PIAF\PKN Orlen\PI Vision\PKN Orlen\ZAKŁAD PRODUKCYJNY PŁOCK\RAFINERIA\PR03 BLOK PRZEROBU ROPY\DRW-IV|DR4.FC43354_SQR.PV;"2026-08-03 07:36:29,211014";"48,3394622802734"
\\PIAF\PKN Orlen\PI Vision\PKN Orlen\ZAKŁAD PRODUKCYJNY PŁOCK\RAFINERIA\PR03 BLOK PRZEROBU ROPY\DRW-IV|DR4.FC43354_SQR.PV;"2026-08-03 07:40:34,213012";"47,995662689209"
\\PIAF\PKN Orlen\PI Vision\PKN Orlen\ZAKŁAD PRODUKCYJNY PŁOCK\RAFINERIA\PR03 BLOK PRZEROBU ROPY\DRW-IV|DR4.FC43354_SQR.PV;"2026-08-03 07:44:04,215012";"47,3803443908691"
\\PIAF\PKN Orlen\PI Vision\PKN Orlen\ZAKŁAD PRODUKCYJNY PŁOCK\RAFINERIA\PR03 BLOK PRZEROBU ROPY\DRW-IV|DR4.FC43354_SQR.PV;"2026-08-03 07:48:59,201004";"47,7811698913574"
\\PIAF\PKN Orlen\PI Vision\PKN Orlen\ZAKŁAD PRODUKCYJNY PŁOCK\RAFINERIA\PR03 BLOK PRZEROBU ROPY\DRW-IV|DR4.FC43354_SQR.PV;"2026-08-03 07:52:59,172012";"47,5249557495117"
\\PIAF\PKN Orlen\PI Vision\PKN Orlen\ZAKŁAD PRODUKCYJNY PŁOCK\RAFINERIA\PR03 BLOK PRZEROBU ROPY\DRW-IV|DR4.FC43354_SQR.PV;"2026-08-03 07:58:34,209015";"47,9626884460449"
\\PIAF\PKN Orlen\PI Vision\PKN Orlen\ZAKŁAD PRODUKCYJNY PŁOCK\RAFINERIA\PR03 BLOK PRZEROBU ROPY\DRW-IV|DR4.FC43354_SQR.PV;"2026-08-03 08:00:54,210007";"48,1023178100586"
\\PIAF\PKN Orlen\PI Vision\PKN Orlen\ZAKŁAD PRODUKCYJNY PŁOCK\RAFINERIA\PR03 BLOK PRZEROBU ROPY\DRW-IV|DR4.FC43354_SQR.PV;"2026-08-03 08:07:04,228012";"47,2205696105957"
\\PIAF\PKN Orlen\PI Vision\PKN Orlen\ZAKŁAD PRODUKCYJNY PŁOCK\RAFINERIA\PR03 BLOK PRZEROBU ROPY\DRW-IV|DR4.FC43354_SQR.PV;"2026-08-03 08:12:54,231003";"47,6818695068359"
\\PIAF\PKN Orlen\PI Vision\PKN Orlen\ZAKŁAD PRODUKCYJNY PŁOCK\RAFINERIA\PR03 BLOK PRZEROBU ROPY\DRW-IV|DR4.FC43354_SQR.PV;"2026-08-03 08:16:54,201004";"47,8197326660156"
\\PIAF\PKN Orlen\PI Vision\PKN Orlen\ZAKŁAD PRODUKCYJNY PŁOCK\RAFINERIA\PR03 BLOK PRZEROBU ROPY\DRW-IV|DR4.FC43354_SQR.PV;"2026-08-03 08:22:29,219009";"47,4581718444824"
\\PIAF\PKN Orlen\PI Vision\PKN Orlen\ZAKŁAD PRODUKCYJNY PŁOCK\RAFINERIA\PR03 BLOK PRZEROBU ROPY\DRW-IV|DR4.FC43354_SQR.PV;"2026-08-03 08:41:29,134002";"47,7882499694824"
\\PIAF\PKN Orlen\PI Vision\PKN Orlen\ZAKŁAD PRODUKCYJNY PŁOCK\RAFINERIA\PR03 BLOK PRZEROBU ROPY\DRW-IV|DR4.FC43354_SQR.PV;"2026-08-03 08:57:34,157013";"47,4035301208496"
\\PIAF\PKN Orlen\PI Vision\PKN Orlen\ZAKŁAD PRODUKCYJNY PŁOCK\RAFINERIA\PR03 BLOK PRZEROBU ROPY\DRW-IV|DR4.FC43354_SQR.PV;"2026-08-03 09:02:34,174011";"47,6192665100098"
\\PIAF\PKN Orlen\PI Vision\PKN Orlen\ZAKŁAD PRODUKCYJNY PŁOCK\RAFINERIA\PR03 BLOK PRZEROBU ROPY\DRW-IV|DR4.FC43354_SQR.PV;"2026-08-03 09:11:24,210007";"47,5260429382324"
\\PIAF\PKN Orlen\PI Vision\PKN Orlen\ZAKŁAD PRODUKCYJNY PŁOCK\RAFINERIA\PR03 BLOK PRZEROBU ROPY\DRW-IV|DR4.FC43354_SQR.PV;"2026-08-03 09:15:19,149002";"47,8637428283691"
\\PIAF\PKN Orlen\PI Vision\PKN Orlen\ZAKŁAD PRODUKCYJNY PŁOCK\RAFINERIA\PR03 BLOK PRZEROBU ROPY\DRW-IV|DR4.FC43354_SQR.PV;"2026-08-03 09:22:39,168014";"47,6205215454102"
\\PIAF\PKN Orlen\PI Vision\PKN Orlen\ZAKŁAD PRODUKCYJNY PŁOCK\RAFINERIA\PR03 BLOK PRZEROBU ROPY\DRW-IV|DR4.FC43354_SQR.PV;"2026-08-03 09:24:44,184005";"47,2563514709473"
\\PIAF\PKN Orlen\PI Vision\PKN Orlen\ZAKŁAD PRODUKCYJNY PŁOCK\RAFINERIA\PR03 BLOK PRZEROBU ROPY\DRW-IV|DR4.FC43354_SQR.PV;"2026-08-03 09:30:59,234009";"47,7744674682617"
\\PIAF\PKN Orlen\PI Vision\PKN Orlen\ZAKŁAD PRODUKCYJNY PŁOCK\RAFINERIA\PR03 BLOK PRZEROBU ROPY\DRW-IV|DR4.FC43354_SQR.PV;"2026-08-03 09:33:09,172012";"47,8105964660645"
\\PIAF\PKN Orlen\PI Vision\PKN Orlen\ZAKŁAD PRODUKCYJNY PŁOCK\RAFINERIA\PR03 BLOK PRZEROBU ROPY\DRW-IV|DR4.FC43354_SQR.PV;"2026-08-03 09:38:44,190002";"47,5800666809082"
\\PIAF\PKN Orlen\PI Vision\PKN Orlen\ZAKŁAD PRODUKCYJNY PŁOCK\RAFINERIA\PR03 BLOK PRZEROBU ROPY\DRW-IV|DR4.FC43354_SQR.PV;"2026-08-03 09:43:49,130005";"47,8782119750977"
\\PIAF\PKN Orlen\PI Vision\PKN Orlen\ZAKŁAD PRODUKCYJNY PŁOCK\RAFINERIA\PR03 BLOK PRZEROBU ROPY\DRW-IV|DR4.FC43354_SQR.PV;"2026-08-03 09:47:54,132004";"47,8577117919922"
\\PIAF\PKN Orlen\PI Vision\PKN Orlen\ZAKŁAD PRODUKCYJNY PŁOCK\RAFINERIA\PR03 BLOK PRZEROBU ROPY\DRW-IV|DR4.FC43354_SQR.PV;"2026-08-03 09:53:04,212006";"48,5545883178711"
\\PIAF\PKN Orlen\PI Vision\PKN Orlen\ZAKŁAD PRODUKCYJNY PŁOCK\RAFINERIA\PR03 BLOK PRZEROBU ROPY\DRW-IV|DR4.FC43354_SQR.PV;"2026-08-03 09:57:14,136002";"48,086971282959"
\\PIAF\PKN Orlen\PI Vision\PKN Orlen\ZAKŁAD PRODUKCYJNY PŁOCK\RAFINERIA\PR03 BLOK PRZEROBU ROPY\DRW-IV|DR4.FC43354_SQR.PV;"2026-08-03 09:59:29,106003";"47,4916687011719"
\\PIAF\PKN Orlen\PI Vision\PKN Orlen\ZAKŁAD PRODUKCYJNY PŁOCK\RAFINERIA\PR03 BLOK PRZEROBU ROPY\DRW-IV|DR4.FC43354_SQR.PV;"2026-08-03 10:03:34,108001";"47,4253082275391"
\\PIAF\PKN Orlen\PI Vision\PKN Orlen\ZAKŁAD PRODUKCYJNY PŁOCK\RAFINERIA\PR03 BLOK PRZEROBU ROPY\DRW-IV|DR4.FC43354_SQR.PV;"2026-08-03 10:07:24,125015";"48,1147994995117"
\\PIAF\PKN Orlen\PI Vision\PKN Orlen\ZAKŁAD PRODUKCYJNY PŁOCK\RAFINERIA\PR03 BLOK PRZEROBU ROPY\DRW-IV|DR4.FC43354_SQR.PV;"2026-08-03 10:15:49,113006";"47,9996452331543"
\\PIAF\PKN Orlen\PI Vision\PKN Orlen\ZAKŁAD PRODUKCYJNY PŁOCK\RAFINERIA\PR03 BLOK PRZEROBU ROPY\DRW-IV|DR4.FC43354_SQR.PV;"2026-08-03 10:21:19,209015";"48,3155326843262"
\\PIAF\PKN Orlen\PI Vision\PKN Orlen\ZAKŁAD PRODUKCYJNY PŁOCK\RAFINERIA\PR03 BLOK PRZEROBU ROPY\DRW-IV|DR4.FC43354_SQR.PV;"2026-08-03 10:28:54,103012";"48,0703620910645"
\\PIAF\PKN Orlen\PI Vision\PKN Orlen\ZAKŁAD PRODUKCYJNY PŁOCK\RAFINERIA\PR03 BLOK PRZEROBU ROPY\DRW-IV|DR4.FC43354_SQR.PV;"2026-08-03 10:30:54,198013";"48,1221771240234"
\\PIAF\PKN Orlen\PI Vision\PKN Orlen\ZAKŁAD PRODUKCYJNY PŁOCK\RAFINERIA\PR03 BLOK PRZEROBU ROPY\DRW-IV|DR4.FC43354_SQR.PV;"2026-08-03 10:34:44,130005";"48,1724433898926"
\\PIAF\PKN Orlen\PI Vision\PKN Orlen\ZAKŁAD PRODUKCYJNY PŁOCK\RAFINERIA\PR03 BLOK PRZEROBU ROPY\DRW-IV|DR4.FC43354_SQR.PV;"2026-08-03 10:40:34,133011";"47,5816459655762"
\\PIAF\PKN Orlen\PI Vision\PKN Orlen\ZAKŁAD PRODUKCYJNY PŁOCK\RAFINERIA\PR03 BLOK PRZEROBU ROPY\DRW-IV|DR4.FC43354_SQR.PV;"2026-08-03 10:43:34,166";"47,5212478637695"
\\PIAF\PKN Orlen\PI Vision\PKN Orlen\ZAKŁAD PRODUKCYJNY PŁOCK\RAFINERIA\PR03 BLOK PRZEROBU ROPY\DRW-IV|DR4.FC43354_SQR.PV;"2026-08-03 10:46:34,089004";"46,915397644043"
\\PIAF\PKN Orlen\PI Vision\PKN Orlen\ZAKŁAD PRODUKCYJNY PŁOCK\RAFINERIA\PR03 BLOK PRZEROBU ROPY\DRW-IV|DR4.FC43354_SQR.PV;"2026-08-03 10:50:24,106003";"46,1448860168457"
\\PIAF\PKN Orlen\PI Vision\PKN Orlen\ZAKŁAD PRODUKCYJNY PŁOCK\RAFINERIA\PR03 BLOK PRZEROBU ROPY\DRW-IV|DR4.FC43354_SQR.PV;"2026-08-03 10:51:39,138016";"46,0363426208496"
\\PIAF\PKN Orlen\PI Vision\PKN Orlen\ZAKŁAD PRODUKCYJNY PŁOCK\RAFINERIA\PR03 BLOK PRZEROBU ROPY\DRW-IV|DR4.FC43354_SQR.PV;"2026-08-03 10:58:49,094009";"47,8755531311035"
\\PIAF\PKN Orlen\PI Vision\PKN Orlen\ZAKŁAD PRODUKCYJNY PŁOCK\RAFINERIA\PR03 BLOK PRZEROBU ROPY\DRW-IV|DR4.FC43354_SQR.PV;"2026-08-03 11:04:24,112015";"47,8774337768555"
\\PIAF\PKN Orlen\PI Vision\PKN Orlen\ZAKŁAD PRODUKCYJNY PŁOCK\RAFINERIA\PR03 BLOK PRZEROBU ROPY\DRW-IV|DR4.FC43354_SQR.PV;"2026-08-03 11:08:04,17601";"47,9474716186523"
\\PIAF\PKN Orlen\PI Vision\PKN Orlen\ZAKŁAD PRODUKCYJNY PŁOCK\RAFINERIA\PR03 BLOK PRZEROBU ROPY\DRW-IV|DR4.FC43354_SQR.PV;"2026-08-03 11:13:44,116012";"48,0970611572266"
\\PIAF\PKN Orlen\PI Vision\PKN Orlen\ZAKŁAD PRODUKCYJNY PŁOCK\RAFINERIA\PR03 BLOK PRZEROBU ROPY\DRW-IV|DR4.FC43354_SQR.PV;"2026-08-03 11:16:49,147003";"47,8310165405273"
\\PIAF\PKN Orlen\PI Vision\PKN Orlen\ZAKŁAD PRODUKCYJNY PŁOCK\RAFINERIA\PR03 BLOK PRZEROBU ROPY\DRW-IV|DR4.FC43354_SQR.PV;"2026-08-03 11:23:49,150009";"48,2024841308594"
\\PIAF\PKN Orlen\PI Vision\PKN Orlen\ZAKŁAD PRODUKCYJNY PŁOCK\RAFINERIA\PR03 BLOK PRZEROBU ROPY\DRW-IV|DR4.FC43354_SQR.PV;"2026-08-03 11:27:14,12001";"47,6577758789063"
\\PIAF\PKN Orlen\PI Vision\PKN Orlen\ZAKŁAD PRODUKCYJNY PŁOCK\RAFINERIA\PR03 BLOK PRZEROBU ROPY\DRW-IV|DR4.FC43354_SQR.PV;"2026-08-03 11:33:09,154007";"47,7194023132324"
\\PIAF\PKN Orlen\PI Vision\PKN Orlen\ZAKŁAD PRODUKCYJNY PŁOCK\RAFINERIA\PR03 BLOK PRZEROBU ROPY\DRW-IV|DR4.FC43354_SQR.PV;"2026-08-03 11:38:39,141006";"48,912914276123"
\\PIAF\PKN Orlen\PI Vision\PKN Orlen\ZAKŁAD PRODUKCYJNY PŁOCK\RAFINERIA\PR03 BLOK PRZEROBU ROPY\DRW-IV|DR4.FC43354_SQR.PV;"2026-08-03 11:41:54,158005";"48,7793464660645"
\\PIAF\PKN Orlen\PI Vision\PKN Orlen\ZAKŁAD PRODUKCYJNY PŁOCK\RAFINERIA\PR03 BLOK PRZEROBU ROPY\DRW-IV|DR4.FC43354_SQR.PV;"2026-08-03 11:46:24,097";"47,3706932067871"
\\PIAF\PKN Orlen\PI Vision\PKN Orlen\ZAKŁAD PRODUKCYJNY PŁOCK\RAFINERIA\PR03 BLOK PRZEROBU ROPY\DRW-IV|DR4.FC43354_SQR.PV;"2026-08-03 11:50:19,146011";"47,8095016479492"
\\PIAF\PKN Orlen\PI Vision\PKN Orlen\ZAKŁAD PRODUKCYJNY PŁOCK\RAFINERIA\PR03 BLOK PRZEROBU ROPY\DRW-IV|DR4.FC43354_SQR.PV;"2026-08-03 11:52:24,162002";"48,28857421875"
\\PIAF\PKN Orlen\PI Vision\PKN Orlen\ZAKŁAD PRODUKCYJNY PŁOCK\RAFINERIA\PR03 BLOK PRZEROBU ROPY\DRW-IV|DR4.FC43354_SQR.PV;"2026-08-03 11:56:59,133011";"48,3278160095215"
\\PIAF\PKN Orlen\PI Vision\PKN Orlen\ZAKŁAD PRODUKCYJNY PŁOCK\RAFINERIA\PR03 BLOK PRZEROBU ROPY\DRW-IV|DR4.FC43354_SQR.PV;"2026-08-03 12:00:09,119003";"47,7447547912598"
\\PIAF\PKN Orlen\PI Vision\PKN Orlen\ZAKŁAD PRODUKCYJNY PŁOCK\RAFINERIA\PR03 BLOK PRZEROBU ROPY\DRW-IV|DR4.FC43354_SQR.PV;"2026-08-03 12:14:09,125015";"48,1538848876953"
\\PIAF\PKN Orlen\PI Vision\PKN Orlen\ZAKŁAD PRODUKCYJNY PŁOCK\RAFINERIA\PR03 BLOK PRZEROBU ROPY\DRW-IV|DR4.FC43354_SQR.PV;"2026-08-03 12:21:34,06601";"47,9633712768555"
\\PIAF\PKN Orlen\PI Vision\PKN Orlen\ZAKŁAD PRODUKCYJNY PŁOCK\RAFINERIA\PR03 BLOK PRZEROBU ROPY\DRW-IV|DR4.FC43354_SQR.PV;"2026-08-03 12:30:54,218002";"48,1861267089844"
\\PIAF\PKN Orlen\PI Vision\PKN Orlen\ZAKŁAD PRODUKCYJNY PŁOCK\RAFINERIA\PR03 BLOK PRZEROBU ROPY\DRW-IV|DR4.FC43354_SQR.PV;"2026-08-03 12:43:39,192001";"48,4336929321289"
\\PIAF\PKN Orlen\PI Vision\PKN Orlen\ZAKŁAD PRODUKCYJNY PŁOCK\RAFINERIA\PR03 BLOK PRZEROBU ROPY\DRW-IV|DR4.FC43354_SQR.PV;"2026-08-03 12:45:54,162002";"47,7726631164551"
\\PIAF\PKN Orlen\PI Vision\PKN Orlen\ZAKŁAD PRODUKCYJNY PŁOCK\RAFINERIA\PR03 BLOK PRZEROBU ROPY\DRW-IV|DR4.FC43354_SQR.PV;"2026-08-03 12:48:09,241012";"47,4723434448242"
\\PIAF\PKN Orlen\PI Vision\PKN Orlen\ZAKŁAD PRODUKCYJNY PŁOCK\RAFINERIA\PR03 BLOK PRZEROBU ROPY\DRW-IV|DR4.FC43354_SQR.PV;"2026-08-03 12:51:49,195007";"47,8889045715332"
\\PIAF\PKN Orlen\PI Vision\PKN Orlen\ZAKŁAD PRODUKCYJNY PŁOCK\RAFINERIA\PR03 BLOK PRZEROBU ROPY\DRW-IV|DR4.FC43354_SQR.PV;"2026-08-03 12:55:19,197006";"48,5697174072266"
\\PIAF\PKN Orlen\PI Vision\PKN Orlen\ZAKŁAD PRODUKCYJNY PŁOCK\RAFINERIA\PR03 BLOK PRZEROBU ROPY\DRW-IV|DR4.FC43354_SQR.PV;"2026-08-03 12:58:34,214004";"48,1276626586914"
\\PIAF\PKN Orlen\PI Vision\PKN Orlen\ZAKŁAD PRODUKCYJNY PŁOCK\RAFINERIA\PR03 BLOK PRZEROBU ROPY\DRW-IV|DR4.FC43354_SQR.PV;"2026-08-03 13:02:29,153015";"46,9250335693359"
\\PIAF\PKN Orlen\PI Vision\PKN Orlen\ZAKŁAD PRODUKCYJNY PŁOCK\RAFINERIA\PR03 BLOK PRZEROBU ROPY\DRW-IV|DR4.FC43354_SQR.PV;"2026-08-03 13:06:09,21701";"47,1246681213379"
\\PIAF\PKN Orlen\PI Vision\PKN Orlen\ZAKŁAD PRODUKCYJNY PŁOCK\RAFINERIA\PR03 BLOK PRZEROBU ROPY\DRW-IV|DR4.FC43354_SQR.PV;"2026-08-03 13:10:49,219009";"48,5011253356934"
\\PIAF\PKN Orlen\PI Vision\PKN Orlen\ZAKŁAD PRODUKCYJNY PŁOCK\RAFINERIA\PR03 BLOK PRZEROBU ROPY\DRW-IV|DR4.FC43354_SQR.PV;"2026-08-03 13:16:19,206009";"47,7780838012695"
\\PIAF\PKN Orlen\PI Vision\PKN Orlen\ZAKŁAD PRODUKCYJNY PŁOCK\RAFINERIA\PR03 BLOK PRZEROBU ROPY\DRW-IV|DR4.FC43354_SQR.PV;"2026-08-03 13:18:04,207001";"47,3694496154785"
\\PIAF\PKN Orlen\PI Vision\PKN Orlen\ZAKŁAD PRODUKCYJNY PŁOCK\RAFINERIA\PR03 BLOK PRZEROBU ROPY\DRW-IV|DR4.FC43354_SQR.PV;"2026-08-03 13:22:34,147003";"47,8170356750488"
\\PIAF\PKN Orlen\PI Vision\PKN Orlen\ZAKŁAD PRODUKCYJNY PŁOCK\RAFINERIA\PR03 BLOK PRZEROBU ROPY\DRW-IV|DR4.FC43354_SQR.PV;"2026-08-03 13:25:04,210007";"48,2741203308105"
\\PIAF\PKN Orlen\PI Vision\PKN Orlen\ZAKŁAD PRODUKCYJNY PŁOCK\RAFINERIA\PR03 BLOK PRZEROBU ROPY\DRW-IV|DR4.FC43354_SQR.PV;"2026-08-03 13:33:04,151001";"48,0080070495605"
\\PIAF\PKN Orlen\PI Vision\PKN Orlen\ZAKŁAD PRODUKCYJNY PŁOCK\RAFINERIA\PR03 BLOK PRZEROBU ROPY\DRW-IV|DR4.FC43354_SQR.PV;"2026-08-03 13:40:04,154007";"48,3569259643555"
\\PIAF\PKN Orlen\PI Vision\PKN Orlen\ZAKŁAD PRODUKCYJNY PŁOCK\RAFINERIA\PR03 BLOK PRZEROBU ROPY\DRW-IV|DR4.FC43354_SQR.PV;"2026-08-03 13:43:59,203003";"48,8667793273926"
\\PIAF\PKN Orlen\PI Vision\PKN Orlen\ZAKŁAD PRODUKCYJNY PŁOCK\RAFINERIA\PR03 BLOK PRZEROBU ROPY\DRW-IV|DR4.FC43354_SQR.PV;"2026-08-03 13:47:24,173004";"48,4679756164551"
\\PIAF\PKN Orlen\PI Vision\PKN Orlen\ZAKŁAD PRODUKCYJNY PŁOCK\RAFINERIA\PR03 BLOK PRZEROBU ROPY\DRW-IV|DR4.FC43354_SQR.PV;"2026-08-03 13:50:44,221008";"48,0900230407715"
\\PIAF\PKN Orlen\PI Vision\PKN Orlen\ZAKŁAD PRODUKCYJNY PŁOCK\RAFINERIA\PR03 BLOK PRZEROBU ROPY\DRW-IV|DR4.FC43354_SQR.PV;"2026-08-03 13:54:54,145004";"48,3588333129883"
\\PIAF\PKN Orlen\PI Vision\PKN Orlen\ZAKŁAD PRODUKCYJNY PŁOCK\RAFINERIA\PR03 BLOK PRZEROBU ROPY\DRW-IV|DR4.FC43354_SQR.PV;"2026-08-03 13:57:09,223999";"48,5942687988281"
\\PIAF\PKN Orlen\PI Vision\PKN Orlen\ZAKŁAD PRODUKCYJNY PŁOCK\RAFINERIA\PR03 BLOK PRZEROBU ROPY\DRW-IV|DR4.FC43354_SQR.PV;"2026-08-03 14:05:24,231003";"48,1979484558105"
\\PIAF\PKN Orlen\PI Vision\PKN Orlen\ZAKŁAD PRODUKCYJNY PŁOCK\RAFINERIA\PR03 BLOK PRZEROBU ROPY\DRW-IV|DR4.FC43354_SQR.PV;"2026-08-03 14:10:39,234009";"48,1921730041504"
\\PIAF\PKN Orlen\PI Vision\PKN Orlen\ZAKŁAD PRODUKCYJNY PŁOCK\RAFINERIA\PR03 BLOK PRZEROBU ROPY\DRW-IV|DR4.FC43354_SQR.PV;"2026-08-03 14:14:44,126007";"48,234935760498"
\\PIAF\PKN Orlen\PI Vision\PKN Orlen\ZAKŁAD PRODUKCYJNY PŁOCK\RAFINERIA\PR03 BLOK PRZEROBU ROPY\DRW-IV|DR4.FC43354_SQR.PV;"2026-08-03 14:18:24,190002";"48,6448097229004"
\\PIAF\PKN Orlen\PI Vision\PKN Orlen\ZAKŁAD PRODUKCYJNY PŁOCK\RAFINERIA\PR03 BLOK PRZEROBU ROPY\DRW-IV|DR4.FC43354_SQR.PV;"2026-08-03 14:24:09,161011";"48,3635864257813"
\\PIAF\PKN Orlen\PI Vision\PKN Orlen\ZAKŁAD PRODUKCYJNY PŁOCK\RAFINERIA\PR03 BLOK PRZEROBU ROPY\DRW-IV|DR4.FC43354_SQR.PV;"2026-08-03 14:30:09,117004";"48,0825729370117"
\\PIAF\PKN Orlen\PI Vision\PKN Orlen\ZAKŁAD PRODUKCYJNY PŁOCK\RAFINERIA\PR03 BLOK PRZEROBU ROPY\DRW-IV|DR4.FC43354_SQR.PV;"2026-08-03 14:39:24,199005";"48,4270858764648"
\\PIAF\PKN Orlen\PI Vision\PKN Orlen\ZAKŁAD PRODUKCYJNY PŁOCK\RAFINERIA\PR03 BLOK PRZEROBU ROPY\DRW-IV|DR4.FC43354_SQR.PV;"2026-08-03 14:43:49,21701";"48,6849784851074"
\\PIAF\PKN Orlen\PI Vision\PKN Orlen\ZAKŁAD PRODUKCYJNY PŁOCK\RAFINERIA\PR03 BLOK PRZEROBU ROPY\DRW-IV|DR4.FC43354_SQR.PV;"2026-08-03 14:50:19,142014";"48,4024848937988"
\\PIAF\PKN Orlen\PI Vision\PKN Orlen\ZAKŁAD PRODUKCYJNY PŁOCK\RAFINERIA\PR03 BLOK PRZEROBU ROPY\DRW-IV|DR4.FC43354_SQR.PV;"2026-08-03 15:03:34,194";"48,9861755371094"
\\PIAF\PKN Orlen\PI Vision\PKN Orlen\ZAKŁAD PRODUKCYJNY PŁOCK\RAFINERIA\PR03 BLOK PRZEROBU ROPY\DRW-IV|DR4.FC43354_SQR.PV;"2026-08-03 15:09:09,103012";"48,8102569580078"
\\PIAF\PKN Orlen\PI Vision\PKN Orlen\ZAKŁAD PRODUKCYJNY PŁOCK\RAFINERIA\PR03 BLOK PRZEROBU ROPY\DRW-IV|DR4.FC43354_SQR.PV;"2026-08-03 15:20:49,108001";"48,8808708190918"
\\PIAF\PKN Orlen\PI Vision\PKN Orlen\ZAKŁAD PRODUKCYJNY PŁOCK\RAFINERIA\PR03 BLOK PRZEROBU ROPY\DRW-IV|DR4.FC43354_SQR.PV;"2026-08-03 15:26:09,142014";"49,2350883483887"
\\PIAF\PKN Orlen\PI Vision\PKN Orlen\ZAKŁAD PRODUKCYJNY PŁOCK\RAFINERIA\PR03 BLOK PRZEROBU ROPY\DRW-IV|DR4.FC43354_SQR.PV;"2026-08-03 15:31:34,097";"48,8418388366699"
\\PIAF\PKN Orlen\PI Vision\PKN Orlen\ZAKŁAD PRODUKCYJNY PŁOCK\RAFINERIA\PR03 BLOK PRZEROBU ROPY\DRW-IV|DR4.FC43354_SQR.PV;"2026-08-03 15:34:19,145004";"48,4532737731934"
\\PIAF\PKN Orlen\PI Vision\PKN Orlen\ZAKŁAD PRODUKCYJNY PŁOCK\RAFINERIA\PR03 BLOK PRZEROBU ROPY\DRW-IV|DR4.FC43354_SQR.PV;"2026-08-03 15:45:09,166";"48,6581726074219"
\\PIAF\PKN Orlen\PI Vision\PKN Orlen\ZAKŁAD PRODUKCYJNY PŁOCK\RAFINERIA\PR03 BLOK PRZEROBU ROPY\DRW-IV|DR4.FC43354_SQR.PV;"2026-08-03 15:49:54,090012";"48,4955940246582"
\\PIAF\PKN Orlen\PI Vision\PKN Orlen\ZAKŁAD PRODUKCYJNY PŁOCK\RAFINERIA\PR03 BLOK PRZEROBU ROPY\DRW-IV|DR4.FC43354_SQR.PV;"2026-08-03 15:56:54,093002";"48,5590934753418"
\\PIAF\PKN Orlen\PI Vision\PKN Orlen\ZAKŁAD PRODUKCYJNY PŁOCK\RAFINERIA\PR03 BLOK PRZEROBU ROPY\DRW-IV|DR4.FC43354_SQR.PV;"2026-08-03 16:01:24,142014";"48,182788848877"
\\PIAF\PKN Orlen\PI Vision\PKN Orlen\ZAKŁAD PRODUKCYJNY PŁOCK\RAFINERIA\PR03 BLOK PRZEROBU ROPY\DRW-IV|DR4.FC43354_SQR.PV;"2026-08-03 16:08:14,082001";"48,8519897460938"
\\PIAF\PKN Orlen\PI Vision\PKN Orlen\ZAKŁAD PRODUKCYJNY PŁOCK\RAFINERIA\PR03 BLOK PRZEROBU ROPY\DRW-IV|DR4.FC43354_SQR.PV;"2026-08-03 16:18:14,109009";"48,265754699707"
\\PIAF\PKN Orlen\PI Vision\PKN Orlen\ZAKŁAD PRODUKCYJNY PŁOCK\RAFINERIA\PR03 BLOK PRZEROBU ROPY\DRW-IV|DR4.FC43354_SQR.PV;"2026-08-03 16:24:54,069";"49,0174026489258"
\\PIAF\PKN Orlen\PI Vision\PKN Orlen\ZAKŁAD PRODUKCYJNY PŁOCK\RAFINERIA\PR03 BLOK PRZEROBU ROPY\DRW-IV|DR4.FC43354_SQR.PV;"2026-08-03 16:28:04,040008";"48,7240867614746"
\\PIAF\PKN Orlen\PI Vision\PKN Orlen\ZAKŁAD PRODUKCYJNY PŁOCK\RAFINERIA\PR03 BLOK PRZEROBU ROPY\DRW-IV|DR4.FC43354_SQR.PV;"2026-08-03 16:34:24,137008";"46,9906806945801"
\\PIAF\PKN Orlen\PI Vision\PKN Orlen\ZAKŁAD PRODUKCYJNY PŁOCK\RAFINERIA\PR03 BLOK PRZEROBU ROPY\DRW-IV|DR4.FC43354_SQR.PV;"2026-08-03 16:37:34,123016";"47,4870223999023"
\\PIAF\PKN Orlen\PI Vision\PKN Orlen\ZAKŁAD PRODUKCYJNY PŁOCK\RAFINERIA\PR03 BLOK PRZEROBU ROPY\DRW-IV|DR4.FC43354_SQR.PV;"2026-08-03 16:41:04,124008";"47,9292068481445"
\\PIAF\PKN Orlen\PI Vision\PKN Orlen\ZAKŁAD PRODUKCYJNY PŁOCK\RAFINERIA\PR03 BLOK PRZEROBU ROPY\DRW-IV|DR4.FC43354_SQR.PV;"2026-08-03 16:47:04,190002";"47,5815544128418"
\\PIAF\PKN Orlen\PI Vision\PKN Orlen\ZAKŁAD PRODUKCYJNY PŁOCK\RAFINERIA\PR03 BLOK PRZEROBU ROPY\DRW-IV|DR4.FC43354_SQR.PV;"2026-08-03 16:53:14,099014";"47,7911491394043"
\\PIAF\PKN Orlen\PI Vision\PKN Orlen\ZAKŁAD PRODUKCYJNY PŁOCK\RAFINERIA\PR03 BLOK PRZEROBU ROPY\DRW-IV|DR4.FC43354_SQR.PV;"2026-08-03 16:55:59,147003";"48,2612571716309"
\\PIAF\PKN Orlen\PI Vision\PKN Orlen\ZAKŁAD PRODUKCYJNY PŁOCK\RAFINERIA\PR03 BLOK PRZEROBU ROPY\DRW-IV|DR4.FC43354_SQR.PV;"2026-08-03 16:58:54,14801";"47,9706192016602"
\\PIAF\PKN Orlen\PI Vision\PKN Orlen\ZAKŁAD PRODUKCYJNY PŁOCK\RAFINERIA\PR03 BLOK PRZEROBU ROPY\DRW-IV|DR4.FC43354_SQR.PV;"2026-08-03 17:01:39,087006";"47,7018127441406"
\\PIAF\PKN Orlen\PI Vision\PKN Orlen\ZAKŁAD PRODUKCYJNY PŁOCK\RAFINERIA\PR03 BLOK PRZEROBU ROPY\DRW-IV|DR4.FC43354_SQR.PV;"2026-08-03 17:10:14,237";"48,2956390380859"
\\PIAF\PKN Orlen\PI Vision\PKN Orlen\ZAKŁAD PRODUKCYJNY PŁOCK\RAFINERIA\PR03 BLOK PRZEROBU ROPY\DRW-IV|DR4.FC43354_SQR.PV;"2026-08-03 17:18:19,210007";"48,0101699829102"
\\PIAF\PKN Orlen\PI Vision\PKN Orlen\ZAKŁAD PRODUKCYJNY PŁOCK\RAFINERIA\PR03 BLOK PRZEROBU ROPY\DRW-IV|DR4.FC43354_SQR.PV;"2026-08-03 17:24:34,150009";"48,5852241516113"
\\PIAF\PKN Orlen\PI Vision\PKN Orlen\ZAKŁAD PRODUKCYJNY PŁOCK\RAFINERIA\PR03 BLOK PRZEROBU ROPY\DRW-IV|DR4.FC43354_SQR.PV;"2026-08-03 17:26:49,12001";"48,810359954834"
\\PIAF\PKN Orlen\PI Vision\PKN Orlen\ZAKŁAD PRODUKCYJNY PŁOCK\RAFINERIA\PR03 BLOK PRZEROBU ROPY\DRW-IV|DR4.FC43354_SQR.PV;"2026-08-03 17:55:09,084015";"48,0575332641602"
\\PIAF\PKN Orlen\PI Vision\PKN Orlen\ZAKŁAD PRODUKCYJNY PŁOCK\RAFINERIA\PR03 BLOK PRZEROBU ROPY\DRW-IV|DR4.FC43354_SQR.PV;"2026-08-03 18:01:59,133011";"48,0963668823242"
\\PIAF\PKN Orlen\PI Vision\PKN Orlen\ZAKŁAD PRODUKCYJNY PŁOCK\RAFINERIA\PR03 BLOK PRZEROBU ROPY\DRW-IV|DR4.FC43354_SQR.PV;"2026-08-03 18:06:34,104004";"48,4415435791016"
\\PIAF\PKN Orlen\PI Vision\PKN Orlen\ZAKŁAD PRODUKCYJNY PŁOCK\RAFINERIA\PR03 BLOK PRZEROBU ROPY\DRW-IV|DR4.FC43354_SQR.PV;"2026-08-03 18:09:09,090012";"49,1081314086914"
\\PIAF\PKN Orlen\PI Vision\PKN Orlen\ZAKŁAD PRODUKCYJNY PŁOCK\RAFINERIA\PR03 BLOK PRZEROBU ROPY\DRW-IV|DR4.FC43354_SQR.PV;"2026-08-03 18:13:14,09201";"48,9847068786621"
\\PIAF\PKN Orlen\PI Vision\PKN Orlen\ZAKŁAD PRODUKCYJNY PŁOCK\RAFINERIA\PR03 BLOK PRZEROBU ROPY\DRW-IV|DR4.FC43354_SQR.PV;"2026-08-03 18:16:59,078003";"48,495849609375"
\\PIAF\PKN Orlen\PI Vision\PKN Orlen\ZAKŁAD PRODUKCYJNY PŁOCK\RAFINERIA\PR03 BLOK PRZEROBU ROPY\DRW-IV|DR4.FC43354_SQR.PV;"2026-08-03 18:27:09,06601";"48,7693901062012"
\\PIAF\PKN Orlen\PI Vision\PKN Orlen\ZAKŁAD PRODUKCYJNY PŁOCK\RAFINERIA\PR03 BLOK PRZEROBU ROPY\DRW-IV|DR4.FC43354_SQR.PV;"2026-08-03 18:33:49,263";"48,4932518005371"
\\PIAF\PKN Orlen\PI Vision\PKN Orlen\ZAKŁAD PRODUKCYJNY PŁOCK\RAFINERIA\PR03 BLOK PRZEROBU ROPY\DRW-IV|DR4.FC43354_SQR.PV;"2026-08-03 18:40:44,235001";"49,2255592346191"
\\PIAF\PKN Orlen\PI Vision\PKN Orlen\ZAKŁAD PRODUKCYJNY PŁOCK\RAFINERIA\PR03 BLOK PRZEROBU ROPY\DRW-IV|DR4.FC43354_SQR.PV;"2026-08-03 18:45:29,159012";"48,9292030334473"
\\PIAF\PKN Orlen\PI Vision\PKN Orlen\ZAKŁAD PRODUKCYJNY PŁOCK\RAFINERIA\PR03 BLOK PRZEROBU ROPY\DRW-IV|DR4.FC43354_SQR.PV;"2026-08-03 18:53:09,193008";"49,2022666931152"
\\PIAF\PKN Orlen\PI Vision\PKN Orlen\ZAKŁAD PRODUKCYJNY PŁOCK\RAFINERIA\PR03 BLOK PRZEROBU ROPY\DRW-IV|DR4.FC43354_SQR.PV;"2026-08-03 18:57:34,211014";"48,7757148742676"
\\PIAF\PKN Orlen\PI Vision\PKN Orlen\ZAKŁAD PRODUKCYJNY PŁOCK\RAFINERIA\PR03 BLOK PRZEROBU ROPY\DRW-IV|DR4.FC43354_SQR.PV;"2026-08-03 19:05:29,230011";"48,9056854248047"
\\PIAF\PKN Orlen\PI Vision\PKN Orlen\ZAKŁAD PRODUKCYJNY PŁOCK\RAFINERIA\PR03 BLOK PRZEROBU ROPY\DRW-IV|DR4.FC43354_SQR.PV;"2026-08-03 19:09:29,201004";"49,2125511169434"
\\PIAF\PKN Orlen\PI Vision\PKN Orlen\ZAKŁAD PRODUKCYJNY PŁOCK\RAFINERIA\PR03 BLOK PRZEROBU ROPY\DRW-IV|DR4.FC43354_SQR.PV;"2026-08-03 19:17:04,20401";"48,4928817749023"
\\PIAF\PKN Orlen\PI Vision\PKN Orlen\ZAKŁAD PRODUKCYJNY PŁOCK\RAFINERIA\PR03 BLOK PRZEROBU ROPY\DRW-IV|DR4.FC43354_SQR.PV;"2026-08-03 19:23:04,160003";"48,5584144592285"
\\PIAF\PKN Orlen\PI Vision\PKN Orlen\ZAKŁAD PRODUKCYJNY PŁOCK\RAFINERIA\PR03 BLOK PRZEROBU ROPY\DRW-IV|DR4.FC43354_SQR.PV;"2026-08-03 19:27:19,223999";"48,8537292480469"
\\PIAF\PKN Orlen\PI Vision\PKN Orlen\ZAKŁAD PRODUKCYJNY PŁOCK\RAFINERIA\PR03 BLOK PRZEROBU ROPY\DRW-IV|DR4.FC43354_SQR.PV;"2026-08-03 19:31:49,164001";"48,4123382568359"
\\PIAF\PKN Orlen\PI Vision\PKN Orlen\ZAKŁAD PRODUKCYJNY PŁOCK\RAFINERIA\PR03 BLOK PRZEROBU ROPY\DRW-IV|DR4.FC43354_SQR.PV;"2026-08-03 19:36:59,13501";"49,191520690918"
\\PIAF\PKN Orlen\PI Vision\PKN Orlen\ZAKŁAD PRODUKCYJNY PŁOCK\RAFINERIA\PR03 BLOK PRZEROBU ROPY\DRW-IV|DR4.FC43354_SQR.PV;"2026-08-03 19:40:14,152008";"49,4229469299316"
\\PIAF\PKN Orlen\PI Vision\PKN Orlen\ZAKŁAD PRODUKCYJNY PŁOCK\RAFINERIA\PR03 BLOK PRZEROBU ROPY\DRW-IV|DR4.FC43354_SQR.PV;"2026-08-03 19:47:29,139008";"49,0649528503418"
\\PIAF\PKN Orlen\PI Vision\PKN Orlen\ZAKŁAD PRODUKCYJNY PŁOCK\RAFINERIA\PR03 BLOK PRZEROBU ROPY\DRW-IV|DR4.FC43354_SQR.PV;"2026-08-03 19:56:24,206009";"49,1625213623047"
\\PIAF\PKN Orlen\PI Vision\PKN Orlen\ZAKŁAD PRODUKCYJNY PŁOCK\RAFINERIA\PR03 BLOK PRZEROBU ROPY\DRW-IV|DR4.FC43354_SQR.PV;"2026-08-03 20:03:24,209";"49,2528648376465"
\\PIAF\PKN Orlen\PI Vision\PKN Orlen\ZAKŁAD PRODUKCYJNY PŁOCK\RAFINERIA\PR03 BLOK PRZEROBU ROPY\DRW-IV|DR4.FC43354_SQR.PV;"2026-08-03 20:08:44,133011";"49,5509033203125"
\\PIAF\PKN Orlen\PI Vision\PKN Orlen\ZAKŁAD PRODUKCYJNY PŁOCK\RAFINERIA\PR03 BLOK PRZEROBU ROPY\DRW-IV|DR4.FC43354_SQR.PV;"2026-08-03 20:16:39,152008";"49,1596183776855"
\\PIAF\PKN Orlen\PI Vision\PKN Orlen\ZAKŁAD PRODUKCYJNY PŁOCK\RAFINERIA\PR03 BLOK PRZEROBU ROPY\DRW-IV|DR4.FC43354_SQR.PV;"2026-08-03 20:27:44,157013";"49,2514190673828"
\\PIAF\PKN Orlen\PI Vision\PKN Orlen\ZAKŁAD PRODUKCYJNY PŁOCK\RAFINERIA\PR03 BLOK PRZEROBU ROPY\DRW-IV|DR4.FC43354_SQR.PV;"2026-08-03 20:36:44,145004";"49,000072479248"
\\PIAF\PKN Orlen\PI Vision\PKN Orlen\ZAKŁAD PRODUKCYJNY PŁOCK\RAFINERIA\PR03 BLOK PRZEROBU ROPY\DRW-IV|DR4.FC43354_SQR.PV;"2026-08-03 20:48:29,182007";"49,1889724731445"
\\PIAF\PKN Orlen\PI Vision\PKN Orlen\ZAKŁAD PRODUKCYJNY PŁOCK\RAFINERIA\PR03 BLOK PRZEROBU ROPY\DRW-IV|DR4.FC43354_SQR.PV;"2026-08-03 20:53:34,121002";"49,0989456176758"
\\PIAF\PKN Orlen\PI Vision\PKN Orlen\ZAKŁAD PRODUKCYJNY PŁOCK\RAFINERIA\PR03 BLOK PRZEROBU ROPY\DRW-IV|DR4.FC43354_SQR.PV;"2026-08-03 21:07:19,143005";"48,8240242004395"
\\PIAF\PKN Orlen\PI Vision\PKN Orlen\ZAKŁAD PRODUKCYJNY PŁOCK\RAFINERIA\PR03 BLOK PRZEROBU ROPY\DRW-IV|DR4.FC43354_SQR.PV;"2026-08-03 21:17:34,163009";"49,1078758239746"
\\PIAF\PKN Orlen\PI Vision\PKN Orlen\ZAKŁAD PRODUKCYJNY PŁOCK\RAFINERIA\PR03 BLOK PRZEROBU ROPY\DRW-IV|DR4.FC43354_SQR.PV;"2026-08-03 21:23:49,103012";"49,4587097167969"
\\PIAF\PKN Orlen\PI Vision\PKN Orlen\ZAKŁAD PRODUKCYJNY PŁOCK\RAFINERIA\PR03 BLOK PRZEROBU ROPY\DRW-IV|DR4.FC43354_SQR.PV;"2026-08-03 21:33:04,186004";"49,4275283813477"
\\PIAF\PKN Orlen\PI Vision\PKN Orlen\ZAKŁAD PRODUKCYJNY PŁOCK\RAFINERIA\PR03 BLOK PRZEROBU ROPY\DRW-IV|DR4.FC43354_SQR.PV;"2026-08-03 21:39:29,188004";"49,4483642578125"
\\PIAF\PKN Orlen\PI Vision\PKN Orlen\ZAKŁAD PRODUKCYJNY PŁOCK\RAFINERIA\PR03 BLOK PRZEROBU ROPY\DRW-IV|DR4.FC43354_SQR.PV;"2026-08-03 21:54:39,086014";"49,3908615112305"
\\PIAF\PKN Orlen\PI Vision\PKN Orlen\ZAKŁAD PRODUKCYJNY PŁOCK\RAFINERIA\PR03 BLOK PRZEROBU ROPY\DRW-IV|DR4.FC43354_SQR.PV;"2026-08-03 22:00:09,072006";"49,6786270141602"
\\PIAF\PKN Orlen\PI Vision\PKN Orlen\ZAKŁAD PRODUKCYJNY PŁOCK\RAFINERIA\PR03 BLOK PRZEROBU ROPY\DRW-IV|DR4.FC43354_SQR.PV;"2026-08-03 22:05:29,17601";"49,2595710754395"
\\PIAF\PKN Orlen\PI Vision\PKN Orlen\ZAKŁAD PRODUKCYJNY PŁOCK\RAFINERIA\PR03 BLOK PRZEROBU ROPY\DRW-IV|DR4.FC43354_SQR.PV;"2026-08-03 22:15:24,071014";"49,5954093933105"
\\PIAF\PKN Orlen\PI Vision\PKN Orlen\ZAKŁAD PRODUKCYJNY PŁOCK\RAFINERIA\PR03 BLOK PRZEROBU ROPY\DRW-IV|DR4.FC43354_SQR.PV;"2026-08-03 22:23:29,152008";"49,5422172546387"
\\PIAF\PKN Orlen\PI Vision\PKN Orlen\ZAKŁAD PRODUKCYJNY PŁOCK\RAFINERIA\PR03 BLOK PRZEROBU ROPY\DRW-IV|DR4.FC43354_SQR.PV;"2026-08-03 22:32:44,225006";"49,2758255004883"
\\PIAF\PKN Orlen\PI Vision\PKN Orlen\ZAKŁAD PRODUKCYJNY PŁOCK\RAFINERIA\PR03 BLOK PRZEROBU ROPY\DRW-IV|DR4.FC43354_SQR.PV;"2026-08-03 22:35:24,242004";"49,5532608032227"
\\PIAF\PKN Orlen\PI Vision\PKN Orlen\ZAKŁAD PRODUKCYJNY PŁOCK\RAFINERIA\PR03 BLOK PRZEROBU ROPY\DRW-IV|DR4.FC43354_SQR.PV;"2026-08-03 22:37:14,165008";"49,6322860717773"
\\PIAF\PKN Orlen\PI Vision\PKN Orlen\ZAKŁAD PRODUKCYJNY PŁOCK\RAFINERIA\PR03 BLOK PRZEROBU ROPY\DRW-IV|DR4.FC43354_SQR.PV;"2026-08-03 22:41:49,24501";"49,5513687133789"
\\PIAF\PKN Orlen\PI Vision\PKN Orlen\ZAKŁAD PRODUKCYJNY PŁOCK\RAFINERIA\PR03 BLOK PRZEROBU ROPY\DRW-IV|DR4.FC43354_SQR.PV;"2026-08-03 22:45:49,215012";"48,5365943908691"
\\PIAF\PKN Orlen\PI Vision\PKN Orlen\ZAKŁAD PRODUKCYJNY PŁOCK\RAFINERIA\PR03 BLOK PRZEROBU ROPY\DRW-IV|DR4.FC43354_SQR.PV;"2026-08-03 22:49:04,212006";"48,806510925293"
\\PIAF\PKN Orlen\PI Vision\PKN Orlen\ZAKŁAD PRODUKCYJNY PŁOCK\RAFINERIA\PR03 BLOK PRZEROBU ROPY\DRW-IV|DR4.FC43354_SQR.PV;"2026-08-03 22:52:54,229004";"49,7570114135742"
\\PIAF\PKN Orlen\PI Vision\PKN Orlen\ZAKŁAD PRODUKCYJNY PŁOCK\RAFINERIA\PR03 BLOK PRZEROBU ROPY\DRW-IV|DR4.FC43354_SQR.PV;"2026-08-03 22:56:39,215012";"49,746150970459"
\\PIAF\PKN Orlen\PI Vision\PKN Orlen\ZAKŁAD PRODUKCYJNY PŁOCK\RAFINERIA\PR03 BLOK PRZEROBU ROPY\DRW-IV|DR4.FC43354_SQR.PV;"2026-08-03 23:04:34,234009";"48,7656555175781"
\\PIAF\PKN Orlen\PI Vision\PKN Orlen\ZAKŁAD PRODUKCYJNY PŁOCK\RAFINERIA\PR03 BLOK PRZEROBU ROPY\DRW-IV|DR4.FC43354_SQR.PV;"2026-08-03 23:07:19,173004";"48,6863403320313"
\\PIAF\PKN Orlen\PI Vision\PKN Orlen\ZAKŁAD PRODUKCYJNY PŁOCK\RAFINERIA\PR03 BLOK PRZEROBU ROPY\DRW-IV|DR4.FC43354_SQR.PV;"2026-08-03 23:19:29,147003";"49,0358963012695"
\\PIAF\PKN Orlen\PI Vision\PKN Orlen\ZAKŁAD PRODUKCYJNY PŁOCK\RAFINERIA\PR03 BLOK PRZEROBU ROPY\DRW-IV|DR4.FC43354_SQR.PV;"2026-08-03 23:27:09,182007";"48,6776542663574"
\\PIAF\PKN Orlen\PI Vision\PKN Orlen\ZAKŁAD PRODUKCYJNY PŁOCK\RAFINERIA\PR03 BLOK PRZEROBU ROPY\DRW-IV|DR4.FC43354_SQR.PV;"2026-08-03 23:33:34,184005";"49,2641143798828"
\\PIAF\PKN Orlen\PI Vision\PKN Orlen\ZAKŁAD PRODUKCYJNY PŁOCK\RAFINERIA\PR03 BLOK PRZEROBU ROPY\DRW-IV|DR4.FC43354_SQR.PV;"2026-08-03 23:40:14,172012";"49,2081642150879"
\\PIAF\PKN Orlen\PI Vision\PKN Orlen\ZAKŁAD PRODUKCYJNY PŁOCK\RAFINERIA\PR03 BLOK PRZEROBU ROPY\DRW-IV|DR4.FC43354_SQR.PV;"2026-08-03 23:46:34,143005";"49,3106651306152"
\\PIAF\PKN Orlen\PI Vision\PKN Orlen\ZAKŁAD PRODUKCYJNY PŁOCK\RAFINERIA\PR03 BLOK PRZEROBU ROPY\DRW-IV|DR4.FC43354_SQR.PV;"2026-08-03 23:50:54,130005";"49,4044456481934"
\\PIAF\PKN Orlen\PI Vision\PKN Orlen\ZAKŁAD PRODUKCYJNY PŁOCK\RAFINERIA\PR03 BLOK PRZEROBU ROPY\DRW-IV|DR4.FC43354_SQR.PV;"2026-08-04 00:13:54,233001";"49,0647888183594"
\\PIAF\PKN Orlen\PI Vision\PKN Orlen\ZAKŁAD PRODUKCYJNY PŁOCK\RAFINERIA\PR03 BLOK PRZEROBU ROPY\DRW-IV|DR4.FC43354_SQR.PV;"2026-08-04 00:31:54,210007";"49,0790405273438"
\\PIAF\PKN Orlen\PI Vision\PKN Orlen\ZAKŁAD PRODUKCYJNY PŁOCK\RAFINERIA\PR03 BLOK PRZEROBU ROPY\DRW-IV|DR4.FC43354_SQR.PV;"2026-08-04 00:35:09,118011";"48,9164733886719"
\\PIAF\PKN Orlen\PI Vision\PKN Orlen\ZAKŁAD PRODUKCYJNY PŁOCK\RAFINERIA\PR03 BLOK PRZEROBU ROPY\DRW-IV|DR4.FC43354_SQR.PV;"2026-08-04 00:42:49,152008";"49,1070976257324"
\\PIAF\PKN Orlen\PI Vision\PKN Orlen\ZAKŁAD PRODUKCYJNY PŁOCK\RAFINERIA\PR03 BLOK PRZEROBU ROPY\DRW-IV|DR4.FC43354_SQR.PV;"2026-08-04 00:48:54,139008";"48,8593101501465"
\\PIAF\PKN Orlen\PI Vision\PKN Orlen\ZAKŁAD PRODUKCYJNY PŁOCK\RAFINERIA\PR03 BLOK PRZEROBU ROPY\DRW-IV|DR4.FC43354_SQR.PV;"2026-08-04 00:56:09,127014";"49,1036262512207"
\\PIAF\PKN Orlen\PI Vision\PKN Orlen\ZAKŁAD PRODUKCYJNY PŁOCK\RAFINERIA\PR03 BLOK PRZEROBU ROPY\DRW-IV|DR4.FC43354_SQR.PV;"2026-08-04 00:57:29,190002";"49,2387924194336"
\\PIAF\PKN Orlen\PI Vision\PKN Orlen\ZAKŁAD PRODUKCYJNY PŁOCK\RAFINERIA\PR03 BLOK PRZEROBU ROPY\DRW-IV|DR4.FC43354_SQR.PV;"2026-08-04 00:58:59,206009";"49,7396697998047"
\\PIAF\PKN Orlen\PI Vision\PKN Orlen\ZAKŁAD PRODUKCYJNY PŁOCK\RAFINERIA\PR03 BLOK PRZEROBU ROPY\DRW-IV|DR4.FC43354_SQR.PV;"2026-08-04 01:06:04,131012";"48,653018951416"
\\PIAF\PKN Orlen\PI Vision\PKN Orlen\ZAKŁAD PRODUKCYJNY PŁOCK\RAFINERIA\PR03 BLOK PRZEROBU ROPY\DRW-IV|DR4.FC43354_SQR.PV;"2026-08-04 01:13:54,119003";"49,2187194824219"
\\PIAF\PKN Orlen\PI Vision\PKN Orlen\ZAKŁAD PRODUKCYJNY PŁOCK\RAFINERIA\PR03 BLOK PRZEROBU ROPY\DRW-IV|DR4.FC43354_SQR.PV;"2026-08-04 01:18:39,153";"49,0252380371094"
\\PIAF\PKN Orlen\PI Vision\PKN Orlen\ZAKŁAD PRODUKCYJNY PŁOCK\RAFINERIA\PR03 BLOK PRZEROBU ROPY\DRW-IV|DR4.FC43354_SQR.PV;"2026-08-04 01:24:04,108001";"49,3000946044922"
\\PIAF\PKN Orlen\PI Vision\PKN Orlen\ZAKŁAD PRODUKCYJNY PŁOCK\RAFINERIA\PR03 BLOK PRZEROBU ROPY\DRW-IV|DR4.FC43354_SQR.PV;"2026-08-04 01:27:29,188004";"48,9755706787109"
\\PIAF\PKN Orlen\PI Vision\PKN Orlen\ZAKŁAD PRODUKCYJNY PŁOCK\RAFINERIA\PR03 BLOK PRZEROBU ROPY\DRW-IV|DR4.FC43354_SQR.PV;"2026-08-04 01:31:39,111007";"48,9517211914063"
\\PIAF\PKN Orlen\PI Vision\PKN Orlen\ZAKŁAD PRODUKCYJNY PŁOCK\RAFINERIA\PR03 BLOK PRZEROBU ROPY\DRW-IV|DR4.FC43354_SQR.PV;"2026-08-04 01:35:44,113006";"48,6532974243164"
\\PIAF\PKN Orlen\PI Vision\PKN Orlen\ZAKŁAD PRODUKCYJNY PŁOCK\RAFINERIA\PR03 BLOK PRZEROBU ROPY\DRW-IV|DR4.FC43354_SQR.PV;"2026-08-04 01:37:54,161011";"48,8910484313965"
\\PIAF\PKN Orlen\PI Vision\PKN Orlen\ZAKŁAD PRODUKCYJNY PŁOCK\RAFINERIA\PR03 BLOK PRZEROBU ROPY\DRW-IV|DR4.FC43354_SQR.PV;"2026-08-04 01:45:19,102005";"48,4547729492188"
\\PIAF\PKN Orlen\PI Vision\PKN Orlen\ZAKŁAD PRODUKCYJNY PŁOCK\RAFINERIA\PR03 BLOK PRZEROBU ROPY\DRW-IV|DR4.FC43354_SQR.PV;"2026-08-04 01:52:54,105011";"48,9497184753418"
\\PIAF\PKN Orlen\PI Vision\PKN Orlen\ZAKŁAD PRODUKCYJNY PŁOCK\RAFINERIA\PR03 BLOK PRZEROBU ROPY\DRW-IV|DR4.FC43354_SQR.PV;"2026-08-04 01:57:19,123001";"48,8587188720703"
\\PIAF\PKN Orlen\PI Vision\PKN Orlen\ZAKŁAD PRODUKCYJNY PŁOCK\RAFINERIA\PR03 BLOK PRZEROBU ROPY\DRW-IV|DR4.FC43354_SQR.PV;"2026-08-04 02:01:34,187011";"49,3502998352051"
\\PIAF\PKN Orlen\PI Vision\PKN Orlen\ZAKŁAD PRODUKCYJNY PŁOCK\RAFINERIA\PR03 BLOK PRZEROBU ROPY\DRW-IV|DR4.FC43354_SQR.PV;"2026-08-04 02:03:44,125015";"49,4681777954102"
\\PIAF\PKN Orlen\PI Vision\PKN Orlen\ZAKŁAD PRODUKCYJNY PŁOCK\RAFINERIA\PR03 BLOK PRZEROBU ROPY\DRW-IV|DR4.FC43354_SQR.PV;"2026-08-04 02:08:14,174011";"48,5680732727051"
\\PIAF\PKN Orlen\PI Vision\PKN Orlen\ZAKŁAD PRODUKCYJNY PŁOCK\RAFINERIA\PR03 BLOK PRZEROBU ROPY\DRW-IV|DR4.FC43354_SQR.PV;"2026-08-04 02:14:24,083008";"48,6977310180664"
\\PIAF\PKN Orlen\PI Vision\PKN Orlen\ZAKŁAD PRODUKCYJNY PŁOCK\RAFINERIA\PR03 BLOK PRZEROBU ROPY\DRW-IV|DR4.FC43354_SQR.PV;"2026-08-04 02:20:09,164001";"49,0505256652832"
\\PIAF\PKN Orlen\PI Vision\PKN Orlen\ZAKŁAD PRODUKCYJNY PŁOCK\RAFINERIA\PR03 BLOK PRZEROBU ROPY\DRW-IV|DR4.FC43354_SQR.PV;"2026-08-04 02:27:09,167007";"48,3260498046875"
\\PIAF\PKN Orlen\PI Vision\PKN Orlen\ZAKŁAD PRODUKCYJNY PŁOCK\RAFINERIA\PR03 BLOK PRZEROBU ROPY\DRW-IV|DR4.FC43354_SQR.PV;"2026-08-04 02:31:24,122009";"48,5264511108398"
\\PIAF\PKN Orlen\PI Vision\PKN Orlen\ZAKŁAD PRODUKCYJNY PŁOCK\RAFINERIA\PR03 BLOK PRZEROBU ROPY\DRW-IV|DR4.FC43354_SQR.PV;"2026-08-04 02:35:24,093002";"48,7053413391113"
\\PIAF\PKN Orlen\PI Vision\PKN Orlen\ZAKŁAD PRODUKCYJNY PŁOCK\RAFINERIA\PR03 BLOK PRZEROBU ROPY\DRW-IV|DR4.FC43354_SQR.PV;"2026-08-04 02:38:59,125015";"48,4410591125488"
\\PIAF\PKN Orlen\PI Vision\PKN Orlen\ZAKŁAD PRODUKCYJNY PŁOCK\RAFINERIA\PR03 BLOK PRZEROBU ROPY\DRW-IV|DR4.FC43354_SQR.PV;"2026-08-04 02:55:04,209015";"48,2754211425781"
\\PIAF\PKN Orlen\PI Vision\PKN Orlen\ZAKŁAD PRODUKCYJNY PŁOCK\RAFINERIA\PR03 BLOK PRZEROBU ROPY\DRW-IV|DR4.FC43354_SQR.PV;"2026-08-04 03:08:44,199005";"47,9560852050781"
\\PIAF\PKN Orlen\PI Vision\PKN Orlen\ZAKŁAD PRODUKCYJNY PŁOCK\RAFINERIA\PR03 BLOK PRZEROBU ROPY\DRW-IV|DR4.FC43354_SQR.PV;"2026-08-04 03:10:49,216003";"48,0348663330078"
\\PIAF\PKN Orlen\PI Vision\PKN Orlen\ZAKŁAD PRODUKCYJNY PŁOCK\RAFINERIA\PR03 BLOK PRZEROBU ROPY\DRW-IV|DR4.FC43354_SQR.PV;"2026-08-04 03:19:04,251007";"47,8960914611816"
\\PIAF\PKN Orlen\PI Vision\PKN Orlen\ZAKŁAD PRODUKCYJNY PŁOCK\RAFINERIA\PR03 BLOK PRZEROBU ROPY\DRW-IV|DR4.FC43354_SQR.PV;"2026-08-04 03:27:44,223007";"48,2995338439941"
\\PIAF\PKN Orlen\PI Vision\PKN Orlen\ZAKŁAD PRODUKCYJNY PŁOCK\RAFINERIA\PR03 BLOK PRZEROBU ROPY\DRW-IV|DR4.FC43354_SQR.PV;"2026-08-04 03:29:49,240005";"48,2282066345215"
\\PIAF\PKN Orlen\PI Vision\PKN Orlen\ZAKŁAD PRODUKCYJNY PŁOCK\RAFINERIA\PR03 BLOK PRZEROBU ROPY\DRW-IV|DR4.FC43354_SQR.PV;"2026-08-04 03:37:49,181";"48,5825119018555"
\\PIAF\PKN Orlen\PI Vision\PKN Orlen\ZAKŁAD PRODUKCYJNY PŁOCK\RAFINERIA\PR03 BLOK PRZEROBU ROPY\DRW-IV|DR4.FC43354_SQR.PV;"2026-08-04 03:42:14,198013";"48,1831130981445"
\\PIAF\PKN Orlen\PI Vision\PKN Orlen\ZAKŁAD PRODUKCYJNY PŁOCK\RAFINERIA\PR03 BLOK PRZEROBU ROPY\DRW-IV|DR4.FC43354_SQR.PV;"2026-08-04 03:49:54,124008";"48,4607734680176"
\\PIAF\PKN Orlen\PI Vision\PKN Orlen\ZAKŁAD PRODUKCYJNY PŁOCK\RAFINERIA\PR03 BLOK PRZEROBU ROPY\DRW-IV|DR4.FC43354_SQR.PV;"2026-08-04 03:56:19,236007";"48,1076393127441"
\\PIAF\PKN Orlen\PI Vision\PKN Orlen\ZAKŁAD PRODUKCYJNY PŁOCK\RAFINERIA\PR03 BLOK PRZEROBU ROPY\DRW-IV|DR4.FC43354_SQR.PV;"2026-08-04 04:13:14,134002";"48,018253326416"
\\PIAF\PKN Orlen\PI Vision\PKN Orlen\ZAKŁAD PRODUKCYJNY PŁOCK\RAFINERIA\PR03 BLOK PRZEROBU ROPY\DRW-IV|DR4.FC43354_SQR.PV;"2026-08-04 04:18:24,214004";"47,8653450012207"
\\PIAF\PKN Orlen\PI Vision\PKN Orlen\ZAKŁAD PRODUKCYJNY PŁOCK\RAFINERIA\PR03 BLOK PRZEROBU ROPY\DRW-IV|DR4.FC43354_SQR.PV;"2026-08-04 04:20:59,200012";"47,5455093383789"
\\PIAF\PKN Orlen\PI Vision\PKN Orlen\ZAKŁAD PRODUKCYJNY PŁOCK\RAFINERIA\PR03 BLOK PRZEROBU ROPY\DRW-IV|DR4.FC43354_SQR.PV;"2026-08-04 04:23:19,201004";"47,5628051757813"
\\PIAF\PKN Orlen\PI Vision\PKN Orlen\ZAKŁAD PRODUKCYJNY PŁOCK\RAFINERIA\PR03 BLOK PRZEROBU ROPY\DRW-IV|DR4.FC43354_SQR.PV;"2026-08-04 04:26:19,233001";"48,2006225585938"
\\PIAF\PKN Orlen\PI Vision\PKN Orlen\ZAKŁAD PRODUKCYJNY PŁOCK\RAFINERIA\PR03 BLOK PRZEROBU ROPY\DRW-IV|DR4.FC43354_SQR.PV;"2026-08-04 04:31:14,220001";"48,1439018249512"
\\PIAF\PKN Orlen\PI Vision\PKN Orlen\ZAKŁAD PRODUKCYJNY PŁOCK\RAFINERIA\PR03 BLOK PRZEROBU ROPY\DRW-IV|DR4.FC43354_SQR.PV;"2026-08-04 04:39:24,223007";"47,7458724975586"
\\PIAF\PKN Orlen\PI Vision\PKN Orlen\ZAKŁAD PRODUKCYJNY PŁOCK\RAFINERIA\PR03 BLOK PRZEROBU ROPY\DRW-IV|DR4.FC43354_SQR.PV;"2026-08-04 04:47:54,133011";"47,9586029052734"
\\PIAF\PKN Orlen\PI Vision\PKN Orlen\ZAKŁAD PRODUKCYJNY PŁOCK\RAFINERIA\PR03 BLOK PRZEROBU ROPY\DRW-IV|DR4.FC43354_SQR.PV;"2026-08-04 04:52:04,167007";"47,7525482177734"
\\PIAF\PKN Orlen\PI Vision\PKN Orlen\ZAKŁAD PRODUKCYJNY PŁOCK\RAFINERIA\PR03 BLOK PRZEROBU ROPY\DRW-IV|DR4.FC43354_SQR.PV;"2026-08-04 05:02:19,187011";"47,697193145752"
\\PIAF\PKN Orlen\PI Vision\PKN Orlen\ZAKŁAD PRODUKCYJNY PŁOCK\RAFINERIA\PR03 BLOK PRZEROBU ROPY\DRW-IV|DR4.FC43354_SQR.PV;"2026-08-04 05:07:29,158005";"47,7793807983398"
\\PIAF\PKN Orlen\PI Vision\PKN Orlen\ZAKŁAD PRODUKCYJNY PŁOCK\RAFINERIA\PR03 BLOK PRZEROBU ROPY\DRW-IV|DR4.FC43354_SQR.PV;"2026-08-04 05:18:09,221008";"47,558406829834"
\\PIAF\PKN Orlen\PI Vision\PKN Orlen\ZAKŁAD PRODUKCYJNY PŁOCK\RAFINERIA\PR03 BLOK PRZEROBU ROPY\DRW-IV|DR4.FC43354_SQR.PV;"2026-08-04 05:30:54,196014";"47,7670745849609"
\\PIAF\PKN Orlen\PI Vision\PKN Orlen\ZAKŁAD PRODUKCYJNY PŁOCK\RAFINERIA\PR03 BLOK PRZEROBU ROPY\DRW-IV|DR4.FC43354_SQR.PV;"2026-08-04 05:35:59,136002";"47,8452262878418"
\\PIAF\PKN Orlen\PI Vision\PKN Orlen\ZAKŁAD PRODUKCYJNY PŁOCK\RAFINERIA\PR03 BLOK PRZEROBU ROPY\DRW-IV|DR4.FC43354_SQR.PV;"2026-08-04 05:40:54,122009";"48,1530952453613"
\\PIAF\PKN Orlen\PI Vision\PKN Orlen\ZAKŁAD PRODUKCYJNY PŁOCK\RAFINERIA\PR03 BLOK PRZEROBU ROPY\DRW-IV|DR4.FC43354_SQR.PV;"2026-08-04 05:52:04,158005";"47,9123344421387"
\\PIAF\PKN Orlen\PI Vision\PKN Orlen\ZAKŁAD PRODUKCYJNY PŁOCK\RAFINERIA\PR03 BLOK PRZEROBU ROPY\DRW-IV|DR4.FC43354_SQR.PV;"2026-08-04 05:57:44,098007";"48,2021675109863"
\\PIAF\PKN Orlen\PI Vision\PKN Orlen\ZAKŁAD PRODUKCYJNY PŁOCK\RAFINERIA\PR03 BLOK PRZEROBU ROPY\DRW-IV|DR4.FC43354_SQR.PV;"2026-08-04 06:07:59,118011";"47,9286880493164"
\\PIAF\PKN Orlen\PI Vision\PKN Orlen\ZAKŁAD PRODUKCYJNY PŁOCK\RAFINERIA\PR03 BLOK PRZEROBU ROPY\DRW-IV|DR4.FC43354_SQR.PV;"2026-08-04 06:20:04,171005";"48,1978073120117"
\\PIAF\PKN Orlen\PI Vision\PKN Orlen\ZAKŁAD PRODUKCYJNY PŁOCK\RAFINERIA\PR03 BLOK PRZEROBU ROPY\DRW-IV|DR4.FC43354_SQR.PV;"2026-08-04 06:26:04,126007";"48,3655815124512"
\\PIAF\PKN Orlen\PI Vision\PKN Orlen\ZAKŁAD PRODUKCYJNY PŁOCK\RAFINERIA\PR03 BLOK PRZEROBU ROPY\DRW-IV|DR4.FC43354_SQR.PV;"2026-08-04 06:29:24,175003";"48,5010566711426"
\\PIAF\PKN Orlen\PI Vision\PKN Orlen\ZAKŁAD PRODUKCYJNY PŁOCK\RAFINERIA\PR03 BLOK PRZEROBU ROPY\DRW-IV|DR4.FC43354_SQR.PV;"2026-08-04 06:32:54,17601";"48,0411834716797"
\\PIAF\PKN Orlen\PI Vision\PKN Orlen\ZAKŁAD PRODUKCYJNY PŁOCK\RAFINERIA\PR03 BLOK PRZEROBU ROPY\DRW-IV|DR4.FC43354_SQR.PV;"2026-08-04 06:49:09,152008";"48,5967903137207"
\\PIAF\PKN Orlen\PI Vision\PKN Orlen\ZAKŁAD PRODUKCYJNY PŁOCK\RAFINERIA\PR03 BLOK PRZEROBU ROPY\DRW-IV|DR4.FC43354_SQR.PV;"2026-08-04 06:57:59,078003";"48,2185363769531"
\\PIAF\PKN Orlen\PI Vision\PKN Orlen\ZAKŁAD PRODUKCYJNY PŁOCK\RAFINERIA\PR03 BLOK PRZEROBU ROPY\DRW-IV|DR4.FC43354_SQR.PV;"2026-08-04 07:02:19,064011";"48,5359268188477"
\\PIAF\PKN Orlen\PI Vision\PKN Orlen\ZAKŁAD PRODUKCYJNY PŁOCK\RAFINERIA\PR03 BLOK PRZEROBU ROPY\DRW-IV|DR4.FC43354_SQR.PV;"2026-08-04 07:14:34,170013";"48,1660423278809"
\\PIAF\PKN Orlen\PI Vision\PKN Orlen\ZAKŁAD PRODUKCYJNY PŁOCK\RAFINERIA\PR03 BLOK PRZEROBU ROPY\DRW-IV|DR4.FC43354_SQR.PV;"2026-08-04 07:16:24,202011";"48,3444213867188"
\\PIAF\PKN Orlen\PI Vision\PKN Orlen\ZAKŁAD PRODUKCYJNY PŁOCK\RAFINERIA\PR03 BLOK PRZEROBU ROPY\DRW-IV|DR4.FC43354_SQR.PV;"2026-08-04 07:19:14,172012";"48,9606857299805"
\\PIAF\PKN Orlen\PI Vision\PKN Orlen\ZAKŁAD PRODUKCYJNY PŁOCK\RAFINERIA\PR03 BLOK PRZEROBU ROPY\DRW-IV|DR4.FC43354_SQR.PV;"2026-08-04 07:28:24,222015";"49,1558990478516"
\\PIAF\PKN Orlen\PI Vision\PKN Orlen\ZAKŁAD PRODUKCYJNY PŁOCK\RAFINERIA\PR03 BLOK PRZEROBU ROPY\DRW-IV|DR4.FC43354_SQR.PV;"2026-08-04 07:31:09,271011";"48,9631576538086"
\\PIAF\PKN Orlen\PI Vision\PKN Orlen\ZAKŁAD PRODUKCYJNY PŁOCK\RAFINERIA\PR03 BLOK PRZEROBU ROPY\DRW-IV|DR4.FC43354_SQR.PV;"2026-08-04 07:33:59,241012";"48,6907653808594"
\\PIAF\PKN Orlen\PI Vision\PKN Orlen\ZAKŁAD PRODUKCYJNY PŁOCK\RAFINERIA\PR03 BLOK PRZEROBU ROPY\DRW-IV|DR4.FC43354_SQR.PV;"2026-08-04 07:39:54,165008";"49,0891036987305"
\\PIAF\PKN Orlen\PI Vision\PKN Orlen\ZAKŁAD PRODUKCYJNY PŁOCK\RAFINERIA\PR03 BLOK PRZEROBU ROPY\DRW-IV|DR4.FC43354_SQR.PV;"2026-08-04 07:50:49,21701";"48,2540321350098"
\\PIAF\PKN Orlen\PI Vision\PKN Orlen\ZAKŁAD PRODUKCYJNY PŁOCK\RAFINERIA\PR03 BLOK PRZEROBU ROPY\DRW-IV|DR4.FC43354_SQR.PV;"2026-08-04 07:57:24,173004";"48,8765602111816"
\\PIAF\PKN Orlen\PI Vision\PKN Orlen\ZAKŁAD PRODUKCYJNY PŁOCK\RAFINERIA\PR03 BLOK PRZEROBU ROPY\DRW-IV|DR4.FC43354_SQR.PV;"2026-08-04 08:01:44,159012";"48,6033020019531"
\\PIAF\PKN Orlen\PI Vision\PKN Orlen\ZAKŁAD PRODUKCYJNY PŁOCK\RAFINERIA\PR03 BLOK PRZEROBU ROPY\DRW-IV|DR4.FC43354_SQR.PV;"2026-08-04 08:06:29,192001";"48,1791343688965"
\\PIAF\PKN Orlen\PI Vision\PKN Orlen\ZAKŁAD PRODUKCYJNY PŁOCK\RAFINERIA\PR03 BLOK PRZEROBU ROPY\DRW-IV|DR4.FC43354_SQR.PV;"2026-08-04 08:10:24,241012";"48,5067253112793"
\\PIAF\PKN Orlen\PI Vision\PKN Orlen\ZAKŁAD PRODUKCYJNY PŁOCK\RAFINERIA\PR03 BLOK PRZEROBU ROPY\DRW-IV|DR4.FC43354_SQR.PV;"2026-08-04 08:12:09,242004";"48,7977066040039"
\\PIAF\PKN Orlen\PI Vision\PKN Orlen\ZAKŁAD PRODUKCYJNY PŁOCK\RAFINERIA\PR03 BLOK PRZEROBU ROPY\DRW-IV|DR4.FC43354_SQR.PV;"2026-08-04 08:20:49,214004";"48,174861907959"
\\PIAF\PKN Orlen\PI Vision\PKN Orlen\ZAKŁAD PRODUKCYJNY PŁOCK\RAFINERIA\PR03 BLOK PRZEROBU ROPY\DRW-IV|DR4.FC43354_SQR.PV;"2026-08-04 08:24:44,153015";"48,602294921875"
\\PIAF\PKN Orlen\PI Vision\PKN Orlen\ZAKŁAD PRODUKCYJNY PŁOCK\RAFINERIA\PR03 BLOK PRZEROBU ROPY\DRW-IV|DR4.FC43354_SQR.PV;"2026-08-04 08:28:09,233001";"49,1044387817383"
\\PIAF\PKN Orlen\PI Vision\PKN Orlen\ZAKŁAD PRODUKCYJNY PŁOCK\RAFINERIA\PR03 BLOK PRZEROBU ROPY\DRW-IV|DR4.FC43354_SQR.PV;"2026-08-04 08:32:19,157013";"48,8192024230957"
\\PIAF\PKN Orlen\PI Vision\PKN Orlen\ZAKŁAD PRODUKCYJNY PŁOCK\RAFINERIA\PR03 BLOK PRZEROBU ROPY\DRW-IV|DR4.FC43354_SQR.PV;"2026-08-04 08:36:54,128006";"48,4854316711426"
\\PIAF\PKN Orlen\PI Vision\PKN Orlen\ZAKŁAD PRODUKCYJNY PŁOCK\RAFINERIA\PR03 BLOK PRZEROBU ROPY\DRW-IV|DR4.FC43354_SQR.PV;"2026-08-04 08:42:14,161011";"49,0770454406738"
\\PIAF\PKN Orlen\PI Vision\PKN Orlen\ZAKŁAD PRODUKCYJNY PŁOCK\RAFINERIA\PR03 BLOK PRZEROBU ROPY\DRW-IV|DR4.FC43354_SQR.PV;"2026-08-04 08:51:54,181015";"48,7107620239258"
\\PIAF\PKN Orlen\PI Vision\PKN Orlen\ZAKŁAD PRODUKCYJNY PŁOCK\RAFINERIA\PR03 BLOK PRZEROBU ROPY\DRW-IV|DR4.FC43354_SQR.PV;"2026-08-04 09:08:49,137008";"48,9070281982422"
\\PIAF\PKN Orlen\PI Vision\PKN Orlen\ZAKŁAD PRODUKCYJNY PŁOCK\RAFINERIA\PR03 BLOK PRZEROBU ROPY\DRW-IV|DR4.FC43354_SQR.PV;"2026-08-04 09:13:49,155014";"48,7614707946777"
\\PIAF\PKN Orlen\PI Vision\PKN Orlen\ZAKŁAD PRODUKCYJNY PŁOCK\RAFINERIA\PR03 BLOK PRZEROBU ROPY\DRW-IV|DR4.FC43354_SQR.PV;"2026-08-04 09:15:34,155014";"48,4461860656738"
\\PIAF\PKN Orlen\PI Vision\PKN Orlen\ZAKŁAD PRODUKCYJNY PŁOCK\RAFINERIA\PR03 BLOK PRZEROBU ROPY\DRW-IV|DR4.FC43354_SQR.PV;"2026-08-04 09:20:54,189011";"48,6320304870605"
\\PIAF\PKN Orlen\PI Vision\PKN Orlen\ZAKŁAD PRODUKCYJNY PŁOCK\RAFINERIA\PR03 BLOK PRZEROBU ROPY\DRW-IV|DR4.FC43354_SQR.PV;"2026-08-04 09:29:19,177002";"49,0025482177734"
\\PIAF\PKN Orlen\PI Vision\PKN Orlen\ZAKŁAD PRODUKCYJNY PŁOCK\RAFINERIA\PR03 BLOK PRZEROBU ROPY\DRW-IV|DR4.FC43354_SQR.PV;"2026-08-04 09:32:29,163009";"48,5439300537109"
\\PIAF\PKN Orlen\PI Vision\PKN Orlen\ZAKŁAD PRODUKCYJNY PŁOCK\RAFINERIA\PR03 BLOK PRZEROBU ROPY\DRW-IV|DR4.FC43354_SQR.PV;"2026-08-04 09:43:54,183014";"48,8014984130859"
\\PIAF\PKN Orlen\PI Vision\PKN Orlen\ZAKŁAD PRODUKCYJNY PŁOCK\RAFINERIA\PR03 BLOK PRZEROBU ROPY\DRW-IV|DR4.FC43354_SQR.PV;"2026-08-04 09:51:49,203003";"48,9194984436035"
\\PIAF\PKN Orlen\PI Vision\PKN Orlen\ZAKŁAD PRODUKCYJNY PŁOCK\RAFINERIA\PR03 BLOK PRZEROBU ROPY\DRW-IV|DR4.FC43354_SQR.PV;"2026-08-04 10:02:24,129013";"48,8262367248535"
\\PIAF\PKN Orlen\PI Vision\PKN Orlen\ZAKŁAD PRODUKCYJNY PŁOCK\RAFINERIA\PR03 BLOK PRZEROBU ROPY\DRW-IV|DR4.FC43354_SQR.PV;"2026-08-04 10:07:39,131012";"48,9241905212402"
\\PIAF\PKN Orlen\PI Vision\PKN Orlen\ZAKŁAD PRODUKCYJNY PŁOCK\RAFINERIA\PR03 BLOK PRZEROBU ROPY\DRW-IV|DR4.FC43354_SQR.PV;"2026-08-04 10:09:44,14801";"48,5290946960449"
\\PIAF\PKN Orlen\PI Vision\PKN Orlen\ZAKŁAD PRODUKCYJNY PŁOCK\RAFINERIA\PR03 BLOK PRZEROBU ROPY\DRW-IV|DR4.FC43354_SQR.PV;"2026-08-04 10:16:09,151001";"48,794376373291"
\\PIAF\PKN Orlen\PI Vision\PKN Orlen\ZAKŁAD PRODUKCYJNY PŁOCK\RAFINERIA\PR03 BLOK PRZEROBU ROPY\DRW-IV|DR4.FC43354_SQR.PV;"2026-08-04 10:19:34,121002";"48,9629249572754"
\\PIAF\PKN Orlen\PI Vision\PKN Orlen\ZAKŁAD PRODUKCYJNY PŁOCK\RAFINERIA\PR03 BLOK PRZEROBU ROPY\DRW-IV|DR4.FC43354_SQR.PV;"2026-08-04 10:27:44,125015";"48,8045120239258"
\\PIAF\PKN Orlen\PI Vision\PKN Orlen\ZAKŁAD PRODUKCYJNY PŁOCK\RAFINERIA\PR03 BLOK PRZEROBU ROPY\DRW-IV|DR4.FC43354_SQR.PV;"2026-08-04 10:35:54,128006";"48,5730628967285"
\\PIAF\PKN Orlen\PI Vision\PKN Orlen\ZAKŁAD PRODUKCYJNY PŁOCK\RAFINERIA\PR03 BLOK PRZEROBU ROPY\DRW-IV|DR4.FC43354_SQR.PV;"2026-08-04 10:43:09,085007";"48,7350921630859"
\\PIAF\PKN Orlen\PI Vision\PKN Orlen\ZAKŁAD PRODUKCYJNY PŁOCK\RAFINERIA\PR03 BLOK PRZEROBU ROPY\DRW-IV|DR4.FC43354_SQR.PV;"2026-08-04 10:52:04,152008";"48,4723510742188"
\\PIAF\PKN Orlen\PI Vision\PKN Orlen\ZAKŁAD PRODUKCYJNY PŁOCK\RAFINERIA\PR03 BLOK PRZEROBU ROPY\DRW-IV|DR4.FC43354_SQR.PV;"2026-08-04 10:58:29,154007";"48,6204376220703"
\\PIAF\PKN Orlen\PI Vision\PKN Orlen\ZAKŁAD PRODUKCYJNY PŁOCK\RAFINERIA\PR03 BLOK PRZEROBU ROPY\DRW-IV|DR4.FC43354_SQR.PV;"2026-08-04 11:05:54,095001";"48,2468185424805"
\\PIAF\PKN Orlen\PI Vision\PKN Orlen\ZAKŁAD PRODUKCYJNY PŁOCK\RAFINERIA\PR03 BLOK PRZEROBU ROPY\DRW-IV|DR4.FC43354_SQR.PV;"2026-08-04 11:15:09,177002";"48,7269020080566"
\\PIAF\PKN Orlen\PI Vision\PKN Orlen\ZAKŁAD PRODUKCYJNY PŁOCK\RAFINERIA\PR03 BLOK PRZEROBU ROPY\DRW-IV|DR4.FC43354_SQR.PV;"2026-08-04 11:22:34,218002";"48,2681846618652"
\\PIAF\PKN Orlen\PI Vision\PKN Orlen\ZAKŁAD PRODUKCYJNY PŁOCK\RAFINERIA\PR03 BLOK PRZEROBU ROPY\DRW-IV|DR4.FC43354_SQR.PV;"2026-08-04 11:28:24,221008";"48,6305732727051"
\\PIAF\PKN Orlen\PI Vision\PKN Orlen\ZAKŁAD PRODUKCYJNY PŁOCK\RAFINERIA\PR03 BLOK PRZEROBU ROPY\DRW-IV|DR4.FC43354_SQR.PV;"2026-08-04 11:29:39,253006";"48,9657020568848"
\\PIAF\PKN Orlen\PI Vision\PKN Orlen\ZAKŁAD PRODUKCYJNY PŁOCK\RAFINERIA\PR03 BLOK PRZEROBU ROPY\DRW-IV|DR4.FC43354_SQR.PV;"2026-08-04 11:33:59,239013";"48,7820167541504"
\\PIAF\PKN Orlen\PI Vision\PKN Orlen\ZAKŁAD PRODUKCYJNY PŁOCK\RAFINERIA\PR03 BLOK PRZEROBU ROPY\DRW-IV|DR4.FC43354_SQR.PV;"2026-08-04 11:37:14,256012";"47,8752059936523"
\\PIAF\PKN Orlen\PI Vision\PKN Orlen\ZAKŁAD PRODUKCYJNY PŁOCK\RAFINERIA\PR03 BLOK PRZEROBU ROPY\DRW-IV|DR4.FC43354_SQR.PV;"2026-08-04 11:40:19,210007";"47,7162704467773"
\\PIAF\PKN Orlen\PI Vision\PKN Orlen\ZAKŁAD PRODUKCYJNY PŁOCK\RAFINERIA\PR03 BLOK PRZEROBU ROPY\DRW-IV|DR4.FC43354_SQR.PV;"2026-08-04 11:46:54,166";"48,8873291015625"
\\PIAF\PKN Orlen\PI Vision\PKN Orlen\ZAKŁAD PRODUKCYJNY PŁOCK\RAFINERIA\PR03 BLOK PRZEROBU ROPY\DRW-IV|DR4.FC43354_SQR.PV;"2026-08-04 11:53:19,169006";"48,4252281188965"
\\PIAF\PKN Orlen\PI Vision\PKN Orlen\ZAKŁAD PRODUKCYJNY PŁOCK\RAFINERIA\PR03 BLOK PRZEROBU ROPY\DRW-IV|DR4.FC43354_SQR.PV;"2026-08-04 12:02:14,236007";"48,7536010742188"
\\PIAF\PKN Orlen\PI Vision\PKN Orlen\ZAKŁAD PRODUKCYJNY PŁOCK\RAFINERIA\PR03 BLOK PRZEROBU ROPY\DRW-IV|DR4.FC43354_SQR.PV;"2026-08-04 12:17:49,180008";"47,9985160827637"
\\PIAF\PKN Orlen\PI Vision\PKN Orlen\ZAKŁAD PRODUKCYJNY PŁOCK\RAFINERIA\PR03 BLOK PRZEROBU ROPY\DRW-IV|DR4.FC43354_SQR.PV;"2026-08-04 12:24:59,136002";"47,9339447021484"
\\PIAF\PKN Orlen\PI Vision\PKN Orlen\ZAKŁAD PRODUKCYJNY PŁOCK\RAFINERIA\PR03 BLOK PRZEROBU ROPY\DRW-IV|DR4.FC43354_SQR.PV;"2026-08-04 12:29:49,201004";"47,0880279541016"
\\PIAF\PKN Orlen\PI Vision\PKN Orlen\ZAKŁAD PRODUKCYJNY PŁOCK\RAFINERIA\PR03 BLOK PRZEROBU ROPY\DRW-IV|DR4.FC43354_SQR.PV;"2026-08-04 12:37:09,220001";"48,3422393798828"
\\PIAF\PKN Orlen\PI Vision\PKN Orlen\ZAKŁAD PRODUKCYJNY PŁOCK\RAFINERIA\PR03 BLOK PRZEROBU ROPY\DRW-IV|DR4.FC43354_SQR.PV;"2026-08-04 12:44:59,208008";"48,4196586608887"
\\PIAF\PKN Orlen\PI Vision\PKN Orlen\ZAKŁAD PRODUKCYJNY PŁOCK\RAFINERIA\PR03 BLOK PRZEROBU ROPY\DRW-IV|DR4.FC43354_SQR.PV;"2026-08-04 12:50:54,132004";"48,1747550964355"
\\PIAF\PKN Orlen\PI Vision\PKN Orlen\ZAKŁAD PRODUKCYJNY PŁOCK\RAFINERIA\PR03 BLOK PRZEROBU ROPY\DRW-IV|DR4.FC43354_SQR.PV;"2026-08-04 12:56:54,199005";"48,4146842956543"
\\PIAF\PKN Orlen\PI Vision\PKN Orlen\ZAKŁAD PRODUKCYJNY PŁOCK\RAFINERIA\PR03 BLOK PRZEROBU ROPY\DRW-IV|DR4.FC43354_SQR.PV;"2026-08-04 13:02:19,154007";"48,0651969909668"
\\PIAF\PKN Orlen\PI Vision\PKN Orlen\ZAKŁAD PRODUKCYJNY PŁOCK\RAFINERIA\PR03 BLOK PRZEROBU ROPY\DRW-IV|DR4.FC43354_SQR.PV;"2026-08-04 13:10:24,127014";"48,2413864135742"
\\PIAF\PKN Orlen\PI Vision\PKN Orlen\ZAKŁAD PRODUKCYJNY PŁOCK\RAFINERIA\PR03 BLOK PRZEROBU ROPY\DRW-IV|DR4.FC43354_SQR.PV;"2026-08-04 13:14:39,19101";"48,4653129577637"
\\PIAF\PKN Orlen\PI Vision\PKN Orlen\ZAKŁAD PRODUKCYJNY PŁOCK\RAFINERIA\PR03 BLOK PRZEROBU ROPY\DRW-IV|DR4.FC43354_SQR.PV;"2026-08-04 13:19:04,209015";"48,1191482543945"
\\PIAF\PKN Orlen\PI Vision\PKN Orlen\ZAKŁAD PRODUKCYJNY PŁOCK\RAFINERIA\PR03 BLOK PRZEROBU ROPY\DRW-IV|DR4.FC43354_SQR.PV;"2026-08-04 13:27:09,181";"48,2061920166016"
\\PIAF\PKN Orlen\PI Vision\PKN Orlen\ZAKŁAD PRODUKCYJNY PŁOCK\RAFINERIA\PR03 BLOK PRZEROBU ROPY\DRW-IV|DR4.FC43354_SQR.PV;"2026-08-04 13:32:19,152008";"48,320987701416"
\\PIAF\PKN Orlen\PI Vision\PKN Orlen\ZAKŁAD PRODUKCYJNY PŁOCK\RAFINERIA\PR03 BLOK PRZEROBU ROPY\DRW-IV|DR4.FC43354_SQR.PV;"2026-08-04 13:35:49,153";"47,8392791748047"
\\PIAF\PKN Orlen\PI Vision\PKN Orlen\ZAKŁAD PRODUKCYJNY PŁOCK\RAFINERIA\PR03 BLOK PRZEROBU ROPY\DRW-IV|DR4.FC43354_SQR.PV;"2026-08-04 13:47:29,159012";"48,1763496398926"
\\PIAF\PKN Orlen\PI Vision\PKN Orlen\ZAKŁAD PRODUKCYJNY PŁOCK\RAFINERIA\PR03 BLOK PRZEROBU ROPY\DRW-IV|DR4.FC43354_SQR.PV;"2026-08-04 13:56:14,162002";"48,282112121582"
\\PIAF\PKN Orlen\PI Vision\PKN Orlen\ZAKŁAD PRODUKCYJNY PŁOCK\RAFINERIA\PR03 BLOK PRZEROBU ROPY\DRW-IV|DR4.FC43354_SQR.PV;"2026-08-04 14:16:54,156006";"47,9928321838379"
\\PIAF\PKN Orlen\PI Vision\PKN Orlen\ZAKŁAD PRODUKCYJNY PŁOCK\RAFINERIA\PR03 BLOK PRZEROBU ROPY\DRW-IV|DR4.FC43354_SQR.PV;"2026-08-04 14:24:59,128006";"48,2547912597656"
\\PIAF\PKN Orlen\PI Vision\PKN Orlen\ZAKŁAD PRODUKCYJNY PŁOCK\RAFINERIA\PR03 BLOK PRZEROBU ROPY\DRW-IV|DR4.FC43354_SQR.PV;"2026-08-04 14:32:39,163009";"47,7637481689453"
\\PIAF\PKN Orlen\PI Vision\PKN Orlen\ZAKŁAD PRODUKCYJNY PŁOCK\RAFINERIA\PR03 BLOK PRZEROBU ROPY\DRW-IV|DR4.FC43354_SQR.PV;"2026-08-04 14:35:34,164001";"46,973705291748"
\\PIAF\PKN Orlen\PI Vision\PKN Orlen\ZAKŁAD PRODUKCYJNY PŁOCK\RAFINERIA\PR03 BLOK PRZEROBU ROPY\DRW-IV|DR4.FC43354_SQR.PV;"2026-08-04 14:43:54,121002";"46,5930557250977"
\\PIAF\PKN Orlen\PI Vision\PKN Orlen\ZAKŁAD PRODUKCYJNY PŁOCK\RAFINERIA\PR03 BLOK PRZEROBU ROPY\DRW-IV|DR4.FC43354_SQR.PV;"2026-08-04 14:47:09,138";"46,5867958068848"
\\PIAF\PKN Orlen\PI Vision\PKN Orlen\ZAKŁAD PRODUKCYJNY PŁOCK\RAFINERIA\PR03 BLOK PRZEROBU ROPY\DRW-IV|DR4.FC43354_SQR.PV;"2026-08-04 14:52:24,139999";"47,9074935913086"
\\PIAF\PKN Orlen\PI Vision\PKN Orlen\ZAKŁAD PRODUKCYJNY PŁOCK\RAFINERIA\PR03 BLOK PRZEROBU ROPY\DRW-IV|DR4.FC43354_SQR.PV;"2026-08-04 14:55:29,095001";"48,0910110473633"
\\PIAF\PKN Orlen\PI Vision\PKN Orlen\ZAKŁAD PRODUKCYJNY PŁOCK\RAFINERIA\PR03 BLOK PRZEROBU ROPY\DRW-IV|DR4.FC43354_SQR.PV;"2026-08-04 15:02:04,160003";"47,8767776489258"
\\PIAF\PKN Orlen\PI Vision\PKN Orlen\ZAKŁAD PRODUKCYJNY PŁOCK\RAFINERIA\PR03 BLOK PRZEROBU ROPY\DRW-IV|DR4.FC43354_SQR.PV;"2026-08-04 15:09:34,132004";"47,9295768737793"
\\PIAF\PKN Orlen\PI Vision\PKN Orlen\ZAKŁAD PRODUKCYJNY PŁOCK\RAFINERIA\PR03 BLOK PRZEROBU ROPY\DRW-IV|DR4.FC43354_SQR.PV;"2026-08-04 15:13:54,118011";"48,4876251220703"
\\PIAF\PKN Orlen\PI Vision\PKN Orlen\ZAKŁAD PRODUKCYJNY PŁOCK\RAFINERIA\PR03 BLOK PRZEROBU ROPY\DRW-IV|DR4.FC43354_SQR.PV;"2026-08-04 15:23:39,170013";"48,4225769042969"
\\PIAF\PKN Orlen\PI Vision\PKN Orlen\ZAKŁAD PRODUKCYJNY PŁOCK\RAFINERIA\PR03 BLOK PRZEROBU ROPY\DRW-IV|DR4.FC43354_SQR.PV;"2026-08-04 15:30:59,07901";"48,9414672851563"
\\PIAF\PKN Orlen\PI Vision\PKN Orlen\ZAKŁAD PRODUKCYJNY PŁOCK\RAFINERIA\PR03 BLOK PRZEROBU ROPY\DRW-IV|DR4.FC43354_SQR.PV;"2026-08-04 15:36:44,160003";"48,543628692627"
\\PIAF\PKN Orlen\PI Vision\PKN Orlen\ZAKŁAD PRODUKCYJNY PŁOCK\RAFINERIA\PR03 BLOK PRZEROBU ROPY\DRW-IV|DR4.FC43354_SQR.PV;"2026-08-04 15:44:04,069";"47,6594123840332"
\\PIAF\PKN Orlen\PI Vision\PKN Orlen\ZAKŁAD PRODUKCYJNY PŁOCK\RAFINERIA\PR03 BLOK PRZEROBU ROPY\DRW-IV|DR4.FC43354_SQR.PV;"2026-08-04 15:46:39,164001";"47,1310348510742"
\\PIAF\PKN Orlen\PI Vision\PKN Orlen\ZAKŁAD PRODUKCYJNY PŁOCK\RAFINERIA\PR03 BLOK PRZEROBU ROPY\DRW-IV|DR4.FC43354_SQR.PV;"2026-08-04 15:49:44,219009";"46,649543762207"
\\PIAF\PKN Orlen\PI Vision\PKN Orlen\ZAKŁAD PRODUKCYJNY PŁOCK\RAFINERIA\PR03 BLOK PRZEROBU ROPY\DRW-IV|DR4.FC43354_SQR.PV;"2026-08-04 15:51:19,166";"47,3044624328613"
\\PIAF\PKN Orlen\PI Vision\PKN Orlen\ZAKŁAD PRODUKCYJNY PŁOCK\RAFINERIA\PR03 BLOK PRZEROBU ROPY\DRW-IV|DR4.FC43354_SQR.PV;"2026-08-04 15:56:09,221008";"46,6607818603516"
\\PIAF\PKN Orlen\PI Vision\PKN Orlen\ZAKŁAD PRODUKCYJNY PŁOCK\RAFINERIA\PR03 BLOK PRZEROBU ROPY\DRW-IV|DR4.FC43354_SQR.PV;"2026-08-04 16:03:04,193008";"47,0514373779297"
\\PIAF\PKN Orlen\PI Vision\PKN Orlen\ZAKŁAD PRODUKCYJNY PŁOCK\RAFINERIA\PR03 BLOK PRZEROBU ROPY\DRW-IV|DR4.FC43354_SQR.PV;"2026-08-04 16:07:04,164001";"47,6724815368652"
\\PIAF\PKN Orlen\PI Vision\PKN Orlen\ZAKŁAD PRODUKCYJNY PŁOCK\RAFINERIA\PR03 BLOK PRZEROBU ROPY\DRW-IV|DR4.FC43354_SQR.PV;"2026-08-04 16:20:14,171005";"47,4580764770508"
\\PIAF\PKN Orlen\PI Vision\PKN Orlen\ZAKŁAD PRODUKCYJNY PŁOCK\RAFINERIA\PR03 BLOK PRZEROBU ROPY\DRW-IV|DR4.FC43354_SQR.PV;"2026-08-04 16:27:59,185013";"47,7723274230957"
\\PIAF\PKN Orlen\PI Vision\PKN Orlen\ZAKŁAD PRODUKCYJNY PŁOCK\RAFINERIA\PR03 BLOK PRZEROBU ROPY\DRW-IV|DR4.FC43354_SQR.PV;"2026-08-04 16:35:34,209015";"48,0742988586426"
\\PIAF\PKN Orlen\PI Vision\PKN Orlen\ZAKŁAD PRODUKCYJNY PŁOCK\RAFINERIA\PR03 BLOK PRZEROBU ROPY\DRW-IV|DR4.FC43354_SQR.PV;"2026-08-04 16:38:34,242004";"48,5309906005859"
\\PIAF\PKN Orlen\PI Vision\PKN Orlen\ZAKŁAD PRODUKCYJNY PŁOCK\RAFINERIA\PR03 BLOK PRZEROBU ROPY\DRW-IV|DR4.FC43354_SQR.PV;"2026-08-04 16:43:24,197006";"48,4446640014648"
\\PIAF\PKN Orlen\PI Vision\PKN Orlen\ZAKŁAD PRODUKCYJNY PŁOCK\RAFINERIA\PR03 BLOK PRZEROBU ROPY\DRW-IV|DR4.FC43354_SQR.PV;"2026-08-04 16:47:39,152008";"47,9376373291016"
\\PIAF\PKN Orlen\PI Vision\PKN Orlen\ZAKŁAD PRODUKCYJNY PŁOCK\RAFINERIA\PR03 BLOK PRZEROBU ROPY\DRW-IV|DR4.FC43354_SQR.PV;"2026-08-04 16:55:59,218002";"48,2179946899414"
\\PIAF\PKN Orlen\PI Vision\PKN Orlen\ZAKŁAD PRODUKCYJNY PŁOCK\RAFINERIA\PR03 BLOK PRZEROBU ROPY\DRW-IV|DR4.FC43354_SQR.PV;"2026-08-04 16:57:29,235001";"48,3358001708984"
\\PIAF\PKN Orlen\PI Vision\PKN Orlen\ZAKŁAD PRODUKCYJNY PŁOCK\RAFINERIA\PR03 BLOK PRZEROBU ROPY\DRW-IV|DR4.FC43354_SQR.PV;"2026-08-04 17:00:14,173004";"48,767505645752"
\\PIAF\PKN Orlen\PI Vision\PKN Orlen\ZAKŁAD PRODUKCYJNY PŁOCK\RAFINERIA\PR03 BLOK PRZEROBU ROPY\DRW-IV|DR4.FC43354_SQR.PV;"2026-08-04 17:04:39,19101";"47,786750793457"
\\PIAF\PKN Orlen\PI Vision\PKN Orlen\ZAKŁAD PRODUKCYJNY PŁOCK\RAFINERIA\PR03 BLOK PRZEROBU ROPY\DRW-IV|DR4.FC43354_SQR.PV;"2026-08-04 17:14:04,226013";"48,4048690795898"
\\PIAF\PKN Orlen\PI Vision\PKN Orlen\ZAKŁAD PRODUKCYJNY PŁOCK\RAFINERIA\PR03 BLOK PRZEROBU ROPY\DRW-IV|DR4.FC43354_SQR.PV;"2026-08-04 17:28:09,161011";"48,0225486755371"
\\PIAF\PKN Orlen\PI Vision\PKN Orlen\ZAKŁAD PRODUKCYJNY PŁOCK\RAFINERIA\PR03 BLOK PRZEROBU ROPY\DRW-IV|DR4.FC43354_SQR.PV;"2026-08-04 17:35:09,164001";"48,2306747436523"
\\PIAF\PKN Orlen\PI Vision\PKN Orlen\ZAKŁAD PRODUKCYJNY PŁOCK\RAFINERIA\PR03 BLOK PRZEROBU ROPY\DRW-IV|DR4.FC43354_SQR.PV;"2026-08-04 17:40:04,151001";"48,299015045166"
\\PIAF\PKN Orlen\PI Vision\PKN Orlen\ZAKŁAD PRODUKCYJNY PŁOCK\RAFINERIA\PR03 BLOK PRZEROBU ROPY\DRW-IV|DR4.FC43354_SQR.PV;"2026-08-04 17:53:14,172012";"48,4001121520996"
\\PIAF\PKN Orlen\PI Vision\PKN Orlen\ZAKŁAD PRODUKCYJNY PŁOCK\RAFINERIA\PR03 BLOK PRZEROBU ROPY\DRW-IV|DR4.FC43354_SQR.PV;"2026-08-04 17:55:09,126007";"48,3015632629395"
\\PIAF\PKN Orlen\PI Vision\PKN Orlen\ZAKŁAD PRODUKCYJNY PŁOCK\RAFINERIA\PR03 BLOK PRZEROBU ROPY\DRW-IV|DR4.FC43354_SQR.PV;"2026-08-04 18:00:34,19101";"48,383544921875"
\\PIAF\PKN Orlen\PI Vision\PKN Orlen\ZAKŁAD PRODUKCYJNY PŁOCK\RAFINERIA\PR03 BLOK PRZEROBU ROPY\DRW-IV|DR4.FC43354_SQR.PV;"2026-08-04 18:09:44,132004";"48,3941688537598"
\\PIAF\PKN Orlen\PI Vision\PKN Orlen\ZAKŁAD PRODUKCYJNY PŁOCK\RAFINERIA\PR03 BLOK PRZEROBU ROPY\DRW-IV|DR4.FC43354_SQR.PV;"2026-08-04 18:14:09,150009";"48,6999588012695"
\\PIAF\PKN Orlen\PI Vision\PKN Orlen\ZAKŁAD PRODUKCYJNY PŁOCK\RAFINERIA\PR03 BLOK PRZEROBU ROPY\DRW-IV|DR4.FC43354_SQR.PV;"2026-08-04 18:21:04,122009";"48,2159156799316"
\\PIAF\PKN Orlen\PI Vision\PKN Orlen\ZAKŁAD PRODUKCYJNY PŁOCK\RAFINERIA\PR03 BLOK PRZEROBU ROPY\DRW-IV|DR4.FC43354_SQR.PV;"2026-08-04 18:26:34,109009";"48,4380836486816"
\\PIAF\PKN Orlen\PI Vision\PKN Orlen\ZAKŁAD PRODUKCYJNY PŁOCK\RAFINERIA\PR03 BLOK PRZEROBU ROPY\DRW-IV|DR4.FC43354_SQR.PV;"2026-08-04 18:36:09,207001";"47,9305076599121"
\\PIAF\PKN Orlen\PI Vision\PKN Orlen\ZAKŁAD PRODUKCYJNY PŁOCK\RAFINERIA\PR03 BLOK PRZEROBU ROPY\DRW-IV|DR4.FC43354_SQR.PV;"2026-08-04 18:40:49,099014";"48,2715606689453"
\\PIAF\PKN Orlen\PI Vision\PKN Orlen\ZAKŁAD PRODUKCYJNY PŁOCK\RAFINERIA\PR03 BLOK PRZEROBU ROPY\DRW-IV|DR4.FC43354_SQR.PV;"2026-08-04 18:45:59,180008";"48,4909133911133"
\\PIAF\PKN Orlen\PI Vision\PKN Orlen\ZAKŁAD PRODUKCYJNY PŁOCK\RAFINERIA\PR03 BLOK PRZEROBU ROPY\DRW-IV|DR4.FC43354_SQR.PV;"2026-08-04 18:49:59,150009";"48,2806816101074"
\\PIAF\PKN Orlen\PI Vision\PKN Orlen\ZAKŁAD PRODUKCYJNY PŁOCK\RAFINERIA\PR03 BLOK PRZEROBU ROPY\DRW-IV|DR4.FC43354_SQR.PV;"2026-08-04 18:56:34,106003";"48,3745307922363"
\\PIAF\PKN Orlen\PI Vision\PKN Orlen\ZAKŁAD PRODUKCYJNY PŁOCK\RAFINERIA\PR03 BLOK PRZEROBU ROPY\DRW-IV|DR4.FC43354_SQR.PV;"2026-08-04 19:07:29,158005";"48,1183052062988"
\\PIAF\PKN Orlen\PI Vision\PKN Orlen\ZAKŁAD PRODUKCYJNY PŁOCK\RAFINERIA\PR03 BLOK PRZEROBU ROPY\DRW-IV|DR4.FC43354_SQR.PV;"2026-08-04 19:08:59,174011";"48,4030303955078"
\\PIAF\PKN Orlen\PI Vision\PKN Orlen\ZAKŁAD PRODUKCYJNY PŁOCK\RAFINERIA\PR03 BLOK PRZEROBU ROPY\DRW-IV|DR4.FC43354_SQR.PV;"2026-08-04 19:19:44,163009";"48,3148651123047"
\\PIAF\PKN Orlen\PI Vision\PKN Orlen\ZAKŁAD PRODUKCYJNY PŁOCK\RAFINERIA\PR03 BLOK PRZEROBU ROPY\DRW-IV|DR4.FC43354_SQR.PV;"2026-08-04 19:38:04,156006";"48,2784309387207"
\\PIAF\PKN Orlen\PI Vision\PKN Orlen\ZAKŁAD PRODUKCYJNY PŁOCK\RAFINERIA\PR03 BLOK PRZEROBU ROPY\DRW-IV|DR4.FC43354_SQR.PV;"2026-08-04 19:43:24,080002";"47,5374374389648"
\\PIAF\PKN Orlen\PI Vision\PKN Orlen\ZAKŁAD PRODUKCYJNY PŁOCK\RAFINERIA\PR03 BLOK PRZEROBU ROPY\DRW-IV|DR4.FC43354_SQR.PV;"2026-08-04 19:47:29,082001";"48,09423828125"
\\PIAF\PKN Orlen\PI Vision\PKN Orlen\ZAKŁAD PRODUKCYJNY PŁOCK\RAFINERIA\PR03 BLOK PRZEROBU ROPY\DRW-IV|DR4.FC43354_SQR.PV;"2026-08-04 19:49:29,17601";"48,5559120178223"
\\PIAF\PKN Orlen\PI Vision\PKN Orlen\ZAKŁAD PRODUKCYJNY PŁOCK\RAFINERIA\PR03 BLOK PRZEROBU ROPY\DRW-IV|DR4.FC43354_SQR.PV;"2026-08-04 19:52:34,131012";"48,4335823059082"
\\PIAF\PKN Orlen\PI Vision\PKN Orlen\ZAKŁAD PRODUKCYJNY PŁOCK\RAFINERIA\PR03 BLOK PRZEROBU ROPY\DRW-IV|DR4.FC43354_SQR.PV;"2026-08-04 19:55:49,144012";"47,6815567016602"
\\PIAF\PKN Orlen\PI Vision\PKN Orlen\ZAKŁAD PRODUKCYJNY PŁOCK\RAFINERIA\PR03 BLOK PRZEROBU ROPY\DRW-IV|DR4.FC43354_SQR.PV;"2026-08-04 19:58:34,082001";"47,7884788513184"
\\PIAF\PKN Orlen\PI Vision\PKN Orlen\ZAKŁAD PRODUKCYJNY PŁOCK\RAFINERIA\PR03 BLOK PRZEROBU ROPY\DRW-IV|DR4.FC43354_SQR.PV;"2026-08-04 20:03:24,147003";"48,1711158752441"
\\PIAF\PKN Orlen\PI Vision\PKN Orlen\ZAKŁAD PRODUKCYJNY PŁOCK\RAFINERIA\PR03 BLOK PRZEROBU ROPY\DRW-IV|DR4.FC43354_SQR.PV;"2026-08-04 20:10:54,119003";"47,8638343811035"
\\PIAF\PKN Orlen\PI Vision\PKN Orlen\ZAKŁAD PRODUKCYJNY PŁOCK\RAFINERIA\PR03 BLOK PRZEROBU ROPY\DRW-IV|DR4.FC43354_SQR.PV;"2026-08-04 20:15:24,159012";"48,1688423156738"
\\PIAF\PKN Orlen\PI Vision\PKN Orlen\ZAKŁAD PRODUKCYJNY PŁOCK\RAFINERIA\PR03 BLOK PRZEROBU ROPY\DRW-IV|DR4.FC43354_SQR.PV;"2026-08-04 20:25:59,194";"47,8191032409668"
\\PIAF\PKN Orlen\PI Vision\PKN Orlen\ZAKŁAD PRODUKCYJNY PŁOCK\RAFINERIA\PR03 BLOK PRZEROBU ROPY\DRW-IV|DR4.FC43354_SQR.PV;"2026-08-04 20:35:24,230011";"48,4157028198242"
\\PIAF\PKN Orlen\PI Vision\PKN Orlen\ZAKŁAD PRODUKCYJNY PŁOCK\RAFINERIA\PR03 BLOK PRZEROBU ROPY\DRW-IV|DR4.FC43354_SQR.PV;"2026-08-04 20:45:19,234009";"48,3081436157227"
\\PIAF\PKN Orlen\PI Vision\PKN Orlen\ZAKŁAD PRODUKCYJNY PŁOCK\RAFINERIA\PR03 BLOK PRZEROBU ROPY\DRW-IV|DR4.FC43354_SQR.PV;"2026-08-04 20:49:34,189011";"48,389518737793"
\\PIAF\PKN Orlen\PI Vision\PKN Orlen\ZAKŁAD PRODUKCYJNY PŁOCK\RAFINERIA\PR03 BLOK PRZEROBU ROPY\DRW-IV|DR4.FC43354_SQR.PV;"2026-08-04 20:55:24,192001";"47,726448059082"
\\PIAF\PKN Orlen\PI Vision\PKN Orlen\ZAKŁAD PRODUKCYJNY PŁOCK\RAFINERIA\PR03 BLOK PRZEROBU ROPY\DRW-IV|DR4.FC43354_SQR.PV;"2026-08-04 20:59:59,163009";"48,0609970092773"
\\PIAF\PKN Orlen\PI Vision\PKN Orlen\ZAKŁAD PRODUKCYJNY PŁOCK\RAFINERIA\PR03 BLOK PRZEROBU ROPY\DRW-IV|DR4.FC43354_SQR.PV;"2026-08-04 21:05:14,165008";"48,0344657897949"
\\PIAF\PKN Orlen\PI Vision\PKN Orlen\ZAKŁAD PRODUKCYJNY PŁOCK\RAFINERIA\PR03 BLOK PRZEROBU ROPY\DRW-IV|DR4.FC43354_SQR.PV;"2026-08-04 21:08:24,151001";"47,7658996582031"
\\PIAF\PKN Orlen\PI Vision\PKN Orlen\ZAKŁAD PRODUKCYJNY PŁOCK\RAFINERIA\PR03 BLOK PRZEROBU ROPY\DRW-IV|DR4.FC43354_SQR.PV;"2026-08-04 21:14:49,153";"48,2407417297363"
\\PIAF\PKN Orlen\PI Vision\PKN Orlen\ZAKŁAD PRODUKCYJNY PŁOCK\RAFINERIA\PR03 BLOK PRZEROBU ROPY\DRW-IV|DR4.FC43354_SQR.PV;"2026-08-04 21:15:54,23201";"48,5042991638184"
\\PIAF\PKN Orlen\PI Vision\PKN Orlen\ZAKŁAD PRODUKCYJNY PŁOCK\RAFINERIA\PR03 BLOK PRZEROBU ROPY\DRW-IV|DR4.FC43354_SQR.PV;"2026-08-04 21:21:24,219009";"48,2517852783203"
\\PIAF\PKN Orlen\PI Vision\PKN Orlen\ZAKŁAD PRODUKCYJNY PŁOCK\RAFINERIA\PR03 BLOK PRZEROBU ROPY\DRW-IV|DR4.FC43354_SQR.PV;"2026-08-04 21:24:59,142014";"47,9446296691895"
\\PIAF\PKN Orlen\PI Vision\PKN Orlen\ZAKŁAD PRODUKCYJNY PŁOCK\RAFINERIA\PR03 BLOK PRZEROBU ROPY\DRW-IV|DR4.FC43354_SQR.PV;"2026-08-04 21:27:49,222015";"47,9922943115234"
\\PIAF\PKN Orlen\PI Vision\PKN Orlen\ZAKŁAD PRODUKCYJNY PŁOCK\RAFINERIA\PR03 BLOK PRZEROBU ROPY\DRW-IV|DR4.FC43354_SQR.PV;"2026-08-04 21:38:49,168014";"48,1620979309082"
\\PIAF\PKN Orlen\PI Vision\PKN Orlen\ZAKŁAD PRODUKCYJNY PŁOCK\RAFINERIA\PR03 BLOK PRZEROBU ROPY\DRW-IV|DR4.FC43354_SQR.PV;"2026-08-04 21:55:04,144012";"48,3810119628906"
\\PIAF\PKN Orlen\PI Vision\PKN Orlen\ZAKŁAD PRODUKCYJNY PŁOCK\RAFINERIA\PR03 BLOK PRZEROBU ROPY\DRW-IV|DR4.FC43354_SQR.PV;"2026-08-04 22:04:34,211014";"48,458869934082"
\\PIAF\PKN Orlen\PI Vision\PKN Orlen\ZAKŁAD PRODUKCYJNY PŁOCK\RAFINERIA\PR03 BLOK PRZEROBU ROPY\DRW-IV|DR4.FC43354_SQR.PV;"2026-08-04 22:08:44,13501";"48,2196998596191"
\\PIAF\PKN Orlen\PI Vision\PKN Orlen\ZAKŁAD PRODUKCYJNY PŁOCK\RAFINERIA\PR03 BLOK PRZEROBU ROPY\DRW-IV|DR4.FC43354_SQR.PV;"2026-08-04 22:21:29,218002";"48,168155670166"
\\PIAF\PKN Orlen\PI Vision\PKN Orlen\ZAKŁAD PRODUKCYJNY PŁOCK\RAFINERIA\PR03 BLOK PRZEROBU ROPY\DRW-IV|DR4.FC43354_SQR.PV;"2026-08-04 22:24:54,189011";"48,1032028198242"
\\PIAF\PKN Orlen\PI Vision\PKN Orlen\ZAKŁAD PRODUKCYJNY PŁOCK\RAFINERIA\PR03 BLOK PRZEROBU ROPY\DRW-IV|DR4.FC43354_SQR.PV;"2026-08-04 22:31:54,192001";"48,6460762023926"
\\PIAF\PKN Orlen\PI Vision\PKN Orlen\ZAKŁAD PRODUKCYJNY PŁOCK\RAFINERIA\PR03 BLOK PRZEROBU ROPY\DRW-IV|DR4.FC43354_SQR.PV;"2026-08-04 22:41:29,180008";"48,5522499084473"
\\PIAF\PKN Orlen\PI Vision\PKN Orlen\ZAKŁAD PRODUKCYJNY PŁOCK\RAFINERIA\PR03 BLOK PRZEROBU ROPY\DRW-IV|DR4.FC43354_SQR.PV;"2026-08-04 22:50:49,184005";"48,3673934936523"
\\PIAF\PKN Orlen\PI Vision\PKN Orlen\ZAKŁAD PRODUKCYJNY PŁOCK\RAFINERIA\PR03 BLOK PRZEROBU ROPY\DRW-IV|DR4.FC43354_SQR.PV;"2026-08-04 23:00:09,188004";"48,4556999206543"
\\PIAF\PKN Orlen\PI Vision\PKN Orlen\ZAKŁAD PRODUKCYJNY PŁOCK\RAFINERIA\PR03 BLOK PRZEROBU ROPY\DRW-IV|DR4.FC43354_SQR.PV;"2026-08-04 23:09:44,177002";"48,2354965209961"
\\PIAF\PKN Orlen\PI Vision\PKN Orlen\ZAKŁAD PRODUKCYJNY PŁOCK\RAFINERIA\PR03 BLOK PRZEROBU ROPY\DRW-IV|DR4.FC43354_SQR.PV;"2026-08-04 23:18:59,136002";"48,2911987304688"
\\PIAF\PKN Orlen\PI Vision\PKN Orlen\ZAKŁAD PRODUKCYJNY PŁOCK\RAFINERIA\PR03 BLOK PRZEROBU ROPY\DRW-IV|DR4.FC43354_SQR.PV;"2026-08-04 23:20:49,168014";"48,2231597900391"
\\PIAF\PKN Orlen\PI Vision\PKN Orlen\ZAKŁAD PRODUKCYJNY PŁOCK\RAFINERIA\PR03 BLOK PRZEROBU ROPY\DRW-IV|DR4.FC43354_SQR.PV;"2026-08-04 23:25:59,139008";"48,1022720336914"
\\PIAF\PKN Orlen\PI Vision\PKN Orlen\ZAKŁAD PRODUKCYJNY PŁOCK\RAFINERIA\PR03 BLOK PRZEROBU ROPY\DRW-IV|DR4.FC43354_SQR.PV;"2026-08-04 23:36:29,144012";"48,6076240539551"
\\PIAF\PKN Orlen\PI Vision\PKN Orlen\ZAKŁAD PRODUKCYJNY PŁOCK\RAFINERIA\PR03 BLOK PRZEROBU ROPY\DRW-IV|DR4.FC43354_SQR.PV;"2026-08-04 23:41:29,162002";"48,758544921875"
\\PIAF\PKN Orlen\PI Vision\PKN Orlen\ZAKŁAD PRODUKCYJNY PŁOCK\RAFINERIA\PR03 BLOK PRZEROBU ROPY\DRW-IV|DR4.FC43354_SQR.PV;"2026-08-04 23:43:54,085007";"49,066089630127"
\\PIAF\PKN Orlen\PI Vision\PKN Orlen\ZAKŁAD PRODUKCYJNY PŁOCK\RAFINERIA\PR03 BLOK PRZEROBU ROPY\DRW-IV|DR4.FC43354_SQR.PV;"2026-08-04 23:48:09,149002";"48,6294059753418"
\\PIAF\PKN Orlen\PI Vision\PKN Orlen\ZAKŁAD PRODUKCYJNY PŁOCK\RAFINERIA\PR03 BLOK PRZEROBU ROPY\DRW-IV|DR4.FC43354_SQR.PV;"2026-08-04 23:51:29,088012";"47,9825744628906"
\\PIAF\PKN Orlen\PI Vision\PKN Orlen\ZAKŁAD PRODUKCYJNY PŁOCK\RAFINERIA\PR03 BLOK PRZEROBU ROPY\DRW-IV|DR4.FC43354_SQR.PV;"2026-08-04 23:58:59,170013";"48,1538162231445"
\\PIAF\PKN Orlen\PI Vision\PKN Orlen\ZAKŁAD PRODUKCYJNY PŁOCK\RAFINERIA\PR03 BLOK PRZEROBU ROPY\DRW-IV|DR4.FC43354_SQR.PV;"2026-08-05 00:05:39,157013";"47,9065284729004"
\\PIAF\PKN Orlen\PI Vision\PKN Orlen\ZAKŁAD PRODUKCYJNY PŁOCK\RAFINERIA\PR03 BLOK PRZEROBU ROPY\DRW-IV|DR4.FC43354_SQR.PV;"2026-08-05 00:11:09,144012";"48,2932510375977"
\\PIAF\PKN Orlen\PI Vision\PKN Orlen\ZAKŁAD PRODUKCYJNY PŁOCK\RAFINERIA\PR03 BLOK PRZEROBU ROPY\DRW-IV|DR4.FC43354_SQR.PV;"2026-08-05 00:15:54,068008";"48,9789695739746"
\\PIAF\PKN Orlen\PI Vision\PKN Orlen\ZAKŁAD PRODUKCYJNY PŁOCK\RAFINERIA\PR03 BLOK PRZEROBU ROPY\DRW-IV|DR4.FC43354_SQR.PV;"2026-08-05 00:20:44,132004";"48,9043273925781"
\\PIAF\PKN Orlen\PI Vision\PKN Orlen\ZAKŁAD PRODUKCYJNY PŁOCK\RAFINERIA\PR03 BLOK PRZEROBU ROPY\DRW-IV|DR4.FC43354_SQR.PV;"2026-08-05 00:23:59,149002";"48,9588050842285"
\\PIAF\PKN Orlen\PI Vision\PKN Orlen\ZAKŁAD PRODUKCYJNY PŁOCK\RAFINERIA\PR03 BLOK PRZEROBU ROPY\DRW-IV|DR4.FC43354_SQR.PV;"2026-08-05 00:37:44,062011";"48,9070816040039"
\\PIAF\PKN Orlen\PI Vision\PKN Orlen\ZAKŁAD PRODUKCYJNY PŁOCK\RAFINERIA\PR03 BLOK PRZEROBU ROPY\DRW-IV|DR4.FC43354_SQR.PV;"2026-08-05 00:42:24,164001";"48,676929473877"
\\PIAF\PKN Orlen\PI Vision\PKN Orlen\ZAKŁAD PRODUKCYJNY PŁOCK\RAFINERIA\PR03 BLOK PRZEROBU ROPY\DRW-IV|DR4.FC43354_SQR.PV;"2026-08-05 00:46:24,170013";"48,8386306762695"
\\PIAF\PKN Orlen\PI Vision\PKN Orlen\ZAKŁAD PRODUKCYJNY PŁOCK\RAFINERIA\PR03 BLOK PRZEROBU ROPY\DRW-IV|DR4.FC43354_SQR.PV;"2026-08-05 00:55:39,253006";"48,757625579834"
\\PIAF\PKN Orlen\PI Vision\PKN Orlen\ZAKŁAD PRODUKCYJNY PŁOCK\RAFINERIA\PR03 BLOK PRZEROBU ROPY\DRW-IV|DR4.FC43354_SQR.PV;"2026-08-05 01:00:19,255005";"47,9478416442871"
\\PIAF\PKN Orlen\PI Vision\PKN Orlen\ZAKŁAD PRODUKCYJNY PŁOCK\RAFINERIA\PR03 BLOK PRZEROBU ROPY\DRW-IV|DR4.FC43354_SQR.PV;"2026-08-05 01:02:59,271011";"48,1332931518555"
\\PIAF\PKN Orlen\PI Vision\PKN Orlen\ZAKŁAD PRODUKCYJNY PŁOCK\RAFINERIA\PR03 BLOK PRZEROBU ROPY\DRW-IV|DR4.FC43354_SQR.PV;"2026-08-05 01:05:09,210007";"48,0146179199219"
\\PIAF\PKN Orlen\PI Vision\PKN Orlen\ZAKŁAD PRODUKCYJNY PŁOCK\RAFINERIA\PR03 BLOK PRZEROBU ROPY\DRW-IV|DR4.FC43354_SQR.PV;"2026-08-05 01:12:19,166";"47,6697463989258"
\\PIAF\PKN Orlen\PI Vision\PKN Orlen\ZAKŁAD PRODUKCYJNY PŁOCK\RAFINERIA\PR03 BLOK PRZEROBU ROPY\DRW-IV|DR4.FC43354_SQR.PV;"2026-08-05 01:17:09,231003";"47,5163497924805"
\\PIAF\PKN Orlen\PI Vision\PKN Orlen\ZAKŁAD PRODUKCYJNY PŁOCK\RAFINERIA\PR03 BLOK PRZEROBU ROPY\DRW-IV|DR4.FC43354_SQR.PV;"2026-08-05 01:25:39,141006";"47,8874855041504"
\\PIAF\PKN Orlen\PI Vision\PKN Orlen\ZAKŁAD PRODUKCYJNY PŁOCK\RAFINERIA\PR03 BLOK PRZEROBU ROPY\DRW-IV|DR4.FC43354_SQR.PV;"2026-08-05 01:29:59,236007";"47,9490432739258"
\\PIAF\PKN Orlen\PI Vision\PKN Orlen\ZAKŁAD PRODUKCYJNY PŁOCK\RAFINERIA\PR03 BLOK PRZEROBU ROPY\DRW-IV|DR4.FC43354_SQR.PV;"2026-08-05 01:33:19,175003";"47,5450439453125"
\\PIAF\PKN Orlen\PI Vision\PKN Orlen\ZAKŁAD PRODUKCYJNY PŁOCK\RAFINERIA\PR03 BLOK PRZEROBU ROPY\DRW-IV|DR4.FC43354_SQR.PV;"2026-08-05 01:38:49,162002";"47,9871597290039"
\\PIAF\PKN Orlen\PI Vision\PKN Orlen\ZAKŁAD PRODUKCYJNY PŁOCK\RAFINERIA\PR03 BLOK PRZEROBU ROPY\DRW-IV|DR4.FC43354_SQR.PV;"2026-08-05 01:41:49,195007";"48,0963859558105"
\\PIAF\PKN Orlen\PI Vision\PKN Orlen\ZAKŁAD PRODUKCYJNY PŁOCK\RAFINERIA\PR03 BLOK PRZEROBU ROPY\DRW-IV|DR4.FC43354_SQR.PV;"2026-08-05 01:46:59,166";"47,8176078796387"
\\PIAF\PKN Orlen\PI Vision\PKN Orlen\ZAKŁAD PRODUKCYJNY PŁOCK\RAFINERIA\PR03 BLOK PRZEROBU ROPY\DRW-IV|DR4.FC43354_SQR.PV;"2026-08-05 01:53:34,231003";"48,1116561889648"
\\PIAF\PKN Orlen\PI Vision\PKN Orlen\ZAKŁAD PRODUKCYJNY PŁOCK\RAFINERIA\PR03 BLOK PRZEROBU ROPY\DRW-IV|DR4.FC43354_SQR.PV;"2026-08-05 01:56:59,201004";"47,8756942749023"
\\PIAF\PKN Orlen\PI Vision\PKN Orlen\ZAKŁAD PRODUKCYJNY PŁOCK\RAFINERIA\PR03 BLOK PRZEROBU ROPY\DRW-IV|DR4.FC43354_SQR.PV;"2026-08-05 02:05:34,143005";"48,1119155883789"
\\PIAF\PKN Orlen\PI Vision\PKN Orlen\ZAKŁAD PRODUKCYJNY PŁOCK\RAFINERIA\PR03 BLOK PRZEROBU ROPY\DRW-IV|DR4.FC43354_SQR.PV;"2026-08-05 02:15:09,131012";"48,041820526123"
\\PIAF\PKN Orlen\PI Vision\PKN Orlen\ZAKŁAD PRODUKCYJNY PŁOCK\RAFINERIA\PR03 BLOK PRZEROBU ROPY\DRW-IV|DR4.FC43354_SQR.PV;"2026-08-05 02:25:29,183014";"47,8867301940918"
\\PIAF\PKN Orlen\PI Vision\PKN Orlen\ZAKŁAD PRODUKCYJNY PŁOCK\RAFINERIA\PR03 BLOK PRZEROBU ROPY\DRW-IV|DR4.FC43354_SQR.PV;"2026-08-05 02:28:34,137008";"47,6288032531738"
\\PIAF\PKN Orlen\PI Vision\PKN Orlen\ZAKŁAD PRODUKCYJNY PŁOCK\RAFINERIA\PR03 BLOK PRZEROBU ROPY\DRW-IV|DR4.FC43354_SQR.PV;"2026-08-05 02:34:49,187011";"47,8921890258789"
\\PIAF\PKN Orlen\PI Vision\PKN Orlen\ZAKŁAD PRODUKCYJNY PŁOCK\RAFINERIA\PR03 BLOK PRZEROBU ROPY\DRW-IV|DR4.FC43354_SQR.PV;"2026-08-05 02:48:04,144012";"48,0694961547852"
\\PIAF\PKN Orlen\PI Vision\PKN Orlen\ZAKŁAD PRODUKCYJNY PŁOCK\RAFINERIA\PR03 BLOK PRZEROBU ROPY\DRW-IV|DR4.FC43354_SQR.PV;"2026-08-05 02:53:34,131012";"48,0789222717285"
\\PIAF\PKN Orlen\PI Vision\PKN Orlen\ZAKŁAD PRODUKCYJNY PŁOCK\RAFINERIA\PR03 BLOK PRZEROBU ROPY\DRW-IV|DR4.FC43354_SQR.PV;"2026-08-05 02:59:04,118011";"47,7030563354492"
\\PIAF\PKN Orlen\PI Vision\PKN Orlen\ZAKŁAD PRODUKCYJNY PŁOCK\RAFINERIA\PR03 BLOK PRZEROBU ROPY\DRW-IV|DR4.FC43354_SQR.PV;"2026-08-05 03:05:59,199005";"48,069091796875"
\\PIAF\PKN Orlen\PI Vision\PKN Orlen\ZAKŁAD PRODUKCYJNY PŁOCK\RAFINERIA\PR03 BLOK PRZEROBU ROPY\DRW-IV|DR4.FC43354_SQR.PV;"2026-08-05 03:16:29,20401";"47,4786987304688"
\\PIAF\PKN Orlen\PI Vision\PKN Orlen\ZAKŁAD PRODUKCYJNY PŁOCK\RAFINERIA\PR03 BLOK PRZEROBU ROPY\DRW-IV|DR4.FC43354_SQR.PV;"2026-08-05 03:23:39,160003";"47,6627388000488"
\\PIAF\PKN Orlen\PI Vision\PKN Orlen\ZAKŁAD PRODUKCYJNY PŁOCK\RAFINERIA\PR03 BLOK PRZEROBU ROPY\DRW-IV|DR4.FC43354_SQR.PV;"2026-08-05 03:29:59,131012";"47,1052665710449"
\\PIAF\PKN Orlen\PI Vision\PKN Orlen\ZAKŁAD PRODUKCYJNY PŁOCK\RAFINERIA\PR03 BLOK PRZEROBU ROPY\DRW-IV|DR4.FC43354_SQR.PV;"2026-08-05 03:37:19,150009";"47,4748954772949"
\\PIAF\PKN Orlen\PI Vision\PKN Orlen\ZAKŁAD PRODUKCYJNY PŁOCK\RAFINERIA\PR03 BLOK PRZEROBU ROPY\DRW-IV|DR4.FC43354_SQR.PV;"2026-08-05 03:45:04,10701";"47,7659034729004"
\\PIAF\PKN Orlen\PI Vision\PKN Orlen\ZAKŁAD PRODUKCYJNY PŁOCK\RAFINERIA\PR03 BLOK PRZEROBU ROPY\DRW-IV|DR4.FC43354_SQR.PV;"2026-08-05 03:47:04,09201";"47,8824996948242"
\\PIAF\PKN Orlen\PI Vision\PKN Orlen\ZAKŁAD PRODUKCYJNY PŁOCK\RAFINERIA\PR03 BLOK PRZEROBU ROPY\DRW-IV|DR4.FC43354_SQR.PV;"2026-08-05 03:54:04,095001";"47,8137741088867"
\\PIAF\PKN Orlen\PI Vision\PKN Orlen\ZAKŁAD PRODUKCYJNY PŁOCK\RAFINERIA\PR03 BLOK PRZEROBU ROPY\DRW-IV|DR4.FC43354_SQR.PV;"2026-08-05 03:55:24,158005";"47,5686950683594"
\\PIAF\PKN Orlen\PI Vision\PKN Orlen\ZAKŁAD PRODUKCYJNY PŁOCK\RAFINERIA\PR03 BLOK PRZEROBU ROPY\DRW-IV|DR4.FC43354_SQR.PV;"2026-08-05 04:04:24,146011";"47,6990585327148"
\\PIAF\PKN Orlen\PI Vision\PKN Orlen\ZAKŁAD PRODUKCYJNY PŁOCK\RAFINERIA\PR03 BLOK PRZEROBU ROPY\DRW-IV|DR4.FC43354_SQR.PV;"2026-08-05 04:07:59,179001";"47,4637832641602"
\\PIAF\PKN Orlen\PI Vision\PKN Orlen\ZAKŁAD PRODUKCYJNY PŁOCK\RAFINERIA\PR03 BLOK PRZEROBU ROPY\DRW-IV|DR4.FC43354_SQR.PV;"2026-08-05 04:10:39,087006";"47,4527206420898"
\\PIAF\PKN Orlen\PI Vision\PKN Orlen\ZAKŁAD PRODUKCYJNY PŁOCK\RAFINERIA\PR03 BLOK PRZEROBU ROPY\DRW-IV|DR4.FC43354_SQR.PV;"2026-08-05 04:19:39,184005";"47,4538459777832"
\\PIAF\PKN Orlen\PI Vision\PKN Orlen\ZAKŁAD PRODUKCYJNY PŁOCK\RAFINERIA\PR03 BLOK PRZEROBU ROPY\DRW-IV|DR4.FC43354_SQR.PV;"2026-08-05 04:33:34,113006";"47,4963302612305"
\\PIAF\PKN Orlen\PI Vision\PKN Orlen\ZAKŁAD PRODUKCYJNY PŁOCK\RAFINERIA\PR03 BLOK PRZEROBU ROPY\DRW-IV|DR4.FC43354_SQR.PV;"2026-08-05 04:43:59,087006";"47,4607048034668"
\\PIAF\PKN Orlen\PI Vision\PKN Orlen\ZAKŁAD PRODUKCYJNY PŁOCK\RAFINERIA\PR03 BLOK PRZEROBU ROPY\DRW-IV|DR4.FC43354_SQR.PV;"2026-08-05 04:50:49,136002";"47,5853614807129"
\\PIAF\PKN Orlen\PI Vision\PKN Orlen\ZAKŁAD PRODUKCYJNY PŁOCK\RAFINERIA\PR03 BLOK PRZEROBU ROPY\DRW-IV|DR4.FC43354_SQR.PV;"2026-08-05 04:53:09,138016";"47,3104095458984"
\\PIAF\PKN Orlen\PI Vision\PKN Orlen\ZAKŁAD PRODUKCYJNY PŁOCK\RAFINERIA\PR03 BLOK PRZEROBU ROPY\DRW-IV|DR4.FC43354_SQR.PV;"2026-08-05 04:55:34,060013";"47,3750305175781"
\\PIAF\PKN Orlen\PI Vision\PKN Orlen\ZAKŁAD PRODUKCYJNY PŁOCK\RAFINERIA\PR03 BLOK PRZEROBU ROPY\DRW-IV|DR4.FC43354_SQR.PV;"2026-08-05 04:59:29,109009";"47,3080673217773"
\\PIAF\PKN Orlen\PI Vision\PKN Orlen\ZAKŁAD PRODUKCYJNY PŁOCK\RAFINERIA\PR03 BLOK PRZEROBU ROPY\DRW-IV|DR4.FC43354_SQR.PV;"2026-08-05 05:04:54,165008";"47,8854942321777"
\\PIAF\PKN Orlen\PI Vision\PKN Orlen\ZAKŁAD PRODUKCYJNY PŁOCK\RAFINERIA\PR03 BLOK PRZEROBU ROPY\DRW-IV|DR4.FC43354_SQR.PV;"2026-08-05 05:08:49,213012";"47,4478874206543"
\\PIAF\PKN Orlen\PI Vision\PKN Orlen\ZAKŁAD PRODUKCYJNY PŁOCK\RAFINERIA\PR03 BLOK PRZEROBU ROPY\DRW-IV|DR4.FC43354_SQR.PV;"2026-08-05 05:16:39,201004";"47,523120880127"
\\PIAF\PKN Orlen\PI Vision\PKN Orlen\ZAKŁAD PRODUKCYJNY PŁOCK\RAFINERIA\PR03 BLOK PRZEROBU ROPY\DRW-IV|DR4.FC43354_SQR.PV;"2026-08-05 05:23:59,220001";"47,6385192871094"
\\PIAF\PKN Orlen\PI Vision\PKN Orlen\ZAKŁAD PRODUKCYJNY PŁOCK\RAFINERIA\PR03 BLOK PRZEROBU ROPY\DRW-IV|DR4.FC43354_SQR.PV;"2026-08-05 05:30:09,238006";"47,7256889343262"
\\PIAF\PKN Orlen\PI Vision\PKN Orlen\ZAKŁAD PRODUKCYJNY PŁOCK\RAFINERIA\PR03 BLOK PRZEROBU ROPY\DRW-IV|DR4.FC43354_SQR.PV;"2026-08-05 05:33:29,177002";"47,826171875"
\\PIAF\PKN Orlen\PI Vision\PKN Orlen\ZAKŁAD PRODUKCYJNY PŁOCK\RAFINERIA\PR03 BLOK PRZEROBU ROPY\DRW-IV|DR4.FC43354_SQR.PV;"2026-08-05 05:38:49,211014";"47,4191741943359"
\\PIAF\PKN Orlen\PI Vision\PKN Orlen\ZAKŁAD PRODUKCYJNY PŁOCK\RAFINERIA\PR03 BLOK PRZEROBU ROPY\DRW-IV|DR4.FC43354_SQR.PV;"2026-08-05 05:50:59,185013";"47,6274032592773"
\\PIAF\PKN Orlen\PI Vision\PKN Orlen\ZAKŁAD PRODUKCYJNY PŁOCK\RAFINERIA\PR03 BLOK PRZEROBU ROPY\DRW-IV|DR4.FC43354_SQR.PV;"2026-08-05 06:04:44,228012";"47,5683860778809"
\\PIAF\PKN Orlen\PI Vision\PKN Orlen\ZAKŁAD PRODUKCYJNY PŁOCK\RAFINERIA\PR03 BLOK PRZEROBU ROPY\DRW-IV|DR4.FC43354_SQR.PV;"2026-08-05 06:10:39,153015";"47,7185325622559"
\\PIAF\PKN Orlen\PI Vision\PKN Orlen\ZAKŁAD PRODUKCYJNY PŁOCK\RAFINERIA\PR03 BLOK PRZEROBU ROPY\DRW-IV|DR4.FC43354_SQR.PV;"2026-08-05 06:21:54,220001";"48,0083770751953"
\\PIAF\PKN Orlen\PI Vision\PKN Orlen\ZAKŁAD PRODUKCYJNY PŁOCK\RAFINERIA\PR03 BLOK PRZEROBU ROPY\DRW-IV|DR4.FC43354_SQR.PV;"2026-08-05 06:27:24,207001";"47,7058448791504"
\\PIAF\PKN Orlen\PI Vision\PKN Orlen\ZAKŁAD PRODUKCYJNY PŁOCK\RAFINERIA\PR03 BLOK PRZEROBU ROPY\DRW-IV|DR4.FC43354_SQR.PV;"2026-08-05 06:36:39,180008";"48,001148223877"
\\PIAF\PKN Orlen\PI Vision\PKN Orlen\ZAKŁAD PRODUKCYJNY PŁOCK\RAFINERIA\PR03 BLOK PRZEROBU ROPY\DRW-IV|DR4.FC43354_SQR.PV;"2026-08-05 06:43:24,198013";"47,7190704345703"
\\PIAF\PKN Orlen\PI Vision\PKN Orlen\ZAKŁAD PRODUKCYJNY PŁOCK\RAFINERIA\PR03 BLOK PRZEROBU ROPY\DRW-IV|DR4.FC43354_SQR.PV;"2026-08-05 07:04:04,192001";"47,6873245239258"
\\PIAF\PKN Orlen\PI Vision\PKN Orlen\ZAKŁAD PRODUKCYJNY PŁOCK\RAFINERIA\PR03 BLOK PRZEROBU ROPY\DRW-IV|DR4.FC43354_SQR.PV;"2026-08-05 07:08:19,147003";"47,6337928771973"
\\PIAF\PKN Orlen\PI Vision\PKN Orlen\ZAKŁAD PRODUKCYJNY PŁOCK\RAFINERIA\PR03 BLOK PRZEROBU ROPY\DRW-IV|DR4.FC43354_SQR.PV;"2026-08-05 07:23:04,106003";"48,0757637023926"
\\PIAF\PKN Orlen\PI Vision\PKN Orlen\ZAKŁAD PRODUKCYJNY PŁOCK\RAFINERIA\PR03 BLOK PRZEROBU ROPY\DRW-IV|DR4.FC43354_SQR.PV;"2026-08-05 07:26:09,170013";"48,381721496582"
\\PIAF\PKN Orlen\PI Vision\PKN Orlen\ZAKŁAD PRODUKCYJNY PŁOCK\RAFINERIA\PR03 BLOK PRZEROBU ROPY\DRW-IV|DR4.FC43354_SQR.PV;"2026-08-05 07:33:04,142014";"47,7825622558594"
\\PIAF\PKN Orlen\PI Vision\PKN Orlen\ZAKŁAD PRODUKCYJNY PŁOCK\RAFINERIA\PR03 BLOK PRZEROBU ROPY\DRW-IV|DR4.FC43354_SQR.PV;"2026-08-05 07:35:19,221008";"47,7313957214355"
\\PIAF\PKN Orlen\PI Vision\PKN Orlen\ZAKŁAD PRODUKCYJNY PŁOCK\RAFINERIA\PR03 BLOK PRZEROBU ROPY\DRW-IV|DR4.FC43354_SQR.PV;"2026-08-05 07:43:14,131012";"47,9710006713867"
\\PIAF\PKN Orlen\PI Vision\PKN Orlen\ZAKŁAD PRODUKCYJNY PŁOCK\RAFINERIA\PR03 BLOK PRZEROBU ROPY\DRW-IV|DR4.FC43354_SQR.PV;"2026-08-05 07:51:49,181015";"48,6768074035645"
\\PIAF\PKN Orlen\PI Vision\PKN Orlen\ZAKŁAD PRODUKCYJNY PŁOCK\RAFINERIA\PR03 BLOK PRZEROBU ROPY\DRW-IV|DR4.FC43354_SQR.PV;"2026-08-05 07:58:29,169006";"48,5220069885254"
\\PIAF\PKN Orlen\PI Vision\PKN Orlen\ZAKŁAD PRODUKCYJNY PŁOCK\RAFINERIA\PR03 BLOK PRZEROBU ROPY\DRW-IV|DR4.FC43354_SQR.PV;"2026-08-05 08:00:14,169006";"48,3808555603027"
\\PIAF\PKN Orlen\PI Vision\PKN Orlen\ZAKŁAD PRODUKCYJNY PŁOCK\RAFINERIA\PR03 BLOK PRZEROBU ROPY\DRW-IV|DR4.FC43354_SQR.PV;"2026-08-05 08:10:19,127014";"48,5923690795898"
\\PIAF\PKN Orlen\PI Vision\PKN Orlen\ZAKŁAD PRODUKCYJNY PŁOCK\RAFINERIA\PR03 BLOK PRZEROBU ROPY\DRW-IV|DR4.FC43354_SQR.PV;"2026-08-05 08:22:34,132004";"48,6047630310059"
\\PIAF\PKN Orlen\PI Vision\PKN Orlen\ZAKŁAD PRODUKCYJNY PŁOCK\RAFINERIA\PR03 BLOK PRZEROBU ROPY\DRW-IV|DR4.FC43354_SQR.PV;"2026-08-05 08:26:54,130005";"48,8602333068848"
\\PIAF\PKN Orlen\PI Vision\PKN Orlen\ZAKŁAD PRODUKCYJNY PŁOCK\RAFINERIA\PR03 BLOK PRZEROBU ROPY\DRW-IV|DR4.FC43354_SQR.PV;"2026-08-05 08:33:04,149002";"48,4174194335938"
\\PIAF\PKN Orlen\PI Vision\PKN Orlen\ZAKŁAD PRODUKCYJNY PŁOCK\RAFINERIA\PR03 BLOK PRZEROBU ROPY\DRW-IV|DR4.FC43354_SQR.PV;"2026-08-05 08:36:54,166016";"48,7288093566895"
\\PIAF\PKN Orlen\PI Vision\PKN Orlen\ZAKŁAD PRODUKCYJNY PŁOCK\RAFINERIA\PR03 BLOK PRZEROBU ROPY\DRW-IV|DR4.FC43354_SQR.PV;"2026-08-05 08:38:59,182007";"48,5782814025879"
\\PIAF\PKN Orlen\PI Vision\PKN Orlen\ZAKŁAD PRODUKCYJNY PŁOCK\RAFINERIA\PR03 BLOK PRZEROBU ROPY\DRW-IV|DR4.FC43354_SQR.PV;"2026-08-05 08:46:59,123001";"48,787956237793"
\\PIAF\PKN Orlen\PI Vision\PKN Orlen\ZAKŁAD PRODUKCYJNY PŁOCK\RAFINERIA\PR03 BLOK PRZEROBU ROPY\DRW-IV|DR4.FC43354_SQR.PV;"2026-08-05 08:48:04,093002";"49,4845008850098"
\\PIAF\PKN Orlen\PI Vision\PKN Orlen\ZAKŁAD PRODUKCYJNY PŁOCK\RAFINERIA\PR03 BLOK PRZEROBU ROPY\DRW-IV|DR4.FC43354_SQR.PV;"2026-08-05 08:50:49,141006";"49,257381439209"
\\PIAF\PKN Orlen\PI Vision\PKN Orlen\ZAKŁAD PRODUKCYJNY PŁOCK\RAFINERIA\PR03 BLOK PRZEROBU ROPY\DRW-IV|DR4.FC43354_SQR.PV;"2026-08-05 08:54:34,127014";"48,4136238098145"
\\PIAF\PKN Orlen\PI Vision\PKN Orlen\ZAKŁAD PRODUKCYJNY PŁOCK\RAFINERIA\PR03 BLOK PRZEROBU ROPY\DRW-IV|DR4.FC43354_SQR.PV;"2026-08-05 09:00:49,17601";"49,0747146606445"
\\PIAF\PKN Orlen\PI Vision\PKN Orlen\ZAKŁAD PRODUKCYJNY PŁOCK\RAFINERIA\PR03 BLOK PRZEROBU ROPY\DRW-IV|DR4.FC43354_SQR.PV;"2026-08-05 09:03:19,131012";"48,9273872375488"
\\PIAF\PKN Orlen\PI Vision\PKN Orlen\ZAKŁAD PRODUKCYJNY PŁOCK\RAFINERIA\PR03 BLOK PRZEROBU ROPY\DRW-IV|DR4.FC43354_SQR.PV;"2026-08-05 09:06:34,14801";"48,2460861206055"
\\PIAF\PKN Orlen\PI Vision\PKN Orlen\ZAKŁAD PRODUKCYJNY PŁOCK\RAFINERIA\PR03 BLOK PRZEROBU ROPY\DRW-IV|DR4.FC43354_SQR.PV;"2026-08-05 09:15:09,089004";"48,3385848999023"
\\PIAF\PKN Orlen\PI Vision\PKN Orlen\ZAKŁAD PRODUKCYJNY PŁOCK\RAFINERIA\PR03 BLOK PRZEROBU ROPY\DRW-IV|DR4.FC43354_SQR.PV;"2026-08-05 09:18:19,075012";"48,5691452026367"
\\PIAF\PKN Orlen\PI Vision\PKN Orlen\ZAKŁAD PRODUKCYJNY PŁOCK\RAFINERIA\PR03 BLOK PRZEROBU ROPY\DRW-IV|DR4.FC43354_SQR.PV;"2026-08-05 09:31:59,065002";"48,8365516662598"
\\PIAF\PKN Orlen\PI Vision\PKN Orlen\ZAKŁAD PRODUKCYJNY PŁOCK\RAFINERIA\PR03 BLOK PRZEROBU ROPY\DRW-IV|DR4.FC43354_SQR.PV;"2026-08-05 09:38:19,246002";"48,6426048278809"
\\PIAF\PKN Orlen\PI Vision\PKN Orlen\ZAKŁAD PRODUKCYJNY PŁOCK\RAFINERIA\PR03 BLOK PRZEROBU ROPY\DRW-IV|DR4.FC43354_SQR.PV;"2026-08-05 09:44:19,202011";"48,2185935974121"
\\PIAF\PKN Orlen\PI Vision\PKN Orlen\ZAKŁAD PRODUKCYJNY PŁOCK\RAFINERIA\PR03 BLOK PRZEROBU ROPY\DRW-IV|DR4.FC43354_SQR.PV;"2026-08-05 09:51:44,252014";"47,6827239990234"
\\PIAF\PKN Orlen\PI Vision\PKN Orlen\ZAKŁAD PRODUKCYJNY PŁOCK\RAFINERIA\PR03 BLOK PRZEROBU ROPY\DRW-IV|DR4.FC43354_SQR.PV;"2026-08-05 09:55:04,19101";"47,7556304931641"
\\PIAF\PKN Orlen\PI Vision\PKN Orlen\ZAKŁAD PRODUKCYJNY PŁOCK\RAFINERIA\PR03 BLOK PRZEROBU ROPY\DRW-IV|DR4.FC43354_SQR.PV;"2026-08-05 10:01:54,241012";"48,5576667785645"
\\PIAF\PKN Orlen\PI Vision\PKN Orlen\ZAKŁAD PRODUKCYJNY PŁOCK\RAFINERIA\PR03 BLOK PRZEROBU ROPY\DRW-IV|DR4.FC43354_SQR.PV;"2026-08-05 10:04:39,179001";"48,5370178222656"
\\PIAF\PKN Orlen\PI Vision\PKN Orlen\ZAKŁAD PRODUKCYJNY PŁOCK\RAFINERIA\PR03 BLOK PRZEROBU ROPY\DRW-IV|DR4.FC43354_SQR.PV;"2026-08-05 10:06:24,180008";"48,859245300293"
\\PIAF\PKN Orlen\PI Vision\PKN Orlen\ZAKŁAD PRODUKCYJNY PŁOCK\RAFINERIA\PR03 BLOK PRZEROBU ROPY\DRW-IV|DR4.FC43354_SQR.PV;"2026-08-05 10:10:09,166";"47,7939376831055"
\\PIAF\PKN Orlen\PI Vision\PKN Orlen\ZAKŁAD PRODUKCYJNY PŁOCK\RAFINERIA\PR03 BLOK PRZEROBU ROPY\DRW-IV|DR4.FC43354_SQR.PV;"2026-08-05 10:16:04,200012";"48,2229080200195"
\\PIAF\PKN Orlen\PI Vision\PKN Orlen\ZAKŁAD PRODUKCYJNY PŁOCK\RAFINERIA\PR03 BLOK PRZEROBU ROPY\DRW-IV|DR4.FC43354_SQR.PV;"2026-08-05 10:18:59,201004";"48,3503112792969"
\\PIAF\PKN Orlen\PI Vision\PKN Orlen\ZAKŁAD PRODUKCYJNY PŁOCK\RAFINERIA\PR03 BLOK PRZEROBU ROPY\DRW-IV|DR4.FC43354_SQR.PV;"2026-08-05 10:27:44,205002";"48,2286224365234"
\\PIAF\PKN Orlen\PI Vision\PKN Orlen\ZAKŁAD PRODUKCYJNY PŁOCK\RAFINERIA\PR03 BLOK PRZEROBU ROPY\DRW-IV|DR4.FC43354_SQR.PV;"2026-08-05 10:34:49,240005";"48,3229675292969"
\\PIAF\PKN Orlen\PI Vision\PKN Orlen\ZAKŁAD PRODUKCYJNY PŁOCK\RAFINERIA\PR03 BLOK PRZEROBU ROPY\DRW-IV|DR4.FC43354_SQR.PV;"2026-08-05 10:40:09,164001";"48,2466430664063"
\\PIAF\PKN Orlen\PI Vision\PKN Orlen\ZAKŁAD PRODUKCYJNY PŁOCK\RAFINERIA\PR03 BLOK PRZEROBU ROPY\DRW-IV|DR4.FC43354_SQR.PV;"2026-08-05 10:44:59,228012";"47,995849609375"
\\PIAF\PKN Orlen\PI Vision\PKN Orlen\ZAKŁAD PRODUKCYJNY PŁOCK\RAFINERIA\PR03 BLOK PRZEROBU ROPY\DRW-IV|DR4.FC43354_SQR.PV;"2026-08-05 10:48:09,214004";"48,3504409790039"
\\PIAF\PKN Orlen\PI Vision\PKN Orlen\ZAKŁAD PRODUKCYJNY PŁOCK\RAFINERIA\PR03 BLOK PRZEROBU ROPY\DRW-IV|DR4.FC43354_SQR.PV;"2026-08-05 10:51:49,169006";"48,2042579650879"
\\PIAF\PKN Orlen\PI Vision\PKN Orlen\ZAKŁAD PRODUKCYJNY PŁOCK\RAFINERIA\PR03 BLOK PRZEROBU ROPY\DRW-IV|DR4.FC43354_SQR.PV;"2026-08-05 10:55:39,186004";"47,8421783447266"
\\PIAF\PKN Orlen\PI Vision\PKN Orlen\ZAKŁAD PRODUKCYJNY PŁOCK\RAFINERIA\PR03 BLOK PRZEROBU ROPY\DRW-IV|DR4.FC43354_SQR.PV;"2026-08-05 10:58:54,203003";"48,132007598877"
\\PIAF\PKN Orlen\PI Vision\PKN Orlen\ZAKŁAD PRODUKCYJNY PŁOCK\RAFINERIA\PR03 BLOK PRZEROBU ROPY\DRW-IV|DR4.FC43354_SQR.PV;"2026-08-05 11:02:29,127014";"48,5899314880371"
\\PIAF\PKN Orlen\PI Vision\PKN Orlen\ZAKŁAD PRODUKCYJNY PŁOCK\RAFINERIA\PR03 BLOK PRZEROBU ROPY\DRW-IV|DR4.FC43354_SQR.PV;"2026-08-05 11:08:54,130005";"48,0995597839355"
\\PIAF\PKN Orlen\PI Vision\PKN Orlen\ZAKŁAD PRODUKCYJNY PŁOCK\RAFINERIA\PR03 BLOK PRZEROBU ROPY\DRW-IV|DR4.FC43354_SQR.PV;"2026-08-05 11:13:44,194";"47,8932189941406"
\\PIAF\PKN Orlen\PI Vision\PKN Orlen\ZAKŁAD PRODUKCYJNY PŁOCK\RAFINERIA\PR03 BLOK PRZEROBU ROPY\DRW-IV|DR4.FC43354_SQR.PV;"2026-08-05 11:17:14,195999";"47,8312149047852"
\\PIAF\PKN Orlen\PI Vision\PKN Orlen\ZAKŁAD PRODUKCYJNY PŁOCK\RAFINERIA\PR03 BLOK PRZEROBU ROPY\DRW-IV|DR4.FC43354_SQR.PV;"2026-08-05 11:23:14,151001";"47,830810546875"
\\PIAF\PKN Orlen\PI Vision\PKN Orlen\ZAKŁAD PRODUKCYJNY PŁOCK\RAFINERIA\PR03 BLOK PRZEROBU ROPY\DRW-IV|DR4.FC43354_SQR.PV;"2026-08-05 11:29:59,170013";"48,3172416687012"
\\PIAF\PKN Orlen\PI Vision\PKN Orlen\ZAKŁAD PRODUKCYJNY PŁOCK\RAFINERIA\PR03 BLOK PRZEROBU ROPY\DRW-IV|DR4.FC43354_SQR.PV;"2026-08-05 11:32:54,171005";"48,1648254394531"
\\PIAF\PKN Orlen\PI Vision\PKN Orlen\ZAKŁAD PRODUKCYJNY PŁOCK\RAFINERIA\PR03 BLOK PRZEROBU ROPY\DRW-IV|DR4.FC43354_SQR.PV;"2026-08-05 11:38:54,127014";"47,9488258361816"
\\PIAF\PKN Orlen\PI Vision\PKN Orlen\ZAKŁAD PRODUKCYJNY PŁOCK\RAFINERIA\PR03 BLOK PRZEROBU ROPY\DRW-IV|DR4.FC43354_SQR.PV;"2026-08-05 11:50:34,142014";"47,0509223937988"
\\PIAF\PKN Orlen\PI Vision\PKN Orlen\ZAKŁAD PRODUKCYJNY PŁOCK\RAFINERIA\PR03 BLOK PRZEROBU ROPY\DRW-IV|DR4.FC43354_SQR.PV;"2026-08-05 12:02:24,200012";"47,8790016174316"
\\PIAF\PKN Orlen\PI Vision\PKN Orlen\ZAKŁAD PRODUKCYJNY PŁOCK\RAFINERIA\PR03 BLOK PRZEROBU ROPY\DRW-IV|DR4.FC43354_SQR.PV;"2026-08-05 12:06:44,186004";"47,8263168334961"
\\PIAF\PKN Orlen\PI Vision\PKN Orlen\ZAKŁAD PRODUKCYJNY PŁOCK\RAFINERIA\PR03 BLOK PRZEROBU ROPY\DRW-IV|DR4.FC43354_SQR.PV;"2026-08-05 12:10:44,157013";"47,5985679626465"
\\PIAF\PKN Orlen\PI Vision\PKN Orlen\ZAKŁAD PRODUKCYJNY PŁOCK\RAFINERIA\PR03 BLOK PRZEROBU ROPY\DRW-IV|DR4.FC43354_SQR.PV;"2026-08-05 12:15:19,126999";"47,3836860656738"
\\PIAF\PKN Orlen\PI Vision\PKN Orlen\ZAKŁAD PRODUKCYJNY PŁOCK\RAFINERIA\PR03 BLOK PRZEROBU ROPY\DRW-IV|DR4.FC43354_SQR.PV;"2026-08-05 12:17:09,160003";"47,6820869445801"
\\PIAF\PKN Orlen\PI Vision\PKN Orlen\ZAKŁAD PRODUKCYJNY PŁOCK\RAFINERIA\PR03 BLOK PRZEROBU ROPY\DRW-IV|DR4.FC43354_SQR.PV;"2026-08-05 12:22:39,146011";"47,6659202575684"
\\PIAF\PKN Orlen\PI Vision\PKN Orlen\ZAKŁAD PRODUKCYJNY PŁOCK\RAFINERIA\PR03 BLOK PRZEROBU ROPY\DRW-IV|DR4.FC43354_SQR.PV;"2026-08-05 12:28:29,149002";"47,2111511230469"
\\PIAF\PKN Orlen\PI Vision\PKN Orlen\ZAKŁAD PRODUKCYJNY PŁOCK\RAFINERIA\PR03 BLOK PRZEROBU ROPY\DRW-IV|DR4.FC43354_SQR.PV;"2026-08-05 12:36:49,106003";"47,8255043029785"
\\PIAF\PKN Orlen\PI Vision\PKN Orlen\ZAKŁAD PRODUKCYJNY PŁOCK\RAFINERIA\PR03 BLOK PRZEROBU ROPY\DRW-IV|DR4.FC43354_SQR.PV;"2026-08-05 12:43:09,187011";"47,2406806945801"
\\PIAF\PKN Orlen\PI Vision\PKN Orlen\ZAKŁAD PRODUKCYJNY PŁOCK\RAFINERIA\PR03 BLOK PRZEROBU ROPY\DRW-IV|DR4.FC43354_SQR.PV;"2026-08-05 12:48:24,189011";"47,5721817016602"
\\PIAF\PKN Orlen\PI Vision\PKN Orlen\ZAKŁAD PRODUKCYJNY PŁOCK\RAFINERIA\PR03 BLOK PRZEROBU ROPY\DRW-IV|DR4.FC43354_SQR.PV;"2026-08-05 12:56:14,177002";"47,3121795654297"
\\PIAF\PKN Orlen\PI Vision\PKN Orlen\ZAKŁAD PRODUKCYJNY PŁOCK\RAFINERIA\PR03 BLOK PRZEROBU ROPY\DRW-IV|DR4.FC43354_SQR.PV;"2026-08-05 13:00:29,132004";"47,1777000427246"
\\PIAF\PKN Orlen\PI Vision\PKN Orlen\ZAKŁAD PRODUKCYJNY PŁOCK\RAFINERIA\PR03 BLOK PRZEROBU ROPY\DRW-IV|DR4.FC43354_SQR.PV;"2026-08-05 13:02:14,132004";"47,3457336425781"
\\PIAF\PKN Orlen\PI Vision\PKN Orlen\ZAKŁAD PRODUKCYJNY PŁOCK\RAFINERIA\PR03 BLOK PRZEROBU ROPY\DRW-IV|DR4.FC43354_SQR.PV;"2026-08-05 13:07:24,103012";"47,2538566589355"
\\PIAF\PKN Orlen\PI Vision\PKN Orlen\ZAKŁAD PRODUKCYJNY PŁOCK\RAFINERIA\PR03 BLOK PRZEROBU ROPY\DRW-IV|DR4.FC43354_SQR.PV;"2026-08-05 13:11:39,167999";"47,3569984436035"
\\PIAF\PKN Orlen\PI Vision\PKN Orlen\ZAKŁAD PRODUKCYJNY PŁOCK\RAFINERIA\PR03 BLOK PRZEROBU ROPY\DRW-IV|DR4.FC43354_SQR.PV;"2026-08-05 13:23:39,07901";"47,515380859375"
\\PIAF\PKN Orlen\PI Vision\PKN Orlen\ZAKŁAD PRODUKCYJNY PŁOCK\RAFINERIA\PR03 BLOK PRZEROBU ROPY\DRW-IV|DR4.FC43354_SQR.PV;"2026-08-05 13:27:14,076004";"47,4140434265137"
\\PIAF\PKN Orlen\PI Vision\PKN Orlen\ZAKŁAD PRODUKCYJNY PŁOCK\RAFINERIA\PR03 BLOK PRZEROBU ROPY\DRW-IV|DR4.FC43354_SQR.PV;"2026-08-05 13:30:14,108001";"47,2215194702148"
\\PIAF\PKN Orlen\PI Vision\PKN Orlen\ZAKŁAD PRODUKCYJNY PŁOCK\RAFINERIA\PR03 BLOK PRZEROBU ROPY\DRW-IV|DR4.FC43354_SQR.PV;"2026-08-05 13:35:54,158005";"47,5111274719238"
\\PIAF\PKN Orlen\PI Vision\PKN Orlen\ZAKŁAD PRODUKCYJNY PŁOCK\RAFINERIA\PR03 BLOK PRZEROBU ROPY\DRW-IV|DR4.FC43354_SQR.PV;"2026-08-05 13:39:19,128006";"46,8068161010742"
\\PIAF\PKN Orlen\PI Vision\PKN Orlen\ZAKŁAD PRODUKCYJNY PŁOCK\RAFINERIA\PR03 BLOK PRZEROBU ROPY\DRW-IV|DR4.FC43354_SQR.PV;"2026-08-05 13:45:44,131012";"46,8708267211914"
\\PIAF\PKN Orlen\PI Vision\PKN Orlen\ZAKŁAD PRODUKCYJNY PŁOCK\RAFINERIA\PR03 BLOK PRZEROBU ROPY\DRW-IV|DR4.FC43354_SQR.PV;"2026-08-05 13:47:34,163009";"46,7111396789551"
\\PIAF\PKN Orlen\PI Vision\PKN Orlen\ZAKŁAD PRODUKCYJNY PŁOCK\RAFINERIA\PR03 BLOK PRZEROBU ROPY\DRW-IV|DR4.FC43354_SQR.PV;"2026-08-05 13:51:54,149002";"46,5705261230469"
\\PIAF\PKN Orlen\PI Vision\PKN Orlen\ZAKŁAD PRODUKCYJNY PŁOCK\RAFINERIA\PR03 BLOK PRZEROBU ROPY\DRW-IV|DR4.FC43354_SQR.PV;"2026-08-05 13:52:59,218002";"46,4575042724609"
\\PIAF\PKN Orlen\PI Vision\PKN Orlen\ZAKŁAD PRODUKCYJNY PŁOCK\RAFINERIA\PR03 BLOK PRZEROBU ROPY\DRW-IV|DR4.FC43354_SQR.PV;"2026-08-05 13:57:49,174011";"47,002197265625"
\\PIAF\PKN Orlen\PI Vision\PKN Orlen\ZAKŁAD PRODUKCYJNY PŁOCK\RAFINERIA\PR03 BLOK PRZEROBU ROPY\DRW-IV|DR4.FC43354_SQR.PV;"2026-08-05 14:08:39,194";"47,034969329834"
\\PIAF\PKN Orlen\PI Vision\PKN Orlen\ZAKŁAD PRODUKCYJNY PŁOCK\RAFINERIA\PR03 BLOK PRZEROBU ROPY\DRW-IV|DR4.FC43354_SQR.PV;"2026-08-05 14:15:09,228012";"47,2784309387207"
\\PIAF\PKN Orlen\PI Vision\PKN Orlen\ZAKŁAD PRODUKCYJNY PŁOCK\RAFINERIA\PR03 BLOK PRZEROBU ROPY\DRW-IV|DR4.FC43354_SQR.PV;"2026-08-05 14:18:04,229004";"46,8871841430664"
\\PIAF\PKN Orlen\PI Vision\PKN Orlen\ZAKŁAD PRODUKCYJNY PŁOCK\RAFINERIA\PR03 BLOK PRZEROBU ROPY\DRW-IV|DR4.FC43354_SQR.PV;"2026-08-05 14:31:39,189011";"47,15673828125"
\\PIAF\PKN Orlen\PI Vision\PKN Orlen\ZAKŁAD PRODUKCYJNY PŁOCK\RAFINERIA\PR03 BLOK PRZEROBU ROPY\DRW-IV|DR4.FC43354_SQR.PV;"2026-08-05 14:35:54,144012";"47,0304527282715"
\\PIAF\PKN Orlen\PI Vision\PKN Orlen\ZAKŁAD PRODUKCYJNY PŁOCK\RAFINERIA\PR03 BLOK PRZEROBU ROPY\DRW-IV|DR4.FC43354_SQR.PV;"2026-08-05 14:39:44,161011";"47,3059883117676"
\\PIAF\PKN Orlen\PI Vision\PKN Orlen\ZAKŁAD PRODUKCYJNY PŁOCK\RAFINERIA\PR03 BLOK PRZEROBU ROPY\DRW-IV|DR4.FC43354_SQR.PV;"2026-08-05 14:45:54,179001";"46,9739875793457"
\\PIAF\PKN Orlen\PI Vision\PKN Orlen\ZAKŁAD PRODUKCYJNY PŁOCK\RAFINERIA\PR03 BLOK PRZEROBU ROPY\DRW-IV|DR4.FC43354_SQR.PV;"2026-08-05 14:53:44,167007";"47,1273994445801"
\\PIAF\PKN Orlen\PI Vision\PKN Orlen\ZAKŁAD PRODUKCYJNY PŁOCK\RAFINERIA\PR03 BLOK PRZEROBU ROPY\DRW-IV|DR4.FC43354_SQR.PV;"2026-08-05 15:03:14,234009";"46,9426803588867"
\\PIAF\PKN Orlen\PI Vision\PKN Orlen\ZAKŁAD PRODUKCYJNY PŁOCK\RAFINERIA\PR03 BLOK PRZEROBU ROPY\DRW-IV|DR4.FC43354_SQR.PV;"2026-08-05 15:08:49,129013";"47,0792808532715"
\\PIAF\PKN Orlen\PI Vision\PKN Orlen\ZAKŁAD PRODUKCYJNY PŁOCK\RAFINERIA\PR03 BLOK PRZEROBU ROPY\DRW-IV|DR4.FC43354_SQR.PV;"2026-08-05 15:19:24,165008";"47,2669334411621"
\\PIAF\PKN Orlen\PI Vision\PKN Orlen\ZAKŁAD PRODUKCYJNY PŁOCK\RAFINERIA\PR03 BLOK PRZEROBU ROPY\DRW-IV|DR4.FC43354_SQR.PV;"2026-08-05 15:23:34,198013";"46,770092010498"
\\PIAF\PKN Orlen\PI Vision\PKN Orlen\ZAKŁAD PRODUKCYJNY PŁOCK\RAFINERIA\PR03 BLOK PRZEROBU ROPY\DRW-IV|DR4.FC43354_SQR.PV;"2026-08-05 15:29:49,138";"47,0758514404297"
\\PIAF\PKN Orlen\PI Vision\PKN Orlen\ZAKŁAD PRODUKCYJNY PŁOCK\RAFINERIA\PR03 BLOK PRZEROBU ROPY\DRW-IV|DR4.FC43354_SQR.PV;"2026-08-05 15:38:19,157013";"47,1714134216309"
\\PIAF\PKN Orlen\PI Vision\PKN Orlen\ZAKŁAD PRODUKCYJNY PŁOCK\RAFINERIA\PR03 BLOK PRZEROBU ROPY\DRW-IV|DR4.FC43354_SQR.PV;"2026-08-05 15:41:09,127014";"46,9819374084473"
\\PIAF\PKN Orlen\PI Vision\PKN Orlen\ZAKŁAD PRODUKCYJNY PŁOCK\RAFINERIA\PR03 BLOK PRZEROBU ROPY\DRW-IV|DR4.FC43354_SQR.PV;"2026-08-05 15:48:24,115005";"47,6137657165527"
\\PIAF\PKN Orlen\PI Vision\PKN Orlen\ZAKŁAD PRODUKCYJNY PŁOCK\RAFINERIA\PR03 BLOK PRZEROBU ROPY\DRW-IV|DR4.FC43354_SQR.PV;"2026-08-05 15:57:04,197006";"46,9483985900879"
\\PIAF\PKN Orlen\PI Vision\PKN Orlen\ZAKŁAD PRODUKCYJNY PŁOCK\RAFINERIA\PR03 BLOK PRZEROBU ROPY\DRW-IV|DR4.FC43354_SQR.PV;"2026-08-05 16:03:09,184005";"47,3657417297363"
\\PIAF\PKN Orlen\PI Vision\PKN Orlen\ZAKŁAD PRODUKCYJNY PŁOCK\RAFINERIA\PR03 BLOK PRZEROBU ROPY\DRW-IV|DR4.FC43354_SQR.PV;"2026-08-05 16:12:44,172012";"47,2669792175293"
\\PIAF\PKN Orlen\PI Vision\PKN Orlen\ZAKŁAD PRODUKCYJNY PŁOCK\RAFINERIA\PR03 BLOK PRZEROBU ROPY\DRW-IV|DR4.FC43354_SQR.PV;"2026-08-05 16:17:14,067001";"47,4640312194824"
\\PIAF\PKN Orlen\PI Vision\PKN Orlen\ZAKŁAD PRODUKCYJNY PŁOCK\RAFINERIA\PR03 BLOK PRZEROBU ROPY\DRW-IV|DR4.FC43354_SQR.PV;"2026-08-05 16:22:24,049011";"47,3125877380371"
\\PIAF\PKN Orlen\PI Vision\PKN Orlen\ZAKŁAD PRODUKCYJNY PŁOCK\RAFINERIA\PR03 BLOK PRZEROBU ROPY\DRW-IV|DR4.FC43354_SQR.PV;"2026-08-05 16:29:39,036011";"47,140251159668"
\\PIAF\PKN Orlen\PI Vision\PKN Orlen\ZAKŁAD PRODUKCYJNY PŁOCK\RAFINERIA\PR03 BLOK PRZEROBU ROPY\DRW-IV|DR4.FC43354_SQR.PV;"2026-08-05 16:34:49,121002";"47,1846122741699"
\\PIAF\PKN Orlen\PI Vision\PKN Orlen\ZAKŁAD PRODUKCYJNY PŁOCK\RAFINERIA\PR03 BLOK PRZEROBU ROPY\DRW-IV|DR4.FC43354_SQR.PV;"2026-08-05 16:38:39,138";"47,4010047912598"
\\PIAF\PKN Orlen\PI Vision\PKN Orlen\ZAKŁAD PRODUKCYJNY PŁOCK\RAFINERIA\PR03 BLOK PRZEROBU ROPY\DRW-IV|DR4.FC43354_SQR.PV;"2026-08-05 16:45:39,141006";"47,3619956970215"
\\PIAF\PKN Orlen\PI Vision\PKN Orlen\ZAKŁAD PRODUKCYJNY PŁOCK\RAFINERIA\PR03 BLOK PRZEROBU ROPY\DRW-IV|DR4.FC43354_SQR.PV;"2026-08-05 16:52:14,097";"47,8819313049316"
\\PIAF\PKN Orlen\PI Vision\PKN Orlen\ZAKŁAD PRODUKCYJNY PŁOCK\RAFINERIA\PR03 BLOK PRZEROBU ROPY\DRW-IV|DR4.FC43354_SQR.PV;"2026-08-05 16:56:14,177002";"47,7414894104004"
\\PIAF\PKN Orlen\PI Vision\PKN Orlen\ZAKŁAD PRODUKCYJNY PŁOCK\RAFINERIA\PR03 BLOK PRZEROBU ROPY\DRW-IV|DR4.FC43354_SQR.PV;"2026-08-05 17:00:29,132004";"46,8961601257324"
\\PIAF\PKN Orlen\PI Vision\PKN Orlen\ZAKŁAD PRODUKCYJNY PŁOCK\RAFINERIA\PR03 BLOK PRZEROBU ROPY\DRW-IV|DR4.FC43354_SQR.PV;"2026-08-05 17:04:44,087006";"47,2819404602051"
\\PIAF\PKN Orlen\PI Vision\PKN Orlen\ZAKŁAD PRODUKCYJNY PŁOCK\RAFINERIA\PR03 BLOK PRZEROBU ROPY\DRW-IV|DR4.FC43354_SQR.PV;"2026-08-05 17:07:09,119003";"47,9770698547363"
\\PIAF\PKN Orlen\PI Vision\PKN Orlen\ZAKŁAD PRODUKCYJNY PŁOCK\RAFINERIA\PR03 BLOK PRZEROBU ROPY\DRW-IV|DR4.FC43354_SQR.PV;"2026-08-05 17:08:54,12001";"48,3728713989258"
\\PIAF\PKN Orlen\PI Vision\PKN Orlen\ZAKŁAD PRODUKCYJNY PŁOCK\RAFINERIA\PR03 BLOK PRZEROBU ROPY\DRW-IV|DR4.FC43354_SQR.PV;"2026-08-05 17:13:39,153015";"48,048210144043"
\\PIAF\PKN Orlen\PI Vision\PKN Orlen\ZAKŁAD PRODUKCYJNY PŁOCK\RAFINERIA\PR03 BLOK PRZEROBU ROPY\DRW-IV|DR4.FC43354_SQR.PV;"2026-08-05 17:18:39,171005";"47,1151275634766"
\\PIAF\PKN Orlen\PI Vision\PKN Orlen\ZAKŁAD PRODUKCYJNY PŁOCK\RAFINERIA\PR03 BLOK PRZEROBU ROPY\DRW-IV|DR4.FC43354_SQR.PV;"2026-08-05 17:26:14,174011";"47,7298965454102"
\\PIAF\PKN Orlen\PI Vision\PKN Orlen\ZAKŁAD PRODUKCYJNY PŁOCK\RAFINERIA\PR03 BLOK PRZEROBU ROPY\DRW-IV|DR4.FC43354_SQR.PV;"2026-08-05 17:31:54,114013";"47,6026382446289"
\\PIAF\PKN Orlen\PI Vision\PKN Orlen\ZAKŁAD PRODUKCYJNY PŁOCK\RAFINERIA\PR03 BLOK PRZEROBU ROPY\DRW-IV|DR4.FC43354_SQR.PV;"2026-08-05 17:35:04,100006";"47,5487861633301"
\\PIAF\PKN Orlen\PI Vision\PKN Orlen\ZAKŁAD PRODUKCYJNY PŁOCK\RAFINERIA\PR03 BLOK PRZEROBU ROPY\DRW-IV|DR4.FC43354_SQR.PV;"2026-08-05 17:40:29,165008";"47,8587303161621"
\\PIAF\PKN Orlen\PI Vision\PKN Orlen\ZAKŁAD PRODUKCYJNY PŁOCK\RAFINERIA\PR03 BLOK PRZEROBU ROPY\DRW-IV|DR4.FC43354_SQR.PV;"2026-08-05 17:46:34,152008";"47,4971694946289"
\\PIAF\PKN Orlen\PI Vision\PKN Orlen\ZAKŁAD PRODUKCYJNY PŁOCK\RAFINERIA\PR03 BLOK PRZEROBU ROPY\DRW-IV|DR4.FC43354_SQR.PV;"2026-08-05 17:53:44,108001";"47,6503410339355"
\\PIAF\PKN Orlen\PI Vision\PKN Orlen\ZAKŁAD PRODUKCYJNY PŁOCK\RAFINERIA\PR03 BLOK PRZEROBU ROPY\DRW-IV|DR4.FC43354_SQR.PV;"2026-08-05 18:08:04,230011";"47,6331596374512"
\\PIAF\PKN Orlen\PI Vision\PKN Orlen\ZAKŁAD PRODUKCYJNY PŁOCK\RAFINERIA\PR03 BLOK PRZEROBU ROPY\DRW-IV|DR4.FC43354_SQR.PV;"2026-08-05 18:12:19,185013";"47,7321548461914"
\\PIAF\PKN Orlen\PI Vision\PKN Orlen\ZAKŁAD PRODUKCYJNY PŁOCK\RAFINERIA\PR03 BLOK PRZEROBU ROPY\DRW-IV|DR4.FC43354_SQR.PV;"2026-08-05 18:15:49,187011";"47,2509307861328"
\\PIAF\PKN Orlen\PI Vision\PKN Orlen\ZAKŁAD PRODUKCYJNY PŁOCK\RAFINERIA\PR03 BLOK PRZEROBU ROPY\DRW-IV|DR4.FC43354_SQR.PV;"2026-08-05 18:18:29,20401";"46,7638778686523"
\\PIAF\PKN Orlen\PI Vision\PKN Orlen\ZAKŁAD PRODUKCYJNY PŁOCK\RAFINERIA\PR03 BLOK PRZEROBU ROPY\DRW-IV|DR4.FC43354_SQR.PV;"2026-08-05 18:21:29,236007";"46,8056449890137"
\\PIAF\PKN Orlen\PI Vision\PKN Orlen\ZAKŁAD PRODUKCYJNY PŁOCK\RAFINERIA\PR03 BLOK PRZEROBU ROPY\DRW-IV|DR4.FC43354_SQR.PV;"2026-08-05 18:24:49,175003";"47,1469459533691"
\\PIAF\PKN Orlen\PI Vision\PKN Orlen\ZAKŁAD PRODUKCYJNY PŁOCK\RAFINERIA\PR03 BLOK PRZEROBU ROPY\DRW-IV|DR4.FC43354_SQR.PV;"2026-08-05 18:29:44,162002";"47,1563758850098"
\\PIAF\PKN Orlen\PI Vision\PKN Orlen\ZAKŁAD PRODUKCYJNY PŁOCK\RAFINERIA\PR03 BLOK PRZEROBU ROPY\DRW-IV|DR4.FC43354_SQR.PV;"2026-08-05 18:32:39,163009";"46,9646835327148"
\\PIAF\PKN Orlen\PI Vision\PKN Orlen\ZAKŁAD PRODUKCYJNY PŁOCK\RAFINERIA\PR03 BLOK PRZEROBU ROPY\DRW-IV|DR4.FC43354_SQR.PV;"2026-08-05 18:36:24,149002";"47,0403289794922"
\\PIAF\PKN Orlen\PI Vision\PKN Orlen\ZAKŁAD PRODUKCYJNY PŁOCK\RAFINERIA\PR03 BLOK PRZEROBU ROPY\DRW-IV|DR4.FC43354_SQR.PV;"2026-08-05 18:41:14,214004";"47,3630065917969"
\\PIAF\PKN Orlen\PI Vision\PKN Orlen\ZAKŁAD PRODUKCYJNY PŁOCK\RAFINERIA\PR03 BLOK PRZEROBU ROPY\DRW-IV|DR4.FC43354_SQR.PV;"2026-08-05 18:50:04,249008";"47,1867218017578"
\\PIAF\PKN Orlen\PI Vision\PKN Orlen\ZAKŁAD PRODUKCYJNY PŁOCK\RAFINERIA\PR03 BLOK PRZEROBU ROPY\DRW-IV|DR4.FC43354_SQR.PV;"2026-08-05 18:53:29,219009";"47,250919342041"
\\PIAF\PKN Orlen\PI Vision\PKN Orlen\ZAKŁAD PRODUKCYJNY PŁOCK\RAFINERIA\PR03 BLOK PRZEROBU ROPY\DRW-IV|DR4.FC43354_SQR.PV;"2026-08-05 18:57:34,221008";"46,7580337524414"
\\PIAF\PKN Orlen\PI Vision\PKN Orlen\ZAKŁAD PRODUKCYJNY PŁOCK\RAFINERIA\PR03 BLOK PRZEROBU ROPY\DRW-IV|DR4.FC43354_SQR.PV;"2026-08-05 19:02:49,223007";"47,0498085021973"
\\PIAF\PKN Orlen\PI Vision\PKN Orlen\ZAKŁAD PRODUKCYJNY PŁOCK\RAFINERIA\PR03 BLOK PRZEROBU ROPY\DRW-IV|DR4.FC43354_SQR.PV;"2026-08-05 19:04:59,162002";"47,2874565124512"
\\PIAF\PKN Orlen\PI Vision\PKN Orlen\ZAKŁAD PRODUKCYJNY PŁOCK\RAFINERIA\PR03 BLOK PRZEROBU ROPY\DRW-IV|DR4.FC43354_SQR.PV;"2026-08-05 19:07:59,194";"47,2400856018066"
\\PIAF\PKN Orlen\PI Vision\PKN Orlen\ZAKŁAD PRODUKCYJNY PŁOCK\RAFINERIA\PR03 BLOK PRZEROBU ROPY\DRW-IV|DR4.FC43354_SQR.PV;"2026-08-05 19:13:34,212006";"46,6527557373047"
\\PIAF\PKN Orlen\PI Vision\PKN Orlen\ZAKŁAD PRODUKCYJNY PŁOCK\RAFINERIA\PR03 BLOK PRZEROBU ROPY\DRW-IV|DR4.FC43354_SQR.PV;"2026-08-05 19:23:09,201004";"46,7873649597168"
\\PIAF\PKN Orlen\PI Vision\PKN Orlen\ZAKŁAD PRODUKCYJNY PŁOCK\RAFINERIA\PR03 BLOK PRZEROBU ROPY\DRW-IV|DR4.FC43354_SQR.PV;"2026-08-05 19:27:54,234009";"46,7089920043945"
\\PIAF\PKN Orlen\PI Vision\PKN Orlen\ZAKŁAD PRODUKCYJNY PŁOCK\RAFINERIA\PR03 BLOK PRZEROBU ROPY\DRW-IV|DR4.FC43354_SQR.PV;"2026-08-05 19:32:09,189011";"46,7487716674805"
\\PIAF\PKN Orlen\PI Vision\PKN Orlen\ZAKŁAD PRODUKCYJNY PŁOCK\RAFINERIA\PR03 BLOK PRZEROBU ROPY\DRW-IV|DR4.FC43354_SQR.PV;"2026-08-05 19:39:24,177002";"46,553035736084"
\\PIAF\PKN Orlen\PI Vision\PKN Orlen\ZAKŁAD PRODUKCYJNY PŁOCK\RAFINERIA\PR03 BLOK PRZEROBU ROPY\DRW-IV|DR4.FC43354_SQR.PV;"2026-08-05 19:42:54,178009";"46,525806427002"
\\PIAF\PKN Orlen\PI Vision\PKN Orlen\ZAKŁAD PRODUKCYJNY PŁOCK\RAFINERIA\PR03 BLOK PRZEROBU ROPY\DRW-IV|DR4.FC43354_SQR.PV;"2026-08-05 19:48:24,165008";"46,6454048156738"
\\PIAF\PKN Orlen\PI Vision\PKN Orlen\ZAKŁAD PRODUKCYJNY PŁOCK\RAFINERIA\PR03 BLOK PRZEROBU ROPY\DRW-IV|DR4.FC43354_SQR.PV;"2026-08-05 19:53:59,183014";"46,5729904174805"
\\PIAF\PKN Orlen\PI Vision\PKN Orlen\ZAKŁAD PRODUKCYJNY PŁOCK\RAFINERIA\PR03 BLOK PRZEROBU ROPY\DRW-IV|DR4.FC43354_SQR.PV;"2026-08-05 20:00:04,170013";"46,8213233947754"
\\PIAF\PKN Orlen\PI Vision\PKN Orlen\ZAKŁAD PRODUKCYJNY PŁOCK\RAFINERIA\PR03 BLOK PRZEROBU ROPY\DRW-IV|DR4.FC43354_SQR.PV;"2026-08-05 20:06:54,220001";"46,3359603881836"
\\PIAF\PKN Orlen\PI Vision\PKN Orlen\ZAKŁAD PRODUKCYJNY PŁOCK\RAFINERIA\PR03 BLOK PRZEROBU ROPY\DRW-IV|DR4.FC43354_SQR.PV;"2026-08-05 20:16:19,146011";"46,1471710205078"
\\PIAF\PKN Orlen\PI Vision\PKN Orlen\ZAKŁAD PRODUKCYJNY PŁOCK\RAFINERIA\PR03 BLOK PRZEROBU ROPY\DRW-IV|DR4.FC43354_SQR.PV;"2026-08-05 20:25:29,197006";"46,3735580444336"
\\PIAF\PKN Orlen\PI Vision\PKN Orlen\ZAKŁAD PRODUKCYJNY PŁOCK\RAFINERIA\PR03 BLOK PRZEROBU ROPY\DRW-IV|DR4.FC43354_SQR.PV;"2026-08-05 20:30:29,105011";"46,5837745666504"
\\PIAF\PKN Orlen\PI Vision\PKN Orlen\ZAKŁAD PRODUKCYJNY PŁOCK\RAFINERIA\PR03 BLOK PRZEROBU ROPY\DRW-IV|DR4.FC43354_SQR.PV;"2026-08-05 20:40:19,188004";"46,1570129394531"
\\PIAF\PKN Orlen\PI Vision\PKN Orlen\ZAKŁAD PRODUKCYJNY PŁOCK\RAFINERIA\PR03 BLOK PRZEROBU ROPY\DRW-IV|DR4.FC43354_SQR.PV;"2026-08-05 20:48:49,098007";"46,5237159729004"
\\PIAF\PKN Orlen\PI Vision\PKN Orlen\ZAKŁAD PRODUKCYJNY PŁOCK\RAFINERIA\PR03 BLOK PRZEROBU ROPY\DRW-IV|DR4.FC43354_SQR.PV;"2026-08-05 20:53:14,115005";"46,2289772033691"
\\PIAF\PKN Orlen\PI Vision\PKN Orlen\ZAKŁAD PRODUKCYJNY PŁOCK\RAFINERIA\PR03 BLOK PRZEROBU ROPY\DRW-IV|DR4.FC43354_SQR.PV;"2026-08-05 21:01:39,213012";"46,3687057495117"
\\PIAF\PKN Orlen\PI Vision\PKN Orlen\ZAKŁAD PRODUKCYJNY PŁOCK\RAFINERIA\PR03 BLOK PRZEROBU ROPY\DRW-IV|DR4.FC43354_SQR.PV;"2026-08-05 21:06:34,199005";"46,2338485717773"
\\PIAF\PKN Orlen\PI Vision\PKN Orlen\ZAKŁAD PRODUKCYJNY PŁOCK\RAFINERIA\PR03 BLOK PRZEROBU ROPY\DRW-IV|DR4.FC43354_SQR.PV;"2026-08-05 21:09:39,154007";"46,5036392211914"
\\PIAF\PKN Orlen\PI Vision\PKN Orlen\ZAKŁAD PRODUKCYJNY PŁOCK\RAFINERIA\PR03 BLOK PRZEROBU ROPY\DRW-IV|DR4.FC43354_SQR.PV;"2026-08-05 21:15:44,141006";"46,1008758544922"
\\PIAF\PKN Orlen\PI Vision\PKN Orlen\ZAKŁAD PRODUKCYJNY PŁOCK\RAFINERIA\PR03 BLOK PRZEROBU ROPY\DRW-IV|DR4.FC43354_SQR.PV;"2026-08-05 21:24:49,161011";"46,3340187072754"
\\PIAF\PKN Orlen\PI Vision\PKN Orlen\ZAKŁAD PRODUKCYJNY PŁOCK\RAFINERIA\PR03 BLOK PRZEROBU ROPY\DRW-IV|DR4.FC43354_SQR.PV;"2026-08-05 21:31:59,117004";"46,2628211975098"
\\PIAF\PKN Orlen\PI Vision\PKN Orlen\ZAKŁAD PRODUKCYJNY PŁOCK\RAFINERIA\PR03 BLOK PRZEROBU ROPY\DRW-IV|DR4.FC43354_SQR.PV;"2026-08-05 21:35:19,165008";"46,2941284179688"
\\PIAF\PKN Orlen\PI Vision\PKN Orlen\ZAKŁAD PRODUKCYJNY PŁOCK\RAFINERIA\PR03 BLOK PRZEROBU ROPY\DRW-IV|DR4.FC43354_SQR.PV;"2026-08-05 21:40:34,167007";"45,8014831542969"
\\PIAF\PKN Orlen\PI Vision\PKN Orlen\ZAKŁAD PRODUKCYJNY PŁOCK\RAFINERIA\PR03 BLOK PRZEROBU ROPY\DRW-IV|DR4.FC43354_SQR.PV;"2026-08-05 21:50:14,078003";"46,1342544555664"
\\PIAF\PKN Orlen\PI Vision\PKN Orlen\ZAKŁAD PRODUKCYJNY PŁOCK\RAFINERIA\PR03 BLOK PRZEROBU ROPY\DRW-IV|DR4.FC43354_SQR.PV;"2026-08-05 21:54:34,174011";"45,9460678100586"
\\PIAF\PKN Orlen\PI Vision\PKN Orlen\ZAKŁAD PRODUKCYJNY PŁOCK\RAFINERIA\PR03 BLOK PRZEROBU ROPY\DRW-IV|DR4.FC43354_SQR.PV;"2026-08-05 22:02:54,130005";"46,1354789733887"
\\PIAF\PKN Orlen\PI Vision\PKN Orlen\ZAKŁAD PRODUKCYJNY PŁOCK\RAFINERIA\PR03 BLOK PRZEROBU ROPY\DRW-IV|DR4.FC43354_SQR.PV;"2026-08-05 22:12:04,072006";"46,3786506652832"
\\PIAF\PKN Orlen\PI Vision\PKN Orlen\ZAKŁAD PRODUKCYJNY PŁOCK\RAFINERIA\PR03 BLOK PRZEROBU ROPY\DRW-IV|DR4.FC43354_SQR.PV;"2026-08-05 22:14:24,112015";"46,5433349609375"
\\PIAF\PKN Orlen\PI Vision\PKN Orlen\ZAKŁAD PRODUKCYJNY PŁOCK\RAFINERIA\PR03 BLOK PRZEROBU ROPY\DRW-IV|DR4.FC43354_SQR.PV;"2026-08-05 22:21:44,136002";"46,7915306091309"
\\PIAF\PKN Orlen\PI Vision\PKN Orlen\ZAKŁAD PRODUKCYJNY PŁOCK\RAFINERIA\PR03 BLOK PRZEROBU ROPY\DRW-IV|DR4.FC43354_SQR.PV;"2026-08-05 22:25:09,207001";"46,254150390625"
\\PIAF\PKN Orlen\PI Vision\PKN Orlen\ZAKŁAD PRODUKCYJNY PŁOCK\RAFINERIA\PR03 BLOK PRZEROBU ROPY\DRW-IV|DR4.FC43354_SQR.PV;"2026-08-05 22:30:49,256012";"46,3299903869629"
\\PIAF\PKN Orlen\PI Vision\PKN Orlen\ZAKŁAD PRODUKCYJNY PŁOCK\RAFINERIA\PR03 BLOK PRZEROBU ROPY\DRW-IV|DR4.FC43354_SQR.PV;"2026-08-05 22:35:39,211014";"46,5715866088867"
\\PIAF\PKN Orlen\PI Vision\PKN Orlen\ZAKŁAD PRODUKCYJNY PŁOCK\RAFINERIA\PR03 BLOK PRZEROBU ROPY\DRW-IV|DR4.FC43354_SQR.PV;"2026-08-05 22:41:04,167007";"46,0492286682129"
\\PIAF\PKN Orlen\PI Vision\PKN Orlen\ZAKŁAD PRODUKCYJNY PŁOCK\RAFINERIA\PR03 BLOK PRZEROBU ROPY\DRW-IV|DR4.FC43354_SQR.PV;"2026-08-05 22:50:24,171005";"46,2950210571289"
\\PIAF\PKN Orlen\PI Vision\PKN Orlen\ZAKŁAD PRODUKCYJNY PŁOCK\RAFINERIA\PR03 BLOK PRZEROBU ROPY\DRW-IV|DR4.FC43354_SQR.PV;"2026-08-05 22:59:09,175003";"46,3573913574219"
\\PIAF\PKN Orlen\PI Vision\PKN Orlen\ZAKŁAD PRODUKCYJNY PŁOCK\RAFINERIA\PR03 BLOK PRZEROBU ROPY\DRW-IV|DR4.FC43354_SQR.PV;"2026-08-05 23:05:09,234009";"46,4382019042969"
\\PIAF\PKN Orlen\PI Vision\PKN Orlen\ZAKŁAD PRODUKCYJNY PŁOCK\RAFINERIA\PR03 BLOK PRZEROBU ROPY\DRW-IV|DR4.FC43354_SQR.PV;"2026-08-05 23:10:34,189011";"46,2387008666992"
\\PIAF\PKN Orlen\PI Vision\PKN Orlen\ZAKŁAD PRODUKCYJNY PŁOCK\RAFINERIA\PR03 BLOK PRZEROBU ROPY\DRW-IV|DR4.FC43354_SQR.PV;"2026-08-05 23:24:09,14801";"46,4141807556152"
\\PIAF\PKN Orlen\PI Vision\PKN Orlen\ZAKŁAD PRODUKCYJNY PŁOCK\RAFINERIA\PR03 BLOK PRZEROBU ROPY\DRW-IV|DR4.FC43354_SQR.PV;"2026-08-05 23:26:39,212006";"46,5954627990723"
\\PIAF\PKN Orlen\PI Vision\PKN Orlen\ZAKŁAD PRODUKCYJNY PŁOCK\RAFINERIA\PR03 BLOK PRZEROBU ROPY\DRW-IV|DR4.FC43354_SQR.PV;"2026-08-05 23:32:39,168014";"46,7696952819824"
\\PIAF\PKN Orlen\PI Vision\PKN Orlen\ZAKŁAD PRODUKCYJNY PŁOCK\RAFINERIA\PR03 BLOK PRZEROBU ROPY\DRW-IV|DR4.FC43354_SQR.PV;"2026-08-05 23:38:59,139008";"46,3194313049316"
\\PIAF\PKN Orlen\PI Vision\PKN Orlen\ZAKŁAD PRODUKCYJNY PŁOCK\RAFINERIA\PR03 BLOK PRZEROBU ROPY\DRW-IV|DR4.FC43354_SQR.PV;"2026-08-05 23:44:24,20401";"46,8445701599121"
\\PIAF\PKN Orlen\PI Vision\PKN Orlen\ZAKŁAD PRODUKCYJNY PŁOCK\RAFINERIA\PR03 BLOK PRZEROBU ROPY\DRW-IV|DR4.FC43354_SQR.PV;"2026-08-05 23:47:19,206009";"46,8282470703125"
\\PIAF\PKN Orlen\PI Vision\PKN Orlen\ZAKŁAD PRODUKCYJNY PŁOCK\RAFINERIA\PR03 BLOK PRZEROBU ROPY\DRW-IV|DR4.FC43354_SQR.PV;"2026-08-05 23:50:24,160003";"46,3311920166016"
\\PIAF\PKN Orlen\PI Vision\PKN Orlen\ZAKŁAD PRODUKCYJNY PŁOCK\RAFINERIA\PR03 BLOK PRZEROBU ROPY\DRW-IV|DR4.FC43354_SQR.PV;"2026-08-05 23:56:19,194016";"46,5266265869141"
\\PIAF\PKN Orlen\PI Vision\PKN Orlen\ZAKŁAD PRODUKCYJNY PŁOCK\RAFINERIA\PR03 BLOK PRZEROBU ROPY\DRW-IV|DR4.FC43354_SQR.PV;"2026-08-06 00:02:59,181015";"46,4705543518066"
\\PIAF\PKN Orlen\PI Vision\PKN Orlen\ZAKŁAD PRODUKCYJNY PŁOCK\RAFINERIA\PR03 BLOK PRZEROBU ROPY\DRW-IV|DR4.FC43354_SQR.PV;"2026-08-06 00:10:09,137008";"46,3286209106445"
\\PIAF\PKN Orlen\PI Vision\PKN Orlen\ZAKŁAD PRODUKCYJNY PŁOCK\RAFINERIA\PR03 BLOK PRZEROBU ROPY\DRW-IV|DR4.FC43354_SQR.PV;"2026-08-06 00:11:09,185013";"46,9281539916992"
\\PIAF\PKN Orlen\PI Vision\PKN Orlen\ZAKŁAD PRODUKCYJNY PŁOCK\RAFINERIA\PR03 BLOK PRZEROBU ROPY\DRW-IV|DR4.FC43354_SQR.PV;"2026-08-06 00:14:39,186004";"46,7349395751953"
\\PIAF\PKN Orlen\PI Vision\PKN Orlen\ZAKŁAD PRODUKCYJNY PŁOCK\RAFINERIA\PR03 BLOK PRZEROBU ROPY\DRW-IV|DR4.FC43354_SQR.PV;"2026-08-06 00:19:59,220001";"46,1531181335449"
\\PIAF\PKN Orlen\PI Vision\PKN Orlen\ZAKŁAD PRODUKCYJNY PŁOCK\RAFINERIA\PR03 BLOK PRZEROBU ROPY\DRW-IV|DR4.FC43354_SQR.PV;"2026-08-06 00:24:59,128006";"46,2556495666504"
\\PIAF\PKN Orlen\PI Vision\PKN Orlen\ZAKŁAD PRODUKCYJNY PŁOCK\RAFINERIA\PR03 BLOK PRZEROBU ROPY\DRW-IV|DR4.FC43354_SQR.PV;"2026-08-06 00:34:24,164001";"46,4750556945801"
\\PIAF\PKN Orlen\PI Vision\PKN Orlen\ZAKŁAD PRODUKCYJNY PŁOCK\RAFINERIA\PR03 BLOK PRZEROBU ROPY\DRW-IV|DR4.FC43354_SQR.PV;"2026-08-06 00:43:34,215012";"46,5686492919922"
\\PIAF\PKN Orlen\PI Vision\PKN Orlen\ZAKŁAD PRODUKCYJNY PŁOCK\RAFINERIA\PR03 BLOK PRZEROBU ROPY\DRW-IV|DR4.FC43354_SQR.PV;"2026-08-06 00:45:54,106003";"46,9673233032227"
\\PIAF\PKN Orlen\PI Vision\PKN Orlen\ZAKŁAD PRODUKCYJNY PŁOCK\RAFINERIA\PR03 BLOK PRZEROBU ROPY\DRW-IV|DR4.FC43354_SQR.PV;"2026-08-06 00:53:54,205002";"46,5294380187988"
\\PIAF\PKN Orlen\PI Vision\PKN Orlen\ZAKŁAD PRODUKCYJNY PŁOCK\RAFINERIA\PR03 BLOK PRZEROBU ROPY\DRW-IV|DR4.FC43354_SQR.PV;"2026-08-06 00:57:34,159012";"46,796085357666"
\\PIAF\PKN Orlen\PI Vision\PKN Orlen\ZAKŁAD PRODUKCYJNY PŁOCK\RAFINERIA\PR03 BLOK PRZEROBU ROPY\DRW-IV|DR4.FC43354_SQR.PV;"2026-08-06 00:58:59,144012";"47,2449340820313"
\\PIAF\PKN Orlen\PI Vision\PKN Orlen\ZAKŁAD PRODUKCYJNY PŁOCK\RAFINERIA\PR03 BLOK PRZEROBU ROPY\DRW-IV|DR4.FC43354_SQR.PV;"2026-08-06 01:02:54,193008";"47,0285148620605"
\\PIAF\PKN Orlen\PI Vision\PKN Orlen\ZAKŁAD PRODUKCYJNY PŁOCK\RAFINERIA\PR03 BLOK PRZEROBU ROPY\DRW-IV|DR4.FC43354_SQR.PV;"2026-08-06 01:05:59,147003";"46,797420501709"
\\PIAF\PKN Orlen\PI Vision\PKN Orlen\ZAKŁAD PRODUKCYJNY PŁOCK\RAFINERIA\PR03 BLOK PRZEROBU ROPY\DRW-IV|DR4.FC43354_SQR.PV;"2026-08-06 01:11:44,119003";"46,4019889831543"
\\PIAF\PKN Orlen\PI Vision\PKN Orlen\ZAKŁAD PRODUKCYJNY PŁOCK\RAFINERIA\PR03 BLOK PRZEROBU ROPY\DRW-IV|DR4.FC43354_SQR.PV;"2026-08-06 01:20:04,185013";"46,8155174255371"
\\PIAF\PKN Orlen\PI Vision\PKN Orlen\ZAKŁAD PRODUKCYJNY PŁOCK\RAFINERIA\PR03 BLOK PRZEROBU ROPY\DRW-IV|DR4.FC43354_SQR.PV;"2026-08-06 01:26:34,110001";"46,7137680053711"
\\PIAF\PKN Orlen\PI Vision\PKN Orlen\ZAKŁAD PRODUKCYJNY PŁOCK\RAFINERIA\PR03 BLOK PRZEROBU ROPY\DRW-IV|DR4.FC43354_SQR.PV;"2026-08-06 01:28:14,188004";"46,9564437866211"
\\PIAF\PKN Orlen\PI Vision\PKN Orlen\ZAKŁAD PRODUKCYJNY PŁOCK\RAFINERIA\PR03 BLOK PRZEROBU ROPY\DRW-IV|DR4.FC43354_SQR.PV;"2026-08-06 01:33:44,175003";"46,7796249389648"
\\PIAF\PKN Orlen\PI Vision\PKN Orlen\ZAKŁAD PRODUKCYJNY PŁOCK\RAFINERIA\PR03 BLOK PRZEROBU ROPY\DRW-IV|DR4.FC43354_SQR.PV;"2026-08-06 01:36:04,17601";"46,2498512268066"
\\PIAF\PKN Orlen\PI Vision\PKN Orlen\ZAKŁAD PRODUKCYJNY PŁOCK\RAFINERIA\PR03 BLOK PRZEROBU ROPY\DRW-IV|DR4.FC43354_SQR.PV;"2026-08-06 01:38:09,193008";"46,2198295593262"
\\PIAF\PKN Orlen\PI Vision\PKN Orlen\ZAKŁAD PRODUKCYJNY PŁOCK\RAFINERIA\PR03 BLOK PRZEROBU ROPY\DRW-IV|DR4.FC43354_SQR.PV;"2026-08-06 01:40:39,147003";"45,8576927185059"
\\PIAF\PKN Orlen\PI Vision\PKN Orlen\ZAKŁAD PRODUKCYJNY PŁOCK\RAFINERIA\PR03 BLOK PRZEROBU ROPY\DRW-IV|DR4.FC43354_SQR.PV;"2026-08-06 01:45:49,118011";"46,1983680725098"
\\PIAF\PKN Orlen\PI Vision\PKN Orlen\ZAKŁAD PRODUKCYJNY PŁOCK\RAFINERIA\PR03 BLOK PRZEROBU ROPY\DRW-IV|DR4.FC43354_SQR.PV;"2026-08-06 01:48:14,150009";"46,524543762207"
\\PIAF\PKN Orlen\PI Vision\PKN Orlen\ZAKŁAD PRODUKCYJNY PŁOCK\RAFINERIA\PR03 BLOK PRZEROBU ROPY\DRW-IV|DR4.FC43354_SQR.PV;"2026-08-06 01:54:54,138";"46,6184921264648"
\\PIAF\PKN Orlen\PI Vision\PKN Orlen\ZAKŁAD PRODUKCYJNY PŁOCK\RAFINERIA\PR03 BLOK PRZEROBU ROPY\DRW-IV|DR4.FC43354_SQR.PV;"2026-08-06 01:59:54,156006";"46,5902366638184"
\\PIAF\PKN Orlen\PI Vision\PKN Orlen\ZAKŁAD PRODUKCYJNY PŁOCK\RAFINERIA\PR03 BLOK PRZEROBU ROPY\DRW-IV|DR4.FC43354_SQR.PV;"2026-08-06 02:09:19,082001";"46,5484886169434"
\\PIAF\PKN Orlen\PI Vision\PKN Orlen\ZAKŁAD PRODUKCYJNY PŁOCK\RAFINERIA\PR03 BLOK PRZEROBU ROPY\DRW-IV|DR4.FC43354_SQR.PV;"2026-08-06 02:13:24,083008";"46,2903785705566"
\\PIAF\PKN Orlen\PI Vision\PKN Orlen\ZAKŁAD PRODUKCYJNY PŁOCK\RAFINERIA\PR03 BLOK PRZEROBU ROPY\DRW-IV|DR4.FC43354_SQR.PV;"2026-08-06 02:15:04,162002";"46,2792053222656"
\\PIAF\PKN Orlen\PI Vision\PKN Orlen\ZAKŁAD PRODUKCYJNY PŁOCK\RAFINERIA\PR03 BLOK PRZEROBU ROPY\DRW-IV|DR4.FC43354_SQR.PV;"2026-08-06 02:16:39,100006";"47,0242118835449"
\\PIAF\PKN Orlen\PI Vision\PKN Orlen\ZAKŁAD PRODUKCYJNY PŁOCK\RAFINERIA\PR03 BLOK PRZEROBU ROPY\DRW-IV|DR4.FC43354_SQR.PV;"2026-08-06 02:20:24,086014";"46,4901313781738"
\\PIAF\PKN Orlen\PI Vision\PKN Orlen\ZAKŁAD PRODUKCYJNY PŁOCK\RAFINERIA\PR03 BLOK PRZEROBU ROPY\DRW-IV|DR4.FC43354_SQR.PV;"2026-08-06 02:24:34,119003";"45,7298126220703"
\\PIAF\PKN Orlen\PI Vision\PKN Orlen\ZAKŁAD PRODUKCYJNY PŁOCK\RAFINERIA\PR03 BLOK PRZEROBU ROPY\DRW-IV|DR4.FC43354_SQR.PV;"2026-08-06 02:27:34,152008";"45,6281394958496"
\\PIAF\PKN Orlen\PI Vision\PKN Orlen\ZAKŁAD PRODUKCYJNY PŁOCK\RAFINERIA\PR03 BLOK PRZEROBU ROPY\DRW-IV|DR4.FC43354_SQR.PV;"2026-08-06 02:30:09,138";"45,78759765625"
\\PIAF\PKN Orlen\PI Vision\PKN Orlen\ZAKŁAD PRODUKCYJNY PŁOCK\RAFINERIA\PR03 BLOK PRZEROBU ROPY\DRW-IV|DR4.FC43354_SQR.PV;"2026-08-06 02:33:34,108001";"46,2691307067871"
\\PIAF\PKN Orlen\PI Vision\PKN Orlen\ZAKŁAD PRODUKCYJNY PŁOCK\RAFINERIA\PR03 BLOK PRZEROBU ROPY\DRW-IV|DR4.FC43354_SQR.PV;"2026-08-06 02:38:09,07901";"46,0300674438477"
\\PIAF\PKN Orlen\PI Vision\PKN Orlen\ZAKŁAD PRODUKCYJNY PŁOCK\RAFINERIA\PR03 BLOK PRZEROBU ROPY\DRW-IV|DR4.FC43354_SQR.PV;"2026-08-06 02:49:54,115005";"46,1336555480957"
\\PIAF\PKN Orlen\PI Vision\PKN Orlen\ZAKŁAD PRODUKCYJNY PŁOCK\RAFINERIA\PR03 BLOK PRZEROBU ROPY\DRW-IV|DR4.FC43354_SQR.PV;"2026-08-06 02:52:34,23201";"46,0456390380859"
\\PIAF\PKN Orlen\PI Vision\PKN Orlen\ZAKŁAD PRODUKCYJNY PŁOCK\RAFINERIA\PR03 BLOK PRZEROBU ROPY\DRW-IV|DR4.FC43354_SQR.PV;"2026-08-06 03:00:09,235016";"46,4589195251465"
\\PIAF\PKN Orlen\PI Vision\PKN Orlen\ZAKŁAD PRODUKCYJNY PŁOCK\RAFINERIA\PR03 BLOK PRZEROBU ROPY\DRW-IV|DR4.FC43354_SQR.PV;"2026-08-06 03:06:09,19101";"46,2566757202148"
\\PIAF\PKN Orlen\PI Vision\PKN Orlen\ZAKŁAD PRODUKCYJNY PŁOCK\RAFINERIA\PR03 BLOK PRZEROBU ROPY\DRW-IV|DR4.FC43354_SQR.PV;"2026-08-06 03:20:29,211014";"46,0650291442871"
\\PIAF\PKN Orlen\PI Vision\PKN Orlen\ZAKŁAD PRODUKCYJNY PŁOCK\RAFINERIA\PR03 BLOK PRZEROBU ROPY\DRW-IV|DR4.FC43354_SQR.PV;"2026-08-06 03:22:19,243011";"46,2430763244629"
\\PIAF\PKN Orlen\PI Vision\PKN Orlen\ZAKŁAD PRODUKCYJNY PŁOCK\RAFINERIA\PR03 BLOK PRZEROBU ROPY\DRW-IV|DR4.FC43354_SQR.PV;"2026-08-06 03:31:19,23201";"46,0278129577637"
\\PIAF\PKN Orlen\PI Vision\PKN Orlen\ZAKŁAD PRODUKCYJNY PŁOCK\RAFINERIA\PR03 BLOK PRZEROBU ROPY\DRW-IV|DR4.FC43354_SQR.PV;"2026-08-06 03:43:39,159012";"46,1154594421387"
\\PIAF\PKN Orlen\PI Vision\PKN Orlen\ZAKŁAD PRODUKCYJNY PŁOCK\RAFINERIA\PR03 BLOK PRZEROBU ROPY\DRW-IV|DR4.FC43354_SQR.PV;"2026-08-06 03:58:54,197006";"46,0633201599121"
\\PIAF\PKN Orlen\PI Vision\PKN Orlen\ZAKŁAD PRODUKCYJNY PŁOCK\RAFINERIA\PR03 BLOK PRZEROBU ROPY\DRW-IV|DR4.FC43354_SQR.PV;"2026-08-06 04:04:24,163009";"46,2192077636719"
\\PIAF\PKN Orlen\PI Vision\PKN Orlen\ZAKŁAD PRODUKCYJNY PŁOCK\RAFINERIA\PR03 BLOK PRZEROBU ROPY\DRW-IV|DR4.FC43354_SQR.PV;"2026-08-06 04:09:34,134002";"46,2260818481445"
\\PIAF\PKN Orlen\PI Vision\PKN Orlen\ZAKŁAD PRODUKCYJNY PŁOCK\RAFINERIA\PR03 BLOK PRZEROBU ROPY\DRW-IV|DR4.FC43354_SQR.PV;"2026-08-06 04:20:19,233001";"46,1136817932129"
\\PIAF\PKN Orlen\PI Vision\PKN Orlen\ZAKŁAD PRODUKCYJNY PŁOCK\RAFINERIA\PR03 BLOK PRZEROBU ROPY\DRW-IV|DR4.FC43354_SQR.PV;"2026-08-06 04:32:59,17601";"46,484302520752"
\\PIAF\PKN Orlen\PI Vision\PKN Orlen\ZAKŁAD PRODUKCYJNY PŁOCK\RAFINERIA\PR03 BLOK PRZEROBU ROPY\DRW-IV|DR4.FC43354_SQR.PV;"2026-08-06 04:39:59,179001";"45,7310409545898"
\\PIAF\PKN Orlen\PI Vision\PKN Orlen\ZAKŁAD PRODUKCYJNY PŁOCK\RAFINERIA\PR03 BLOK PRZEROBU ROPY\DRW-IV|DR4.FC43354_SQR.PV;"2026-08-06 04:47:54,198013";"46,4355049133301"
\\PIAF\PKN Orlen\PI Vision\PKN Orlen\ZAKŁAD PRODUKCYJNY PŁOCK\RAFINERIA\PR03 BLOK PRZEROBU ROPY\DRW-IV|DR4.FC43354_SQR.PV;"2026-08-06 04:53:19,154007";"46,3273086547852"
\\PIAF\PKN Orlen\PI Vision\PKN Orlen\ZAKŁAD PRODUKCYJNY PŁOCK\RAFINERIA\PR03 BLOK PRZEROBU ROPY\DRW-IV|DR4.FC43354_SQR.PV;"2026-08-06 05:02:19,142014";"46,2678680419922"
\\PIAF\PKN Orlen\PI Vision\PKN Orlen\ZAKŁAD PRODUKCYJNY PŁOCK\RAFINERIA\PR03 BLOK PRZEROBU ROPY\DRW-IV|DR4.FC43354_SQR.PV;"2026-08-06 05:11:14,208008";"46,5460472106934"
\\PIAF\PKN Orlen\PI Vision\PKN Orlen\ZAKŁAD PRODUKCYJNY PŁOCK\RAFINERIA\PR03 BLOK PRZEROBU ROPY\DRW-IV|DR4.FC43354_SQR.PV;"2026-08-06 05:15:14,179016";"46,5410041809082"
\\PIAF\PKN Orlen\PI Vision\PKN Orlen\ZAKŁAD PRODUKCYJNY PŁOCK\RAFINERIA\PR03 BLOK PRZEROBU ROPY\DRW-IV|DR4.FC43354_SQR.PV;"2026-08-06 05:17:09,133011";"46,2575035095215"
\\PIAF\PKN Orlen\PI Vision\PKN Orlen\ZAKŁAD PRODUKCYJNY PŁOCK\RAFINERIA\PR03 BLOK PRZEROBU ROPY\DRW-IV|DR4.FC43354_SQR.PV;"2026-08-06 05:22:24,13501";"46,6193809509277"
\\PIAF\PKN Orlen\PI Vision\PKN Orlen\ZAKŁAD PRODUKCYJNY PŁOCK\RAFINERIA\PR03 BLOK PRZEROBU ROPY\DRW-IV|DR4.FC43354_SQR.PV;"2026-08-06 05:31:24,123016";"46,9804306030273"
\\PIAF\PKN Orlen\PI Vision\PKN Orlen\ZAKŁAD PRODUKCYJNY PŁOCK\RAFINERIA\PR03 BLOK PRZEROBU ROPY\DRW-IV|DR4.FC43354_SQR.PV;"2026-08-06 05:35:39,188004";"47,2265930175781"
\\PIAF\PKN Orlen\PI Vision\PKN Orlen\ZAKŁAD PRODUKCYJNY PŁOCK\RAFINERIA\PR03 BLOK PRZEROBU ROPY\DRW-IV|DR4.FC43354_SQR.PV;"2026-08-06 05:40:39,206009";"46,5628128051758"
\\PIAF\PKN Orlen\PI Vision\PKN Orlen\ZAKŁAD PRODUKCYJNY PŁOCK\RAFINERIA\PR03 BLOK PRZEROBU ROPY\DRW-IV|DR4.FC43354_SQR.PV;"2026-08-06 05:44:59,192001";"46,8697853088379"
\\PIAF\PKN Orlen\PI Vision\PKN Orlen\ZAKŁAD PRODUKCYJNY PŁOCK\RAFINERIA\PR03 BLOK PRZEROBU ROPY\DRW-IV|DR4.FC43354_SQR.PV;"2026-08-06 05:49:29,131012";"47,374698638916"
\\PIAF\PKN Orlen\PI Vision\PKN Orlen\ZAKŁAD PRODUKCYJNY PŁOCK\RAFINERIA\PR03 BLOK PRZEROBU ROPY\DRW-IV|DR4.FC43354_SQR.PV;"2026-08-06 05:52:19,101013";"46,853328704834"
\\PIAF\PKN Orlen\PI Vision\PKN Orlen\ZAKŁAD PRODUKCYJNY PŁOCK\RAFINERIA\PR03 BLOK PRZEROBU ROPY\DRW-IV|DR4.FC43354_SQR.PV;"2026-08-06 05:57:44,166016";"46,7443542480469"
\\PIAF\PKN Orlen\PI Vision\PKN Orlen\ZAKŁAD PRODUKCYJNY PŁOCK\RAFINERIA\PR03 BLOK PRZEROBU ROPY\DRW-IV|DR4.FC43354_SQR.PV;"2026-08-06 06:01:34,184005";"46,8651847839355"
\\PIAF\PKN Orlen\PI Vision\PKN Orlen\ZAKŁAD PRODUKCYJNY PŁOCK\RAFINERIA\PR03 BLOK PRZEROBU ROPY\DRW-IV|DR4.FC43354_SQR.PV;"2026-08-06 06:08:39,109009";"46,4685020446777"
\\PIAF\PKN Orlen\PI Vision\PKN Orlen\ZAKŁAD PRODUKCYJNY PŁOCK\RAFINERIA\PR03 BLOK PRZEROBU ROPY\DRW-IV|DR4.FC43354_SQR.PV;"2026-08-06 06:13:54,111007";"47,1383476257324"
\\PIAF\PKN Orlen\PI Vision\PKN Orlen\ZAKŁAD PRODUKCYJNY PŁOCK\RAFINERIA\PR03 BLOK PRZEROBU ROPY\DRW-IV|DR4.FC43354_SQR.PV;"2026-08-06 06:17:39,097015";"46,9643440246582"
\\PIAF\PKN Orlen\PI Vision\PKN Orlen\ZAKŁAD PRODUKCYJNY PŁOCK\RAFINERIA\PR03 BLOK PRZEROBU ROPY\DRW-IV|DR4.FC43354_SQR.PV;"2026-08-06 06:20:24,145004";"46,5969161987305"
\\PIAF\PKN Orlen\PI Vision\PKN Orlen\ZAKŁAD PRODUKCYJNY PŁOCK\RAFINERIA\PR03 BLOK PRZEROBU ROPY\DRW-IV|DR4.FC43354_SQR.PV;"2026-08-06 06:25:54,132004";"46,894287109375"
\\PIAF\PKN Orlen\PI Vision\PKN Orlen\ZAKŁAD PRODUKCYJNY PŁOCK\RAFINERIA\PR03 BLOK PRZEROBU ROPY\DRW-IV|DR4.FC43354_SQR.PV;"2026-08-06 06:41:59,154007";"46,8588485717773"
\\PIAF\PKN Orlen\PI Vision\PKN Orlen\ZAKŁAD PRODUKCYJNY PŁOCK\RAFINERIA\PR03 BLOK PRZEROBU ROPY\DRW-IV|DR4.FC43354_SQR.PV;"2026-08-06 06:53:49,133011";"46,6637573242188"
\\PIAF\PKN Orlen\PI Vision\PKN Orlen\ZAKŁAD PRODUKCYJNY PŁOCK\RAFINERIA\PR03 BLOK PRZEROBU ROPY\DRW-IV|DR4.FC43354_SQR.PV;"2026-08-06 06:59:19,12001";"46,7206497192383"
\\PIAF\PKN Orlen\PI Vision\PKN Orlen\ZAKŁAD PRODUKCYJNY PŁOCK\RAFINERIA\PR03 BLOK PRZEROBU ROPY\DRW-IV|DR4.FC43354_SQR.PV;"2026-08-06 07:04:54,138016";"46,786449432373"
\\PIAF\PKN Orlen\PI Vision\PKN Orlen\ZAKŁAD PRODUKCYJNY PŁOCK\RAFINERIA\PR03 BLOK PRZEROBU ROPY\DRW-IV|DR4.FC43354_SQR.PV;"2026-08-06 07:09:49,124008";"46,1676177978516"
\\PIAF\PKN Orlen\PI Vision\PKN Orlen\ZAKŁAD PRODUKCYJNY PŁOCK\RAFINERIA\PR03 BLOK PRZEROBU ROPY\DRW-IV|DR4.FC43354_SQR.PV;"2026-08-06 07:14:49,242004";"46,2048759460449"
\\PIAF\PKN Orlen\PI Vision\PKN Orlen\ZAKŁAD PRODUKCYJNY PŁOCK\RAFINERIA\PR03 BLOK PRZEROBU ROPY\DRW-IV|DR4.FC43354_SQR.PV;"2026-08-06 07:18:04,259002";"46,7473106384277"
\\PIAF\PKN Orlen\PI Vision\PKN Orlen\ZAKŁAD PRODUKCYJNY PŁOCK\RAFINERIA\PR03 BLOK PRZEROBU ROPY\DRW-IV|DR4.FC43354_SQR.PV;"2026-08-06 07:21:34,261002";"46,8918685913086"
\\PIAF\PKN Orlen\PI Vision\PKN Orlen\ZAKŁAD PRODUKCYJNY PŁOCK\RAFINERIA\PR03 BLOK PRZEROBU ROPY\DRW-IV|DR4.FC43354_SQR.PV;"2026-08-06 07:23:54,153";"46,7450675964355"
\\PIAF\PKN Orlen\PI Vision\PKN Orlen\ZAKŁAD PRODUKCYJNY PŁOCK\RAFINERIA\PR03 BLOK PRZEROBU ROPY\DRW-IV|DR4.FC43354_SQR.PV;"2026-08-06 07:26:39,201004";"47,1561126708984"
\\PIAF\PKN Orlen\PI Vision\PKN Orlen\ZAKŁAD PRODUKCYJNY PŁOCK\RAFINERIA\PR03 BLOK PRZEROBU ROPY\DRW-IV|DR4.FC43354_SQR.PV;"2026-08-06 07:33:24,219009";"46,7590675354004"
\\PIAF\PKN Orlen\PI Vision\PKN Orlen\ZAKŁAD PRODUKCYJNY PŁOCK\RAFINERIA\PR03 BLOK PRZEROBU ROPY\DRW-IV|DR4.FC43354_SQR.PV;"2026-08-06 07:36:29,174011";"46,1611976623535"
\\PIAF\PKN Orlen\PI Vision\PKN Orlen\ZAKŁAD PRODUKCYJNY PŁOCK\RAFINERIA\PR03 BLOK PRZEROBU ROPY\DRW-IV|DR4.FC43354_SQR.PV;"2026-08-06 07:40:54,19101";"46,7007293701172"
\\PIAF\PKN Orlen\PI Vision\PKN Orlen\ZAKŁAD PRODUKCYJNY PŁOCK\RAFINERIA\PR03 BLOK PRZEROBU ROPY\DRW-IV|DR4.FC43354_SQR.PV;"2026-08-06 07:42:14,254013";"47,2194595336914"
\\PIAF\PKN Orlen\PI Vision\PKN Orlen\ZAKŁAD PRODUKCYJNY PŁOCK\RAFINERIA\PR03 BLOK PRZEROBU ROPY\DRW-IV|DR4.FC43354_SQR.PV;"2026-08-06 07:53:19,150009";"47,2459411621094"
\\PIAF\PKN Orlen\PI Vision\PKN Orlen\ZAKŁAD PRODUKCYJNY PŁOCK\RAFINERIA\PR03 BLOK PRZEROBU ROPY\DRW-IV|DR4.FC43354_SQR.PV;"2026-08-06 07:54:54,197006";"46,4317741394043"
\\PIAF\PKN Orlen\PI Vision\PKN Orlen\ZAKŁAD PRODUKCYJNY PŁOCK\RAFINERIA\PR03 BLOK PRZEROBU ROPY\DRW-IV|DR4.FC43354_SQR.PV;"2026-08-06 08:03:09,23201";"46,5520133972168"
\\PIAF\PKN Orlen\PI Vision\PKN Orlen\ZAKŁAD PRODUKCYJNY PŁOCK\RAFINERIA\PR03 BLOK PRZEROBU ROPY\DRW-IV|DR4.FC43354_SQR.PV;"2026-08-06 08:05:39,186004";"47,38818359375"
\\PIAF\PKN Orlen\PI Vision\PKN Orlen\ZAKŁAD PRODUKCYJNY PŁOCK\RAFINERIA\PR03 BLOK PRZEROBU ROPY\DRW-IV|DR4.FC43354_SQR.PV;"2026-08-06 08:10:14,157013";"46,9855651855469"
\\PIAF\PKN Orlen\PI Vision\PKN Orlen\ZAKŁAD PRODUKCYJNY PŁOCK\RAFINERIA\PR03 BLOK PRZEROBU ROPY\DRW-IV|DR4.FC43354_SQR.PV;"2026-08-06 08:13:24,143005";"46,8328552246094"
\\PIAF\PKN Orlen\PI Vision\PKN Orlen\ZAKŁAD PRODUKCYJNY PŁOCK\RAFINERIA\PR03 BLOK PRZEROBU ROPY\DRW-IV|DR4.FC43354_SQR.PV;"2026-08-06 08:19:29,238998";"47,2620506286621"
\\PIAF\PKN Orlen\PI Vision\PKN Orlen\ZAKŁAD PRODUKCYJNY PŁOCK\RAFINERIA\PR03 BLOK PRZEROBU ROPY\DRW-IV|DR4.FC43354_SQR.PV;"2026-08-06 08:31:39,214004";"47,0190200805664"
\\PIAF\PKN Orlen\PI Vision\PKN Orlen\ZAKŁAD PRODUKCYJNY PŁOCK\RAFINERIA\PR03 BLOK PRZEROBU ROPY\DRW-IV|DR4.FC43354_SQR.PV;"2026-08-06 08:35:24,150009";"47,234691619873"
\\PIAF\PKN Orlen\PI Vision\PKN Orlen\ZAKŁAD PRODUKCYJNY PŁOCK\RAFINERIA\PR03 BLOK PRZEROBU ROPY\DRW-IV|DR4.FC43354_SQR.PV;"2026-08-06 08:37:29,137008";"47,1362190246582"
\\PIAF\PKN Orlen\PI Vision\PKN Orlen\ZAKŁAD PRODUKCYJNY PŁOCK\RAFINERIA\PR03 BLOK PRZEROBU ROPY\DRW-IV|DR4.FC43354_SQR.PV;"2026-08-06 08:42:09,139008";"46,4630470275879"
\\PIAF\PKN Orlen\PI Vision\PKN Orlen\ZAKŁAD PRODUKCYJNY PŁOCK\RAFINERIA\PR03 BLOK PRZEROBU ROPY\DRW-IV|DR4.FC43354_SQR.PV;"2026-08-06 08:45:44,172012";"46,7132148742676"
\\PIAF\PKN Orlen\PI Vision\PKN Orlen\ZAKŁAD PRODUKCYJNY PŁOCK\RAFINERIA\PR03 BLOK PRZEROBU ROPY\DRW-IV|DR4.FC43354_SQR.PV;"2026-08-06 08:47:44,157013";"47,1288185119629"
\\PIAF\PKN Orlen\PI Vision\PKN Orlen\ZAKŁAD PRODUKCYJNY PŁOCK\RAFINERIA\PR03 BLOK PRZEROBU ROPY\DRW-IV|DR4.FC43354_SQR.PV;"2026-08-06 08:48:44,20401";"47,1866836547852"
\\PIAF\PKN Orlen\PI Vision\PKN Orlen\ZAKŁAD PRODUKCYJNY PŁOCK\RAFINERIA\PR03 BLOK PRZEROBU ROPY\DRW-IV|DR4.FC43354_SQR.PV;"2026-08-06 08:54:54,223007";"46,7807312011719"
\\PIAF\PKN Orlen\PI Vision\PKN Orlen\ZAKŁAD PRODUKCYJNY PŁOCK\RAFINERIA\PR03 BLOK PRZEROBU ROPY\DRW-IV|DR4.FC43354_SQR.PV;"2026-08-06 08:58:49,162002";"46,8800392150879"
\\PIAF\PKN Orlen\PI Vision\PKN Orlen\ZAKŁAD PRODUKCYJNY PŁOCK\RAFINERIA\PR03 BLOK PRZEROBU ROPY\DRW-IV|DR4.FC43354_SQR.PV;"2026-08-06 09:04:59,180008";"47,4575691223145"
\\PIAF\PKN Orlen\PI Vision\PKN Orlen\ZAKŁAD PRODUKCYJNY PŁOCK\RAFINERIA\PR03 BLOK PRZEROBU ROPY\DRW-IV|DR4.FC43354_SQR.PV;"2026-08-06 09:12:39,184005";"47,5171127319336"
\\PIAF\PKN Orlen\PI Vision\PKN Orlen\ZAKŁAD PRODUKCYJNY PŁOCK\RAFINERIA\PR03 BLOK PRZEROBU ROPY\DRW-IV|DR4.FC43354_SQR.PV;"2026-08-06 09:15:59,233001";"48,0203819274902"
\\PIAF\PKN Orlen\PI Vision\PKN Orlen\ZAKŁAD PRODUKCYJNY PŁOCK\RAFINERIA\PR03 BLOK PRZEROBU ROPY\DRW-IV|DR4.FC43354_SQR.PV;"2026-08-06 09:19:39,187011";"47,6050872802734"
\\PIAF\PKN Orlen\PI Vision\PKN Orlen\ZAKŁAD PRODUKCYJNY PŁOCK\RAFINERIA\PR03 BLOK PRZEROBU ROPY\DRW-IV|DR4.FC43354_SQR.PV;"2026-08-06 09:21:39,173004";"46,7207412719727"
\\PIAF\PKN Orlen\PI Vision\PKN Orlen\ZAKŁAD PRODUKCYJNY PŁOCK\RAFINERIA\PR03 BLOK PRZEROBU ROPY\DRW-IV|DR4.FC43354_SQR.PV;"2026-08-06 09:24:34,174011";"46,517276763916"
\\PIAF\PKN Orlen\PI Vision\PKN Orlen\ZAKŁAD PRODUKCYJNY PŁOCK\RAFINERIA\PR03 BLOK PRZEROBU ROPY\DRW-IV|DR4.FC43354_SQR.PV;"2026-08-06 09:26:49,144012";"47,1727638244629"
\\PIAF\PKN Orlen\PI Vision\PKN Orlen\ZAKŁAD PRODUKCYJNY PŁOCK\RAFINERIA\PR03 BLOK PRZEROBU ROPY\DRW-IV|DR4.FC43354_SQR.PV;"2026-08-06 09:28:54,160003";"48,0739479064941"
\\PIAF\PKN Orlen\PI Vision\PKN Orlen\ZAKŁAD PRODUKCYJNY PŁOCK\RAFINERIA\PR03 BLOK PRZEROBU ROPY\DRW-IV|DR4.FC43354_SQR.PV;"2026-08-06 09:31:19,192001";"48,0658073425293"
\\PIAF\PKN Orlen\PI Vision\PKN Orlen\ZAKŁAD PRODUKCYJNY PŁOCK\RAFINERIA\PR03 BLOK PRZEROBU ROPY\DRW-IV|DR4.FC43354_SQR.PV;"2026-08-06 09:40:54,181";"46,6143951416016"
\\PIAF\PKN Orlen\PI Vision\PKN Orlen\ZAKŁAD PRODUKCYJNY PŁOCK\RAFINERIA\PR03 BLOK PRZEROBU ROPY\DRW-IV|DR4.FC43354_SQR.PV;"2026-08-06 09:43:09,151001";"46,8375129699707"
\\PIAF\PKN Orlen\PI Vision\PKN Orlen\ZAKŁAD PRODUKCYJNY PŁOCK\RAFINERIA\PR03 BLOK PRZEROBU ROPY\DRW-IV|DR4.FC43354_SQR.PV;"2026-08-06 09:45:49,168014";"47,4376945495605"
\\PIAF\PKN Orlen\PI Vision\PKN Orlen\ZAKŁAD PRODUKCYJNY PŁOCK\RAFINERIA\PR03 BLOK PRZEROBU ROPY\DRW-IV|DR4.FC43354_SQR.PV;"2026-08-06 09:48:09,169006";"47,1366424560547"
\\PIAF\PKN Orlen\PI Vision\PKN Orlen\ZAKŁAD PRODUKCYJNY PŁOCK\RAFINERIA\PR03 BLOK PRZEROBU ROPY\DRW-IV|DR4.FC43354_SQR.PV;"2026-08-06 09:51:24,186004";"46,3670272827148"
\\PIAF\PKN Orlen\PI Vision\PKN Orlen\ZAKŁAD PRODUKCYJNY PŁOCK\RAFINERIA\PR03 BLOK PRZEROBU ROPY\DRW-IV|DR4.FC43354_SQR.PV;"2026-08-06 09:56:39,188004";"46,5377006530762"
\\PIAF\PKN Orlen\PI Vision\PKN Orlen\ZAKŁAD PRODUKCYJNY PŁOCK\RAFINERIA\PR03 BLOK PRZEROBU ROPY\DRW-IV|DR4.FC43354_SQR.PV;"2026-08-06 09:59:04,111007";"47,3193969726563"
\\PIAF\PKN Orlen\PI Vision\PKN Orlen\ZAKŁAD PRODUKCYJNY PŁOCK\RAFINERIA\PR03 BLOK PRZEROBU ROPY\DRW-IV|DR4.FC43354_SQR.PV;"2026-08-06 10:01:29,143005";"47,9788246154785"
\\PIAF\PKN Orlen\PI Vision\PKN Orlen\ZAKŁAD PRODUKCYJNY PŁOCK\RAFINERIA\PR03 BLOK PRZEROBU ROPY\DRW-IV|DR4.FC43354_SQR.PV;"2026-08-06 10:02:49,097";"47,7395477294922"
\\PIAF\PKN Orlen\PI Vision\PKN Orlen\ZAKŁAD PRODUKCYJNY PŁOCK\RAFINERIA\PR03 BLOK PRZEROBU ROPY\DRW-IV|DR4.FC43354_SQR.PV;"2026-08-06 10:04:34,098007";"46,8959808349609"
\\PIAF\PKN Orlen\PI Vision\PKN Orlen\ZAKŁAD PRODUKCYJNY PŁOCK\RAFINERIA\PR03 BLOK PRZEROBU ROPY\DRW-IV|DR4.FC43354_SQR.PV;"2026-08-06 10:07:24,177002";"46,6958122253418"
\\PIAF\PKN Orlen\PI Vision\PKN Orlen\ZAKŁAD PRODUKCYJNY PŁOCK\RAFINERIA\PR03 BLOK PRZEROBU ROPY\DRW-IV|DR4.FC43354_SQR.PV;"2026-08-06 10:12:39,179001";"47,2705841064453"
\\PIAF\PKN Orlen\PI Vision\PKN Orlen\ZAKŁAD PRODUKCYJNY PŁOCK\RAFINERIA\PR03 BLOK PRZEROBU ROPY\DRW-IV|DR4.FC43354_SQR.PV;"2026-08-06 10:15:24,118011";"46,8154754638672"
\\PIAF\PKN Orlen\PI Vision\PKN Orlen\ZAKŁAD PRODUKCYJNY PŁOCK\RAFINERIA\PR03 BLOK PRZEROBU ROPY\DRW-IV|DR4.FC43354_SQR.PV;"2026-08-06 10:18:54,12001";"46,3500785827637"
\\PIAF\PKN Orlen\PI Vision\PKN Orlen\ZAKŁAD PRODUKCYJNY PŁOCK\RAFINERIA\PR03 BLOK PRZEROBU ROPY\DRW-IV|DR4.FC43354_SQR.PV;"2026-08-06 10:23:24,168014";"46,6007614135742"
\\PIAF\PKN Orlen\PI Vision\PKN Orlen\ZAKŁAD PRODUKCYJNY PŁOCK\RAFINERIA\PR03 BLOK PRZEROBU ROPY\DRW-IV|DR4.FC43354_SQR.PV;"2026-08-06 10:31:39,094009";"46,2658653259277"
\\PIAF\PKN Orlen\PI Vision\PKN Orlen\ZAKŁAD PRODUKCYJNY PŁOCK\RAFINERIA\PR03 BLOK PRZEROBU ROPY\DRW-IV|DR4.FC43354_SQR.PV;"2026-08-06 10:40:19,17601";"47,0351104736328"
\\PIAF\PKN Orlen\PI Vision\PKN Orlen\ZAKŁAD PRODUKCYJNY PŁOCK\RAFINERIA\PR03 BLOK PRZEROBU ROPY\DRW-IV|DR4.FC43354_SQR.PV;"2026-08-06 10:46:14,100006";"46,5853500366211"
\\PIAF\PKN Orlen\PI Vision\PKN Orlen\ZAKŁAD PRODUKCYJNY PŁOCK\RAFINERIA\PR03 BLOK PRZEROBU ROPY\DRW-IV|DR4.FC43354_SQR.PV;"2026-08-06 10:53:04,150009";"46,6744651794434"
\\PIAF\PKN Orlen\PI Vision\PKN Orlen\ZAKŁAD PRODUKCYJNY PŁOCK\RAFINERIA\PR03 BLOK PRZEROBU ROPY\DRW-IV|DR4.FC43354_SQR.PV;"2026-08-06 11:03:54,171005";"46,2992706298828"
\\PIAF\PKN Orlen\PI Vision\PKN Orlen\ZAKŁAD PRODUKCYJNY PŁOCK\RAFINERIA\PR03 BLOK PRZEROBU ROPY\DRW-IV|DR4.FC43354_SQR.PV;"2026-08-06 11:12:14,126999";"46,8455581665039"
\\PIAF\PKN Orlen\PI Vision\PKN Orlen\ZAKŁAD PRODUKCYJNY PŁOCK\RAFINERIA\PR03 BLOK PRZEROBU ROPY\DRW-IV|DR4.FC43354_SQR.PV;"2026-08-06 11:16:44,067001";"46,7968444824219"
\\PIAF\PKN Orlen\PI Vision\PKN Orlen\ZAKŁAD PRODUKCYJNY PŁOCK\RAFINERIA\PR03 BLOK PRZEROBU ROPY\DRW-IV|DR4.FC43354_SQR.PV;"2026-08-06 11:20:29,162002";"46,6566963195801"
\\PIAF\PKN Orlen\PI Vision\PKN Orlen\ZAKŁAD PRODUKCYJNY PŁOCK\RAFINERIA\PR03 BLOK PRZEROBU ROPY\DRW-IV|DR4.FC43354_SQR.PV;"2026-08-06 11:23:24,164001";"46,7404441833496"
\\PIAF\PKN Orlen\PI Vision\PKN Orlen\ZAKŁAD PRODUKCYJNY PŁOCK\RAFINERIA\PR03 BLOK PRZEROBU ROPY\DRW-IV|DR4.FC43354_SQR.PV;"2026-08-06 11:27:29,165008";"46,2505302429199"
\\PIAF\PKN Orlen\PI Vision\PKN Orlen\ZAKŁAD PRODUKCYJNY PŁOCK\RAFINERIA\PR03 BLOK PRZEROBU ROPY\DRW-IV|DR4.FC43354_SQR.PV;"2026-08-06 11:32:34,205002";"46,7055358886719"
\\PIAF\PKN Orlen\PI Vision\PKN Orlen\ZAKŁAD PRODUKCYJNY PŁOCK\RAFINERIA\PR03 BLOK PRZEROBU ROPY\DRW-IV|DR4.FC43354_SQR.PV;"2026-08-06 11:42:39,272003";"47,0733833312988"
\\PIAF\PKN Orlen\PI Vision\PKN Orlen\ZAKŁAD PRODUKCYJNY PŁOCK\RAFINERIA\PR03 BLOK PRZEROBU ROPY\DRW-IV|DR4.FC43354_SQR.PV;"2026-08-06 11:50:14,166";"46,5879402160645"
\\PIAF\PKN Orlen\PI Vision\PKN Orlen\ZAKŁAD PRODUKCYJNY PŁOCK\RAFINERIA\PR03 BLOK PRZEROBU ROPY\DRW-IV|DR4.FC43354_SQR.PV;"2026-08-06 11:54:14,246002";"46,3848762512207"
\\PIAF\PKN Orlen\PI Vision\PKN Orlen\ZAKŁAD PRODUKCYJNY PŁOCK\RAFINERIA\PR03 BLOK PRZEROBU ROPY\DRW-IV|DR4.FC43354_SQR.PV;"2026-08-06 11:59:04,201004";"46,998119354248"
\\PIAF\PKN Orlen\PI Vision\PKN Orlen\ZAKŁAD PRODUKCYJNY PŁOCK\RAFINERIA\PR03 BLOK PRZEROBU ROPY\DRW-IV|DR4.FC43354_SQR.PV;"2026-08-06 12:04:24,235001";"46,566104888916"
\\PIAF\PKN Orlen\PI Vision\PKN Orlen\ZAKŁAD PRODUKCYJNY PŁOCK\RAFINERIA\PR03 BLOK PRZEROBU ROPY\DRW-IV|DR4.FC43354_SQR.PV;"2026-08-06 12:07:39,252014";"46,2654991149902"
\\PIAF\PKN Orlen\PI Vision\PKN Orlen\ZAKŁAD PRODUKCYJNY PŁOCK\RAFINERIA\PR03 BLOK PRZEROBU ROPY\DRW-IV|DR4.FC43354_SQR.PV;"2026-08-06 12:17:59,194016";"46,6391448974609"
\\PIAF\PKN Orlen\PI Vision\PKN Orlen\ZAKŁAD PRODUKCYJNY PŁOCK\RAFINERIA\PR03 BLOK PRZEROBU ROPY\DRW-IV|DR4.FC43354_SQR.PV;"2026-08-06 12:20:34,179001";"46,4382705688477"
\\PIAF\PKN Orlen\PI Vision\PKN Orlen\ZAKŁAD PRODUKCYJNY PŁOCK\RAFINERIA\PR03 BLOK PRZEROBU ROPY\DRW-IV|DR4.FC43354_SQR.PV;"2026-08-06 12:22:24,211014";"46,2819366455078"
\\PIAF\PKN Orlen\PI Vision\PKN Orlen\ZAKŁAD PRODUKCYJNY PŁOCK\RAFINERIA\PR03 BLOK PRZEROBU ROPY\DRW-IV|DR4.FC43354_SQR.PV;"2026-08-06 12:23:34,212006";"46,0429077148438"
\\PIAF\PKN Orlen\PI Vision\PKN Orlen\ZAKŁAD PRODUKCYJNY PŁOCK\RAFINERIA\PR03 BLOK PRZEROBU ROPY\DRW-IV|DR4.FC43354_SQR.PV;"2026-08-06 12:39:44,156006";"46,4303359985352"
\\PIAF\PKN Orlen\PI Vision\PKN Orlen\ZAKŁAD PRODUKCYJNY PŁOCK\RAFINERIA\PR03 BLOK PRZEROBU ROPY\DRW-IV|DR4.FC43354_SQR.PV;"2026-08-06 12:43:29,142014";"46,3152351379395"
\\PIAF\PKN Orlen\PI Vision\PKN Orlen\ZAKŁAD PRODUKCYJNY PŁOCK\RAFINERIA\PR03 BLOK PRZEROBU ROPY\DRW-IV|DR4.FC43354_SQR.PV;"2026-08-06 12:45:44,222";"46,1324043273926"
\\PIAF\PKN Orlen\PI Vision\PKN Orlen\ZAKŁAD PRODUKCYJNY PŁOCK\RAFINERIA\PR03 BLOK PRZEROBU ROPY\DRW-IV|DR4.FC43354_SQR.PV;"2026-08-06 12:51:24,162002";"46,5376319885254"
\\PIAF\PKN Orlen\PI Vision\PKN Orlen\ZAKŁAD PRODUKCYJNY PŁOCK\RAFINERIA\PR03 BLOK PRZEROBU ROPY\DRW-IV|DR4.FC43354_SQR.PV;"2026-08-06 12:58:29,196014";"46,226619720459"
\\PIAF\PKN Orlen\PI Vision\PKN Orlen\ZAKŁAD PRODUKCYJNY PŁOCK\RAFINERIA\PR03 BLOK PRZEROBU ROPY\DRW-IV|DR4.FC43354_SQR.PV;"2026-08-06 13:07:44,161011";"46,5306053161621"
\\PIAF\PKN Orlen\PI Vision\PKN Orlen\ZAKŁAD PRODUKCYJNY PŁOCK\RAFINERIA\PR03 BLOK PRZEROBU ROPY\DRW-IV|DR4.FC43354_SQR.PV;"2026-08-06 13:12:24,164001";"46,3397636413574"
\\PIAF\PKN Orlen\PI Vision\PKN Orlen\ZAKŁAD PRODUKCYJNY PŁOCK\RAFINERIA\PR03 BLOK PRZEROBU ROPY\DRW-IV|DR4.FC43354_SQR.PV;"2026-08-06 13:16:09,150009";"46,2676467895508"
\\PIAF\PKN Orlen\PI Vision\PKN Orlen\ZAKŁAD PRODUKCYJNY PŁOCK\RAFINERIA\PR03 BLOK PRZEROBU ROPY\DRW-IV|DR4.FC43354_SQR.PV;"2026-08-06 13:17:49,228012";"46,5163459777832"
\\PIAF\PKN Orlen\PI Vision\PKN Orlen\ZAKŁAD PRODUKCYJNY PŁOCK\RAFINERIA\PR03 BLOK PRZEROBU ROPY\DRW-IV|DR4.FC43354_SQR.PV;"2026-08-06 13:22:04,183014";"46,3842086791992"
\\PIAF\PKN Orlen\PI Vision\PKN Orlen\ZAKŁAD PRODUKCYJNY PŁOCK\RAFINERIA\PR03 BLOK PRZEROBU ROPY\DRW-IV|DR4.FC43354_SQR.PV;"2026-08-06 13:31:39,172012";"46,590404510498"
\\PIAF\PKN Orlen\PI Vision\PKN Orlen\ZAKŁAD PRODUKCYJNY PŁOCK\RAFINERIA\PR03 BLOK PRZEROBU ROPY\DRW-IV|DR4.FC43354_SQR.PV;"2026-08-06 13:36:04,299011";"46,1545944213867"
\\PIAF\PKN Orlen\PI Vision\PKN Orlen\ZAKŁAD PRODUKCYJNY PŁOCK\RAFINERIA\PR03 BLOK PRZEROBU ROPY\DRW-IV|DR4.FC43354_SQR.PV;"2026-08-06 13:40:19,145004";"46,3928527832031"
\\PIAF\PKN Orlen\PI Vision\PKN Orlen\ZAKŁAD PRODUKCYJNY PŁOCK\RAFINERIA\PR03 BLOK PRZEROBU ROPY\DRW-IV|DR4.FC43354_SQR.PV;"2026-08-06 13:46:39,116012";"45,9996299743652"
\\PIAF\PKN Orlen\PI Vision\PKN Orlen\ZAKŁAD PRODUKCYJNY PŁOCK\RAFINERIA\PR03 BLOK PRZEROBU ROPY\DRW-IV|DR4.FC43354_SQR.PV;"2026-08-06 13:57:29,136002";"46,4009437561035"
\\PIAF\PKN Orlen\PI Vision\PKN Orlen\ZAKŁAD PRODUKCYJNY PŁOCK\RAFINERIA\PR03 BLOK PRZEROBU ROPY\DRW-IV|DR4.FC43354_SQR.PV;"2026-08-06 14:00:19,106003";"46,4050750732422"
\\PIAF\PKN Orlen\PI Vision\PKN Orlen\ZAKŁAD PRODUKCYJNY PŁOCK\RAFINERIA\PR03 BLOK PRZEROBU ROPY\DRW-IV|DR4.FC43354_SQR.PV;"2026-08-06 14:07:24,141006";"46,402458190918"
\\PIAF\PKN Orlen\PI Vision\PKN Orlen\ZAKŁAD PRODUKCYJNY PŁOCK\RAFINERIA\PR03 BLOK PRZEROBU ROPY\DRW-IV|DR4.FC43354_SQR.PV;"2026-08-06 14:09:34,189011";"46,0501022338867"
\\PIAF\PKN Orlen\PI Vision\PKN Orlen\ZAKŁAD PRODUKCYJNY PŁOCK\RAFINERIA\PR03 BLOK PRZEROBU ROPY\DRW-IV|DR4.FC43354_SQR.PV;"2026-08-06 14:14:59,144012";"46,3567008972168"
\\PIAF\PKN Orlen\PI Vision\PKN Orlen\ZAKŁAD PRODUKCYJNY PŁOCK\RAFINERIA\PR03 BLOK PRZEROBU ROPY\DRW-IV|DR4.FC43354_SQR.PV;"2026-08-06 14:23:54,101013";"46,1462211608887"
\\PIAF\PKN Orlen\PI Vision\PKN Orlen\ZAKŁAD PRODUKCYJNY PŁOCK\RAFINERIA\PR03 BLOK PRZEROBU ROPY\DRW-IV|DR4.FC43354_SQR.PV;"2026-08-06 14:28:24,150009";"46,9181098937988"
\\PIAF\PKN Orlen\PI Vision\PKN Orlen\ZAKŁAD PRODUKCYJNY PŁOCK\RAFINERIA\PR03 BLOK PRZEROBU ROPY\DRW-IV|DR4.FC43354_SQR.PV;"2026-08-06 14:32:49,168014";"47,1474418640137"
\\PIAF\PKN Orlen\PI Vision\PKN Orlen\ZAKŁAD PRODUKCYJNY PŁOCK\RAFINERIA\PR03 BLOK PRZEROBU ROPY\DRW-IV|DR4.FC43354_SQR.PV;"2026-08-06 14:38:44,09201";"46,8760375976563"
\\PIAF\PKN Orlen\PI Vision\PKN Orlen\ZAKŁAD PRODUKCYJNY PŁOCK\RAFINERIA\PR03 BLOK PRZEROBU ROPY\DRW-IV|DR4.FC43354_SQR.PV;"2026-08-06 14:43:39,175003";"47,0186347961426"
\\PIAF\PKN Orlen\PI Vision\PKN Orlen\ZAKŁAD PRODUKCYJNY PŁOCK\RAFINERIA\PR03 BLOK PRZEROBU ROPY\DRW-IV|DR4.FC43354_SQR.PV;"2026-08-06 14:47:19,130005";"46,820499420166"
\\PIAF\PKN Orlen\PI Vision\PKN Orlen\ZAKŁAD PRODUKCYJNY PŁOCK\RAFINERIA\PR03 BLOK PRZEROBU ROPY\DRW-IV|DR4.FC43354_SQR.PV;"2026-08-06 14:53:24,117004";"46,4024658203125"
\\PIAF\PKN Orlen\PI Vision\PKN Orlen\ZAKŁAD PRODUKCYJNY PŁOCK\RAFINERIA\PR03 BLOK PRZEROBU ROPY\DRW-IV|DR4.FC43354_SQR.PV;"2026-08-06 15:06:44,09201";"47,1624641418457"
\\PIAF\PKN Orlen\PI Vision\PKN Orlen\ZAKŁAD PRODUKCYJNY PŁOCK\RAFINERIA\PR03 BLOK PRZEROBU ROPY\DRW-IV|DR4.FC43354_SQR.PV;"2026-08-06 15:08:14,108001";"47,1550712585449"
\\PIAF\PKN Orlen\PI Vision\PKN Orlen\ZAKŁAD PRODUKCYJNY PŁOCK\RAFINERIA\PR03 BLOK PRZEROBU ROPY\DRW-IV|DR4.FC43354_SQR.PV;"2026-08-06 15:12:34,094009";"47,0453605651855"
\\PIAF\PKN Orlen\PI Vision\PKN Orlen\ZAKŁAD PRODUKCYJNY PŁOCK\RAFINERIA\PR03 BLOK PRZEROBU ROPY\DRW-IV|DR4.FC43354_SQR.PV;"2026-08-06 15:18:04,081009";"46,9587821960449"
\\PIAF\PKN Orlen\PI Vision\PKN Orlen\ZAKŁAD PRODUKCYJNY PŁOCK\RAFINERIA\PR03 BLOK PRZEROBU ROPY\DRW-IV|DR4.FC43354_SQR.PV;"2026-08-06 15:21:14,17601";"47,0721626281738"
\\PIAF\PKN Orlen\PI Vision\PKN Orlen\ZAKŁAD PRODUKCYJNY PŁOCK\RAFINERIA\PR03 BLOK PRZEROBU ROPY\DRW-IV|DR4.FC43354_SQR.PV;"2026-08-06 15:32:19,072006";"46,9933738708496"
\\PIAF\PKN Orlen\PI Vision\PKN Orlen\ZAKŁAD PRODUKCYJNY PŁOCK\RAFINERIA\PR03 BLOK PRZEROBU ROPY\DRW-IV|DR4.FC43354_SQR.PV;"2026-08-06 15:36:09,089004";"47,4074058532715"
\\PIAF\PKN Orlen\PI Vision\PKN Orlen\ZAKŁAD PRODUKCYJNY PŁOCK\RAFINERIA\PR03 BLOK PRZEROBU ROPY\DRW-IV|DR4.FC43354_SQR.PV;"2026-08-06 15:41:54,170013";"46,9005661010742"
\\PIAF\PKN Orlen\PI Vision\PKN Orlen\ZAKŁAD PRODUKCYJNY PŁOCK\RAFINERIA\PR03 BLOK PRZEROBU ROPY\DRW-IV|DR4.FC43354_SQR.PV;"2026-08-06 15:49:19,110001";"46,7581634521484"
\\PIAF\PKN Orlen\PI Vision\PKN Orlen\ZAKŁAD PRODUKCYJNY PŁOCK\RAFINERIA\PR03 BLOK PRZEROBU ROPY\DRW-IV|DR4.FC43354_SQR.PV;"2026-08-06 15:52:04,158005";"47,1592407226563"
\\PIAF\PKN Orlen\PI Vision\PKN Orlen\ZAKŁAD PRODUKCYJNY PŁOCK\RAFINERIA\PR03 BLOK PRZEROBU ROPY\DRW-IV|DR4.FC43354_SQR.PV;"2026-08-06 15:57:54,261002";"47,141773223877"
\\PIAF\PKN Orlen\PI Vision\PKN Orlen\ZAKŁAD PRODUKCYJNY PŁOCK\RAFINERIA\PR03 BLOK PRZEROBU ROPY\DRW-IV|DR4.FC43354_SQR.PV;"2026-08-06 16:02:49,247009";"47,1146278381348"
\\PIAF\PKN Orlen\PI Vision\PKN Orlen\ZAKŁAD PRODUKCYJNY PŁOCK\RAFINERIA\PR03 BLOK PRZEROBU ROPY\DRW-IV|DR4.FC43354_SQR.PV;"2026-08-06 16:05:29,155014";"47,4305114746094"
\\PIAF\PKN Orlen\PI Vision\PKN Orlen\ZAKŁAD PRODUKCYJNY PŁOCK\RAFINERIA\PR03 BLOK PRZEROBU ROPY\DRW-IV|DR4.FC43354_SQR.PV;"2026-08-06 16:11:49,236007";"46,7722320556641"
\\PIAF\PKN Orlen\PI Vision\PKN Orlen\ZAKŁAD PRODUKCYJNY PŁOCK\RAFINERIA\PR03 BLOK PRZEROBU ROPY\DRW-IV|DR4.FC43354_SQR.PV;"2026-08-06 16:23:34,174011";"46,9659423828125"
\\PIAF\PKN Orlen\PI Vision\PKN Orlen\ZAKŁAD PRODUKCYJNY PŁOCK\RAFINERIA\PR03 BLOK PRZEROBU ROPY\DRW-IV|DR4.FC43354_SQR.PV;"2026-08-06 16:31:44,23201";"47,1972236633301"
\\PIAF\PKN Orlen\PI Vision\PKN Orlen\ZAKŁAD PRODUKCYJNY PŁOCK\RAFINERIA\PR03 BLOK PRZEROBU ROPY\DRW-IV|DR4.FC43354_SQR.PV;"2026-08-06 16:36:34,187011";"46,9696197509766"
\\PIAF\PKN Orlen\PI Vision\PKN Orlen\ZAKŁAD PRODUKCYJNY PŁOCK\RAFINERIA\PR03 BLOK PRZEROBU ROPY\DRW-IV|DR4.FC43354_SQR.PV;"2026-08-06 16:41:39,236007";"47,2193717956543"
\\PIAF\PKN Orlen\PI Vision\PKN Orlen\ZAKŁAD PRODUKCYJNY PŁOCK\RAFINERIA\PR03 BLOK PRZEROBU ROPY\DRW-IV|DR4.FC43354_SQR.PV;"2026-08-06 16:46:49,207016";"47,8788146972656"
\\PIAF\PKN Orlen\PI Vision\PKN Orlen\ZAKŁAD PRODUKCYJNY PŁOCK\RAFINERIA\PR03 BLOK PRZEROBU ROPY\DRW-IV|DR4.FC43354_SQR.PV;"2026-08-06 16:48:39,239013";"47,974723815918"
\\PIAF\PKN Orlen\PI Vision\PKN Orlen\ZAKŁAD PRODUKCYJNY PŁOCK\RAFINERIA\PR03 BLOK PRZEROBU ROPY\DRW-IV|DR4.FC43354_SQR.PV;"2026-08-06 16:55:19,227005";"47,089771270752"
\\PIAF\PKN Orlen\PI Vision\PKN Orlen\ZAKŁAD PRODUKCYJNY PŁOCK\RAFINERIA\PR03 BLOK PRZEROBU ROPY\DRW-IV|DR4.FC43354_SQR.PV;"2026-08-06 17:04:14,184005";"47,1511535644531"
\\PIAF\PKN Orlen\PI Vision\PKN Orlen\ZAKŁAD PRODUKCYJNY PŁOCK\RAFINERIA\PR03 BLOK PRZEROBU ROPY\DRW-IV|DR4.FC43354_SQR.PV;"2026-08-06 17:08:29,139008";"46,7265243530273"
\\PIAF\PKN Orlen\PI Vision\PKN Orlen\ZAKŁAD PRODUKCYJNY PŁOCK\RAFINERIA\PR03 BLOK PRZEROBU ROPY\DRW-IV|DR4.FC43354_SQR.PV;"2026-08-06 17:13:49,172012";"46,8274803161621"
\\PIAF\PKN Orlen\PI Vision\PKN Orlen\ZAKŁAD PRODUKCYJNY PŁOCK\RAFINERIA\PR03 BLOK PRZEROBU ROPY\DRW-IV|DR4.FC43354_SQR.PV;"2026-08-06 17:19:44,206009";"47,555793762207"
\\PIAF\PKN Orlen\PI Vision\PKN Orlen\ZAKŁAD PRODUKCYJNY PŁOCK\RAFINERIA\PR03 BLOK PRZEROBU ROPY\DRW-IV|DR4.FC43354_SQR.PV;"2026-08-06 17:25:19,224014";"47,2133178710938"
\\PIAF\PKN Orlen\PI Vision\PKN Orlen\ZAKŁAD PRODUKCYJNY PŁOCK\RAFINERIA\PR03 BLOK PRZEROBU ROPY\DRW-IV|DR4.FC43354_SQR.PV;"2026-08-06 17:30:09,179001";"47,2414894104004"
\\PIAF\PKN Orlen\PI Vision\PKN Orlen\ZAKŁAD PRODUKCYJNY PŁOCK\RAFINERIA\PR03 BLOK PRZEROBU ROPY\DRW-IV|DR4.FC43354_SQR.PV;"2026-08-06 17:32:09,165008";"47,306827545166"
\\PIAF\PKN Orlen\PI Vision\PKN Orlen\ZAKŁAD PRODUKCYJNY PŁOCK\RAFINERIA\PR03 BLOK PRZEROBU ROPY\DRW-IV|DR4.FC43354_SQR.PV;"2026-08-06 17:40:34,153";"47,4923782348633"
\\PIAF\PKN Orlen\PI Vision\PKN Orlen\ZAKŁAD PRODUKCYJNY PŁOCK\RAFINERIA\PR03 BLOK PRZEROBU ROPY\DRW-IV|DR4.FC43354_SQR.PV;"2026-08-06 17:43:29,154007";"47,0464859008789"
\\PIAF\PKN Orlen\PI Vision\PKN Orlen\ZAKŁAD PRODUKCYJNY PŁOCK\RAFINERIA\PR03 BLOK PRZEROBU ROPY\DRW-IV|DR4.FC43354_SQR.PV;"2026-08-06 17:52:14,158005";"47,2992210388184"
\\PIAF\PKN Orlen\PI Vision\PKN Orlen\ZAKŁAD PRODUKCYJNY PŁOCK\RAFINERIA\PR03 BLOK PRZEROBU ROPY\DRW-IV|DR4.FC43354_SQR.PV;"2026-08-06 17:55:34,206009";"46,8048400878906"
\\PIAF\PKN Orlen\PI Vision\PKN Orlen\ZAKŁAD PRODUKCYJNY PŁOCK\RAFINERIA\PR03 BLOK PRZEROBU ROPY\DRW-IV|DR4.FC43354_SQR.PV;"2026-08-06 18:08:39,196014";"47,1871566772461"
\\PIAF\PKN Orlen\PI Vision\PKN Orlen\ZAKŁAD PRODUKCYJNY PŁOCK\RAFINERIA\PR03 BLOK PRZEROBU ROPY\DRW-IV|DR4.FC43354_SQR.PV;"2026-08-06 18:18:29,169006";"47,0340194702148"
\\PIAF\PKN Orlen\PI Vision\PKN Orlen\ZAKŁAD PRODUKCYJNY PŁOCK\RAFINERIA\PR03 BLOK PRZEROBU ROPY\DRW-IV|DR4.FC43354_SQR.PV;"2026-08-06 18:25:29,172012";"47,1267585754395"
\\PIAF\PKN Orlen\PI Vision\PKN Orlen\ZAKŁAD PRODUKCYJNY PŁOCK\RAFINERIA\PR03 BLOK PRZEROBU ROPY\DRW-IV|DR4.FC43354_SQR.PV;"2026-08-06 18:27:04,111007";"46,8804740905762"
\\PIAF\PKN Orlen\PI Vision\PKN Orlen\ZAKŁAD PRODUKCYJNY PŁOCK\RAFINERIA\PR03 BLOK PRZEROBU ROPY\DRW-IV|DR4.FC43354_SQR.PV;"2026-08-06 18:35:04,161011";"46,9903717041016"
\\PIAF\PKN Orlen\PI Vision\PKN Orlen\ZAKŁAD PRODUKCYJNY PŁOCK\RAFINERIA\PR03 BLOK PRZEROBU ROPY\DRW-IV|DR4.FC43354_SQR.PV;"2026-08-06 18:40:29,116012";"47,0458946228027"
\\PIAF\PKN Orlen\PI Vision\PKN Orlen\ZAKŁAD PRODUKCYJNY PŁOCK\RAFINERIA\PR03 BLOK PRZEROBU ROPY\DRW-IV|DR4.FC43354_SQR.PV;"2026-08-06 18:43:49,165008";"46,9671592712402"
\\PIAF\PKN Orlen\PI Vision\PKN Orlen\ZAKŁAD PRODUKCYJNY PŁOCK\RAFINERIA\PR03 BLOK PRZEROBU ROPY\DRW-IV|DR4.FC43354_SQR.PV;"2026-08-06 18:47:54,167007";"46,646800994873"
\\PIAF\PKN Orlen\PI Vision\PKN Orlen\ZAKŁAD PRODUKCYJNY PŁOCK\RAFINERIA\PR03 BLOK PRZEROBU ROPY\DRW-IV|DR4.FC43354_SQR.PV;"2026-08-06 18:59:09,108001";"47,0616073608398"
\\PIAF\PKN Orlen\PI Vision\PKN Orlen\ZAKŁAD PRODUKCYJNY PŁOCK\RAFINERIA\PR03 BLOK PRZEROBU ROPY\DRW-IV|DR4.FC43354_SQR.PV;"2026-08-06 19:02:19,093002";"47,3022003173828"
\\PIAF\PKN Orlen\PI Vision\PKN Orlen\ZAKŁAD PRODUKCYJNY PŁOCK\RAFINERIA\PR03 BLOK PRZEROBU ROPY\DRW-IV|DR4.FC43354_SQR.PV;"2026-08-06 19:07:39,127014";"46,8621292114258"
\\PIAF\PKN Orlen\PI Vision\PKN Orlen\ZAKŁAD PRODUKCYJNY PŁOCK\RAFINERIA\PR03 BLOK PRZEROBU ROPY\DRW-IV|DR4.FC43354_SQR.PV;"2026-08-06 19:12:04,145004";"47,2148933410645"
\\PIAF\PKN Orlen\PI Vision\PKN Orlen\ZAKŁAD PRODUKCYJNY PŁOCK\RAFINERIA\PR03 BLOK PRZEROBU ROPY\DRW-IV|DR4.FC43354_SQR.PV;"2026-08-06 19:16:34,084";"46,610107421875"
\\PIAF\PKN Orlen\PI Vision\PKN Orlen\ZAKŁAD PRODUKCYJNY PŁOCK\RAFINERIA\PR03 BLOK PRZEROBU ROPY\DRW-IV|DR4.FC43354_SQR.PV;"2026-08-06 19:22:34,149002";"46,8977165222168"
\\PIAF\PKN Orlen\PI Vision\PKN Orlen\ZAKŁAD PRODUKCYJNY PŁOCK\RAFINERIA\PR03 BLOK PRZEROBU ROPY\DRW-IV|DR4.FC43354_SQR.PV;"2026-08-06 19:24:54,150009";"46,9545974731445"
\\PIAF\PKN Orlen\PI Vision\PKN Orlen\ZAKŁAD PRODUKCYJNY PŁOCK\RAFINERIA\PR03 BLOK PRZEROBU ROPY\DRW-IV|DR4.FC43354_SQR.PV;"2026-08-06 19:31:19,153";"46,8827171325684"
\\PIAF\PKN Orlen\PI Vision\PKN Orlen\ZAKŁAD PRODUKCYJNY PŁOCK\RAFINERIA\PR03 BLOK PRZEROBU ROPY\DRW-IV|DR4.FC43354_SQR.PV;"2026-08-06 19:38:09,088012";"47,2887992858887"
\\PIAF\PKN Orlen\PI Vision\PKN Orlen\ZAKŁAD PRODUKCYJNY PŁOCK\RAFINERIA\PR03 BLOK PRZEROBU ROPY\DRW-IV|DR4.FC43354_SQR.PV;"2026-08-06 19:46:19,09201";"46,8490562438965"
\\PIAF\PKN Orlen\PI Vision\PKN Orlen\ZAKŁAD PRODUKCYJNY PŁOCK\RAFINERIA\PR03 BLOK PRZEROBU ROPY\DRW-IV|DR4.FC43354_SQR.PV;"2026-08-06 20:00:09,145004";"47,2837219238281"
\\PIAF\PKN Orlen\PI Vision\PKN Orlen\ZAKŁAD PRODUKCYJNY PŁOCK\RAFINERIA\PR03 BLOK PRZEROBU ROPY\DRW-IV|DR4.FC43354_SQR.PV;"2026-08-06 20:04:34,163009";"47,0143661499023"
\\PIAF\PKN Orlen\PI Vision\PKN Orlen\ZAKŁAD PRODUKCYJNY PŁOCK\RAFINERIA\PR03 BLOK PRZEROBU ROPY\DRW-IV|DR4.FC43354_SQR.PV;"2026-08-06 20:10:44,071014";"46,1044692993164"
\\PIAF\PKN Orlen\PI Vision\PKN Orlen\ZAKŁAD PRODUKCYJNY PŁOCK\RAFINERIA\PR03 BLOK PRZEROBU ROPY\DRW-IV|DR4.FC43354_SQR.PV;"2026-08-06 20:17:09,174011";"46,8127059936523"
\\PIAF\PKN Orlen\PI Vision\PKN Orlen\ZAKŁAD PRODUKCYJNY PŁOCK\RAFINERIA\PR03 BLOK PRZEROBU ROPY\DRW-IV|DR4.FC43354_SQR.PV;"2026-08-06 20:21:09,254013";"46,7155227661133"
\\PIAF\PKN Orlen\PI Vision\PKN Orlen\ZAKŁAD PRODUKCYJNY PŁOCK\RAFINERIA\PR03 BLOK PRZEROBU ROPY\DRW-IV|DR4.FC43354_SQR.PV;"2026-08-06 20:25:44,225006";"46,8067359924316"
\\PIAF\PKN Orlen\PI Vision\PKN Orlen\ZAKŁAD PRODUKCYJNY PŁOCK\RAFINERIA\PR03 BLOK PRZEROBU ROPY\DRW-IV|DR4.FC43354_SQR.PV;"2026-08-06 20:32:44,228012";"46,1027183532715"
\\PIAF\PKN Orlen\PI Vision\PKN Orlen\ZAKŁAD PRODUKCYJNY PŁOCK\RAFINERIA\PR03 BLOK PRZEROBU ROPY\DRW-IV|DR4.FC43354_SQR.PV;"2026-08-06 20:42:29,170013";"46,8596725463867"
\\PIAF\PKN Orlen\PI Vision\PKN Orlen\ZAKŁAD PRODUKCYJNY PŁOCK\RAFINERIA\PR03 BLOK PRZEROBU ROPY\DRW-IV|DR4.FC43354_SQR.PV;"2026-08-06 20:51:54,205002";"47,8514022827148"
\\PIAF\PKN Orlen\PI Vision\PKN Orlen\ZAKŁAD PRODUKCYJNY PŁOCK\RAFINERIA\PR03 BLOK PRZEROBU ROPY\DRW-IV|DR4.FC43354_SQR.PV;"2026-08-06 20:56:14,19101";"48,032657623291"
\\PIAF\PKN Orlen\PI Vision\PKN Orlen\ZAKŁAD PRODUKCYJNY PŁOCK\RAFINERIA\PR03 BLOK PRZEROBU ROPY\DRW-IV|DR4.FC43354_SQR.PV;"2026-08-06 21:06:14,227005";"47,569149017334"
\\PIAF\PKN Orlen\PI Vision\PKN Orlen\ZAKŁAD PRODUKCYJNY PŁOCK\RAFINERIA\PR03 BLOK PRZEROBU ROPY\DRW-IV|DR4.FC43354_SQR.PV;"2026-08-06 21:10:44,167007";"46,8633575439453"
\\PIAF\PKN Orlen\PI Vision\PKN Orlen\ZAKŁAD PRODUKCYJNY PŁOCK\RAFINERIA\PR03 BLOK PRZEROBU ROPY\DRW-IV|DR4.FC43354_SQR.PV;"2026-08-06 21:24:14,220001";"46,8445053100586"
\\PIAF\PKN Orlen\PI Vision\PKN Orlen\ZAKŁAD PRODUKCYJNY PŁOCK\RAFINERIA\PR03 BLOK PRZEROBU ROPY\DRW-IV|DR4.FC43354_SQR.PV;"2026-08-06 21:32:34,253006";"46,9413681030273"
\\PIAF\PKN Orlen\PI Vision\PKN Orlen\ZAKŁAD PRODUKCYJNY PŁOCK\RAFINERIA\PR03 BLOK PRZEROBU ROPY\DRW-IV|DR4.FC43354_SQR.PV;"2026-08-06 21:37:29,130005";"47,0561332702637"
\\PIAF\PKN Orlen\PI Vision\PKN Orlen\ZAKŁAD PRODUKCYJNY PŁOCK\RAFINERIA\PR03 BLOK PRZEROBU ROPY\DRW-IV|DR4.FC43354_SQR.PV;"2026-08-06 21:45:09,164001";"46,5255966186523"
\\PIAF\PKN Orlen\PI Vision\PKN Orlen\ZAKŁAD PRODUKCYJNY PŁOCK\RAFINERIA\PR03 BLOK PRZEROBU ROPY\DRW-IV|DR4.FC43354_SQR.PV;"2026-08-06 21:54:49,184005";"46,6454925537109"
\\PIAF\PKN Orlen\PI Vision\PKN Orlen\ZAKŁAD PRODUKCYJNY PŁOCK\RAFINERIA\PR03 BLOK PRZEROBU ROPY\DRW-IV|DR4.FC43354_SQR.PV;"2026-08-06 21:58:34,170013";"47,1263580322266"
\\PIAF\PKN Orlen\PI Vision\PKN Orlen\ZAKŁAD PRODUKCYJNY PŁOCK\RAFINERIA\PR03 BLOK PRZEROBU ROPY\DRW-IV|DR4.FC43354_SQR.PV;"2026-08-06 22:05:34,173004";"47,2118988037109"
\\PIAF\PKN Orlen\PI Vision\PKN Orlen\ZAKŁAD PRODUKCYJNY PŁOCK\RAFINERIA\PR03 BLOK PRZEROBU ROPY\DRW-IV|DR4.FC43354_SQR.PV;"2026-08-06 22:09:49,128006";"46,5830078125"
\\PIAF\PKN Orlen\PI Vision\PKN Orlen\ZAKŁAD PRODUKCYJNY PŁOCK\RAFINERIA\PR03 BLOK PRZEROBU ROPY\DRW-IV|DR4.FC43354_SQR.PV;"2026-08-06 22:12:24,114013";"46,4557800292969"
\\PIAF\PKN Orlen\PI Vision\PKN Orlen\ZAKŁAD PRODUKCYJNY PŁOCK\RAFINERIA\PR03 BLOK PRZEROBU ROPY\DRW-IV|DR4.FC43354_SQR.PV;"2026-08-06 22:18:44,195007";"47,5610198974609"
\\PIAF\PKN Orlen\PI Vision\PKN Orlen\ZAKŁAD PRODUKCYJNY PŁOCK\RAFINERIA\PR03 BLOK PRZEROBU ROPY\DRW-IV|DR4.FC43354_SQR.PV;"2026-08-06 22:25:44,198013";"47,2959938049316"
\\PIAF\PKN Orlen\PI Vision\PKN Orlen\ZAKŁAD PRODUKCYJNY PŁOCK\RAFINERIA\PR03 BLOK PRZEROBU ROPY\DRW-IV|DR4.FC43354_SQR.PV;"2026-08-06 22:30:19,169006";"47,5384864807129"
\\PIAF\PKN Orlen\PI Vision\PKN Orlen\ZAKŁAD PRODUKCYJNY PŁOCK\RAFINERIA\PR03 BLOK PRZEROBU ROPY\DRW-IV|DR4.FC43354_SQR.PV;"2026-08-06 22:45:04,128006";"47,1279220581055"
\\PIAF\PKN Orlen\PI Vision\PKN Orlen\ZAKŁAD PRODUKCYJNY PŁOCK\RAFINERIA\PR03 BLOK PRZEROBU ROPY\DRW-IV|DR4.FC43354_SQR.PV;"2026-08-06 22:53:39,179001";"47,4482727050781"
\\PIAF\PKN Orlen\PI Vision\PKN Orlen\ZAKŁAD PRODUKCYJNY PŁOCK\RAFINERIA\PR03 BLOK PRZEROBU ROPY\DRW-IV|DR4.FC43354_SQR.PV;"2026-08-06 23:02:59,158005";"47,4544982910156"
\\PIAF\PKN Orlen\PI Vision\PKN Orlen\ZAKŁAD PRODUKCYJNY PŁOCK\RAFINERIA\PR03 BLOK PRZEROBU ROPY\DRW-IV|DR4.FC43354_SQR.PV;"2026-08-06 23:07:09,19101";"47,0501670837402"
\\PIAF\PKN Orlen\PI Vision\PKN Orlen\ZAKŁAD PRODUKCYJNY PŁOCK\RAFINERIA\PR03 BLOK PRZEROBU ROPY\DRW-IV|DR4.FC43354_SQR.PV;"2026-08-06 23:21:14,119003";"47,1208038330078"
\\PIAF\PKN Orlen\PI Vision\PKN Orlen\ZAKŁAD PRODUKCYJNY PŁOCK\RAFINERIA\PR03 BLOK PRZEROBU ROPY\DRW-IV|DR4.FC43354_SQR.PV;"2026-08-06 23:29:39,10701";"47,3339424133301"
\\PIAF\PKN Orlen\PI Vision\PKN Orlen\ZAKŁAD PRODUKCYJNY PŁOCK\RAFINERIA\PR03 BLOK PRZEROBU ROPY\DRW-IV|DR4.FC43354_SQR.PV;"2026-08-06 23:37:14,111007";"47,123950958252"
\\PIAF\PKN Orlen\PI Vision\PKN Orlen\ZAKŁAD PRODUKCYJNY PŁOCK\RAFINERIA\PR03 BLOK PRZEROBU ROPY\DRW-IV|DR4.FC43354_SQR.PV;"2026-08-06 23:49:24,085007";"47,0653114318848"
\\PIAF\PKN Orlen\PI Vision\PKN Orlen\ZAKŁAD PRODUKCYJNY PŁOCK\RAFINERIA\PR03 BLOK PRZEROBU ROPY\DRW-IV|DR4.FC43354_SQR.PV;"2026-08-06 23:56:59,088012";"47,1216430664063"
\\PIAF\PKN Orlen\PI Vision\PKN Orlen\ZAKŁAD PRODUKCYJNY PŁOCK\RAFINERIA\PR03 BLOK PRZEROBU ROPY\DRW-IV|DR4.FC43354_SQR.PV;"2026-08-07 00:01:04,199005";"47,5190963745117"
\\PIAF\PKN Orlen\PI Vision\PKN Orlen\ZAKŁAD PRODUKCYJNY PŁOCK\RAFINERIA\PR03 BLOK PRZEROBU ROPY\DRW-IV|DR4.FC43354_SQR.PV;"2026-08-07 00:08:29,140014";"47,1285934448242"
\\PIAF\PKN Orlen\PI Vision\PKN Orlen\ZAKŁAD PRODUKCYJNY PŁOCK\RAFINERIA\PR03 BLOK PRZEROBU ROPY\DRW-IV|DR4.FC43354_SQR.PV;"2026-08-07 00:13:29,158005";"47,0265884399414"
\\PIAF\PKN Orlen\PI Vision\PKN Orlen\ZAKŁAD PRODUKCYJNY PŁOCK\RAFINERIA\PR03 BLOK PRZEROBU ROPY\DRW-IV|DR4.FC43354_SQR.PV;"2026-08-07 00:18:04,129013";"47,3057136535645"
\\PIAF\PKN Orlen\PI Vision\PKN Orlen\ZAKŁAD PRODUKCYJNY PŁOCK\RAFINERIA\PR03 BLOK PRZEROBU ROPY\DRW-IV|DR4.FC43354_SQR.PV;"2026-08-07 00:22:04,099014";"47,1181030273438"
\\PIAF\PKN Orlen\PI Vision\PKN Orlen\ZAKŁAD PRODUKCYJNY PŁOCK\RAFINERIA\PR03 BLOK PRZEROBU ROPY\DRW-IV|DR4.FC43354_SQR.PV;"2026-08-07 00:24:39,085007";"47,5063323974609"
\\PIAF\PKN Orlen\PI Vision\PKN Orlen\ZAKŁAD PRODUKCYJNY PŁOCK\RAFINERIA\PR03 BLOK PRZEROBU ROPY\DRW-IV|DR4.FC43354_SQR.PV;"2026-08-07 00:26:44,101013";"47,9013786315918"
\\PIAF\PKN Orlen\PI Vision\PKN Orlen\ZAKŁAD PRODUKCYJNY PŁOCK\RAFINERIA\PR03 BLOK PRZEROBU ROPY\DRW-IV|DR4.FC43354_SQR.PV;"2026-08-07 00:30:54,134002";"47,3983840942383"
\\PIAF\PKN Orlen\PI Vision\PKN Orlen\ZAKŁAD PRODUKCYJNY PŁOCK\RAFINERIA\PR03 BLOK PRZEROBU ROPY\DRW-IV|DR4.FC43354_SQR.PV;"2026-08-07 00:35:09,089004";"46,4496154785156"
\\PIAF\PKN Orlen\PI Vision\PKN Orlen\ZAKŁAD PRODUKCYJNY PŁOCK\RAFINERIA\PR03 BLOK PRZEROBU ROPY\DRW-IV|DR4.FC43354_SQR.PV;"2026-08-07 00:38:14,153015";"46,6486320495605"
\\PIAF\PKN Orlen\PI Vision\PKN Orlen\ZAKŁAD PRODUKCYJNY PŁOCK\RAFINERIA\PR03 BLOK PRZEROBU ROPY\DRW-IV|DR4.FC43354_SQR.PV;"2026-08-07 00:42:29,271011";"47,4755592346191"
\\PIAF\PKN Orlen\PI Vision\PKN Orlen\ZAKŁAD PRODUKCYJNY PŁOCK\RAFINERIA\PR03 BLOK PRZEROBU ROPY\DRW-IV|DR4.FC43354_SQR.PV;"2026-08-07 00:45:49,210007";"47,5787658691406"
\\PIAF\PKN Orlen\PI Vision\PKN Orlen\ZAKŁAD PRODUKCYJNY PŁOCK\RAFINERIA\PR03 BLOK PRZEROBU ROPY\DRW-IV|DR4.FC43354_SQR.PV;"2026-08-07 00:51:24,228012";"47,1305694580078"
\\PIAF\PKN Orlen\PI Vision\PKN Orlen\ZAKŁAD PRODUKCYJNY PŁOCK\RAFINERIA\PR03 BLOK PRZEROBU ROPY\DRW-IV|DR4.FC43354_SQR.PV;"2026-08-07 01:04:39,171005";"47,4223823547363"
\\PIAF\PKN Orlen\PI Vision\PKN Orlen\ZAKŁAD PRODUKCYJNY PŁOCK\RAFINERIA\PR03 BLOK PRZEROBU ROPY\DRW-IV|DR4.FC43354_SQR.PV;"2026-08-07 01:13:39,160003";"47,0729751586914"
\\PIAF\PKN Orlen\PI Vision\PKN Orlen\ZAKŁAD PRODUKCYJNY PŁOCK\RAFINERIA\PR03 BLOK PRZEROBU ROPY\DRW-IV|DR4.FC43354_SQR.PV;"2026-08-07 01:19:09,147003";"47,2809181213379"
\\PIAF\PKN Orlen\PI Vision\PKN Orlen\ZAKŁAD PRODUKCYJNY PŁOCK\RAFINERIA\PR03 BLOK PRZEROBU ROPY\DRW-IV|DR4.FC43354_SQR.PV;"2026-08-07 01:27:09,197006";"47,3078651428223"
\\PIAF\PKN Orlen\PI Vision\PKN Orlen\ZAKŁAD PRODUKCYJNY PŁOCK\RAFINERIA\PR03 BLOK PRZEROBU ROPY\DRW-IV|DR4.FC43354_SQR.PV;"2026-08-07 01:36:09,185013";"47,2493171691895"
\\PIAF\PKN Orlen\PI Vision\PKN Orlen\ZAKŁAD PRODUKCYJNY PŁOCK\RAFINERIA\PR03 BLOK PRZEROBU ROPY\DRW-IV|DR4.FC43354_SQR.PV;"2026-08-07 01:41:54,157013";"47,4185600280762"
\\PIAF\PKN Orlen\PI Vision\PKN Orlen\ZAKŁAD PRODUKCYJNY PŁOCK\RAFINERIA\PR03 BLOK PRZEROBU ROPY\DRW-IV|DR4.FC43354_SQR.PV;"2026-08-07 01:52:19,130005";"47,1976013183594"
\\PIAF\PKN Orlen\PI Vision\PKN Orlen\ZAKŁAD PRODUKCYJNY PŁOCK\RAFINERIA\PR03 BLOK PRZEROBU ROPY\DRW-IV|DR4.FC43354_SQR.PV;"2026-08-07 02:00:14,149002";"47,7490196228027"
\\PIAF\PKN Orlen\PI Vision\PKN Orlen\ZAKŁAD PRODUKCYJNY PŁOCK\RAFINERIA\PR03 BLOK PRZEROBU ROPY\DRW-IV|DR4.FC43354_SQR.PV;"2026-08-07 02:06:39,152008";"47,1697044372559"
\\PIAF\PKN Orlen\PI Vision\PKN Orlen\ZAKŁAD PRODUKCYJNY PŁOCK\RAFINERIA\PR03 BLOK PRZEROBU ROPY\DRW-IV|DR4.FC43354_SQR.PV;"2026-08-07 02:18:44,20401";"47,530876159668"
\\PIAF\PKN Orlen\PI Vision\PKN Orlen\ZAKŁAD PRODUKCYJNY PŁOCK\RAFINERIA\PR03 BLOK PRZEROBU ROPY\DRW-IV|DR4.FC43354_SQR.PV;"2026-08-07 02:32:44,210007";"47,1481704711914"
\\PIAF\PKN Orlen\PI Vision\PKN Orlen\ZAKŁAD PRODUKCYJNY PŁOCK\RAFINERIA\PR03 BLOK PRZEROBU ROPY\DRW-IV|DR4.FC43354_SQR.PV;"2026-08-07 02:45:59,153";"47,1818771362305"
\\PIAF\PKN Orlen\PI Vision\PKN Orlen\ZAKŁAD PRODUKCYJNY PŁOCK\RAFINERIA\PR03 BLOK PRZEROBU ROPY\DRW-IV|DR4.FC43354_SQR.PV;"2026-08-07 02:51:44,125";"47,4361991882324"
\\PIAF\PKN Orlen\PI Vision\PKN Orlen\ZAKŁAD PRODUKCYJNY PŁOCK\RAFINERIA\PR03 BLOK PRZEROBU ROPY\DRW-IV|DR4.FC43354_SQR.PV;"2026-08-07 02:59:24,159012";"47,1640434265137"
\\PIAF\PKN Orlen\PI Vision\PKN Orlen\ZAKŁAD PRODUKCYJNY PŁOCK\RAFINERIA\PR03 BLOK PRZEROBU ROPY\DRW-IV|DR4.FC43354_SQR.PV;"2026-08-07 03:05:04,209015";"47,200870513916"
\\PIAF\PKN Orlen\PI Vision\PKN Orlen\ZAKŁAD PRODUKCYJNY PŁOCK\RAFINERIA\PR03 BLOK PRZEROBU ROPY\DRW-IV|DR4.FC43354_SQR.PV;"2026-08-07 03:10:39,117004";"47,1601905822754"
\\PIAF\PKN Orlen\PI Vision\PKN Orlen\ZAKŁAD PRODUKCYJNY PŁOCK\RAFINERIA\PR03 BLOK PRZEROBU ROPY\DRW-IV|DR4.FC43354_SQR.PV;"2026-08-07 03:14:44,119003";"47,3082122802734"
\\PIAF\PKN Orlen\PI Vision\PKN Orlen\ZAKŁAD PRODUKCYJNY PŁOCK\RAFINERIA\PR03 BLOK PRZEROBU ROPY\DRW-IV|DR4.FC43354_SQR.PV;"2026-08-07 03:16:09,104004";"47,0681610107422"
\\PIAF\PKN Orlen\PI Vision\PKN Orlen\ZAKŁAD PRODUKCYJNY PŁOCK\RAFINERIA\PR03 BLOK PRZEROBU ROPY\DRW-IV|DR4.FC43354_SQR.PV;"2026-08-07 03:31:54,111007";"47,1274566650391"
\\PIAF\PKN Orlen\PI Vision\PKN Orlen\ZAKŁAD PRODUKCYJNY PŁOCK\RAFINERIA\PR03 BLOK PRZEROBU ROPY\DRW-IV|DR4.FC43354_SQR.PV;"2026-08-07 03:35:29,162002";"47,3588066101074"
\\PIAF\PKN Orlen\PI Vision\PKN Orlen\ZAKŁAD PRODUKCYJNY PŁOCK\RAFINERIA\PR03 BLOK PRZEROBU ROPY\DRW-IV|DR4.FC43354_SQR.PV;"2026-08-07 03:43:39,166";"46,9295463562012"
\\PIAF\PKN Orlen\PI Vision\PKN Orlen\ZAKŁAD PRODUKCYJNY PŁOCK\RAFINERIA\PR03 BLOK PRZEROBU ROPY\DRW-IV|DR4.FC43354_SQR.PV;"2026-08-07 03:58:34,188004";"47,1164970397949"
\\PIAF\PKN Orlen\PI Vision\PKN Orlen\ZAKŁAD PRODUKCYJNY PŁOCK\RAFINERIA\PR03 BLOK PRZEROBU ROPY\DRW-IV|DR4.FC43354_SQR.PV;"2026-08-07 04:33:54,089004";"46,9806060791016"
\\PIAF\PKN Orlen\PI Vision\PKN Orlen\ZAKŁAD PRODUKCYJNY PŁOCK\RAFINERIA\PR03 BLOK PRZEROBU ROPY\DRW-IV|DR4.FC43354_SQR.PV;"2026-08-07 04:41:04,155014";"46,6813316345215"
\\PIAF\PKN Orlen\PI Vision\PKN Orlen\ZAKŁAD PRODUKCYJNY PŁOCK\RAFINERIA\PR03 BLOK PRZEROBU ROPY\DRW-IV|DR4.FC43354_SQR.PV;"2026-08-07 04:44:04,078003";"47,3229103088379"
\\PIAF\PKN Orlen\PI Vision\PKN Orlen\ZAKŁAD PRODUKCYJNY PŁOCK\RAFINERIA\PR03 BLOK PRZEROBU ROPY\DRW-IV|DR4.FC43354_SQR.PV;"2026-08-07 04:50:09,065002";"46,8368873596191"
\\PIAF\PKN Orlen\PI Vision\PKN Orlen\ZAKŁAD PRODUKCYJNY PŁOCK\RAFINERIA\PR03 BLOK PRZEROBU ROPY\DRW-IV|DR4.FC43354_SQR.PV;"2026-08-07 04:56:59,115005";"47,2772941589355"
\\PIAF\PKN Orlen\PI Vision\PKN Orlen\ZAKŁAD PRODUKCYJNY PŁOCK\RAFINERIA\PR03 BLOK PRZEROBU ROPY\DRW-IV|DR4.FC43354_SQR.PV;"2026-08-07 05:02:19,258011";"47,104175567627"
\\PIAF\PKN Orlen\PI Vision\PKN Orlen\ZAKŁAD PRODUKCYJNY PŁOCK\RAFINERIA\PR03 BLOK PRZEROBU ROPY\DRW-IV|DR4.FC43354_SQR.PV;"2026-08-07 05:07:44,20401";"47,0124015808105"
\\PIAF\PKN Orlen\PI Vision\PKN Orlen\ZAKŁAD PRODUKCYJNY PŁOCK\RAFINERIA\PR03 BLOK PRZEROBU ROPY\DRW-IV|DR4.FC43354_SQR.PV;"2026-08-07 05:12:09,221008";"47,0494232177734"
\\PIAF\PKN Orlen\PI Vision\PKN Orlen\ZAKŁAD PRODUKCYJNY PŁOCK\RAFINERIA\PR03 BLOK PRZEROBU ROPY\DRW-IV|DR4.FC43354_SQR.PV;"2026-08-07 05:31:04,214004";"47,1925582885742"
\\PIAF\PKN Orlen\PI Vision\PKN Orlen\ZAKŁAD PRODUKCYJNY PŁOCK\RAFINERIA\PR03 BLOK PRZEROBU ROPY\DRW-IV|DR4.FC43354_SQR.PV;"2026-08-07 05:38:59,233001";"47,265552520752"
\\PIAF\PKN Orlen\PI Vision\PKN Orlen\ZAKŁAD PRODUKCYJNY PŁOCK\RAFINERIA\PR03 BLOK PRZEROBU ROPY\DRW-IV|DR4.FC43354_SQR.PV;"2026-08-07 05:43:04,235001";"46,8958168029785"
\\PIAF\PKN Orlen\PI Vision\PKN Orlen\ZAKŁAD PRODUKCYJNY PŁOCK\RAFINERIA\PR03 BLOK PRZEROBU ROPY\DRW-IV|DR4.FC43354_SQR.PV;"2026-08-07 05:50:39,238006";"47,3916015625"
\\PIAF\PKN Orlen\PI Vision\PKN Orlen\ZAKŁAD PRODUKCYJNY PŁOCK\RAFINERIA\PR03 BLOK PRZEROBU ROPY\DRW-IV|DR4.FC43354_SQR.PV;"2026-08-07 05:57:34,210007";"47,3151550292969"
\\PIAF\PKN Orlen\PI Vision\PKN Orlen\ZAKŁAD PRODUKCYJNY PŁOCK\RAFINERIA\PR03 BLOK PRZEROBU ROPY\DRW-IV|DR4.FC43354_SQR.PV;"2026-08-07 06:11:14,201004";"47,1566619873047"
\\PIAF\PKN Orlen\PI Vision\PKN Orlen\ZAKŁAD PRODUKCYJNY PŁOCK\RAFINERIA\PR03 BLOK PRZEROBU ROPY\DRW-IV|DR4.FC43354_SQR.PV;"2026-08-07 06:17:19,188004";"46,9589424133301"
\\PIAF\PKN Orlen\PI Vision\PKN Orlen\ZAKŁAD PRODUKCYJNY PŁOCK\RAFINERIA\PR03 BLOK PRZEROBU ROPY\DRW-IV|DR4.FC43354_SQR.PV;"2026-08-07 06:31:14,162002";"47,2535743713379"
\\PIAF\PKN Orlen\PI Vision\PKN Orlen\ZAKŁAD PRODUKCYJNY PŁOCK\RAFINERIA\PR03 BLOK PRZEROBU ROPY\DRW-IV|DR4.FC43354_SQR.PV;"2026-08-07 06:43:44,152008";"47,2743453979492"
\\PIAF\PKN Orlen\PI Vision\PKN Orlen\ZAKŁAD PRODUKCYJNY PŁOCK\RAFINERIA\PR03 BLOK PRZEROBU ROPY\DRW-IV|DR4.FC43354_SQR.PV;"2026-08-07 06:50:19,218002";"46,9136695861816"
\\PIAF\PKN Orlen\PI Vision\PKN Orlen\ZAKŁAD PRODUKCYJNY PŁOCK\RAFINERIA\PR03 BLOK PRZEROBU ROPY\DRW-IV|DR4.FC43354_SQR.PV;"2026-08-07 06:57:09,158005";"47,2584800720215"
\\PIAF\PKN Orlen\PI Vision\PKN Orlen\ZAKŁAD PRODUKCYJNY PŁOCK\RAFINERIA\PR03 BLOK PRZEROBU ROPY\DRW-IV|DR4.FC43354_SQR.PV;"2026-08-07 07:05:04,177002";"47,3306541442871"
\\PIAF\PKN Orlen\PI Vision\PKN Orlen\ZAKŁAD PRODUKCYJNY PŁOCK\RAFINERIA\PR03 BLOK PRZEROBU ROPY\DRW-IV|DR4.FC43354_SQR.PV;"2026-08-07 07:13:39,119003";"47,1534385681152"
\\PIAF\PKN Orlen\PI Vision\PKN Orlen\ZAKŁAD PRODUKCYJNY PŁOCK\RAFINERIA\PR03 BLOK PRZEROBU ROPY\DRW-IV|DR4.FC43354_SQR.PV;"2026-08-07 07:27:54,109009";"47,0316581726074"
\\PIAF\PKN Orlen\PI Vision\PKN Orlen\ZAKŁAD PRODUKCYJNY PŁOCK\RAFINERIA\PR03 BLOK PRZEROBU ROPY\DRW-IV|DR4.FC43354_SQR.PV;"2026-08-07 07:31:34,173004";"47,4442825317383"
\\PIAF\PKN Orlen\PI Vision\PKN Orlen\ZAKŁAD PRODUKCYJNY PŁOCK\RAFINERIA\PR03 BLOK PRZEROBU ROPY\DRW-IV|DR4.FC43354_SQR.PV;"2026-08-07 07:34:19,221008";"47,3450965881348"
\\PIAF\PKN Orlen\PI Vision\PKN Orlen\ZAKŁAD PRODUKCYJNY PŁOCK\RAFINERIA\PR03 BLOK PRZEROBU ROPY\DRW-IV|DR4.FC43354_SQR.PV;"2026-08-07 07:36:24,129013";"47,1867294311523"
\\PIAF\PKN Orlen\PI Vision\PKN Orlen\ZAKŁAD PRODUKCYJNY PŁOCK\RAFINERIA\PR03 BLOK PRZEROBU ROPY\DRW-IV|DR4.FC43354_SQR.PV;"2026-08-07 07:47:49,170013";"47,2651176452637"
\\PIAF\PKN Orlen\PI Vision\PKN Orlen\ZAKŁAD PRODUKCYJNY PŁOCK\RAFINERIA\PR03 BLOK PRZEROBU ROPY\DRW-IV|DR4.FC43354_SQR.PV;"2026-08-07 07:52:49,187011";"47,5108604431152"
\\PIAF\PKN Orlen\PI Vision\PKN Orlen\ZAKŁAD PRODUKCYJNY PŁOCK\RAFINERIA\PR03 BLOK PRZEROBU ROPY\DRW-IV|DR4.FC43354_SQR.PV;"2026-08-07 08:00:39,175003";"47,4657211303711"
\\PIAF\PKN Orlen\PI Vision\PKN Orlen\ZAKŁAD PRODUKCYJNY PŁOCK\RAFINERIA\PR03 BLOK PRZEROBU ROPY\DRW-IV|DR4.FC43354_SQR.PV;"2026-08-07 08:08:14,179001";"47,5976829528809"
\\PIAF\PKN Orlen\PI Vision\PKN Orlen\ZAKŁAD PRODUKCYJNY PŁOCK\RAFINERIA\PR03 BLOK PRZEROBU ROPY\DRW-IV|DR4.FC43354_SQR.PV;"2026-08-07 08:13:04,134002";"46,9353942871094"
\\PIAF\PKN Orlen\PI Vision\PKN Orlen\ZAKŁAD PRODUKCYJNY PŁOCK\RAFINERIA\PR03 BLOK PRZEROBU ROPY\DRW-IV|DR4.FC43354_SQR.PV;"2026-08-07 08:18:54,136002";"47,4007568359375"
