Źródło danych;Czas;Wartość
\\PIAF\PKN Orlen\PI Vision\PKN Orlen\ZAKŁAD PRODUKCYJNY PŁOCK\RAFINERIA\PR03 BLOK PRZEROBU ROPY\DRW-IV|DR4.FC43354_SQR.PV;"2026-07-11 13:01:44,114013";"41,2492370605469"
\\PIAF\PKN Orlen\PI Vision\PKN Orlen\ZAKŁAD PRODUKCYJNY PŁOCK\RAFINERIA\PR03 BLOK PRZEROBU ROPY\DRW-IV|DR4.FC43354_SQR.PV;"2026-07-11 13:07:24,163009";"41,7703742980957"
\\PIAF\PKN Orlen\PI Vision\PKN Orlen\ZAKŁAD PRODUKCYJNY PŁOCK\RAFINERIA\PR03 BLOK PRZEROBU ROPY\DRW-IV|DR4.FC43354_SQR.PV;"2026-07-11 13:14:09,182007";"40,9083480834961"
\\PIAF\PKN Orlen\PI Vision\PKN Orlen\ZAKŁAD PRODUKCYJNY PŁOCK\RAFINERIA\PR03 BLOK PRZEROBU ROPY\DRW-IV|DR4.FC43354_SQR.PV;"2026-07-11 13:26:44,093002";"41,2696533203125"
\\PIAF\PKN Orlen\PI Vision\PKN Orlen\ZAKŁAD PRODUKCYJNY PŁOCK\RAFINERIA\PR03 BLOK PRZEROBU ROPY\DRW-IV|DR4.FC43354_SQR.PV;"2026-07-11 13:30:09,173004";"41,191162109375"
\\PIAF\PKN Orlen\PI Vision\PKN Orlen\ZAKŁAD PRODUKCYJNY PŁOCK\RAFINERIA\PR03 BLOK PRZEROBU ROPY\DRW-IV|DR4.FC43354_SQR.PV;"2026-07-11 13:35:04,160003";"41,3476448059082"
\\PIAF\PKN Orlen\PI Vision\PKN Orlen\ZAKŁAD PRODUKCYJNY PŁOCK\RAFINERIA\PR03 BLOK PRZEROBU ROPY\DRW-IV|DR4.FC43354_SQR.PV;"2026-07-11 13:47:49,134002";"40,9103927612305"
\\PIAF\PKN Orlen\PI Vision\PKN Orlen\ZAKŁAD PRODUKCYJNY PŁOCK\RAFINERIA\PR03 BLOK PRZEROBU ROPY\DRW-IV|DR4.FC43354_SQR.PV;"2026-07-11 13:53:29,183014";"41,3849639892578"
\\PIAF\PKN Orlen\PI Vision\PKN Orlen\ZAKŁAD PRODUKCYJNY PŁOCK\RAFINERIA\PR03 BLOK PRZEROBU ROPY\DRW-IV|DR4.FC43354_SQR.PV;"2026-07-11 13:58:49,108001";"41,262149810791"
\\PIAF\PKN Orlen\PI Vision\PKN Orlen\ZAKŁAD PRODUKCYJNY PŁOCK\RAFINERIA\PR03 BLOK PRZEROBU ROPY\DRW-IV|DR4.FC43354_SQR.PV;"2026-07-11 14:11:44,144012";"41,246940612793"
\\PIAF\PKN Orlen\PI Vision\PKN Orlen\ZAKŁAD PRODUKCYJNY PŁOCK\RAFINERIA\PR03 BLOK PRZEROBU ROPY\DRW-IV|DR4.FC43354_SQR.PV;"2026-07-11 14:18:29,163009";"41,2809982299805"
\\PIAF\PKN Orlen\PI Vision\PKN Orlen\ZAKŁAD PRODUKCYJNY PŁOCK\RAFINERIA\PR03 BLOK PRZEROBU ROPY\DRW-IV|DR4.FC43354_SQR.PV;"2026-07-11 14:33:19,154007";"41,6931800842285"
\\PIAF\PKN Orlen\PI Vision\PKN Orlen\ZAKŁAD PRODUKCYJNY PŁOCK\RAFINERIA\PR03 BLOK PRZEROBU ROPY\DRW-IV|DR4.FC43354_SQR.PV;"2026-07-11 14:36:49,155014";"41,4168891906738"
\\PIAF\PKN Orlen\PI Vision\PKN Orlen\ZAKŁAD PRODUKCYJNY PŁOCK\RAFINERIA\PR03 BLOK PRZEROBU ROPY\DRW-IV|DR4.FC43354_SQR.PV;"2026-07-11 14:46:29,06601";"41,1698913574219"
\\PIAF\PKN Orlen\PI Vision\PKN Orlen\ZAKŁAD PRODUKCYJNY PŁOCK\RAFINERIA\PR03 BLOK PRZEROBU ROPY\DRW-IV|DR4.FC43354_SQR.PV;"2026-07-11 14:50:39,099014";"41,3464698791504"
\\PIAF\PKN Orlen\PI Vision\PKN Orlen\ZAKŁAD PRODUKCYJNY PŁOCK\RAFINERIA\PR03 BLOK PRZEROBU ROPY\DRW-IV|DR4.FC43354_SQR.PV;"2026-07-11 15:00:54,219009";"41,3278427124023"
\\PIAF\PKN Orlen\PI Vision\PKN Orlen\ZAKŁAD PRODUKCYJNY PŁOCK\RAFINERIA\PR03 BLOK PRZEROBU ROPY\DRW-IV|DR4.FC43354_SQR.PV;"2026-07-11 15:07:39,247009";"41,5703239440918"
\\PIAF\PKN Orlen\PI Vision\PKN Orlen\ZAKŁAD PRODUKCYJNY PŁOCK\RAFINERIA\PR03 BLOK PRZEROBU ROPY\DRW-IV|DR4.FC43354_SQR.PV;"2026-07-11 15:14:04,25";"41,1043128967285"
\\PIAF\PKN Orlen\PI Vision\PKN Orlen\ZAKŁAD PRODUKCYJNY PŁOCK\RAFINERIA\PR03 BLOK PRZEROBU ROPY\DRW-IV|DR4.FC43354_SQR.PV;"2026-07-11 15:20:59,222";"41,3433265686035"
\\PIAF\PKN Orlen\PI Vision\PKN Orlen\ZAKŁAD PRODUKCYJNY PŁOCK\RAFINERIA\PR03 BLOK PRZEROBU ROPY\DRW-IV|DR4.FC43354_SQR.PV;"2026-07-11 15:23:49,192001";"41,4484748840332"
\\PIAF\PKN Orlen\PI Vision\PKN Orlen\ZAKŁAD PRODUKCYJNY PŁOCK\RAFINERIA\PR03 BLOK PRZEROBU ROPY\DRW-IV|DR4.FC43354_SQR.PV;"2026-07-11 15:39:34,198013";"41,4370956420898"
\\PIAF\PKN Orlen\PI Vision\PKN Orlen\ZAKŁAD PRODUKCYJNY PŁOCK\RAFINERIA\PR03 BLOK PRZEROBU ROPY\DRW-IV|DR4.FC43354_SQR.PV;"2026-07-11 15:43:54,185013";"41,1982383728027"
\\PIAF\PKN Orlen\PI Vision\PKN Orlen\ZAKŁAD PRODUKCYJNY PŁOCK\RAFINERIA\PR03 BLOK PRZEROBU ROPY\DRW-IV|DR4.FC43354_SQR.PV;"2026-07-11 15:48:49,171005";"41,4062767028809"
\\PIAF\PKN Orlen\PI Vision\PKN Orlen\ZAKŁAD PRODUKCYJNY PŁOCK\RAFINERIA\PR03 BLOK PRZEROBU ROPY\DRW-IV|DR4.FC43354_SQR.PV;"2026-07-11 15:53:04,236007";"41,2976455688477"
\\PIAF\PKN Orlen\PI Vision\PKN Orlen\ZAKŁAD PRODUKCYJNY PŁOCK\RAFINERIA\PR03 BLOK PRZEROBU ROPY\DRW-IV|DR4.FC43354_SQR.PV;"2026-07-11 15:58:04,144012";"41,3850517272949"
\\PIAF\PKN Orlen\PI Vision\PKN Orlen\ZAKŁAD PRODUKCYJNY PŁOCK\RAFINERIA\PR03 BLOK PRZEROBU ROPY\DRW-IV|DR4.FC43354_SQR.PV;"2026-07-11 16:03:29,209";"41,4594841003418"
\\PIAF\PKN Orlen\PI Vision\PKN Orlen\ZAKŁAD PRODUKCYJNY PŁOCK\RAFINERIA\PR03 BLOK PRZEROBU ROPY\DRW-IV|DR4.FC43354_SQR.PV;"2026-07-11 16:06:09,226013";"41,0498962402344"
\\PIAF\PKN Orlen\PI Vision\PKN Orlen\ZAKŁAD PRODUKCYJNY PŁOCK\RAFINERIA\PR03 BLOK PRZEROBU ROPY\DRW-IV|DR4.FC43354_SQR.PV;"2026-07-11 16:14:24,138";"41,5091323852539"
\\PIAF\PKN Orlen\PI Vision\PKN Orlen\ZAKŁAD PRODUKCYJNY PŁOCK\RAFINERIA\PR03 BLOK PRZEROBU ROPY\DRW-IV|DR4.FC43354_SQR.PV;"2026-07-11 16:19:49,124008";"41,1266708374023"
\\PIAF\PKN Orlen\PI Vision\PKN Orlen\ZAKŁAD PRODUKCYJNY PŁOCK\RAFINERIA\PR03 BLOK PRZEROBU ROPY\DRW-IV|DR4.FC43354_SQR.PV;"2026-07-11 16:30:14,165008";"41,5022583007813"
\\PIAF\PKN Orlen\PI Vision\PKN Orlen\ZAKŁAD PRODUKCYJNY PŁOCK\RAFINERIA\PR03 BLOK PRZEROBU ROPY\DRW-IV|DR4.FC43354_SQR.PV;"2026-07-11 16:44:54,182007";"41,2517776489258"
\\PIAF\PKN Orlen\PI Vision\PKN Orlen\ZAKŁAD PRODUKCYJNY PŁOCK\RAFINERIA\PR03 BLOK PRZEROBU ROPY\DRW-IV|DR4.FC43354_SQR.PV;"2026-07-11 16:52:54,123001";"41,4539909362793"
\\PIAF\PKN Orlen\PI Vision\PKN Orlen\ZAKŁAD PRODUKCYJNY PŁOCK\RAFINERIA\PR03 BLOK PRZEROBU ROPY\DRW-IV|DR4.FC43354_SQR.PV;"2026-07-11 17:02:14,127014";"41,4459838867188"
\\PIAF\PKN Orlen\PI Vision\PKN Orlen\ZAKŁAD PRODUKCYJNY PŁOCK\RAFINERIA\PR03 BLOK PRZEROBU ROPY\DRW-IV|DR4.FC43354_SQR.PV;"2026-07-11 17:09:19,162002";"41,496150970459"
\\PIAF\PKN Orlen\PI Vision\PKN Orlen\ZAKŁAD PRODUKCYJNY PŁOCK\RAFINERIA\PR03 BLOK PRZEROBU ROPY\DRW-IV|DR4.FC43354_SQR.PV;"2026-07-11 17:23:19,167999";"41,1238059997559"
\\PIAF\PKN Orlen\PI Vision\PKN Orlen\ZAKŁAD PRODUKCYJNY PŁOCK\RAFINERIA\PR03 BLOK PRZEROBU ROPY\DRW-IV|DR4.FC43354_SQR.PV;"2026-07-11 17:35:19,189011";"41,2144393920898"
\\PIAF\PKN Orlen\PI Vision\PKN Orlen\ZAKŁAD PRODUKCYJNY PŁOCK\RAFINERIA\PR03 BLOK PRZEROBU ROPY\DRW-IV|DR4.FC43354_SQR.PV;"2026-07-11 17:47:39,116012";"41,2614288330078"
\\PIAF\PKN Orlen\PI Vision\PKN Orlen\ZAKŁAD PRODUKCYJNY PŁOCK\RAFINERIA\PR03 BLOK PRZEROBU ROPY\DRW-IV|DR4.FC43354_SQR.PV;"2026-07-11 17:55:09,123001";"41,246768951416"
\\PIAF\PKN Orlen\PI Vision\PKN Orlen\ZAKŁAD PRODUKCYJNY PŁOCK\RAFINERIA\PR03 BLOK PRZEROBU ROPY\DRW-IV|DR4.FC43354_SQR.PV;"2026-07-11 18:02:14,157013";"41,1252517700195"
\\PIAF\PKN Orlen\PI Vision\PKN Orlen\ZAKŁAD PRODUKCYJNY PŁOCK\RAFINERIA\PR03 BLOK PRZEROBU ROPY\DRW-IV|DR4.FC43354_SQR.PV;"2026-07-11 18:04:49,143005";"41,2307281494141"
\\PIAF\PKN Orlen\PI Vision\PKN Orlen\ZAKŁAD PRODUKCYJNY PŁOCK\RAFINERIA\PR03 BLOK PRZEROBU ROPY\DRW-IV|DR4.FC43354_SQR.PV;"2026-07-11 18:16:29,14801";"41,1904220581055"
\\PIAF\PKN Orlen\PI Vision\PKN Orlen\ZAKŁAD PRODUKCYJNY PŁOCK\RAFINERIA\PR03 BLOK PRZEROBU ROPY\DRW-IV|DR4.FC43354_SQR.PV;"2026-07-11 18:35:59,110001";"41,4301490783691"
\\PIAF\PKN Orlen\PI Vision\PKN Orlen\ZAKŁAD PRODUKCYJNY PŁOCK\RAFINERIA\PR03 BLOK PRZEROBU ROPY\DRW-IV|DR4.FC43354_SQR.PV;"2026-07-11 18:38:44,158005";"41,5367546081543"
\\PIAF\PKN Orlen\PI Vision\PKN Orlen\ZAKŁAD PRODUKCYJNY PŁOCK\RAFINERIA\PR03 BLOK PRZEROBU ROPY\DRW-IV|DR4.FC43354_SQR.PV;"2026-07-11 18:50:59,164001";"41,449161529541"
\\PIAF\PKN Orlen\PI Vision\PKN Orlen\ZAKŁAD PRODUKCYJNY PŁOCK\RAFINERIA\PR03 BLOK PRZEROBU ROPY\DRW-IV|DR4.FC43354_SQR.PV;"2026-07-11 18:55:09,087006";"41,5050888061523"
\\PIAF\PKN Orlen\PI Vision\PKN Orlen\ZAKŁAD PRODUKCYJNY PŁOCK\RAFINERIA\PR03 BLOK PRZEROBU ROPY\DRW-IV|DR4.FC43354_SQR.PV;"2026-07-11 19:03:04,106003";"41,3393363952637"
\\PIAF\PKN Orlen\PI Vision\PKN Orlen\ZAKŁAD PRODUKCYJNY PŁOCK\RAFINERIA\PR03 BLOK PRZEROBU ROPY\DRW-IV|DR4.FC43354_SQR.PV;"2026-07-11 19:06:24,155014";"41,6567077636719"
\\PIAF\PKN Orlen\PI Vision\PKN Orlen\ZAKŁAD PRODUKCYJNY PŁOCK\RAFINERIA\PR03 BLOK PRZEROBU ROPY\DRW-IV|DR4.FC43354_SQR.PV;"2026-07-11 19:11:34,126007";"41,6087188720703"
\\PIAF\PKN Orlen\PI Vision\PKN Orlen\ZAKŁAD PRODUKCYJNY PŁOCK\RAFINERIA\PR03 BLOK PRZEROBU ROPY\DRW-IV|DR4.FC43354_SQR.PV;"2026-07-11 19:14:24,096008";"41,698486328125"
\\PIAF\PKN Orlen\PI Vision\PKN Orlen\ZAKŁAD PRODUKCYJNY PŁOCK\RAFINERIA\PR03 BLOK PRZEROBU ROPY\DRW-IV|DR4.FC43354_SQR.PV;"2026-07-11 19:18:04,160003";"41,2533149719238"
\\PIAF\PKN Orlen\PI Vision\PKN Orlen\ZAKŁAD PRODUKCYJNY PŁOCK\RAFINERIA\PR03 BLOK PRZEROBU ROPY\DRW-IV|DR4.FC43354_SQR.PV;"2026-07-11 19:23:19,162002";"41,3321075439453"
\\PIAF\PKN Orlen\PI Vision\PKN Orlen\ZAKŁAD PRODUKCYJNY PŁOCK\RAFINERIA\PR03 BLOK PRZEROBU ROPY\DRW-IV|DR4.FC43354_SQR.PV;"2026-07-11 19:28:29,133011";"41,5089416503906"
\\PIAF\PKN Orlen\PI Vision\PKN Orlen\ZAKŁAD PRODUKCYJNY PŁOCK\RAFINERIA\PR03 BLOK PRZEROBU ROPY\DRW-IV|DR4.FC43354_SQR.PV;"2026-07-11 19:35:59,153";"41,5097846984863"
\\PIAF\PKN Orlen\PI Vision\PKN Orlen\ZAKŁAD PRODUKCYJNY PŁOCK\RAFINERIA\PR03 BLOK PRZEROBU ROPY\DRW-IV|DR4.FC43354_SQR.PV;"2026-07-11 19:41:39,093002";"41,4844055175781"
\\PIAF\PKN Orlen\PI Vision\PKN Orlen\ZAKŁAD PRODUKCYJNY PŁOCK\RAFINERIA\PR03 BLOK PRZEROBU ROPY\DRW-IV|DR4.FC43354_SQR.PV;"2026-07-11 19:44:04,226013";"41,3894233703613"
\\PIAF\PKN Orlen\PI Vision\PKN Orlen\ZAKŁAD PRODUKCYJNY PŁOCK\RAFINERIA\PR03 BLOK PRZEROBU ROPY\DRW-IV|DR4.FC43354_SQR.PV;"2026-07-11 19:45:19,258011";"41,302978515625"
\\PIAF\PKN Orlen\PI Vision\PKN Orlen\ZAKŁAD PRODUKCYJNY PŁOCK\RAFINERIA\PR03 BLOK PRZEROBU ROPY\DRW-IV|DR4.FC43354_SQR.PV;"2026-07-11 19:53:44,246002";"41,4578704833984"
\\PIAF\PKN Orlen\PI Vision\PKN Orlen\ZAKŁAD PRODUKCYJNY PŁOCK\RAFINERIA\PR03 BLOK PRZEROBU ROPY\DRW-IV|DR4.FC43354_SQR.PV;"2026-07-11 19:56:39,247009";"41,1598510742188"
\\PIAF\PKN Orlen\PI Vision\PKN Orlen\ZAKŁAD PRODUKCYJNY PŁOCK\RAFINERIA\PR03 BLOK PRZEROBU ROPY\DRW-IV|DR4.FC43354_SQR.PV;"2026-07-11 20:11:49,254013";"41,3382530212402"
\\PIAF\PKN Orlen\PI Vision\PKN Orlen\ZAKŁAD PRODUKCYJNY PŁOCK\RAFINERIA\PR03 BLOK PRZEROBU ROPY\DRW-IV|DR4.FC43354_SQR.PV;"2026-07-11 20:18:39,174011";"41,2261810302734"
\\PIAF\PKN Orlen\PI Vision\PKN Orlen\ZAKŁAD PRODUKCYJNY PŁOCK\RAFINERIA\PR03 BLOK PRZEROBU ROPY\DRW-IV|DR4.FC43354_SQR.PV;"2026-07-11 20:24:34,208008";"41,3448219299316"
\\PIAF\PKN Orlen\PI Vision\PKN Orlen\ZAKŁAD PRODUKCYJNY PŁOCK\RAFINERIA\PR03 BLOK PRZEROBU ROPY\DRW-IV|DR4.FC43354_SQR.PV;"2026-07-11 20:28:29,147003";"40,9252433776855"
\\PIAF\PKN Orlen\PI Vision\PKN Orlen\ZAKŁAD PRODUKCYJNY PŁOCK\RAFINERIA\PR03 BLOK PRZEROBU ROPY\DRW-IV|DR4.FC43354_SQR.PV;"2026-07-11 20:32:39,180008";"41,0509223937988"
\\PIAF\PKN Orlen\PI Vision\PKN Orlen\ZAKŁAD PRODUKCYJNY PŁOCK\RAFINERIA\PR03 BLOK PRZEROBU ROPY\DRW-IV|DR4.FC43354_SQR.PV;"2026-07-11 20:45:04,139008";"41,0270233154297"
\\PIAF\PKN Orlen\PI Vision\PKN Orlen\ZAKŁAD PRODUKCYJNY PŁOCK\RAFINERIA\PR03 BLOK PRZEROBU ROPY\DRW-IV|DR4.FC43354_SQR.PV;"2026-07-11 20:52:39,252014";"40,8646774291992"
\\PIAF\PKN Orlen\PI Vision\PKN Orlen\ZAKŁAD PRODUKCYJNY PŁOCK\RAFINERIA\PR03 BLOK PRZEROBU ROPY\DRW-IV|DR4.FC43354_SQR.PV;"2026-07-11 20:56:14,175003";"40,5038375854492"
\\PIAF\PKN Orlen\PI Vision\PKN Orlen\ZAKŁAD PRODUKCYJNY PŁOCK\RAFINERIA\PR03 BLOK PRZEROBU ROPY\DRW-IV|DR4.FC43354_SQR.PV;"2026-07-11 21:00:09,224014";"40,5934677124023"
\\PIAF\PKN Orlen\PI Vision\PKN Orlen\ZAKŁAD PRODUKCYJNY PŁOCK\RAFINERIA\PR03 BLOK PRZEROBU ROPY\DRW-IV|DR4.FC43354_SQR.PV;"2026-07-11 21:08:39,134002";"41,4418296813965"
\\PIAF\PKN Orlen\PI Vision\PKN Orlen\ZAKŁAD PRODUKCYJNY PŁOCK\RAFINERIA\PR03 BLOK PRZEROBU ROPY\DRW-IV|DR4.FC43354_SQR.PV;"2026-07-11 21:11:44,197006";"41,6182441711426"
\\PIAF\PKN Orlen\PI Vision\PKN Orlen\ZAKŁAD PRODUKCYJNY PŁOCK\RAFINERIA\PR03 BLOK PRZEROBU ROPY\DRW-IV|DR4.FC43354_SQR.PV;"2026-07-11 21:15:49,199005";"41,5016555786133"
\\PIAF\PKN Orlen\PI Vision\PKN Orlen\ZAKŁAD PRODUKCYJNY PŁOCK\RAFINERIA\PR03 BLOK PRZEROBU ROPY\DRW-IV|DR4.FC43354_SQR.PV;"2026-07-11 21:20:09,186004";"41,9239158630371"
\\PIAF\PKN Orlen\PI Vision\PKN Orlen\ZAKŁAD PRODUKCYJNY PŁOCK\RAFINERIA\PR03 BLOK PRZEROBU ROPY\DRW-IV|DR4.FC43354_SQR.PV;"2026-07-11 21:33:24,129013";"41,4862213134766"
\\PIAF\PKN Orlen\PI Vision\PKN Orlen\ZAKŁAD PRODUKCYJNY PŁOCK\RAFINERIA\PR03 BLOK PRZEROBU ROPY\DRW-IV|DR4.FC43354_SQR.PV;"2026-07-11 21:40:04,226013";"41,653018951416"
\\PIAF\PKN Orlen\PI Vision\PKN Orlen\ZAKŁAD PRODUKCYJNY PŁOCK\RAFINERIA\PR03 BLOK PRZEROBU ROPY\DRW-IV|DR4.FC43354_SQR.PV;"2026-07-11 21:43:39,149002";"41,5470161437988"
\\PIAF\PKN Orlen\PI Vision\PKN Orlen\ZAKŁAD PRODUKCYJNY PŁOCK\RAFINERIA\PR03 BLOK PRZEROBU ROPY\DRW-IV|DR4.FC43354_SQR.PV;"2026-07-11 21:57:14,127014";"41,3760032653809"
\\PIAF\PKN Orlen\PI Vision\PKN Orlen\ZAKŁAD PRODUKCYJNY PŁOCK\RAFINERIA\PR03 BLOK PRZEROBU ROPY\DRW-IV|DR4.FC43354_SQR.PV;"2026-07-11 22:01:04,144012";"41,260440826416"
\\PIAF\PKN Orlen\PI Vision\PKN Orlen\ZAKŁAD PRODUKCYJNY PŁOCK\RAFINERIA\PR03 BLOK PRZEROBU ROPY\DRW-IV|DR4.FC43354_SQR.PV;"2026-07-11 22:09:14,14801";"41,5797462463379"
\\PIAF\PKN Orlen\PI Vision\PKN Orlen\ZAKŁAD PRODUKCYJNY PŁOCK\RAFINERIA\PR03 BLOK PRZEROBU ROPY\DRW-IV|DR4.FC43354_SQR.PV;"2026-07-11 22:18:49,136002";"41,4048614501953"
\\PIAF\PKN Orlen\PI Vision\PKN Orlen\ZAKŁAD PRODUKCYJNY PŁOCK\RAFINERIA\PR03 BLOK PRZEROBU ROPY\DRW-IV|DR4.FC43354_SQR.PV;"2026-07-11 22:23:29,138";"40,8994636535645"
\\PIAF\PKN Orlen\PI Vision\PKN Orlen\ZAKŁAD PRODUKCYJNY PŁOCK\RAFINERIA\PR03 BLOK PRZEROBU ROPY\DRW-IV|DR4.FC43354_SQR.PV;"2026-07-11 22:33:59,143005";"41,1162223815918"
\\PIAF\PKN Orlen\PI Vision\PKN Orlen\ZAKŁAD PRODUKCYJNY PŁOCK\RAFINERIA\PR03 BLOK PRZEROBU ROPY\DRW-IV|DR4.FC43354_SQR.PV;"2026-07-11 22:41:14,131012";"40,7115364074707"
\\PIAF\PKN Orlen\PI Vision\PKN Orlen\ZAKŁAD PRODUKCYJNY PŁOCK\RAFINERIA\PR03 BLOK PRZEROBU ROPY\DRW-IV|DR4.FC43354_SQR.PV;"2026-07-11 22:50:14,119003";"40,6550941467285"
\\PIAF\PKN Orlen\PI Vision\PKN Orlen\ZAKŁAD PRODUKCYJNY PŁOCK\RAFINERIA\PR03 BLOK PRZEROBU ROPY\DRW-IV|DR4.FC43354_SQR.PV;"2026-07-11 22:59:24,170013";"41,2574272155762"
\\PIAF\PKN Orlen\PI Vision\PKN Orlen\ZAKŁAD PRODUKCYJNY PŁOCK\RAFINERIA\PR03 BLOK PRZEROBU ROPY\DRW-IV|DR4.FC43354_SQR.PV;"2026-07-11 23:16:19,177002";"41,1614112854004"
\\PIAF\PKN Orlen\PI Vision\PKN Orlen\ZAKŁAD PRODUKCYJNY PŁOCK\RAFINERIA\PR03 BLOK PRZEROBU ROPY\DRW-IV|DR4.FC43354_SQR.PV;"2026-07-11 23:19:54,101013";"41,2499084472656"
\\PIAF\PKN Orlen\PI Vision\PKN Orlen\ZAKŁAD PRODUKCYJNY PŁOCK\RAFINERIA\PR03 BLOK PRZEROBU ROPY\DRW-IV|DR4.FC43354_SQR.PV;"2026-07-11 23:24:24,150009";"40,6662406921387"
\\PIAF\PKN Orlen\PI Vision\PKN Orlen\ZAKŁAD PRODUKCYJNY PŁOCK\RAFINERIA\PR03 BLOK PRZEROBU ROPY\DRW-IV|DR4.FC43354_SQR.PV;"2026-07-11 23:29:59,168014";"41,1934013366699"
\\PIAF\PKN Orlen\PI Vision\PKN Orlen\ZAKŁAD PRODUKCYJNY PŁOCK\RAFINERIA\PR03 BLOK PRZEROBU ROPY\DRW-IV|DR4.FC43354_SQR.PV;"2026-07-11 23:38:04,139999";"40,9081764221191"
\\PIAF\PKN Orlen\PI Vision\PKN Orlen\ZAKŁAD PRODUKCYJNY PŁOCK\RAFINERIA\PR03 BLOK PRZEROBU ROPY\DRW-IV|DR4.FC43354_SQR.PV;"2026-07-11 23:45:49,098007";"40,9605178833008"
\\PIAF\PKN Orlen\PI Vision\PKN Orlen\ZAKŁAD PRODUKCYJNY PŁOCK\RAFINERIA\PR03 BLOK PRZEROBU ROPY\DRW-IV|DR4.FC43354_SQR.PV;"2026-07-11 23:51:14,163009";"40,6157875061035"
\\PIAF\PKN Orlen\PI Vision\PKN Orlen\ZAKŁAD PRODUKCYJNY PŁOCK\RAFINERIA\PR03 BLOK PRZEROBU ROPY\DRW-IV|DR4.FC43354_SQR.PV;"2026-07-11 23:57:44,088012";"41,042781829834"
\\PIAF\PKN Orlen\PI Vision\PKN Orlen\ZAKŁAD PRODUKCYJNY PŁOCK\RAFINERIA\PR03 BLOK PRZEROBU ROPY\DRW-IV|DR4.FC43354_SQR.PV;"2026-07-12 00:05:39,10701";"40,8747329711914"
\\PIAF\PKN Orlen\PI Vision\PKN Orlen\ZAKŁAD PRODUKCYJNY PŁOCK\RAFINERIA\PR03 BLOK PRZEROBU ROPY\DRW-IV|DR4.FC43354_SQR.PV;"2026-07-12 00:12:09,141006";"40,887393951416"
\\PIAF\PKN Orlen\PI Vision\PKN Orlen\ZAKŁAD PRODUKCYJNY PŁOCK\RAFINERIA\PR03 BLOK PRZEROBU ROPY\DRW-IV|DR4.FC43354_SQR.PV;"2026-07-12 00:15:39,143005";"40,9411239624023"
\\PIAF\PKN Orlen\PI Vision\PKN Orlen\ZAKŁAD PRODUKCYJNY PŁOCK\RAFINERIA\PR03 BLOK PRZEROBU ROPY\DRW-IV|DR4.FC43354_SQR.PV;"2026-07-12 00:28:04,101013";"40,9035301208496"
\\PIAF\PKN Orlen\PI Vision\PKN Orlen\ZAKŁAD PRODUKCYJNY PŁOCK\RAFINERIA\PR03 BLOK PRZEROBU ROPY\DRW-IV|DR4.FC43354_SQR.PV;"2026-07-12 00:32:19,156006";"40,7907829284668"
\\PIAF\PKN Orlen\PI Vision\PKN Orlen\ZAKŁAD PRODUKCYJNY PŁOCK\RAFINERIA\PR03 BLOK PRZEROBU ROPY\DRW-IV|DR4.FC43354_SQR.PV;"2026-07-12 00:37:19,174011";"40,8433799743652"
\\PIAF\PKN Orlen\PI Vision\PKN Orlen\ZAKŁAD PRODUKCYJNY PŁOCK\RAFINERIA\PR03 BLOK PRZEROBU ROPY\DRW-IV|DR4.FC43354_SQR.PV;"2026-07-12 00:45:54,225006";"41,0125389099121"
\\PIAF\PKN Orlen\PI Vision\PKN Orlen\ZAKŁAD PRODUKCYJNY PŁOCK\RAFINERIA\PR03 BLOK PRZEROBU ROPY\DRW-IV|DR4.FC43354_SQR.PV;"2026-07-12 00:50:54,242004";"40,7827224731445"
\\PIAF\PKN Orlen\PI Vision\PKN Orlen\ZAKŁAD PRODUKCYJNY PŁOCK\RAFINERIA\PR03 BLOK PRZEROBU ROPY\DRW-IV|DR4.FC43354_SQR.PV;"2026-07-12 00:57:09,183014";"40,9925575256348"
\\PIAF\PKN Orlen\PI Vision\PKN Orlen\ZAKŁAD PRODUKCYJNY PŁOCK\RAFINERIA\PR03 BLOK PRZEROBU ROPY\DRW-IV|DR4.FC43354_SQR.PV;"2026-07-12 01:05:24,21701";"40,7575416564941"
\\PIAF\PKN Orlen\PI Vision\PKN Orlen\ZAKŁAD PRODUKCYJNY PŁOCK\RAFINERIA\PR03 BLOK PRZEROBU ROPY\DRW-IV|DR4.FC43354_SQR.PV;"2026-07-12 01:16:24,167007";"41,1148376464844"
\\PIAF\PKN Orlen\PI Vision\PKN Orlen\ZAKŁAD PRODUKCYJNY PŁOCK\RAFINERIA\PR03 BLOK PRZEROBU ROPY\DRW-IV|DR4.FC43354_SQR.PV;"2026-07-12 01:19:59,200012";"41,055103302002"
\\PIAF\PKN Orlen\PI Vision\PKN Orlen\ZAKŁAD PRODUKCYJNY PŁOCK\RAFINERIA\PR03 BLOK PRZEROBU ROPY\DRW-IV|DR4.FC43354_SQR.PV;"2026-07-12 01:23:54,139008";"40,5724716186523"
\\PIAF\PKN Orlen\PI Vision\PKN Orlen\ZAKŁAD PRODUKCYJNY PŁOCK\RAFINERIA\PR03 BLOK PRZEROBU ROPY\DRW-IV|DR4.FC43354_SQR.PV;"2026-07-12 01:33:34,159012";"41,1990013122559"
\\PIAF\PKN Orlen\PI Vision\PKN Orlen\ZAKŁAD PRODUKCYJNY PŁOCK\RAFINERIA\PR03 BLOK PRZEROBU ROPY\DRW-IV|DR4.FC43354_SQR.PV;"2026-07-12 01:38:04,208008";"40,7225227355957"
\\PIAF\PKN Orlen\PI Vision\PKN Orlen\ZAKŁAD PRODUKCYJNY PŁOCK\RAFINERIA\PR03 BLOK PRZEROBU ROPY\DRW-IV|DR4.FC43354_SQR.PV;"2026-07-12 01:44:54,14801";"41,3055000305176"
\\PIAF\PKN Orlen\PI Vision\PKN Orlen\ZAKŁAD PRODUKCYJNY PŁOCK\RAFINERIA\PR03 BLOK PRZEROBU ROPY\DRW-IV|DR4.FC43354_SQR.PV;"2026-07-12 01:46:39,149002";"41,2790603637695"
\\PIAF\PKN Orlen\PI Vision\PKN Orlen\ZAKŁAD PRODUKCYJNY PŁOCK\RAFINERIA\PR03 BLOK PRZEROBU ROPY\DRW-IV|DR4.FC43354_SQR.PV;"2026-07-12 01:53:19,136002";"40,7411231994629"
\\PIAF\PKN Orlen\PI Vision\PKN Orlen\ZAKŁAD PRODUKCYJNY PŁOCK\RAFINERIA\PR03 BLOK PRZEROBU ROPY\DRW-IV|DR4.FC43354_SQR.PV;"2026-07-12 02:02:14,168014";"41,1191902160645"
\\PIAF\PKN Orlen\PI Vision\PKN Orlen\ZAKŁAD PRODUKCYJNY PŁOCK\RAFINERIA\PR03 BLOK PRZEROBU ROPY\DRW-IV|DR4.FC43354_SQR.PV;"2026-07-12 02:08:44,202011";"41,0694847106934"
\\PIAF\PKN Orlen\PI Vision\PKN Orlen\ZAKŁAD PRODUKCYJNY PŁOCK\RAFINERIA\PR03 BLOK PRZEROBU ROPY\DRW-IV|DR4.FC43354_SQR.PV;"2026-07-12 02:12:04,141006";"40,9200859069824"
\\PIAF\PKN Orlen\PI Vision\PKN Orlen\ZAKŁAD PRODUKCYJNY PŁOCK\RAFINERIA\PR03 BLOK PRZEROBU ROPY\DRW-IV|DR4.FC43354_SQR.PV;"2026-07-12 02:16:49,175003";"41,1826934814453"
\\PIAF\PKN Orlen\PI Vision\PKN Orlen\ZAKŁAD PRODUKCYJNY PŁOCK\RAFINERIA\PR03 BLOK PRZEROBU ROPY\DRW-IV|DR4.FC43354_SQR.PV;"2026-07-12 02:26:39,14801";"40,9688529968262"
\\PIAF\PKN Orlen\PI Vision\PKN Orlen\ZAKŁAD PRODUKCYJNY PŁOCK\RAFINERIA\PR03 BLOK PRZEROBU ROPY\DRW-IV|DR4.FC43354_SQR.PV;"2026-07-12 02:41:34,170013";"41,1045417785645"
\\PIAF\PKN Orlen\PI Vision\PKN Orlen\ZAKŁAD PRODUKCYJNY PŁOCK\RAFINERIA\PR03 BLOK PRZEROBU ROPY\DRW-IV|DR4.FC43354_SQR.PV;"2026-07-12 02:45:34,140014";"41,0303649902344"
\\PIAF\PKN Orlen\PI Vision\PKN Orlen\ZAKŁAD PRODUKCYJNY PŁOCK\RAFINERIA\PR03 BLOK PRZEROBU ROPY\DRW-IV|DR4.FC43354_SQR.PV;"2026-07-12 02:51:59,143005";"41,1923789978027"
\\PIAF\PKN Orlen\PI Vision\PKN Orlen\ZAKŁAD PRODUKCYJNY PŁOCK\RAFINERIA\PR03 BLOK PRZEROBU ROPY\DRW-IV|DR4.FC43354_SQR.PV;"2026-07-12 03:02:09,132004";"41,4851608276367"
\\PIAF\PKN Orlen\PI Vision\PKN Orlen\ZAKŁAD PRODUKCYJNY PŁOCK\RAFINERIA\PR03 BLOK PRZEROBU ROPY\DRW-IV|DR4.FC43354_SQR.PV;"2026-07-12 03:05:44,165008";"41,0466384887695"
\\PIAF\PKN Orlen\PI Vision\PKN Orlen\ZAKŁAD PRODUKCYJNY PŁOCK\RAFINERIA\PR03 BLOK PRZEROBU ROPY\DRW-IV|DR4.FC43354_SQR.PV;"2026-07-12 03:09:19,198013";"40,8880310058594"
\\PIAF\PKN Orlen\PI Vision\PKN Orlen\ZAKŁAD PRODUKCYJNY PŁOCK\RAFINERIA\PR03 BLOK PRZEROBU ROPY\DRW-IV|DR4.FC43354_SQR.PV;"2026-07-12 03:16:04,10701";"41,4949226379395"
\\PIAF\PKN Orlen\PI Vision\PKN Orlen\ZAKŁAD PRODUKCYJNY PŁOCK\RAFINERIA\PR03 BLOK PRZEROBU ROPY\DRW-IV|DR4.FC43354_SQR.PV;"2026-07-12 03:20:49,140014";"41,2731666564941"
\\PIAF\PKN Orlen\PI Vision\PKN Orlen\ZAKŁAD PRODUKCYJNY PŁOCK\RAFINERIA\PR03 BLOK PRZEROBU ROPY\DRW-IV|DR4.FC43354_SQR.PV;"2026-07-12 03:26:59,159012";"41,7577629089355"
\\PIAF\PKN Orlen\PI Vision\PKN Orlen\ZAKŁAD PRODUKCYJNY PŁOCK\RAFINERIA\PR03 BLOK PRZEROBU ROPY\DRW-IV|DR4.FC43354_SQR.PV;"2026-07-12 03:28:19,112015";"41,9815902709961"
\\PIAF\PKN Orlen\PI Vision\PKN Orlen\ZAKŁAD PRODUKCYJNY PŁOCK\RAFINERIA\PR03 BLOK PRZEROBU ROPY\DRW-IV|DR4.FC43354_SQR.PV;"2026-07-12 03:31:14,114013";"41,802906036377"
\\PIAF\PKN Orlen\PI Vision\PKN Orlen\ZAKŁAD PRODUKCYJNY PŁOCK\RAFINERIA\PR03 BLOK PRZEROBU ROPY\DRW-IV|DR4.FC43354_SQR.PV;"2026-07-12 03:35:09,162002";"40,8964080810547"
\\PIAF\PKN Orlen\PI Vision\PKN Orlen\ZAKŁAD PRODUKCYJNY PŁOCK\RAFINERIA\PR03 BLOK PRZEROBU ROPY\DRW-IV|DR4.FC43354_SQR.PV;"2026-07-12 03:37:49,179001";"40,7580833435059"
\\PIAF\PKN Orlen\PI Vision\PKN Orlen\ZAKŁAD PRODUKCYJNY PŁOCK\RAFINERIA\PR03 BLOK PRZEROBU ROPY\DRW-IV|DR4.FC43354_SQR.PV;"2026-07-12 03:42:29,181015";"41,2660789489746"
\\PIAF\PKN Orlen\PI Vision\PKN Orlen\ZAKŁAD PRODUKCYJNY PŁOCK\RAFINERIA\PR03 BLOK PRZEROBU ROPY\DRW-IV|DR4.FC43354_SQR.PV;"2026-07-12 03:52:59,186004";"41,5271072387695"
\\PIAF\PKN Orlen\PI Vision\PKN Orlen\ZAKŁAD PRODUKCYJNY PŁOCK\RAFINERIA\PR03 BLOK PRZEROBU ROPY\DRW-IV|DR4.FC43354_SQR.PV;"2026-07-12 03:58:04,125";"42,0848617553711"
\\PIAF\PKN Orlen\PI Vision\PKN Orlen\ZAKŁAD PRODUKCYJNY PŁOCK\RAFINERIA\PR03 BLOK PRZEROBU ROPY\DRW-IV|DR4.FC43354_SQR.PV;"2026-07-12 04:01:44,190002";"42,3601951599121"
\\PIAF\PKN Orlen\PI Vision\PKN Orlen\ZAKŁAD PRODUKCYJNY PŁOCK\RAFINERIA\PR03 BLOK PRZEROBU ROPY\DRW-IV|DR4.FC43354_SQR.PV;"2026-07-12 04:12:44,163009";"42,4508514404297"
\\PIAF\PKN Orlen\PI Vision\PKN Orlen\ZAKŁAD PRODUKCYJNY PŁOCK\RAFINERIA\PR03 BLOK PRZEROBU ROPY\DRW-IV|DR4.FC43354_SQR.PV;"2026-07-12 04:19:44,166016";"41,6524429321289"
\\PIAF\PKN Orlen\PI Vision\PKN Orlen\ZAKŁAD PRODUKCYJNY PŁOCK\RAFINERIA\PR03 BLOK PRZEROBU ROPY\DRW-IV|DR4.FC43354_SQR.PV;"2026-07-12 04:25:04,090012";"41,4184532165527"
\\PIAF\PKN Orlen\PI Vision\PKN Orlen\ZAKŁAD PRODUKCYJNY PŁOCK\RAFINERIA\PR03 BLOK PRZEROBU ROPY\DRW-IV|DR4.FC43354_SQR.PV;"2026-07-12 04:28:04,123001";"40,7921333312988"
\\PIAF\PKN Orlen\PI Vision\PKN Orlen\ZAKŁAD PRODUKCYJNY PŁOCK\RAFINERIA\PR03 BLOK PRZEROBU ROPY\DRW-IV|DR4.FC43354_SQR.PV;"2026-07-12 04:32:44,103012";"41,1544189453125"
\\PIAF\PKN Orlen\PI Vision\PKN Orlen\ZAKŁAD PRODUKCYJNY PŁOCK\RAFINERIA\PR03 BLOK PRZEROBU ROPY\DRW-IV|DR4.FC43354_SQR.PV;"2026-07-12 04:35:24,12001";"41,5396041870117"
\\PIAF\PKN Orlen\PI Vision\PKN Orlen\ZAKŁAD PRODUKCYJNY PŁOCK\RAFINERIA\PR03 BLOK PRZEROBU ROPY\DRW-IV|DR4.FC43354_SQR.PV;"2026-07-12 04:45:04,139008";"42,2691268920898"
\\PIAF\PKN Orlen\PI Vision\PKN Orlen\ZAKŁAD PRODUKCYJNY PŁOCK\RAFINERIA\PR03 BLOK PRZEROBU ROPY\DRW-IV|DR4.FC43354_SQR.PV;"2026-07-12 04:49:19,094009";"42,2756271362305"
\\PIAF\PKN Orlen\PI Vision\PKN Orlen\ZAKŁAD PRODUKCYJNY PŁOCK\RAFINERIA\PR03 BLOK PRZEROBU ROPY\DRW-IV|DR4.FC43354_SQR.PV;"2026-07-12 04:55:49,129013";"42,1659507751465"
\\PIAF\PKN Orlen\PI Vision\PKN Orlen\ZAKŁAD PRODUKCYJNY PŁOCK\RAFINERIA\PR03 BLOK PRZEROBU ROPY\DRW-IV|DR4.FC43354_SQR.PV;"2026-07-12 05:01:39,131012";"41,9481239318848"
\\PIAF\PKN Orlen\PI Vision\PKN Orlen\ZAKŁAD PRODUKCYJNY PŁOCK\RAFINERIA\PR03 BLOK PRZEROBU ROPY\DRW-IV|DR4.FC43354_SQR.PV;"2026-07-12 05:06:49,102005";"41,578426361084"
\\PIAF\PKN Orlen\PI Vision\PKN Orlen\ZAKŁAD PRODUKCYJNY PŁOCK\RAFINERIA\PR03 BLOK PRZEROBU ROPY\DRW-IV|DR4.FC43354_SQR.PV;"2026-07-12 05:11:09,088012";"41,9680366516113"
\\PIAF\PKN Orlen\PI Vision\PKN Orlen\ZAKŁAD PRODUKCYJNY PŁOCK\RAFINERIA\PR03 BLOK PRZEROBU ROPY\DRW-IV|DR4.FC43354_SQR.PV;"2026-07-12 05:14:29,237";"41,6298675537109"
\\PIAF\PKN Orlen\PI Vision\PKN Orlen\ZAKŁAD PRODUKCYJNY PŁOCK\RAFINERIA\PR03 BLOK PRZEROBU ROPY\DRW-IV|DR4.FC43354_SQR.PV;"2026-07-12 05:17:24,238006";"41,3044204711914"
\\PIAF\PKN Orlen\PI Vision\PKN Orlen\ZAKŁAD PRODUKCYJNY PŁOCK\RAFINERIA\PR03 BLOK PRZEROBU ROPY\DRW-IV|DR4.FC43354_SQR.PV;"2026-07-12 05:22:34,209015";"41,8103942871094"
\\PIAF\PKN Orlen\PI Vision\PKN Orlen\ZAKŁAD PRODUKCYJNY PŁOCK\RAFINERIA\PR03 BLOK PRZEROBU ROPY\DRW-IV|DR4.FC43354_SQR.PV;"2026-07-12 05:34:34,230011";"41,6501274108887"
\\PIAF\PKN Orlen\PI Vision\PKN Orlen\ZAKŁAD PRODUKCYJNY PŁOCK\RAFINERIA\PR03 BLOK PRZEROBU ROPY\DRW-IV|DR4.FC43354_SQR.PV;"2026-07-12 05:41:49,218002";"40,3886184692383"
\\PIAF\PKN Orlen\PI Vision\PKN Orlen\ZAKŁAD PRODUKCYJNY PŁOCK\RAFINERIA\PR03 BLOK PRZEROBU ROPY\DRW-IV|DR4.FC43354_SQR.PV;"2026-07-12 05:45:39,235001";"40,6427383422852"
\\PIAF\PKN Orlen\PI Vision\PKN Orlen\ZAKŁAD PRODUKCYJNY PŁOCK\RAFINERIA\PR03 BLOK PRZEROBU ROPY\DRW-IV|DR4.FC43354_SQR.PV;"2026-07-12 05:51:49,253006";"41,6645469665527"
\\PIAF\PKN Orlen\PI Vision\PKN Orlen\ZAKŁAD PRODUKCYJNY PŁOCK\RAFINERIA\PR03 BLOK PRZEROBU ROPY\DRW-IV|DR4.FC43354_SQR.PV;"2026-07-12 05:57:34,224014";"41,7033195495605"
\\PIAF\PKN Orlen\PI Vision\PKN Orlen\ZAKŁAD PRODUKCYJNY PŁOCK\RAFINERIA\PR03 BLOK PRZEROBU ROPY\DRW-IV|DR4.FC43354_SQR.PV;"2026-07-12 06:06:29,181015";"41,8574600219727"
\\PIAF\PKN Orlen\PI Vision\PKN Orlen\ZAKŁAD PRODUKCYJNY PŁOCK\RAFINERIA\PR03 BLOK PRZEROBU ROPY\DRW-IV|DR4.FC43354_SQR.PV;"2026-07-12 06:11:59,168014";"42,0651664733887"
\\PIAF\PKN Orlen\PI Vision\PKN Orlen\ZAKŁAD PRODUKCYJNY PŁOCK\RAFINERIA\PR03 BLOK PRZEROBU ROPY\DRW-IV|DR4.FC43354_SQR.PV;"2026-07-12 06:16:39,170013";"42,0263404846191"
\\PIAF\PKN Orlen\PI Vision\PKN Orlen\ZAKŁAD PRODUKCYJNY PŁOCK\RAFINERIA\PR03 BLOK PRZEROBU ROPY\DRW-IV|DR4.FC43354_SQR.PV;"2026-07-12 06:19:14,156006";"41,5527000427246"
\\PIAF\PKN Orlen\PI Vision\PKN Orlen\ZAKŁAD PRODUKCYJNY PŁOCK\RAFINERIA\PR03 BLOK PRZEROBU ROPY\DRW-IV|DR4.FC43354_SQR.PV;"2026-07-12 06:23:09,20401";"41,374870300293"
\\PIAF\PKN Orlen\PI Vision\PKN Orlen\ZAKŁAD PRODUKCYJNY PŁOCK\RAFINERIA\PR03 BLOK PRZEROBU ROPY\DRW-IV|DR4.FC43354_SQR.PV;"2026-07-12 06:25:39,159012";"41,7618637084961"
\\PIAF\PKN Orlen\PI Vision\PKN Orlen\ZAKŁAD PRODUKCYJNY PŁOCK\RAFINERIA\PR03 BLOK PRZEROBU ROPY\DRW-IV|DR4.FC43354_SQR.PV;"2026-07-12 06:33:59,225006";"41,5854911804199"
\\PIAF\PKN Orlen\PI Vision\PKN Orlen\ZAKŁAD PRODUKCYJNY PŁOCK\RAFINERIA\PR03 BLOK PRZEROBU ROPY\DRW-IV|DR4.FC43354_SQR.PV;"2026-07-12 06:45:34,199005";"41,6933860778809"
\\PIAF\PKN Orlen\PI Vision\PKN Orlen\ZAKŁAD PRODUKCYJNY PŁOCK\RAFINERIA\PR03 BLOK PRZEROBU ROPY\DRW-IV|DR4.FC43354_SQR.PV;"2026-07-12 06:48:44,184005";"41,4906768798828"
\\PIAF\PKN Orlen\PI Vision\PKN Orlen\ZAKŁAD PRODUKCYJNY PŁOCK\RAFINERIA\PR03 BLOK PRZEROBU ROPY\DRW-IV|DR4.FC43354_SQR.PV;"2026-07-12 06:51:59,201004";"41,3499526977539"
\\PIAF\PKN Orlen\PI Vision\PKN Orlen\ZAKŁAD PRODUKCYJNY PŁOCK\RAFINERIA\PR03 BLOK PRZEROBU ROPY\DRW-IV|DR4.FC43354_SQR.PV;"2026-07-12 06:58:39,189011";"41,8081932067871"
\\PIAF\PKN Orlen\PI Vision\PKN Orlen\ZAKŁAD PRODUKCYJNY PŁOCK\RAFINERIA\PR03 BLOK PRZEROBU ROPY\DRW-IV|DR4.FC43354_SQR.PV;"2026-07-12 07:03:49,160003";"41,295955657959"
\\PIAF\PKN Orlen\PI Vision\PKN Orlen\ZAKŁAD PRODUKCYJNY PŁOCK\RAFINERIA\PR03 BLOK PRZEROBU ROPY\DRW-IV|DR4.FC43354_SQR.PV;"2026-07-12 07:12:54,179001";"41,6092414855957"
\\PIAF\PKN Orlen\PI Vision\PKN Orlen\ZAKŁAD PRODUKCYJNY PŁOCK\RAFINERIA\PR03 BLOK PRZEROBU ROPY\DRW-IV|DR4.FC43354_SQR.PV;"2026-07-12 07:14:29,118011";"41,3479347229004"
\\PIAF\PKN Orlen\PI Vision\PKN Orlen\ZAKŁAD PRODUKCYJNY PŁOCK\RAFINERIA\PR03 BLOK PRZEROBU ROPY\DRW-IV|DR4.FC43354_SQR.PV;"2026-07-12 07:20:59,203003";"41,390941619873"
\\PIAF\PKN Orlen\PI Vision\PKN Orlen\ZAKŁAD PRODUKCYJNY PŁOCK\RAFINERIA\PR03 BLOK PRZEROBU ROPY\DRW-IV|DR4.FC43354_SQR.PV;"2026-07-12 07:36:29,116012";"41,5260467529297"
\\PIAF\PKN Orlen\PI Vision\PKN Orlen\ZAKŁAD PRODUKCYJNY PŁOCK\RAFINERIA\PR03 BLOK PRZEROBU ROPY\DRW-IV|DR4.FC43354_SQR.PV;"2026-07-12 07:43:29,12001";"41,7699661254883"
\\PIAF\PKN Orlen\PI Vision\PKN Orlen\ZAKŁAD PRODUKCYJNY PŁOCK\RAFINERIA\PR03 BLOK PRZEROBU ROPY\DRW-IV|DR4.FC43354_SQR.PV;"2026-07-12 07:48:44,122009";"41,5622596740723"
\\PIAF\PKN Orlen\PI Vision\PKN Orlen\ZAKŁAD PRODUKCYJNY PŁOCK\RAFINERIA\PR03 BLOK PRZEROBU ROPY\DRW-IV|DR4.FC43354_SQR.PV;"2026-07-12 08:03:54,128006";"41,6927375793457"
\\PIAF\PKN Orlen\PI Vision\PKN Orlen\ZAKŁAD PRODUKCYJNY PŁOCK\RAFINERIA\PR03 BLOK PRZEROBU ROPY\DRW-IV|DR4.FC43354_SQR.PV;"2026-07-12 08:07:44,146011";"41,6166000366211"
\\PIAF\PKN Orlen\PI Vision\PKN Orlen\ZAKŁAD PRODUKCYJNY PŁOCK\RAFINERIA\PR03 BLOK PRZEROBU ROPY\DRW-IV|DR4.FC43354_SQR.PV;"2026-07-12 08:13:19,164001";"41,5895004272461"
\\PIAF\PKN Orlen\PI Vision\PKN Orlen\ZAKŁAD PRODUKCYJNY PŁOCK\RAFINERIA\PR03 BLOK PRZEROBU ROPY\DRW-IV|DR4.FC43354_SQR.PV;"2026-07-12 08:24:39,153";"41,4637260437012"
\\PIAF\PKN Orlen\PI Vision\PKN Orlen\ZAKŁAD PRODUKCYJNY PŁOCK\RAFINERIA\PR03 BLOK PRZEROBU ROPY\DRW-IV|DR4.FC43354_SQR.PV;"2026-07-12 08:27:29,123001";"41,5357933044434"
\\PIAF\PKN Orlen\PI Vision\PKN Orlen\ZAKŁAD PRODUKCYJNY PŁOCK\RAFINERIA\PR03 BLOK PRZEROBU ROPY\DRW-IV|DR4.FC43354_SQR.PV;"2026-07-12 08:36:34,143005";"41,4002456665039"
\\PIAF\PKN Orlen\PI Vision\PKN Orlen\ZAKŁAD PRODUKCYJNY PŁOCK\RAFINERIA\PR03 BLOK PRZEROBU ROPY\DRW-IV|DR4.FC43354_SQR.PV;"2026-07-12 08:40:04,144012";"41,4047470092773"
\\PIAF\PKN Orlen\PI Vision\PKN Orlen\ZAKŁAD PRODUKCYJNY PŁOCK\RAFINERIA\PR03 BLOK PRZEROBU ROPY\DRW-IV|DR4.FC43354_SQR.PV;"2026-07-12 08:49:34,102005";"41,3613204956055"
\\PIAF\PKN Orlen\PI Vision\PKN Orlen\ZAKŁAD PRODUKCYJNY PŁOCK\RAFINERIA\PR03 BLOK PRZEROBU ROPY\DRW-IV|DR4.FC43354_SQR.PV;"2026-07-12 08:59:39,169006";"41,2554244995117"
\\PIAF\PKN Orlen\PI Vision\PKN Orlen\ZAKŁAD PRODUKCYJNY PŁOCK\RAFINERIA\PR03 BLOK PRZEROBU ROPY\DRW-IV|DR4.FC43354_SQR.PV;"2026-07-12 09:00:44,138";"41,0301132202148"
\\PIAF\PKN Orlen\PI Vision\PKN Orlen\ZAKŁAD PRODUKCYJNY PŁOCK\RAFINERIA\PR03 BLOK PRZEROBU ROPY\DRW-IV|DR4.FC43354_SQR.PV;"2026-07-12 09:10:24,094009";"41,6716346740723"
\\PIAF\PKN Orlen\PI Vision\PKN Orlen\ZAKŁAD PRODUKCYJNY PŁOCK\RAFINERIA\PR03 BLOK PRZEROBU ROPY\DRW-IV|DR4.FC43354_SQR.PV;"2026-07-12 09:15:14,159012";"41,6759605407715"
\\PIAF\PKN Orlen\PI Vision\PKN Orlen\ZAKŁAD PRODUKCYJNY PŁOCK\RAFINERIA\PR03 BLOK PRZEROBU ROPY\DRW-IV|DR4.FC43354_SQR.PV;"2026-07-12 09:21:09,083008";"40,8558235168457"
\\PIAF\PKN Orlen\PI Vision\PKN Orlen\ZAKŁAD PRODUKCYJNY PŁOCK\RAFINERIA\PR03 BLOK PRZEROBU ROPY\DRW-IV|DR4.FC43354_SQR.PV;"2026-07-12 09:28:39,165008";"41,6956787109375"
\\PIAF\PKN Orlen\PI Vision\PKN Orlen\ZAKŁAD PRODUKCYJNY PŁOCK\RAFINERIA\PR03 BLOK PRZEROBU ROPY\DRW-IV|DR4.FC43354_SQR.PV;"2026-07-12 09:33:54,167007";"41,6836853027344"
\\PIAF\PKN Orlen\PI Vision\PKN Orlen\ZAKŁAD PRODUKCYJNY PŁOCK\RAFINERIA\PR03 BLOK PRZEROBU ROPY\DRW-IV|DR4.FC43354_SQR.PV;"2026-07-12 09:35:19,152008";"41,3433799743652"
\\PIAF\PKN Orlen\PI Vision\PKN Orlen\ZAKŁAD PRODUKCYJNY PŁOCK\RAFINERIA\PR03 BLOK PRZEROBU ROPY\DRW-IV|DR4.FC43354_SQR.PV;"2026-07-12 09:48:14,080002";"41,2757835388184"
\\PIAF\PKN Orlen\PI Vision\PKN Orlen\ZAKŁAD PRODUKCYJNY PŁOCK\RAFINERIA\PR03 BLOK PRZEROBU ROPY\DRW-IV|DR4.FC43354_SQR.PV;"2026-07-12 09:52:14,26001";"41,1963844299316"
\\PIAF\PKN Orlen\PI Vision\PKN Orlen\ZAKŁAD PRODUKCYJNY PŁOCK\RAFINERIA\PR03 BLOK PRZEROBU ROPY\DRW-IV|DR4.FC43354_SQR.PV;"2026-07-12 09:58:49,216003";"41,8125076293945"
\\PIAF\PKN Orlen\PI Vision\PKN Orlen\ZAKŁAD PRODUKCYJNY PŁOCK\RAFINERIA\PR03 BLOK PRZEROBU ROPY\DRW-IV|DR4.FC43354_SQR.PV;"2026-07-12 10:01:44,21701";"41,8910446166992"
\\PIAF\PKN Orlen\PI Vision\PKN Orlen\ZAKŁAD PRODUKCYJNY PŁOCK\RAFINERIA\PR03 BLOK PRZEROBU ROPY\DRW-IV|DR4.FC43354_SQR.PV;"2026-07-12 10:06:14,156006";"41,4535255432129"
\\PIAF\PKN Orlen\PI Vision\PKN Orlen\ZAKŁAD PRODUKCYJNY PŁOCK\RAFINERIA\PR03 BLOK PRZEROBU ROPY\DRW-IV|DR4.FC43354_SQR.PV;"2026-07-12 10:13:44,238006";"42,0544929504395"
\\PIAF\PKN Orlen\PI Vision\PKN Orlen\ZAKŁAD PRODUKCYJNY PŁOCK\RAFINERIA\PR03 BLOK PRZEROBU ROPY\DRW-IV|DR4.FC43354_SQR.PV;"2026-07-12 10:19:04,162002";"41,6636428833008"
\\PIAF\PKN Orlen\PI Vision\PKN Orlen\ZAKŁAD PRODUKCYJNY PŁOCK\RAFINERIA\PR03 BLOK PRZEROBU ROPY\DRW-IV|DR4.FC43354_SQR.PV;"2026-07-12 10:21:39,257004";"41,1442947387695"
\\PIAF\PKN Orlen\PI Vision\PKN Orlen\ZAKŁAD PRODUKCYJNY PŁOCK\RAFINERIA\PR03 BLOK PRZEROBU ROPY\DRW-IV|DR4.FC43354_SQR.PV;"2026-07-12 10:26:44,197006";"41,482349395752"
\\PIAF\PKN Orlen\PI Vision\PKN Orlen\ZAKŁAD PRODUKCYJNY PŁOCK\RAFINERIA\PR03 BLOK PRZEROBU ROPY\DRW-IV|DR4.FC43354_SQR.PV;"2026-07-12 10:32:09,152008";"42,0867309570313"
\\PIAF\PKN Orlen\PI Vision\PKN Orlen\ZAKŁAD PRODUKCYJNY PŁOCK\RAFINERIA\PR03 BLOK PRZEROBU ROPY\DRW-IV|DR4.FC43354_SQR.PV;"2026-07-12 10:36:29,248001";"41,5600967407227"
\\PIAF\PKN Orlen\PI Vision\PKN Orlen\ZAKŁAD PRODUKCYJNY PŁOCK\RAFINERIA\PR03 BLOK PRZEROBU ROPY\DRW-IV|DR4.FC43354_SQR.PV;"2026-07-12 10:46:24,252014";"41,8400650024414"
\\PIAF\PKN Orlen\PI Vision\PKN Orlen\ZAKŁAD PRODUKCYJNY PŁOCK\RAFINERIA\PR03 BLOK PRZEROBU ROPY\DRW-IV|DR4.FC43354_SQR.PV;"2026-07-12 10:51:29,192001";"41,6053314208984"
\\PIAF\PKN Orlen\PI Vision\PKN Orlen\ZAKŁAD PRODUKCYJNY PŁOCK\RAFINERIA\PR03 BLOK PRZEROBU ROPY\DRW-IV|DR4.FC43354_SQR.PV;"2026-07-12 10:53:54,224014";"41,8285293579102"
\\PIAF\PKN Orlen\PI Vision\PKN Orlen\ZAKŁAD PRODUKCYJNY PŁOCK\RAFINERIA\PR03 BLOK PRZEROBU ROPY\DRW-IV|DR4.FC43354_SQR.PV;"2026-07-12 11:01:04,180008";"41,986026763916"
\\PIAF\PKN Orlen\PI Vision\PKN Orlen\ZAKŁAD PRODUKCYJNY PŁOCK\RAFINERIA\PR03 BLOK PRZEROBU ROPY\DRW-IV|DR4.FC43354_SQR.PV;"2026-07-12 11:06:49,152008";"41,2136878967285"
\\PIAF\PKN Orlen\PI Vision\PKN Orlen\ZAKŁAD PRODUKCYJNY PŁOCK\RAFINERIA\PR03 BLOK PRZEROBU ROPY\DRW-IV|DR4.FC43354_SQR.PV;"2026-07-12 11:13:44,233001";"41,9671325683594"
\\PIAF\PKN Orlen\PI Vision\PKN Orlen\ZAKŁAD PRODUKCYJNY PŁOCK\RAFINERIA\PR03 BLOK PRZEROBU ROPY\DRW-IV|DR4.FC43354_SQR.PV;"2026-07-12 11:25:09,144012";"41,655590057373"
\\PIAF\PKN Orlen\PI Vision\PKN Orlen\ZAKŁAD PRODUKCYJNY PŁOCK\RAFINERIA\PR03 BLOK PRZEROBU ROPY\DRW-IV|DR4.FC43354_SQR.PV;"2026-07-12 11:32:34,194016";"42,0921516418457"
\\PIAF\PKN Orlen\PI Vision\PKN Orlen\ZAKŁAD PRODUKCYJNY PŁOCK\RAFINERIA\PR03 BLOK PRZEROBU ROPY\DRW-IV|DR4.FC43354_SQR.PV;"2026-07-12 11:37:49,197006";"41,697868347168"
\\PIAF\PKN Orlen\PI Vision\PKN Orlen\ZAKŁAD PRODUKCYJNY PŁOCK\RAFINERIA\PR03 BLOK PRZEROBU ROPY\DRW-IV|DR4.FC43354_SQR.PV;"2026-07-12 11:43:44,230011";"41,8621368408203"
\\PIAF\PKN Orlen\PI Vision\PKN Orlen\ZAKŁAD PRODUKCYJNY PŁOCK\RAFINERIA\PR03 BLOK PRZEROBU ROPY\DRW-IV|DR4.FC43354_SQR.PV;"2026-07-12 11:47:24,185013";"41,9455833435059"
\\PIAF\PKN Orlen\PI Vision\PKN Orlen\ZAKŁAD PRODUKCYJNY PŁOCK\RAFINERIA\PR03 BLOK PRZEROBU ROPY\DRW-IV|DR4.FC43354_SQR.PV;"2026-07-12 11:54:34,179001";"41,8405876159668"
\\PIAF\PKN Orlen\PI Vision\PKN Orlen\ZAKŁAD PRODUKCYJNY PŁOCK\RAFINERIA\PR03 BLOK PRZEROBU ROPY\DRW-IV|DR4.FC43354_SQR.PV;"2026-07-12 12:06:44,153015";"42,0122718811035"
\\PIAF\PKN Orlen\PI Vision\PKN Orlen\ZAKŁAD PRODUKCYJNY PŁOCK\RAFINERIA\PR03 BLOK PRZEROBU ROPY\DRW-IV|DR4.FC43354_SQR.PV;"2026-07-12 12:09:14,21701";"41,8370742797852"
\\PIAF\PKN Orlen\PI Vision\PKN Orlen\ZAKŁAD PRODUKCYJNY PŁOCK\RAFINERIA\PR03 BLOK PRZEROBU ROPY\DRW-IV|DR4.FC43354_SQR.PV;"2026-07-12 12:12:54,172012";"42,0044784545898"
\\PIAF\PKN Orlen\PI Vision\PKN Orlen\ZAKŁAD PRODUKCYJNY PŁOCK\RAFINERIA\PR03 BLOK PRZEROBU ROPY\DRW-IV|DR4.FC43354_SQR.PV;"2026-07-12 12:19:14,143005";"42,1097297668457"
\\PIAF\PKN Orlen\PI Vision\PKN Orlen\ZAKŁAD PRODUKCYJNY PŁOCK\RAFINERIA\PR03 BLOK PRZEROBU ROPY\DRW-IV|DR4.FC43354_SQR.PV;"2026-07-12 12:21:34,144012";"41,8124542236328"
\\PIAF\PKN Orlen\PI Vision\PKN Orlen\ZAKŁAD PRODUKCYJNY PŁOCK\RAFINERIA\PR03 BLOK PRZEROBU ROPY\DRW-IV|DR4.FC43354_SQR.PV;"2026-07-12 12:28:14,131012";"42,0830497741699"
\\PIAF\PKN Orlen\PI Vision\PKN Orlen\ZAKŁAD PRODUKCYJNY PŁOCK\RAFINERIA\PR03 BLOK PRZEROBU ROPY\DRW-IV|DR4.FC43354_SQR.PV;"2026-07-12 12:33:24,212006";"41,7007713317871"
\\PIAF\PKN Orlen\PI Vision\PKN Orlen\ZAKŁAD PRODUKCYJNY PŁOCK\RAFINERIA\PR03 BLOK PRZEROBU ROPY\DRW-IV|DR4.FC43354_SQR.PV;"2026-07-12 12:38:34,183014";"42,3220291137695"
\\PIAF\PKN Orlen\PI Vision\PKN Orlen\ZAKŁAD PRODUKCYJNY PŁOCK\RAFINERIA\PR03 BLOK PRZEROBU ROPY\DRW-IV|DR4.FC43354_SQR.PV;"2026-07-12 12:43:19,10701";"41,9551849365234"
\\PIAF\PKN Orlen\PI Vision\PKN Orlen\ZAKŁAD PRODUKCYJNY PŁOCK\RAFINERIA\PR03 BLOK PRZEROBU ROPY\DRW-IV|DR4.FC43354_SQR.PV;"2026-07-12 12:48:34,109009";"42,0437507629395"
\\PIAF\PKN Orlen\PI Vision\PKN Orlen\ZAKŁAD PRODUKCYJNY PŁOCK\RAFINERIA\PR03 BLOK PRZEROBU ROPY\DRW-IV|DR4.FC43354_SQR.PV;"2026-07-12 12:52:39,111007";"41,7614860534668"
\\PIAF\PKN Orlen\PI Vision\PKN Orlen\ZAKŁAD PRODUKCYJNY PŁOCK\RAFINERIA\PR03 BLOK PRZEROBU ROPY\DRW-IV|DR4.FC43354_SQR.PV;"2026-07-12 12:57:29,175003";"41,9416694641113"
\\PIAF\PKN Orlen\PI Vision\PKN Orlen\ZAKŁAD PRODUKCYJNY PŁOCK\RAFINERIA\PR03 BLOK PRZEROBU ROPY\DRW-IV|DR4.FC43354_SQR.PV;"2026-07-12 13:00:44,193008";"41,7797813415527"
\\PIAF\PKN Orlen\PI Vision\PKN Orlen\ZAKŁAD PRODUKCYJNY PŁOCK\RAFINERIA\PR03 BLOK PRZEROBU ROPY\DRW-IV|DR4.FC43354_SQR.PV;"2026-07-12 13:05:54,164001";"42,472240447998"
\\PIAF\PKN Orlen\PI Vision\PKN Orlen\ZAKŁAD PRODUKCYJNY PŁOCK\RAFINERIA\PR03 BLOK PRZEROBU ROPY\DRW-IV|DR4.FC43354_SQR.PV;"2026-07-12 13:10:59,213012";"42,107608795166"
\\PIAF\PKN Orlen\PI Vision\PKN Orlen\ZAKŁAD PRODUKCYJNY PŁOCK\RAFINERIA\PR03 BLOK PRZEROBU ROPY\DRW-IV|DR4.FC43354_SQR.PV;"2026-07-12 13:14:34,136002";"41,6788635253906"
\\PIAF\PKN Orlen\PI Vision\PKN Orlen\ZAKŁAD PRODUKCYJNY PŁOCK\RAFINERIA\PR03 BLOK PRZEROBU ROPY\DRW-IV|DR4.FC43354_SQR.PV;"2026-07-12 13:19:14,138016";"41,556022644043"
\\PIAF\PKN Orlen\PI Vision\PKN Orlen\ZAKŁAD PRODUKCYJNY PŁOCK\RAFINERIA\PR03 BLOK PRZEROBU ROPY\DRW-IV|DR4.FC43354_SQR.PV;"2026-07-12 13:25:04,141006";"40,7881240844727"
\\PIAF\PKN Orlen\PI Vision\PKN Orlen\ZAKŁAD PRODUKCYJNY PŁOCK\RAFINERIA\PR03 BLOK PRZEROBU ROPY\DRW-IV|DR4.FC43354_SQR.PV;"2026-07-12 13:28:54,158005";"40,7115592956543"
\\PIAF\PKN Orlen\PI Vision\PKN Orlen\ZAKŁAD PRODUKCYJNY PŁOCK\RAFINERIA\PR03 BLOK PRZEROBU ROPY\DRW-IV|DR4.FC43354_SQR.PV;"2026-07-12 13:34:34,098007";"41,1178169250488"
\\PIAF\PKN Orlen\PI Vision\PKN Orlen\ZAKŁAD PRODUKCYJNY PŁOCK\RAFINERIA\PR03 BLOK PRZEROBU ROPY\DRW-IV|DR4.FC43354_SQR.PV;"2026-07-12 13:37:49,115005";"41,4594421386719"
\\PIAF\PKN Orlen\PI Vision\PKN Orlen\ZAKŁAD PRODUKCYJNY PŁOCK\RAFINERIA\PR03 BLOK PRZEROBU ROPY\DRW-IV|DR4.FC43354_SQR.PV;"2026-07-12 13:51:19,152008";"41,2639350891113"
\\PIAF\PKN Orlen\PI Vision\PKN Orlen\ZAKŁAD PRODUKCYJNY PŁOCK\RAFINERIA\PR03 BLOK PRZEROBU ROPY\DRW-IV|DR4.FC43354_SQR.PV;"2026-07-12 13:53:34,122009";"41,5550384521484"
\\PIAF\PKN Orlen\PI Vision\PKN Orlen\ZAKŁAD PRODUKCYJNY PŁOCK\RAFINERIA\PR03 BLOK PRZEROBU ROPY\DRW-IV|DR4.FC43354_SQR.PV;"2026-07-12 14:02:09,173004";"41,3567771911621"
\\PIAF\PKN Orlen\PI Vision\PKN Orlen\ZAKŁAD PRODUKCYJNY PŁOCK\RAFINERIA\PR03 BLOK PRZEROBU ROPY\DRW-IV|DR4.FC43354_SQR.PV;"2026-07-12 14:06:44,143005";"41,5289039611816"
\\PIAF\PKN Orlen\PI Vision\PKN Orlen\ZAKŁAD PRODUKCYJNY PŁOCK\RAFINERIA\PR03 BLOK PRZEROBU ROPY\DRW-IV|DR4.FC43354_SQR.PV;"2026-07-12 14:10:34,161011";"41,6707916259766"
\\PIAF\PKN Orlen\PI Vision\PKN Orlen\ZAKŁAD PRODUKCYJNY PŁOCK\RAFINERIA\PR03 BLOK PRZEROBU ROPY\DRW-IV|DR4.FC43354_SQR.PV;"2026-07-12 14:14:59,069";"41,3359375"
\\PIAF\PKN Orlen\PI Vision\PKN Orlen\ZAKŁAD PRODUKCYJNY PŁOCK\RAFINERIA\PR03 BLOK PRZEROBU ROPY\DRW-IV|DR4.FC43354_SQR.PV;"2026-07-12 14:19:24,086014";"41,4365882873535"
\\PIAF\PKN Orlen\PI Vision\PKN Orlen\ZAKŁAD PRODUKCYJNY PŁOCK\RAFINERIA\PR03 BLOK PRZEROBU ROPY\DRW-IV|DR4.FC43354_SQR.PV;"2026-07-12 14:21:59,072006";"41,7269020080566"
\\PIAF\PKN Orlen\PI Vision\PKN Orlen\ZAKŁAD PRODUKCYJNY PŁOCK\RAFINERIA\PR03 BLOK PRZEROBU ROPY\DRW-IV|DR4.FC43354_SQR.PV;"2026-07-12 14:29:49,169006";"41,4357299804688"
\\PIAF\PKN Orlen\PI Vision\PKN Orlen\ZAKŁAD PRODUKCYJNY PŁOCK\RAFINERIA\PR03 BLOK PRZEROBU ROPY\DRW-IV|DR4.FC43354_SQR.PV;"2026-07-12 14:35:49,125015";"42,1087036132813"
\\PIAF\PKN Orlen\PI Vision\PKN Orlen\ZAKŁAD PRODUKCYJNY PŁOCK\RAFINERIA\PR03 BLOK PRZEROBU ROPY\DRW-IV|DR4.FC43354_SQR.PV;"2026-07-12 14:41:54,112015";"41,8464469909668"
\\PIAF\PKN Orlen\PI Vision\PKN Orlen\ZAKŁAD PRODUKCYJNY PŁOCK\RAFINERIA\PR03 BLOK PRZEROBU ROPY\DRW-IV|DR4.FC43354_SQR.PV;"2026-07-12 14:45:54,182007";"41,5362129211426"
\\PIAF\PKN Orlen\PI Vision\PKN Orlen\ZAKŁAD PRODUKCYJNY PŁOCK\RAFINERIA\PR03 BLOK PRZEROBU ROPY\DRW-IV|DR4.FC43354_SQR.PV;"2026-07-12 14:48:54,215012";"41,1074485778809"
\\PIAF\PKN Orlen\PI Vision\PKN Orlen\ZAKŁAD PRODUKCYJNY PŁOCK\RAFINERIA\PR03 BLOK PRZEROBU ROPY\DRW-IV|DR4.FC43354_SQR.PV;"2026-07-12 14:58:44,188004";"41,1952095031738"
\\PIAF\PKN Orlen\PI Vision\PKN Orlen\ZAKŁAD PRODUKCYJNY PŁOCK\RAFINERIA\PR03 BLOK PRZEROBU ROPY\DRW-IV|DR4.FC43354_SQR.PV;"2026-07-12 15:06:54,192001";"41,4636192321777"
\\PIAF\PKN Orlen\PI Vision\PKN Orlen\ZAKŁAD PRODUKCYJNY PŁOCK\RAFINERIA\PR03 BLOK PRZEROBU ROPY\DRW-IV|DR4.FC43354_SQR.PV;"2026-07-12 15:12:04,163009";"41,7862167358398"
\\PIAF\PKN Orlen\PI Vision\PKN Orlen\ZAKŁAD PRODUKCYJNY PŁOCK\RAFINERIA\PR03 BLOK PRZEROBU ROPY\DRW-IV|DR4.FC43354_SQR.PV;"2026-07-12 15:16:24,258011";"41,3118057250977"
\\PIAF\PKN Orlen\PI Vision\PKN Orlen\ZAKŁAD PRODUKCYJNY PŁOCK\RAFINERIA\PR03 BLOK PRZEROBU ROPY\DRW-IV|DR4.FC43354_SQR.PV;"2026-07-12 15:21:49,214004";"41,6737060546875"
\\PIAF\PKN Orlen\PI Vision\PKN Orlen\ZAKŁAD PRODUKCYJNY PŁOCK\RAFINERIA\PR03 BLOK PRZEROBU ROPY\DRW-IV|DR4.FC43354_SQR.PV;"2026-07-12 15:26:54,154007";"41,8720588684082"
\\PIAF\PKN Orlen\PI Vision\PKN Orlen\ZAKŁAD PRODUKCYJNY PŁOCK\RAFINERIA\PR03 BLOK PRZEROBU ROPY\DRW-IV|DR4.FC43354_SQR.PV;"2026-07-12 15:33:44,20401";"41,2294616699219"
\\PIAF\PKN Orlen\PI Vision\PKN Orlen\ZAKŁAD PRODUKCYJNY PŁOCK\RAFINERIA\PR03 BLOK PRZEROBU ROPY\DRW-IV|DR4.FC43354_SQR.PV;"2026-07-12 15:37:19,236007";"41,4969139099121"
\\PIAF\PKN Orlen\PI Vision\PKN Orlen\ZAKŁAD PRODUKCYJNY PŁOCK\RAFINERIA\PR03 BLOK PRZEROBU ROPY\DRW-IV|DR4.FC43354_SQR.PV;"2026-07-12 15:41:09,144012";"41,532356262207"
\\PIAF\PKN Orlen\PI Vision\PKN Orlen\ZAKŁAD PRODUKCYJNY PŁOCK\RAFINERIA\PR03 BLOK PRZEROBU ROPY\DRW-IV|DR4.FC43354_SQR.PV;"2026-07-12 15:46:59,147003";"41,435733795166"
\\PIAF\PKN Orlen\PI Vision\PKN Orlen\ZAKŁAD PRODUKCYJNY PŁOCK\RAFINERIA\PR03 BLOK PRZEROBU ROPY\DRW-IV|DR4.FC43354_SQR.PV;"2026-07-12 15:56:14,229004";"41,6196632385254"
\\PIAF\PKN Orlen\PI Vision\PKN Orlen\ZAKŁAD PRODUKCYJNY PŁOCK\RAFINERIA\PR03 BLOK PRZEROBU ROPY\DRW-IV|DR4.FC43354_SQR.PV;"2026-07-12 16:02:29,169006";"41,3126068115234"
\\PIAF\PKN Orlen\PI Vision\PKN Orlen\ZAKŁAD PRODUKCYJNY PŁOCK\RAFINERIA\PR03 BLOK PRZEROBU ROPY\DRW-IV|DR4.FC43354_SQR.PV;"2026-07-12 16:11:04,220001";"41,4957542419434"
\\PIAF\PKN Orlen\PI Vision\PKN Orlen\ZAKŁAD PRODUKCYJNY PŁOCK\RAFINERIA\PR03 BLOK PRZEROBU ROPY\DRW-IV|DR4.FC43354_SQR.PV;"2026-07-12 16:18:09,094009";"41,1082191467285"
\\PIAF\PKN Orlen\PI Vision\PKN Orlen\ZAKŁAD PRODUKCYJNY PŁOCK\RAFINERIA\PR03 BLOK PRZEROBU ROPY\DRW-IV|DR4.FC43354_SQR.PV;"2026-07-12 16:23:14,062011";"41,5980186462402"
\\PIAF\PKN Orlen\PI Vision\PKN Orlen\ZAKŁAD PRODUKCYJNY PŁOCK\RAFINERIA\PR03 BLOK PRZEROBU ROPY\DRW-IV|DR4.FC43354_SQR.PV;"2026-07-12 16:25:39,103012";"41,5813865661621"
\\PIAF\PKN Orlen\PI Vision\PKN Orlen\ZAKŁAD PRODUKCYJNY PŁOCK\RAFINERIA\PR03 BLOK PRZEROBU ROPY\DRW-IV|DR4.FC43354_SQR.PV;"2026-07-12 16:33:09,153";"41,674560546875"
\\PIAF\PKN Orlen\PI Vision\PKN Orlen\ZAKŁAD PRODUKCYJNY PŁOCK\RAFINERIA\PR03 BLOK PRZEROBU ROPY\DRW-IV|DR4.FC43354_SQR.PV;"2026-07-12 16:37:29,139999";"41,5765762329102"
\\PIAF\PKN Orlen\PI Vision\PKN Orlen\ZAKŁAD PRODUKCYJNY PŁOCK\RAFINERIA\PR03 BLOK PRZEROBU ROPY\DRW-IV|DR4.FC43354_SQR.PV;"2026-07-12 16:43:59,174011";"41,0645599365234"
\\PIAF\PKN Orlen\PI Vision\PKN Orlen\ZAKŁAD PRODUKCYJNY PŁOCK\RAFINERIA\PR03 BLOK PRZEROBU ROPY\DRW-IV|DR4.FC43354_SQR.PV;"2026-07-12 16:51:24,223999";"41,6485404968262"
\\PIAF\PKN Orlen\PI Vision\PKN Orlen\ZAKŁAD PRODUKCYJNY PŁOCK\RAFINERIA\PR03 BLOK PRZEROBU ROPY\DRW-IV|DR4.FC43354_SQR.PV;"2026-07-12 17:01:29,181";"41,294059753418"
\\PIAF\PKN Orlen\PI Vision\PKN Orlen\ZAKŁAD PRODUKCYJNY PŁOCK\RAFINERIA\PR03 BLOK PRZEROBU ROPY\DRW-IV|DR4.FC43354_SQR.PV;"2026-07-12 17:07:09,121002";"41,8457221984863"
\\PIAF\PKN Orlen\PI Vision\PKN Orlen\ZAKŁAD PRODUKCYJNY PŁOCK\RAFINERIA\PR03 BLOK PRZEROBU ROPY\DRW-IV|DR4.FC43354_SQR.PV;"2026-07-12 17:11:34,139008";"41,6066474914551"
\\PIAF\PKN Orlen\PI Vision\PKN Orlen\ZAKŁAD PRODUKCYJNY PŁOCK\RAFINERIA\PR03 BLOK PRZEROBU ROPY\DRW-IV|DR4.FC43354_SQR.PV;"2026-07-12 17:20:09,190002";"41,4172668457031"
\\PIAF\PKN Orlen\PI Vision\PKN Orlen\ZAKŁAD PRODUKCYJNY PŁOCK\RAFINERIA\PR03 BLOK PRZEROBU ROPY\DRW-IV|DR4.FC43354_SQR.PV;"2026-07-12 17:24:04,129013";"41,5090103149414"
\\PIAF\PKN Orlen\PI Vision\PKN Orlen\ZAKŁAD PRODUKCYJNY PŁOCK\RAFINERIA\PR03 BLOK PRZEROBU ROPY\DRW-IV|DR4.FC43354_SQR.PV;"2026-07-12 17:28:04,098999";"41,3946228027344"
\\PIAF\PKN Orlen\PI Vision\PKN Orlen\ZAKŁAD PRODUKCYJNY PŁOCK\RAFINERIA\PR03 BLOK PRZEROBU ROPY\DRW-IV|DR4.FC43354_SQR.PV;"2026-07-12 17:36:39,150009";"41,6181716918945"
\\PIAF\PKN Orlen\PI Vision\PKN Orlen\ZAKŁAD PRODUKCYJNY PŁOCK\RAFINERIA\PR03 BLOK PRZEROBU ROPY\DRW-IV|DR4.FC43354_SQR.PV;"2026-07-12 17:40:34,199005";"41,7849807739258"
\\PIAF\PKN Orlen\PI Vision\PKN Orlen\ZAKŁAD PRODUKCYJNY PŁOCK\RAFINERIA\PR03 BLOK PRZEROBU ROPY\DRW-IV|DR4.FC43354_SQR.PV;"2026-07-12 17:44:34,169006";"41,4910736083984"
\\PIAF\PKN Orlen\PI Vision\PKN Orlen\ZAKŁAD PRODUKCYJNY PŁOCK\RAFINERIA\PR03 BLOK PRZEROBU ROPY\DRW-IV|DR4.FC43354_SQR.PV;"2026-07-12 17:47:49,186004";"41,3224639892578"
\\PIAF\PKN Orlen\PI Vision\PKN Orlen\ZAKŁAD PRODUKCYJNY PŁOCK\RAFINERIA\PR03 BLOK PRZEROBU ROPY\DRW-IV|DR4.FC43354_SQR.PV;"2026-07-12 17:51:49,157013";"41,9670486450195"
\\PIAF\PKN Orlen\PI Vision\PKN Orlen\ZAKŁAD PRODUKCYJNY PŁOCK\RAFINERIA\PR03 BLOK PRZEROBU ROPY\DRW-IV|DR4.FC43354_SQR.PV;"2026-07-12 18:04:29,100006";"41,3038864135742"
\\PIAF\PKN Orlen\PI Vision\PKN Orlen\ZAKŁAD PRODUKCYJNY PŁOCK\RAFINERIA\PR03 BLOK PRZEROBU ROPY\DRW-IV|DR4.FC43354_SQR.PV;"2026-07-12 18:08:09,164001";"41,9849395751953"
\\PIAF\PKN Orlen\PI Vision\PKN Orlen\ZAKŁAD PRODUKCYJNY PŁOCK\RAFINERIA\PR03 BLOK PRZEROBU ROPY\DRW-IV|DR4.FC43354_SQR.PV;"2026-07-12 18:13:29,154007";"41,2861366271973"
\\PIAF\PKN Orlen\PI Vision\PKN Orlen\ZAKŁAD PRODUKCYJNY PŁOCK\RAFINERIA\PR03 BLOK PRZEROBU ROPY\DRW-IV|DR4.FC43354_SQR.PV;"2026-07-12 18:14:54,139008";"41,0193405151367"
\\PIAF\PKN Orlen\PI Vision\PKN Orlen\ZAKŁAD PRODUKCYJNY PŁOCK\RAFINERIA\PR03 BLOK PRZEROBU ROPY\DRW-IV|DR4.FC43354_SQR.PV;"2026-07-12 18:21:44,189011";"41,5037307739258"
\\PIAF\PKN Orlen\PI Vision\PKN Orlen\ZAKŁAD PRODUKCYJNY PŁOCK\RAFINERIA\PR03 BLOK PRZEROBU ROPY\DRW-IV|DR4.FC43354_SQR.PV;"2026-07-12 18:27:19,098007";"41,5873222351074"
\\PIAF\PKN Orlen\PI Vision\PKN Orlen\ZAKŁAD PRODUKCYJNY PŁOCK\RAFINERIA\PR03 BLOK PRZEROBU ROPY\DRW-IV|DR4.FC43354_SQR.PV;"2026-07-12 18:33:19,163009";"41,2331352233887"
\\PIAF\PKN Orlen\PI Vision\PKN Orlen\ZAKŁAD PRODUKCYJNY PŁOCK\RAFINERIA\PR03 BLOK PRZEROBU ROPY\DRW-IV|DR4.FC43354_SQR.PV;"2026-07-12 18:35:34,133011";"41,2928886413574"
\\PIAF\PKN Orlen\PI Vision\PKN Orlen\ZAKŁAD PRODUKCYJNY PŁOCK\RAFINERIA\PR03 BLOK PRZEROBU ROPY\DRW-IV|DR4.FC43354_SQR.PV;"2026-07-12 18:38:54,181";"41,7056617736816"
\\PIAF\PKN Orlen\PI Vision\PKN Orlen\ZAKŁAD PRODUKCYJNY PŁOCK\RAFINERIA\PR03 BLOK PRZEROBU ROPY\DRW-IV|DR4.FC43354_SQR.PV;"2026-07-12 18:44:04,152008";"41,3798484802246"
\\PIAF\PKN Orlen\PI Vision\PKN Orlen\ZAKŁAD PRODUKCYJNY PŁOCK\RAFINERIA\PR03 BLOK PRZEROBU ROPY\DRW-IV|DR4.FC43354_SQR.PV;"2026-07-12 18:47:09,106003";"41,0908966064453"
\\PIAF\PKN Orlen\PI Vision\PKN Orlen\ZAKŁAD PRODUKCYJNY PŁOCK\RAFINERIA\PR03 BLOK PRZEROBU ROPY\DRW-IV|DR4.FC43354_SQR.PV;"2026-07-12 19:00:39,144012";"41,4643211364746"
\\PIAF\PKN Orlen\PI Vision\PKN Orlen\ZAKŁAD PRODUKCYJNY PŁOCK\RAFINERIA\PR03 BLOK PRZEROBU ROPY\DRW-IV|DR4.FC43354_SQR.PV;"2026-07-12 19:08:09,116012";"41,3569030761719"
\\PIAF\PKN Orlen\PI Vision\PKN Orlen\ZAKŁAD PRODUKCYJNY PŁOCK\RAFINERIA\PR03 BLOK PRZEROBU ROPY\DRW-IV|DR4.FC43354_SQR.PV;"2026-07-12 19:18:49,073013";"41,4113311767578"
\\PIAF\PKN Orlen\PI Vision\PKN Orlen\ZAKŁAD PRODUKCYJNY PŁOCK\RAFINERIA\PR03 BLOK PRZEROBU ROPY\DRW-IV|DR4.FC43354_SQR.PV;"2026-07-12 19:32:39,226013";"41,1150093078613"
\\PIAF\PKN Orlen\PI Vision\PKN Orlen\ZAKŁAD PRODUKCYJNY PŁOCK\RAFINERIA\PR03 BLOK PRZEROBU ROPY\DRW-IV|DR4.FC43354_SQR.PV;"2026-07-12 19:36:54,181";"41,349479675293"
\\PIAF\PKN Orlen\PI Vision\PKN Orlen\ZAKŁAD PRODUKCYJNY PŁOCK\RAFINERIA\PR03 BLOK PRZEROBU ROPY\DRW-IV|DR4.FC43354_SQR.PV;"2026-07-12 19:39:44,261002";"41,4734954833984"
\\PIAF\PKN Orlen\PI Vision\PKN Orlen\ZAKŁAD PRODUKCYJNY PŁOCK\RAFINERIA\PR03 BLOK PRZEROBU ROPY\DRW-IV|DR4.FC43354_SQR.PV;"2026-07-12 19:48:29,208008";"41,1709327697754"
\\PIAF\PKN Orlen\PI Vision\PKN Orlen\ZAKŁAD PRODUKCYJNY PŁOCK\RAFINERIA\PR03 BLOK PRZEROBU ROPY\DRW-IV|DR4.FC43354_SQR.PV;"2026-07-12 19:56:14,164001";"41,3490829467773"
\\PIAF\PKN Orlen\PI Vision\PKN Orlen\ZAKŁAD PRODUKCYJNY PŁOCK\RAFINERIA\PR03 BLOK PRZEROBU ROPY\DRW-IV|DR4.FC43354_SQR.PV;"2026-07-12 20:04:24,167999";"41,3754081726074"
\\PIAF\PKN Orlen\PI Vision\PKN Orlen\ZAKŁAD PRODUKCYJNY PŁOCK\RAFINERIA\PR03 BLOK PRZEROBU ROPY\DRW-IV|DR4.FC43354_SQR.PV;"2026-07-12 20:09:39,170013";"41,3686332702637"
\\PIAF\PKN Orlen\PI Vision\PKN Orlen\ZAKŁAD PRODUKCYJNY PŁOCK\RAFINERIA\PR03 BLOK PRZEROBU ROPY\DRW-IV|DR4.FC43354_SQR.PV;"2026-07-12 20:18:34,236007";"41,0755729675293"
\\PIAF\PKN Orlen\PI Vision\PKN Orlen\ZAKŁAD PRODUKCYJNY PŁOCK\RAFINERIA\PR03 BLOK PRZEROBU ROPY\DRW-IV|DR4.FC43354_SQR.PV;"2026-07-12 20:25:09,192001";"41,2935028076172"
\\PIAF\PKN Orlen\PI Vision\PKN Orlen\ZAKŁAD PRODUKCYJNY PŁOCK\RAFINERIA\PR03 BLOK PRZEROBU ROPY\DRW-IV|DR4.FC43354_SQR.PV;"2026-07-12 20:31:04,226013";"41,030345916748"
\\PIAF\PKN Orlen\PI Vision\PKN Orlen\ZAKŁAD PRODUKCYJNY PŁOCK\RAFINERIA\PR03 BLOK PRZEROBU ROPY\DRW-IV|DR4.FC43354_SQR.PV;"2026-07-12 20:36:19,229004";"41,332763671875"
\\PIAF\PKN Orlen\PI Vision\PKN Orlen\ZAKŁAD PRODUKCYJNY PŁOCK\RAFINERIA\PR03 BLOK PRZEROBU ROPY\DRW-IV|DR4.FC43354_SQR.PV;"2026-07-12 20:42:39,200012";"40,9507026672363"
\\PIAF\PKN Orlen\PI Vision\PKN Orlen\ZAKŁAD PRODUKCYJNY PŁOCK\RAFINERIA\PR03 BLOK PRZEROBU ROPY\DRW-IV|DR4.FC43354_SQR.PV;"2026-07-12 20:47:19,202011";"40,9829788208008"
\\PIAF\PKN Orlen\PI Vision\PKN Orlen\ZAKŁAD PRODUKCYJNY PŁOCK\RAFINERIA\PR03 BLOK PRZEROBU ROPY\DRW-IV|DR4.FC43354_SQR.PV;"2026-07-12 20:50:49,20401";"41,2519760131836"
\\PIAF\PKN Orlen\PI Vision\PKN Orlen\ZAKŁAD PRODUKCYJNY PŁOCK\RAFINERIA\PR03 BLOK PRZEROBU ROPY\DRW-IV|DR4.FC43354_SQR.PV;"2026-07-12 21:02:34,131012";"40,9932632446289"
\\PIAF\PKN Orlen\PI Vision\PKN Orlen\ZAKŁAD PRODUKCYJNY PŁOCK\RAFINERIA\PR03 BLOK PRZEROBU ROPY\DRW-IV|DR4.FC43354_SQR.PV;"2026-07-12 21:08:49,180008";"41,0718841552734"
\\PIAF\PKN Orlen\PI Vision\PKN Orlen\ZAKŁAD PRODUKCYJNY PŁOCK\RAFINERIA\PR03 BLOK PRZEROBU ROPY\DRW-IV|DR4.FC43354_SQR.PV;"2026-07-12 21:13:59,151001";"41,015209197998"
\\PIAF\PKN Orlen\PI Vision\PKN Orlen\ZAKŁAD PRODUKCYJNY PŁOCK\RAFINERIA\PR03 BLOK PRZEROBU ROPY\DRW-IV|DR4.FC43354_SQR.PV;"2026-07-12 21:20:29,186004";"41,2338333129883"
\\PIAF\PKN Orlen\PI Vision\PKN Orlen\ZAKŁAD PRODUKCYJNY PŁOCK\RAFINERIA\PR03 BLOK PRZEROBU ROPY\DRW-IV|DR4.FC43354_SQR.PV;"2026-07-12 21:28:19,173004";"41,0570831298828"
\\PIAF\PKN Orlen\PI Vision\PKN Orlen\ZAKŁAD PRODUKCYJNY PŁOCK\RAFINERIA\PR03 BLOK PRZEROBU ROPY\DRW-IV|DR4.FC43354_SQR.PV;"2026-07-12 21:33:09,129013";"41,1951866149902"
\\PIAF\PKN Orlen\PI Vision\PKN Orlen\ZAKŁAD PRODUKCYJNY PŁOCK\RAFINERIA\PR03 BLOK PRZEROBU ROPY\DRW-IV|DR4.FC43354_SQR.PV;"2026-07-12 21:43:39,133011";"40,6485557556152"
\\PIAF\PKN Orlen\PI Vision\PKN Orlen\ZAKŁAD PRODUKCYJNY PŁOCK\RAFINERIA\PR03 BLOK PRZEROBU ROPY\DRW-IV|DR4.FC43354_SQR.PV;"2026-07-12 21:46:24,181015";"40,8627548217773"
\\PIAF\PKN Orlen\PI Vision\PKN Orlen\ZAKŁAD PRODUKCYJNY PŁOCK\RAFINERIA\PR03 BLOK PRZEROBU ROPY\DRW-IV|DR4.FC43354_SQR.PV;"2026-07-12 21:53:29,216003";"40,8420906066895"
\\PIAF\PKN Orlen\PI Vision\PKN Orlen\ZAKŁAD PRODUKCYJNY PŁOCK\RAFINERIA\PR03 BLOK PRZEROBU ROPY\DRW-IV|DR4.FC43354_SQR.PV;"2026-07-12 22:00:29,109009";"40,8268127441406"
\\PIAF\PKN Orlen\PI Vision\PKN Orlen\ZAKŁAD PRODUKCYJNY PŁOCK\RAFINERIA\PR03 BLOK PRZEROBU ROPY\DRW-IV|DR4.FC43354_SQR.PV;"2026-07-12 22:06:24,143005";"40,7368698120117"
\\PIAF\PKN Orlen\PI Vision\PKN Orlen\ZAKŁAD PRODUKCYJNY PŁOCK\RAFINERIA\PR03 BLOK PRZEROBU ROPY\DRW-IV|DR4.FC43354_SQR.PV;"2026-07-12 22:14:44,100006";"40,718376159668"
\\PIAF\PKN Orlen\PI Vision\PKN Orlen\ZAKŁAD PRODUKCYJNY PŁOCK\RAFINERIA\PR03 BLOK PRZEROBU ROPY\DRW-IV|DR4.FC43354_SQR.PV;"2026-07-12 22:20:04,134002";"40,7136001586914"
\\PIAF\PKN Orlen\PI Vision\PKN Orlen\ZAKŁAD PRODUKCYJNY PŁOCK\RAFINERIA\PR03 BLOK PRZEROBU ROPY\DRW-IV|DR4.FC43354_SQR.PV;"2026-07-12 22:27:44,168014";"40,812629699707"
\\PIAF\PKN Orlen\PI Vision\PKN Orlen\ZAKŁAD PRODUKCYJNY PŁOCK\RAFINERIA\PR03 BLOK PRZEROBU ROPY\DRW-IV|DR4.FC43354_SQR.PV;"2026-07-12 22:31:14,170013";"40,7165451049805"
\\PIAF\PKN Orlen\PI Vision\PKN Orlen\ZAKŁAD PRODUKCYJNY PŁOCK\RAFINERIA\PR03 BLOK PRZEROBU ROPY\DRW-IV|DR4.FC43354_SQR.PV;"2026-07-12 22:39:44,189011";"40,7724990844727"
\\PIAF\PKN Orlen\PI Vision\PKN Orlen\ZAKŁAD PRODUKCYJNY PŁOCK\RAFINERIA\PR03 BLOK PRZEROBU ROPY\DRW-IV|DR4.FC43354_SQR.PV;"2026-07-12 22:42:09,112";"40,939868927002"
\\PIAF\PKN Orlen\PI Vision\PKN Orlen\ZAKŁAD PRODUKCYJNY PŁOCK\RAFINERIA\PR03 BLOK PRZEROBU ROPY\DRW-IV|DR4.FC43354_SQR.PV;"2026-07-12 22:48:44,177002";"40,6988410949707"
\\PIAF\PKN Orlen\PI Vision\PKN Orlen\ZAKŁAD PRODUKCYJNY PŁOCK\RAFINERIA\PR03 BLOK PRZEROBU ROPY\DRW-IV|DR4.FC43354_SQR.PV;"2026-07-12 22:51:39,179001";"40,5809173583984"
\\PIAF\PKN Orlen\PI Vision\PKN Orlen\ZAKŁAD PRODUKCYJNY PŁOCK\RAFINERIA\PR03 BLOK PRZEROBU ROPY\DRW-IV|DR4.FC43354_SQR.PV;"2026-07-12 23:00:54,152008";"41,053295135498"
\\PIAF\PKN Orlen\PI Vision\PKN Orlen\ZAKŁAD PRODUKCYJNY PŁOCK\RAFINERIA\PR03 BLOK PRZEROBU ROPY\DRW-IV|DR4.FC43354_SQR.PV;"2026-07-12 23:09:49,109009";"40,4088096618652"
\\PIAF\PKN Orlen\PI Vision\PKN Orlen\ZAKŁAD PRODUKCYJNY PŁOCK\RAFINERIA\PR03 BLOK PRZEROBU ROPY\DRW-IV|DR4.FC43354_SQR.PV;"2026-07-12 23:13:49,07901";"40,9296913146973"
\\PIAF\PKN Orlen\PI Vision\PKN Orlen\ZAKŁAD PRODUKCYJNY PŁOCK\RAFINERIA\PR03 BLOK PRZEROBU ROPY\DRW-IV|DR4.FC43354_SQR.PV;"2026-07-12 23:19:24,097";"40,8184967041016"
\\PIAF\PKN Orlen\PI Vision\PKN Orlen\ZAKŁAD PRODUKCYJNY PŁOCK\RAFINERIA\PR03 BLOK PRZEROBU ROPY\DRW-IV|DR4.FC43354_SQR.PV;"2026-07-12 23:23:24,177002";"40,6310005187988"
\\PIAF\PKN Orlen\PI Vision\PKN Orlen\ZAKŁAD PRODUKCYJNY PŁOCK\RAFINERIA\PR03 BLOK PRZEROBU ROPY\DRW-IV|DR4.FC43354_SQR.PV;"2026-07-12 23:28:34,14801";"40,8467750549316"
\\PIAF\PKN Orlen\PI Vision\PKN Orlen\ZAKŁAD PRODUKCYJNY PŁOCK\RAFINERIA\PR03 BLOK PRZEROBU ROPY\DRW-IV|DR4.FC43354_SQR.PV;"2026-07-12 23:34:09,166";"40,8034629821777"
\\PIAF\PKN Orlen\PI Vision\PKN Orlen\ZAKŁAD PRODUKCYJNY PŁOCK\RAFINERIA\PR03 BLOK PRZEROBU ROPY\DRW-IV|DR4.FC43354_SQR.PV;"2026-07-12 23:45:14,171005";"41,2189865112305"
\\PIAF\PKN Orlen\PI Vision\PKN Orlen\ZAKŁAD PRODUKCYJNY PŁOCK\RAFINERIA\PR03 BLOK PRZEROBU ROPY\DRW-IV|DR4.FC43354_SQR.PV;"2026-07-12 23:48:44,173004";"41,803108215332"
\\PIAF\PKN Orlen\PI Vision\PKN Orlen\ZAKŁAD PRODUKCYJNY PŁOCK\RAFINERIA\PR03 BLOK PRZEROBU ROPY\DRW-IV|DR4.FC43354_SQR.PV;"2026-07-12 23:54:59,113006";"41,1024131774902"
\\PIAF\PKN Orlen\PI Vision\PKN Orlen\ZAKŁAD PRODUKCYJNY PŁOCK\RAFINERIA\PR03 BLOK PRZEROBU ROPY\DRW-IV|DR4.FC43354_SQR.PV;"2026-07-13 00:01:29,147003";"41,2926254272461"
\\PIAF\PKN Orlen\PI Vision\PKN Orlen\ZAKŁAD PRODUKCYJNY PŁOCK\RAFINERIA\PR03 BLOK PRZEROBU ROPY\DRW-IV|DR4.FC43354_SQR.PV;"2026-07-13 00:07:24,071014";"40,8604011535645"
\\PIAF\PKN Orlen\PI Vision\PKN Orlen\ZAKŁAD PRODUKCYJNY PŁOCK\RAFINERIA\PR03 BLOK PRZEROBU ROPY\DRW-IV|DR4.FC43354_SQR.PV;"2026-07-13 00:15:24,222";"41,3851470947266"
\\PIAF\PKN Orlen\PI Vision\PKN Orlen\ZAKŁAD PRODUKCYJNY PŁOCK\RAFINERIA\PR03 BLOK PRZEROBU ROPY\DRW-IV|DR4.FC43354_SQR.PV;"2026-07-13 00:22:04,209";"40,9552154541016"
\\PIAF\PKN Orlen\PI Vision\PKN Orlen\ZAKŁAD PRODUKCYJNY PŁOCK\RAFINERIA\PR03 BLOK PRZEROBU ROPY\DRW-IV|DR4.FC43354_SQR.PV;"2026-07-13 00:39:04,248001";"41,4763031005859"
\\PIAF\PKN Orlen\PI Vision\PKN Orlen\ZAKŁAD PRODUKCYJNY PŁOCK\RAFINERIA\PR03 BLOK PRZEROBU ROPY\DRW-IV|DR4.FC43354_SQR.PV;"2026-07-13 00:41:39,233001";"41,2668685913086"
\\PIAF\PKN Orlen\PI Vision\PKN Orlen\ZAKŁAD PRODUKCYJNY PŁOCK\RAFINERIA\PR03 BLOK PRZEROBU ROPY\DRW-IV|DR4.FC43354_SQR.PV;"2026-07-13 00:47:09,220001";"41,5054206848145"
\\PIAF\PKN Orlen\PI Vision\PKN Orlen\ZAKŁAD PRODUKCYJNY PŁOCK\RAFINERIA\PR03 BLOK PRZEROBU ROPY\DRW-IV|DR4.FC43354_SQR.PV;"2026-07-13 00:51:04,150009";"41,4525032043457"
\\PIAF\PKN Orlen\PI Vision\PKN Orlen\ZAKŁAD PRODUKCYJNY PŁOCK\RAFINERIA\PR03 BLOK PRZEROBU ROPY\DRW-IV|DR4.FC43354_SQR.PV;"2026-07-13 00:56:34,247009";"41,421443939209"
\\PIAF\PKN Orlen\PI Vision\PKN Orlen\ZAKŁAD PRODUKCYJNY PŁOCK\RAFINERIA\PR03 BLOK PRZEROBU ROPY\DRW-IV|DR4.FC43354_SQR.PV;"2026-07-13 01:01:44,218002";"41,5685844421387"
\\PIAF\PKN Orlen\PI Vision\PKN Orlen\ZAKŁAD PRODUKCYJNY PŁOCK\RAFINERIA\PR03 BLOK PRZEROBU ROPY\DRW-IV|DR4.FC43354_SQR.PV;"2026-07-13 01:02:54,218002";"41,6800689697266"
\\PIAF\PKN Orlen\PI Vision\PKN Orlen\ZAKŁAD PRODUKCYJNY PŁOCK\RAFINERIA\PR03 BLOK PRZEROBU ROPY\DRW-IV|DR4.FC43354_SQR.PV;"2026-07-13 01:06:39,20401";"41,6474609375"
\\PIAF\PKN Orlen\PI Vision\PKN Orlen\ZAKŁAD PRODUKCYJNY PŁOCK\RAFINERIA\PR03 BLOK PRZEROBU ROPY\DRW-IV|DR4.FC43354_SQR.PV;"2026-07-13 01:10:24,190002";"41,3641510009766"
\\PIAF\PKN Orlen\PI Vision\PKN Orlen\ZAKŁAD PRODUKCYJNY PŁOCK\RAFINERIA\PR03 BLOK PRZEROBU ROPY\DRW-IV|DR4.FC43354_SQR.PV;"2026-07-13 01:11:59,128006";"41,4789009094238"
\\PIAF\PKN Orlen\PI Vision\PKN Orlen\ZAKŁAD PRODUKCYJNY PŁOCK\RAFINERIA\PR03 BLOK PRZEROBU ROPY\DRW-IV|DR4.FC43354_SQR.PV;"2026-07-13 01:16:44,162002";"41,1936454772949"
\\PIAF\PKN Orlen\PI Vision\PKN Orlen\ZAKŁAD PRODUKCYJNY PŁOCK\RAFINERIA\PR03 BLOK PRZEROBU ROPY\DRW-IV|DR4.FC43354_SQR.PV;"2026-07-13 01:22:54,180008";"41,6990585327148"
\\PIAF\PKN Orlen\PI Vision\PKN Orlen\ZAKŁAD PRODUKCYJNY PŁOCK\RAFINERIA\PR03 BLOK PRZEROBU ROPY\DRW-IV|DR4.FC43354_SQR.PV;"2026-07-13 01:29:04,198013";"41,4926071166992"
\\PIAF\PKN Orlen\PI Vision\PKN Orlen\ZAKŁAD PRODUKCYJNY PŁOCK\RAFINERIA\PR03 BLOK PRZEROBU ROPY\DRW-IV|DR4.FC43354_SQR.PV;"2026-07-13 01:38:24,202011";"41,763729095459"
\\PIAF\PKN Orlen\PI Vision\PKN Orlen\ZAKŁAD PRODUKCYJNY PŁOCK\RAFINERIA\PR03 BLOK PRZEROBU ROPY\DRW-IV|DR4.FC43354_SQR.PV;"2026-07-13 01:44:49,205002";"41,3288612365723"
\\PIAF\PKN Orlen\PI Vision\PKN Orlen\ZAKŁAD PRODUKCYJNY PŁOCK\RAFINERIA\PR03 BLOK PRZEROBU ROPY\DRW-IV|DR4.FC43354_SQR.PV;"2026-07-13 01:52:34,162002";"41,8239135742188"
\\PIAF\PKN Orlen\PI Vision\PKN Orlen\ZAKŁAD PRODUKCYJNY PŁOCK\RAFINERIA\PR03 BLOK PRZEROBU ROPY\DRW-IV|DR4.FC43354_SQR.PV;"2026-07-13 01:56:39,164001";"41,6390800476074"
\\PIAF\PKN Orlen\PI Vision\PKN Orlen\ZAKŁAD PRODUKCYJNY PŁOCK\RAFINERIA\PR03 BLOK PRZEROBU ROPY\DRW-IV|DR4.FC43354_SQR.PV;"2026-07-13 02:05:14,214004";"41,315803527832"
\\PIAF\PKN Orlen\PI Vision\PKN Orlen\ZAKŁAD PRODUKCYJNY PŁOCK\RAFINERIA\PR03 BLOK PRZEROBU ROPY\DRW-IV|DR4.FC43354_SQR.PV;"2026-07-13 02:13:24,218002";"41,659912109375"
\\PIAF\PKN Orlen\PI Vision\PKN Orlen\ZAKŁAD PRODUKCYJNY PŁOCK\RAFINERIA\PR03 BLOK PRZEROBU ROPY\DRW-IV|DR4.FC43354_SQR.PV;"2026-07-13 02:20:39,205002";"41,5669784545898"
\\PIAF\PKN Orlen\PI Vision\PKN Orlen\ZAKŁAD PRODUKCYJNY PŁOCK\RAFINERIA\PR03 BLOK PRZEROBU ROPY\DRW-IV|DR4.FC43354_SQR.PV;"2026-07-13 02:25:59,130005";"41,4808540344238"
\\PIAF\PKN Orlen\PI Vision\PKN Orlen\ZAKŁAD PRODUKCYJNY PŁOCK\RAFINERIA\PR03 BLOK PRZEROBU ROPY\DRW-IV|DR4.FC43354_SQR.PV;"2026-07-13 02:36:09,167007";"41,5732688903809"
\\PIAF\PKN Orlen\PI Vision\PKN Orlen\ZAKŁAD PRODUKCYJNY PŁOCK\RAFINERIA\PR03 BLOK PRZEROBU ROPY\DRW-IV|DR4.FC43354_SQR.PV;"2026-07-13 02:41:34,122009";"41,2956314086914"
\\PIAF\PKN Orlen\PI Vision\PKN Orlen\ZAKŁAD PRODUKCYJNY PŁOCK\RAFINERIA\PR03 BLOK PRZEROBU ROPY\DRW-IV|DR4.FC43354_SQR.PV;"2026-07-13 02:50:09,173004";"41,5097389221191"
\\PIAF\PKN Orlen\PI Vision\PKN Orlen\ZAKŁAD PRODUKCYJNY PŁOCK\RAFINERIA\PR03 BLOK PRZEROBU ROPY\DRW-IV|DR4.FC43354_SQR.PV;"2026-07-13 02:56:14,160003";"41,2535743713379"
\\PIAF\PKN Orlen\PI Vision\PKN Orlen\ZAKŁAD PRODUKCYJNY PŁOCK\RAFINERIA\PR03 BLOK PRZEROBU ROPY\DRW-IV|DR4.FC43354_SQR.PV;"2026-07-13 03:01:54,100006";"41,3693809509277"
\\PIAF\PKN Orlen\PI Vision\PKN Orlen\ZAKŁAD PRODUKCYJNY PŁOCK\RAFINERIA\PR03 BLOK PRZEROBU ROPY\DRW-IV|DR4.FC43354_SQR.PV;"2026-07-13 03:06:09,165008";"41,6755218505859"
\\PIAF\PKN Orlen\PI Vision\PKN Orlen\ZAKŁAD PRODUKCYJNY PŁOCK\RAFINERIA\PR03 BLOK PRZEROBU ROPY\DRW-IV|DR4.FC43354_SQR.PV;"2026-07-13 03:12:44,121002";"41,3280944824219"
\\PIAF\PKN Orlen\PI Vision\PKN Orlen\ZAKŁAD PRODUKCYJNY PŁOCK\RAFINERIA\PR03 BLOK PRZEROBU ROPY\DRW-IV|DR4.FC43354_SQR.PV;"2026-07-13 03:22:54,184005";"41,6211624145508"
\\PIAF\PKN Orlen\PI Vision\PKN Orlen\ZAKŁAD PRODUKCYJNY PŁOCK\RAFINERIA\PR03 BLOK PRZEROBU ROPY\DRW-IV|DR4.FC43354_SQR.PV;"2026-07-13 03:26:44,09201";"41,0889663696289"
\\PIAF\PKN Orlen\PI Vision\PKN Orlen\ZAKŁAD PRODUKCYJNY PŁOCK\RAFINERIA\PR03 BLOK PRZEROBU ROPY\DRW-IV|DR4.FC43354_SQR.PV;"2026-07-13 03:37:19,128006";"41,3903007507324"
\\PIAF\PKN Orlen\PI Vision\PKN Orlen\ZAKŁAD PRODUKCYJNY PŁOCK\RAFINERIA\PR03 BLOK PRZEROBU ROPY\DRW-IV|DR4.FC43354_SQR.PV;"2026-07-13 03:43:44,131012";"41,1782569885254"
\\PIAF\PKN Orlen\PI Vision\PKN Orlen\ZAKŁAD PRODUKCYJNY PŁOCK\RAFINERIA\PR03 BLOK PRZEROBU ROPY\DRW-IV|DR4.FC43354_SQR.PV;"2026-07-13 03:59:14,153015";"41,059871673584"
\\PIAF\PKN Orlen\PI Vision\PKN Orlen\ZAKŁAD PRODUKCYJNY PŁOCK\RAFINERIA\PR03 BLOK PRZEROBU ROPY\DRW-IV|DR4.FC43354_SQR.PV;"2026-07-13 04:05:49,109009";"40,9803695678711"
\\PIAF\PKN Orlen\PI Vision\PKN Orlen\ZAKŁAD PRODUKCYJNY PŁOCK\RAFINERIA\PR03 BLOK PRZEROBU ROPY\DRW-IV|DR4.FC43354_SQR.PV;"2026-07-13 04:15:39,082001";"40,9672012329102"
\\PIAF\PKN Orlen\PI Vision\PKN Orlen\ZAKŁAD PRODUKCYJNY PŁOCK\RAFINERIA\PR03 BLOK PRZEROBU ROPY\DRW-IV|DR4.FC43354_SQR.PV;"2026-07-13 04:30:49,154007";"40,714038848877"
\\PIAF\PKN Orlen\PI Vision\PKN Orlen\ZAKŁAD PRODUKCYJNY PŁOCK\RAFINERIA\PR03 BLOK PRZEROBU ROPY\DRW-IV|DR4.FC43354_SQR.PV;"2026-07-13 04:37:04,095001";"41,2392807006836"
\\PIAF\PKN Orlen\PI Vision\PKN Orlen\ZAKŁAD PRODUKCYJNY PŁOCK\RAFINERIA\PR03 BLOK PRZEROBU ROPY\DRW-IV|DR4.FC43354_SQR.PV;"2026-07-13 04:41:09,097";"40,8039970397949"
\\PIAF\PKN Orlen\PI Vision\PKN Orlen\ZAKŁAD PRODUKCYJNY PŁOCK\RAFINERIA\PR03 BLOK PRZEROBU ROPY\DRW-IV|DR4.FC43354_SQR.PV;"2026-07-13 04:46:54,177002";"40,7951126098633"
\\PIAF\PKN Orlen\PI Vision\PKN Orlen\ZAKŁAD PRODUKCYJNY PŁOCK\RAFINERIA\PR03 BLOK PRZEROBU ROPY\DRW-IV|DR4.FC43354_SQR.PV;"2026-07-13 04:49:54,100006";"40,7812118530273"
\\PIAF\PKN Orlen\PI Vision\PKN Orlen\ZAKŁAD PRODUKCYJNY PŁOCK\RAFINERIA\PR03 BLOK PRZEROBU ROPY\DRW-IV|DR4.FC43354_SQR.PV;"2026-07-13 04:53:09,21701";"40,8363227844238"
\\PIAF\PKN Orlen\PI Vision\PKN Orlen\ZAKŁAD PRODUKCYJNY PŁOCK\RAFINERIA\PR03 BLOK PRZEROBU ROPY\DRW-IV|DR4.FC43354_SQR.PV;"2026-07-13 04:54:14,187011";"40,6860504150391"
\\PIAF\PKN Orlen\PI Vision\PKN Orlen\ZAKŁAD PRODUKCYJNY PŁOCK\RAFINERIA\PR03 BLOK PRZEROBU ROPY\DRW-IV|DR4.FC43354_SQR.PV;"2026-07-13 04:56:04,219009";"40,6563911437988"
\\PIAF\PKN Orlen\PI Vision\PKN Orlen\ZAKŁAD PRODUKCYJNY PŁOCK\RAFINERIA\PR03 BLOK PRZEROBU ROPY\DRW-IV|DR4.FC43354_SQR.PV;"2026-07-13 04:58:34,173004";"40,6469078063965"
\\PIAF\PKN Orlen\PI Vision\PKN Orlen\ZAKŁAD PRODUKCYJNY PŁOCK\RAFINERIA\PR03 BLOK PRZEROBU ROPY\DRW-IV|DR4.FC43354_SQR.PV;"2026-07-13 05:01:59,253006";"40,5854377746582"
\\PIAF\PKN Orlen\PI Vision\PKN Orlen\ZAKŁAD PRODUKCYJNY PŁOCK\RAFINERIA\PR03 BLOK PRZEROBU ROPY\DRW-IV|DR4.FC43354_SQR.PV;"2026-07-13 05:08:34,209015";"40,6210327148438"
\\PIAF\PKN Orlen\PI Vision\PKN Orlen\ZAKŁAD PRODUKCYJNY PŁOCK\RAFINERIA\PR03 BLOK PRZEROBU ROPY\DRW-IV|DR4.FC43354_SQR.PV;"2026-07-13 05:14:49,149002";"40,4569129943848"
\\PIAF\PKN Orlen\PI Vision\PKN Orlen\ZAKŁAD PRODUKCYJNY PŁOCK\RAFINERIA\PR03 BLOK PRZEROBU ROPY\DRW-IV|DR4.FC43354_SQR.PV;"2026-07-13 05:21:14,152008";"40,7150001525879"
\\PIAF\PKN Orlen\PI Vision\PKN Orlen\ZAKŁAD PRODUKCYJNY PŁOCK\RAFINERIA\PR03 BLOK PRZEROBU ROPY\DRW-IV|DR4.FC43354_SQR.PV;"2026-07-13 05:24:14,184005";"40,4633445739746"
\\PIAF\PKN Orlen\PI Vision\PKN Orlen\ZAKŁAD PRODUKCYJNY PŁOCK\RAFINERIA\PR03 BLOK PRZEROBU ROPY\DRW-IV|DR4.FC43354_SQR.PV;"2026-07-13 05:30:39,187011";"40,5075416564941"
\\PIAF\PKN Orlen\PI Vision\PKN Orlen\ZAKŁAD PRODUKCYJNY PŁOCK\RAFINERIA\PR03 BLOK PRZEROBU ROPY\DRW-IV|DR4.FC43354_SQR.PV;"2026-07-13 05:38:39,237015";"40,6924819946289"
\\PIAF\PKN Orlen\PI Vision\PKN Orlen\ZAKŁAD PRODUKCYJNY PŁOCK\RAFINERIA\PR03 BLOK PRZEROBU ROPY\DRW-IV|DR4.FC43354_SQR.PV;"2026-07-13 05:44:09,224014";"40,086051940918"
\\PIAF\PKN Orlen\PI Vision\PKN Orlen\ZAKŁAD PRODUKCYJNY PŁOCK\RAFINERIA\PR03 BLOK PRZEROBU ROPY\DRW-IV|DR4.FC43354_SQR.PV;"2026-07-13 05:53:24,197006";"40,478458404541"
\\PIAF\PKN Orlen\PI Vision\PKN Orlen\ZAKŁAD PRODUKCYJNY PŁOCK\RAFINERIA\PR03 BLOK PRZEROBU ROPY\DRW-IV|DR4.FC43354_SQR.PV;"2026-07-13 05:58:44,234009";"40,3339576721191"
\\PIAF\PKN Orlen\PI Vision\PKN Orlen\ZAKŁAD PRODUKCYJNY PŁOCK\RAFINERIA\PR03 BLOK PRZEROBU ROPY\DRW-IV|DR4.FC43354_SQR.PV;"2026-07-13 06:05:09,237015";"40,8288230895996"
\\PIAF\PKN Orlen\PI Vision\PKN Orlen\ZAKŁAD PRODUKCYJNY PŁOCK\RAFINERIA\PR03 BLOK PRZEROBU ROPY\DRW-IV|DR4.FC43354_SQR.PV;"2026-07-13 06:07:34,159012";"41,6785545349121"
\\PIAF\PKN Orlen\PI Vision\PKN Orlen\ZAKŁAD PRODUKCYJNY PŁOCK\RAFINERIA\PR03 BLOK PRZEROBU ROPY\DRW-IV|DR4.FC43354_SQR.PV;"2026-07-13 06:09:09,207001";"41,9932594299316"
\\PIAF\PKN Orlen\PI Vision\PKN Orlen\ZAKŁAD PRODUKCYJNY PŁOCK\RAFINERIA\PR03 BLOK PRZEROBU ROPY\DRW-IV|DR4.FC43354_SQR.PV;"2026-07-13 06:16:04,179001";"41,7347068786621"
\\PIAF\PKN Orlen\PI Vision\PKN Orlen\ZAKŁAD PRODUKCYJNY PŁOCK\RAFINERIA\PR03 BLOK PRZEROBU ROPY\DRW-IV|DR4.FC43354_SQR.PV;"2026-07-13 06:19:19,196014";"41,3494186401367"
\\PIAF\PKN Orlen\PI Vision\PKN Orlen\ZAKŁAD PRODUKCYJNY PŁOCK\RAFINERIA\PR03 BLOK PRZEROBU ROPY\DRW-IV|DR4.FC43354_SQR.PV;"2026-07-13 06:26:39,215012";"41,4635925292969"
\\PIAF\PKN Orlen\PI Vision\PKN Orlen\ZAKŁAD PRODUKCYJNY PŁOCK\RAFINERIA\PR03 BLOK PRZEROBU ROPY\DRW-IV|DR4.FC43354_SQR.PV;"2026-07-13 06:29:39,138016";"41,1875877380371"
\\PIAF\PKN Orlen\PI Vision\PKN Orlen\ZAKŁAD PRODUKCYJNY PŁOCK\RAFINERIA\PR03 BLOK PRZEROBU ROPY\DRW-IV|DR4.FC43354_SQR.PV;"2026-07-13 06:35:29,140014";"40,596794128418"
\\PIAF\PKN Orlen\PI Vision\PKN Orlen\ZAKŁAD PRODUKCYJNY PŁOCK\RAFINERIA\PR03 BLOK PRZEROBU ROPY\DRW-IV|DR4.FC43354_SQR.PV;"2026-07-13 06:43:19,238006";"40,8904991149902"
\\PIAF\PKN Orlen\PI Vision\PKN Orlen\ZAKŁAD PRODUKCYJNY PŁOCK\RAFINERIA\PR03 BLOK PRZEROBU ROPY\DRW-IV|DR4.FC43354_SQR.PV;"2026-07-13 06:45:44,161011";"40,7751617431641"
\\PIAF\PKN Orlen\PI Vision\PKN Orlen\ZAKŁAD PRODUKCYJNY PŁOCK\RAFINERIA\PR03 BLOK PRZEROBU ROPY\DRW-IV|DR4.FC43354_SQR.PV;"2026-07-13 06:55:14,227005";"40,9665374755859"
\\PIAF\PKN Orlen\PI Vision\PKN Orlen\ZAKŁAD PRODUKCYJNY PŁOCK\RAFINERIA\PR03 BLOK PRZEROBU ROPY\DRW-IV|DR4.FC43354_SQR.PV;"2026-07-13 07:04:04,153015";"40,5641098022461"
\\PIAF\PKN Orlen\PI Vision\PKN Orlen\ZAKŁAD PRODUKCYJNY PŁOCK\RAFINERIA\PR03 BLOK PRZEROBU ROPY\DRW-IV|DR4.FC43354_SQR.PV;"2026-07-13 07:08:59,139999";"41,0780639648438"
\\PIAF\PKN Orlen\PI Vision\PKN Orlen\ZAKŁAD PRODUKCYJNY PŁOCK\RAFINERIA\PR03 BLOK PRZEROBU ROPY\DRW-IV|DR4.FC43354_SQR.PV;"2026-07-13 07:15:29,174011";"40,6933860778809"
\\PIAF\PKN Orlen\PI Vision\PKN Orlen\ZAKŁAD PRODUKCYJNY PŁOCK\RAFINERIA\PR03 BLOK PRZEROBU ROPY\DRW-IV|DR4.FC43354_SQR.PV;"2026-07-13 07:29:59,149002";"40,9190330505371"
\\PIAF\PKN Orlen\PI Vision\PKN Orlen\ZAKŁAD PRODUKCYJNY PŁOCK\RAFINERIA\PR03 BLOK PRZEROBU ROPY\DRW-IV|DR4.FC43354_SQR.PV;"2026-07-13 07:37:24,199005";"40,9904594421387"
\\PIAF\PKN Orlen\PI Vision\PKN Orlen\ZAKŁAD PRODUKCYJNY PŁOCK\RAFINERIA\PR03 BLOK PRZEROBU ROPY\DRW-IV|DR4.FC43354_SQR.PV;"2026-07-13 07:41:09,185013";"40,9951400756836"
\\PIAF\PKN Orlen\PI Vision\PKN Orlen\ZAKŁAD PRODUKCYJNY PŁOCK\RAFINERIA\PR03 BLOK PRZEROBU ROPY\DRW-IV|DR4.FC43354_SQR.PV;"2026-07-13 07:42:54,186004";"40,7474784851074"
\\PIAF\PKN Orlen\PI Vision\PKN Orlen\ZAKŁAD PRODUKCYJNY PŁOCK\RAFINERIA\PR03 BLOK PRZEROBU ROPY\DRW-IV|DR4.FC43354_SQR.PV;"2026-07-13 07:48:44,188004";"40,998104095459"
\\PIAF\PKN Orlen\PI Vision\PKN Orlen\ZAKŁAD PRODUKCYJNY PŁOCK\RAFINERIA\PR03 BLOK PRZEROBU ROPY\DRW-IV|DR4.FC43354_SQR.PV;"2026-07-13 07:52:14,190002";"41,2416229248047"
\\PIAF\PKN Orlen\PI Vision\PKN Orlen\ZAKŁAD PRODUKCYJNY PŁOCK\RAFINERIA\PR03 BLOK PRZEROBU ROPY\DRW-IV|DR4.FC43354_SQR.PV;"2026-07-13 07:55:29,098007";"41,1428108215332"
\\PIAF\PKN Orlen\PI Vision\PKN Orlen\ZAKŁAD PRODUKCYJNY PŁOCK\RAFINERIA\PR03 BLOK PRZEROBU ROPY\DRW-IV|DR4.FC43354_SQR.PV;"2026-07-13 07:59:59,146011";"41,4483489990234"
\\PIAF\PKN Orlen\PI Vision\PKN Orlen\ZAKŁAD PRODUKCYJNY PŁOCK\RAFINERIA\PR03 BLOK PRZEROBU ROPY\DRW-IV|DR4.FC43354_SQR.PV;"2026-07-13 08:12:54,183014";"41,120433807373"
\\PIAF\PKN Orlen\PI Vision\PKN Orlen\ZAKŁAD PRODUKCYJNY PŁOCK\RAFINERIA\PR03 BLOK PRZEROBU ROPY\DRW-IV|DR4.FC43354_SQR.PV;"2026-07-13 08:19:19,186004";"41,2228202819824"
\\PIAF\PKN Orlen\PI Vision\PKN Orlen\ZAKŁAD PRODUKCYJNY PŁOCK\RAFINERIA\PR03 BLOK PRZEROBU ROPY\DRW-IV|DR4.FC43354_SQR.PV;"2026-07-13 08:23:19,157013";"40,9154396057129"
\\PIAF\PKN Orlen\PI Vision\PKN Orlen\ZAKŁAD PRODUKCYJNY PŁOCK\RAFINERIA\PR03 BLOK PRZEROBU ROPY\DRW-IV|DR4.FC43354_SQR.PV;"2026-07-13 08:28:49,143005";"41,4493408203125"
\\PIAF\PKN Orlen\PI Vision\PKN Orlen\ZAKŁAD PRODUKCYJNY PŁOCK\RAFINERIA\PR03 BLOK PRZEROBU ROPY\DRW-IV|DR4.FC43354_SQR.PV;"2026-07-13 08:35:49,146011";"40,8916816711426"
\\PIAF\PKN Orlen\PI Vision\PKN Orlen\ZAKŁAD PRODUKCYJNY PŁOCK\RAFINERIA\PR03 BLOK PRZEROBU ROPY\DRW-IV|DR4.FC43354_SQR.PV;"2026-07-13 08:41:24,165008";"41,5864486694336"
\\PIAF\PKN Orlen\PI Vision\PKN Orlen\ZAKŁAD PRODUKCYJNY PŁOCK\RAFINERIA\PR03 BLOK PRZEROBU ROPY\DRW-IV|DR4.FC43354_SQR.PV;"2026-07-13 08:49:59,106003";"41,5640907287598"
\\PIAF\PKN Orlen\PI Vision\PKN Orlen\ZAKŁAD PRODUKCYJNY PŁOCK\RAFINERIA\PR03 BLOK PRZEROBU ROPY\DRW-IV|DR4.FC43354_SQR.PV;"2026-07-13 08:58:19,172012";"40,7270774841309"
\\PIAF\PKN Orlen\PI Vision\PKN Orlen\ZAKŁAD PRODUKCYJNY PŁOCK\RAFINERIA\PR03 BLOK PRZEROBU ROPY\DRW-IV|DR4.FC43354_SQR.PV;"2026-07-13 09:11:39,147003";"41,377986907959"
\\PIAF\PKN Orlen\PI Vision\PKN Orlen\ZAKŁAD PRODUKCYJNY PŁOCK\RAFINERIA\PR03 BLOK PRZEROBU ROPY\DRW-IV|DR4.FC43354_SQR.PV;"2026-07-13 09:25:09,074005";"41,1680183410645"
\\PIAF\PKN Orlen\PI Vision\PKN Orlen\ZAKŁAD PRODUKCYJNY PŁOCK\RAFINERIA\PR03 BLOK PRZEROBU ROPY\DRW-IV|DR4.FC43354_SQR.PV;"2026-07-13 09:28:09,207016";"41,5275077819824"
\\PIAF\PKN Orlen\PI Vision\PKN Orlen\ZAKŁAD PRODUKCYJNY PŁOCK\RAFINERIA\PR03 BLOK PRZEROBU ROPY\DRW-IV|DR4.FC43354_SQR.PV;"2026-07-13 09:36:54,211014";"41,5588226318359"
\\PIAF\PKN Orlen\PI Vision\PKN Orlen\ZAKŁAD PRODUKCYJNY PŁOCK\RAFINERIA\PR03 BLOK PRZEROBU ROPY\DRW-IV|DR4.FC43354_SQR.PV;"2026-07-13 09:40:59,213012";"41,3582458496094"
\\PIAF\PKN Orlen\PI Vision\PKN Orlen\ZAKŁAD PRODUKCYJNY PŁOCK\RAFINERIA\PR03 BLOK PRZEROBU ROPY\DRW-IV|DR4.FC43354_SQR.PV;"2026-07-13 09:52:14,171005";"41,2528266906738"
\\PIAF\PKN Orlen\PI Vision\PKN Orlen\ZAKŁAD PRODUKCYJNY PŁOCK\RAFINERIA\PR03 BLOK PRZEROBU ROPY\DRW-IV|DR4.FC43354_SQR.PV;"2026-07-13 09:56:14,251007";"41,1396064758301"
\\PIAF\PKN Orlen\PI Vision\PKN Orlen\ZAKŁAD PRODUKCYJNY PŁOCK\RAFINERIA\PR03 BLOK PRZEROBU ROPY\DRW-IV|DR4.FC43354_SQR.PV;"2026-07-13 10:04:34,207016";"41,3774833679199"
\\PIAF\PKN Orlen\PI Vision\PKN Orlen\ZAKŁAD PRODUKCYJNY PŁOCK\RAFINERIA\PR03 BLOK PRZEROBU ROPY\DRW-IV|DR4.FC43354_SQR.PV;"2026-07-13 10:11:24,14801";"40,6899108886719"
\\PIAF\PKN Orlen\PI Vision\PKN Orlen\ZAKŁAD PRODUKCYJNY PŁOCK\RAFINERIA\PR03 BLOK PRZEROBU ROPY\DRW-IV|DR4.FC43354_SQR.PV;"2026-07-13 10:20:54,215012";"41,1445350646973"
\\PIAF\PKN Orlen\PI Vision\PKN Orlen\ZAKŁAD PRODUKCYJNY PŁOCK\RAFINERIA\PR03 BLOK PRZEROBU ROPY\DRW-IV|DR4.FC43354_SQR.PV;"2026-07-13 10:25:59,154007";"40,8104705810547"
\\PIAF\PKN Orlen\PI Vision\PKN Orlen\ZAKŁAD PRODUKCYJNY PŁOCK\RAFINERIA\PR03 BLOK PRZEROBU ROPY\DRW-IV|DR4.FC43354_SQR.PV;"2026-07-13 10:33:49,142014";"41,0157089233398"
\\PIAF\PKN Orlen\PI Vision\PKN Orlen\ZAKŁAD PRODUKCYJNY PŁOCK\RAFINERIA\PR03 BLOK PRZEROBU ROPY\DRW-IV|DR4.FC43354_SQR.PV;"2026-07-13 10:38:44,238006";"40,9001045227051"
\\PIAF\PKN Orlen\PI Vision\PKN Orlen\ZAKŁAD PRODUKCYJNY PŁOCK\RAFINERIA\PR03 BLOK PRZEROBU ROPY\DRW-IV|DR4.FC43354_SQR.PV;"2026-07-13 10:43:29,162002";"41,3482131958008"
\\PIAF\PKN Orlen\PI Vision\PKN Orlen\ZAKŁAD PRODUKCYJNY PŁOCK\RAFINERIA\PR03 BLOK PRZEROBU ROPY\DRW-IV|DR4.FC43354_SQR.PV;"2026-07-13 10:45:39,210007";"41,0882263183594"
\\PIAF\PKN Orlen\PI Vision\PKN Orlen\ZAKŁAD PRODUKCYJNY PŁOCK\RAFINERIA\PR03 BLOK PRZEROBU ROPY\DRW-IV|DR4.FC43354_SQR.PV;"2026-07-13 10:51:44,197006";"40,9090156555176"
\\PIAF\PKN Orlen\PI Vision\PKN Orlen\ZAKŁAD PRODUKCYJNY PŁOCK\RAFINERIA\PR03 BLOK PRZEROBU ROPY\DRW-IV|DR4.FC43354_SQR.PV;"2026-07-13 10:55:34,214004";"40,3668365478516"
\\PIAF\PKN Orlen\PI Vision\PKN Orlen\ZAKŁAD PRODUKCYJNY PŁOCK\RAFINERIA\PR03 BLOK PRZEROBU ROPY\DRW-IV|DR4.FC43354_SQR.PV;"2026-07-13 11:00:49,216003";"40,6653022766113"
\\PIAF\PKN Orlen\PI Vision\PKN Orlen\ZAKŁAD PRODUKCYJNY PŁOCK\RAFINERIA\PR03 BLOK PRZEROBU ROPY\DRW-IV|DR4.FC43354_SQR.PV;"2026-07-13 11:04:24,140014";"41,1494903564453"
\\PIAF\PKN Orlen\PI Vision\PKN Orlen\ZAKŁAD PRODUKCYJNY PŁOCK\RAFINERIA\PR03 BLOK PRZEROBU ROPY\DRW-IV|DR4.FC43354_SQR.PV;"2026-07-13 11:07:44,188004";"41,2451591491699"
\\PIAF\PKN Orlen\PI Vision\PKN Orlen\ZAKŁAD PRODUKCYJNY PŁOCK\RAFINERIA\PR03 BLOK PRZEROBU ROPY\DRW-IV|DR4.FC43354_SQR.PV;"2026-07-13 11:13:09,144012";"40,4872779846191"
\\PIAF\PKN Orlen\PI Vision\PKN Orlen\ZAKŁAD PRODUKCYJNY PŁOCK\RAFINERIA\PR03 BLOK PRZEROBU ROPY\DRW-IV|DR4.FC43354_SQR.PV;"2026-07-13 11:18:54,224014";"40,772029876709"
\\PIAF\PKN Orlen\PI Vision\PKN Orlen\ZAKŁAD PRODUKCYJNY PŁOCK\RAFINERIA\PR03 BLOK PRZEROBU ROPY\DRW-IV|DR4.FC43354_SQR.PV;"2026-07-13 11:35:09,200012";"40,8802032470703"
\\PIAF\PKN Orlen\PI Vision\PKN Orlen\ZAKŁAD PRODUKCYJNY PŁOCK\RAFINERIA\PR03 BLOK PRZEROBU ROPY\DRW-IV|DR4.FC43354_SQR.PV;"2026-07-13 11:39:09,171005";"40,6080780029297"
\\PIAF\PKN Orlen\PI Vision\PKN Orlen\ZAKŁAD PRODUKCYJNY PŁOCK\RAFINERIA\PR03 BLOK PRZEROBU ROPY\DRW-IV|DR4.FC43354_SQR.PV;"2026-07-13 11:43:54,20401";"40,962272644043"
\\PIAF\PKN Orlen\PI Vision\PKN Orlen\ZAKŁAD PRODUKCYJNY PŁOCK\RAFINERIA\PR03 BLOK PRZEROBU ROPY\DRW-IV|DR4.FC43354_SQR.PV;"2026-07-13 11:46:44,174011";"41,4927177429199"
\\PIAF\PKN Orlen\PI Vision\PKN Orlen\ZAKŁAD PRODUKCYJNY PŁOCK\RAFINERIA\PR03 BLOK PRZEROBU ROPY\DRW-IV|DR4.FC43354_SQR.PV;"2026-07-13 11:53:19,130005";"40,7426910400391"
\\PIAF\PKN Orlen\PI Vision\PKN Orlen\ZAKŁAD PRODUKCYJNY PŁOCK\RAFINERIA\PR03 BLOK PRZEROBU ROPY\DRW-IV|DR4.FC43354_SQR.PV;"2026-07-13 11:59:24,117004";"40,7694129943848"
\\PIAF\PKN Orlen\PI Vision\PKN Orlen\ZAKŁAD PRODUKCYJNY PŁOCK\RAFINERIA\PR03 BLOK PRZEROBU ROPY\DRW-IV|DR4.FC43354_SQR.PV;"2026-07-13 12:06:34,183014";"41,2329902648926"
\\PIAF\PKN Orlen\PI Vision\PKN Orlen\ZAKŁAD PRODUKCYJNY PŁOCK\RAFINERIA\PR03 BLOK PRZEROBU ROPY\DRW-IV|DR4.FC43354_SQR.PV;"2026-07-13 12:10:14,146011";"41,0432395935059"
\\PIAF\PKN Orlen\PI Vision\PKN Orlen\ZAKŁAD PRODUKCYJNY PŁOCK\RAFINERIA\PR03 BLOK PRZEROBU ROPY\DRW-IV|DR4.FC43354_SQR.PV;"2026-07-13 12:16:44,180008";"40,8263320922852"
\\PIAF\PKN Orlen\PI Vision\PKN Orlen\ZAKŁAD PRODUKCYJNY PŁOCK\RAFINERIA\PR03 BLOK PRZEROBU ROPY\DRW-IV|DR4.FC43354_SQR.PV;"2026-07-13 12:21:09,197006";"40,9577713012695"
\\PIAF\PKN Orlen\PI Vision\PKN Orlen\ZAKŁAD PRODUKCYJNY PŁOCK\RAFINERIA\PR03 BLOK PRZEROBU ROPY\DRW-IV|DR4.FC43354_SQR.PV;"2026-07-13 12:24:14,152008";"40,7760848999023"
\\PIAF\PKN Orlen\PI Vision\PKN Orlen\ZAKŁAD PRODUKCYJNY PŁOCK\RAFINERIA\PR03 BLOK PRZEROBU ROPY\DRW-IV|DR4.FC43354_SQR.PV;"2026-07-13 12:29:34,186004";"40,9320983886719"
\\PIAF\PKN Orlen\PI Vision\PKN Orlen\ZAKŁAD PRODUKCYJNY PŁOCK\RAFINERIA\PR03 BLOK PRZEROBU ROPY\DRW-IV|DR4.FC43354_SQR.PV;"2026-07-13 12:32:39,140014";"40,275146484375"
\\PIAF\PKN Orlen\PI Vision\PKN Orlen\ZAKŁAD PRODUKCYJNY PŁOCK\RAFINERIA\PR03 BLOK PRZEROBU ROPY\DRW-IV|DR4.FC43354_SQR.PV;"2026-07-13 12:40:39,190002";"40,7618560791016"
\\PIAF\PKN Orlen\PI Vision\PKN Orlen\ZAKŁAD PRODUKCYJNY PŁOCK\RAFINERIA\PR03 BLOK PRZEROBU ROPY\DRW-IV|DR4.FC43354_SQR.PV;"2026-07-13 12:42:34,144012";"40,6855850219727"
\\PIAF\PKN Orlen\PI Vision\PKN Orlen\ZAKŁAD PRODUKCYJNY PŁOCK\RAFINERIA\PR03 BLOK PRZEROBU ROPY\DRW-IV|DR4.FC43354_SQR.PV;"2026-07-13 12:46:09,177002";"40,209041595459"
\\PIAF\PKN Orlen\PI Vision\PKN Orlen\ZAKŁAD PRODUKCYJNY PŁOCK\RAFINERIA\PR03 BLOK PRZEROBU ROPY\DRW-IV|DR4.FC43354_SQR.PV;"2026-07-13 12:49:09,210007";"40,1893882751465"
\\PIAF\PKN Orlen\PI Vision\PKN Orlen\ZAKŁAD PRODUKCYJNY PŁOCK\RAFINERIA\PR03 BLOK PRZEROBU ROPY\DRW-IV|DR4.FC43354_SQR.PV;"2026-07-13 12:52:29,149002";"40,653190612793"
\\PIAF\PKN Orlen\PI Vision\PKN Orlen\ZAKŁAD PRODUKCYJNY PŁOCK\RAFINERIA\PR03 BLOK PRZEROBU ROPY\DRW-IV|DR4.FC43354_SQR.PV;"2026-07-13 12:59:04,105011";"40,7020721435547"
\\PIAF\PKN Orlen\PI Vision\PKN Orlen\ZAKŁAD PRODUKCYJNY PŁOCK\RAFINERIA\PR03 BLOK PRZEROBU ROPY\DRW-IV|DR4.FC43354_SQR.PV;"2026-07-13 13:02:39,138016";"40,1987266540527"
\\PIAF\PKN Orlen\PI Vision\PKN Orlen\ZAKŁAD PRODUKCYJNY PŁOCK\RAFINERIA\PR03 BLOK PRZEROBU ROPY\DRW-IV|DR4.FC43354_SQR.PV;"2026-07-13 13:11:54,110001";"40,2911071777344"
\\PIAF\PKN Orlen\PI Vision\PKN Orlen\ZAKŁAD PRODUKCYJNY PŁOCK\RAFINERIA\PR03 BLOK PRZEROBU ROPY\DRW-IV|DR4.FC43354_SQR.PV;"2026-07-13 13:17:14,144012";"40,9705200195313"
\\PIAF\PKN Orlen\PI Vision\PKN Orlen\ZAKŁAD PRODUKCYJNY PŁOCK\RAFINERIA\PR03 BLOK PRZEROBU ROPY\DRW-IV|DR4.FC43354_SQR.PV;"2026-07-13 13:22:19,084015";"41,2325019836426"
\\PIAF\PKN Orlen\PI Vision\PKN Orlen\ZAKŁAD PRODUKCYJNY PŁOCK\RAFINERIA\PR03 BLOK PRZEROBU ROPY\DRW-IV|DR4.FC43354_SQR.PV;"2026-07-13 13:28:04,164001";"40,6700134277344"
\\PIAF\PKN Orlen\PI Vision\PKN Orlen\ZAKŁAD PRODUKCYJNY PŁOCK\RAFINERIA\PR03 BLOK PRZEROBU ROPY\DRW-IV|DR4.FC43354_SQR.PV;"2026-07-13 13:33:09,104004";"40,6026382446289"
\\PIAF\PKN Orlen\PI Vision\PKN Orlen\ZAKŁAD PRODUKCYJNY PŁOCK\RAFINERIA\PR03 BLOK PRZEROBU ROPY\DRW-IV|DR4.FC43354_SQR.PV;"2026-07-13 13:35:39,168014";"40,5401840209961"
\\PIAF\PKN Orlen\PI Vision\PKN Orlen\ZAKŁAD PRODUKCYJNY PŁOCK\RAFINERIA\PR03 BLOK PRZEROBU ROPY\DRW-IV|DR4.FC43354_SQR.PV;"2026-07-13 13:51:39,159012";"41,2003173828125"
\\PIAF\PKN Orlen\PI Vision\PKN Orlen\ZAKŁAD PRODUKCYJNY PŁOCK\RAFINERIA\PR03 BLOK PRZEROBU ROPY\DRW-IV|DR4.FC43354_SQR.PV;"2026-07-13 13:56:14,230011";"40,7485809326172"
\\PIAF\PKN Orlen\PI Vision\PKN Orlen\ZAKŁAD PRODUKCYJNY PŁOCK\RAFINERIA\PR03 BLOK PRZEROBU ROPY\DRW-IV|DR4.FC43354_SQR.PV;"2026-07-13 14:00:44,169006";"41,0070762634277"
\\PIAF\PKN Orlen\PI Vision\PKN Orlen\ZAKŁAD PRODUKCYJNY PŁOCK\RAFINERIA\PR03 BLOK PRZEROBU ROPY\DRW-IV|DR4.FC43354_SQR.PV;"2026-07-13 14:06:24,147003";"41,1575469970703"
\\PIAF\PKN Orlen\PI Vision\PKN Orlen\ZAKŁAD PRODUKCYJNY PŁOCK\RAFINERIA\PR03 BLOK PRZEROBU ROPY\DRW-IV|DR4.FC43354_SQR.PV;"2026-07-13 14:11:09,071014";"40,8201522827148"
\\PIAF\PKN Orlen\PI Vision\PKN Orlen\ZAKŁAD PRODUKCYJNY PŁOCK\RAFINERIA\PR03 BLOK PRZEROBU ROPY\DRW-IV|DR4.FC43354_SQR.PV;"2026-07-13 14:13:09,156006";"41,0630073547363"
\\PIAF\PKN Orlen\PI Vision\PKN Orlen\ZAKŁAD PRODUKCYJNY PŁOCK\RAFINERIA\PR03 BLOK PRZEROBU ROPY\DRW-IV|DR4.FC43354_SQR.PV;"2026-07-13 14:20:39,238006";"41,1333312988281"
\\PIAF\PKN Orlen\PI Vision\PKN Orlen\ZAKŁAD PRODUKCYJNY PŁOCK\RAFINERIA\PR03 BLOK PRZEROBU ROPY\DRW-IV|DR4.FC43354_SQR.PV;"2026-07-13 14:28:19,163009";"41,3168106079102"
\\PIAF\PKN Orlen\PI Vision\PKN Orlen\ZAKŁAD PRODUKCYJNY PŁOCK\RAFINERIA\PR03 BLOK PRZEROBU ROPY\DRW-IV|DR4.FC43354_SQR.PV;"2026-07-13 14:32:59,165008";"41,1505851745605"
\\PIAF\PKN Orlen\PI Vision\PKN Orlen\ZAKŁAD PRODUKCYJNY PŁOCK\RAFINERIA\PR03 BLOK PRZEROBU ROPY\DRW-IV|DR4.FC43354_SQR.PV;"2026-07-13 14:36:44,151001";"40,9892616271973"
\\PIAF\PKN Orlen\PI Vision\PKN Orlen\ZAKŁAD PRODUKCYJNY PŁOCK\RAFINERIA\PR03 BLOK PRZEROBU ROPY\DRW-IV|DR4.FC43354_SQR.PV;"2026-07-13 14:41:34,216003";"41,6922798156738"
\\PIAF\PKN Orlen\PI Vision\PKN Orlen\ZAKŁAD PRODUKCYJNY PŁOCK\RAFINERIA\PR03 BLOK PRZEROBU ROPY\DRW-IV|DR4.FC43354_SQR.PV;"2026-07-13 14:44:44,202011";"41,7766876220703"
\\PIAF\PKN Orlen\PI Vision\PKN Orlen\ZAKŁAD PRODUKCYJNY PŁOCK\RAFINERIA\PR03 BLOK PRZEROBU ROPY\DRW-IV|DR4.FC43354_SQR.PV;"2026-07-13 14:47:59,216003";"41,5972328186035"
\\PIAF\PKN Orlen\PI Vision\PKN Orlen\ZAKŁAD PRODUKCYJNY PŁOCK\RAFINERIA\PR03 BLOK PRZEROBU ROPY\DRW-IV|DR4.FC43354_SQR.PV;"2026-07-13 14:49:04,185013";"41,3943748474121"
\\PIAF\PKN Orlen\PI Vision\PKN Orlen\ZAKŁAD PRODUKCYJNY PŁOCK\RAFINERIA\PR03 BLOK PRZEROBU ROPY\DRW-IV|DR4.FC43354_SQR.PV;"2026-07-13 14:52:49,171005";"41,608097076416"
\\PIAF\PKN Orlen\PI Vision\PKN Orlen\ZAKŁAD PRODUKCYJNY PŁOCK\RAFINERIA\PR03 BLOK PRZEROBU ROPY\DRW-IV|DR4.FC43354_SQR.PV;"2026-07-13 14:56:19,173004";"42,7776260375977"
\\PIAF\PKN Orlen\PI Vision\PKN Orlen\ZAKŁAD PRODUKCYJNY PŁOCK\RAFINERIA\PR03 BLOK PRZEROBU ROPY\DRW-IV|DR4.FC43354_SQR.PV;"2026-07-13 14:57:24,251007";"43,2599296569824"
\\PIAF\PKN Orlen\PI Vision\PKN Orlen\ZAKŁAD PRODUKCYJNY PŁOCK\RAFINERIA\PR03 BLOK PRZEROBU ROPY\DRW-IV|DR4.FC43354_SQR.PV;"2026-07-13 14:59:19,205002";"43,7015342712402"
\\PIAF\PKN Orlen\PI Vision\PKN Orlen\ZAKŁAD PRODUKCYJNY PŁOCK\RAFINERIA\PR03 BLOK PRZEROBU ROPY\DRW-IV|DR4.FC43354_SQR.PV;"2026-07-13 15:06:29,162002";"43,0386161804199"
\\PIAF\PKN Orlen\PI Vision\PKN Orlen\ZAKŁAD PRODUKCYJNY PŁOCK\RAFINERIA\PR03 BLOK PRZEROBU ROPY\DRW-IV|DR4.FC43354_SQR.PV;"2026-07-13 15:11:54,227005";"43,5269546508789"
\\PIAF\PKN Orlen\PI Vision\PKN Orlen\ZAKŁAD PRODUKCYJNY PŁOCK\RAFINERIA\PR03 BLOK PRZEROBU ROPY\DRW-IV|DR4.FC43354_SQR.PV;"2026-07-13 15:14:39,165008";"44,24365234375"
\\PIAF\PKN Orlen\PI Vision\PKN Orlen\ZAKŁAD PRODUKCYJNY PŁOCK\RAFINERIA\PR03 BLOK PRZEROBU ROPY\DRW-IV|DR4.FC43354_SQR.PV;"2026-07-13 15:19:39,183014";"44,1344413757324"
\\PIAF\PKN Orlen\PI Vision\PKN Orlen\ZAKŁAD PRODUKCYJNY PŁOCK\RAFINERIA\PR03 BLOK PRZEROBU ROPY\DRW-IV|DR4.FC43354_SQR.PV;"2026-07-13 15:22:29,153";"43,8528213500977"
\\PIAF\PKN Orlen\PI Vision\PKN Orlen\ZAKŁAD PRODUKCYJNY PŁOCK\RAFINERIA\PR03 BLOK PRZEROBU ROPY\DRW-IV|DR4.FC43354_SQR.PV;"2026-07-13 15:34:54,221008";"44,2741584777832"
\\PIAF\PKN Orlen\PI Vision\PKN Orlen\ZAKŁAD PRODUKCYJNY PŁOCK\RAFINERIA\PR03 BLOK PRZEROBU ROPY\DRW-IV|DR4.FC43354_SQR.PV;"2026-07-13 15:35:59,190002";"44,0295143127441"
\\PIAF\PKN Orlen\PI Vision\PKN Orlen\ZAKŁAD PRODUKCYJNY PŁOCK\RAFINERIA\PR03 BLOK PRZEROBU ROPY\DRW-IV|DR4.FC43354_SQR.PV;"2026-07-13 15:49:09,212006";"43,6262741088867"
\\PIAF\PKN Orlen\PI Vision\PKN Orlen\ZAKŁAD PRODUKCYJNY PŁOCK\RAFINERIA\PR03 BLOK PRZEROBU ROPY\DRW-IV|DR4.FC43354_SQR.PV;"2026-07-13 15:52:54,198013";"43,00634765625"
\\PIAF\PKN Orlen\PI Vision\PKN Orlen\ZAKŁAD PRODUKCYJNY PŁOCK\RAFINERIA\PR03 BLOK PRZEROBU ROPY\DRW-IV|DR4.FC43354_SQR.PV;"2026-07-13 15:56:39,184005";"42,731071472168"
\\PIAF\PKN Orlen\PI Vision\PKN Orlen\ZAKŁAD PRODUKCYJNY PŁOCK\RAFINERIA\PR03 BLOK PRZEROBU ROPY\DRW-IV|DR4.FC43354_SQR.PV;"2026-07-13 16:00:34,123001";"42,9883918762207"
\\PIAF\PKN Orlen\PI Vision\PKN Orlen\ZAKŁAD PRODUKCYJNY PŁOCK\RAFINERIA\PR03 BLOK PRZEROBU ROPY\DRW-IV|DR4.FC43354_SQR.PV;"2026-07-13 16:03:04,187011";"42,7272796630859"
\\PIAF\PKN Orlen\PI Vision\PKN Orlen\ZAKŁAD PRODUKCYJNY PŁOCK\RAFINERIA\PR03 BLOK PRZEROBU ROPY\DRW-IV|DR4.FC43354_SQR.PV;"2026-07-13 16:05:09,203003";"42,0746994018555"
\\PIAF\PKN Orlen\PI Vision\PKN Orlen\ZAKŁAD PRODUKCYJNY PŁOCK\RAFINERIA\PR03 BLOK PRZEROBU ROPY\DRW-IV|DR4.FC43354_SQR.PV;"2026-07-13 16:08:44,126999";"41,3498954772949"
\\PIAF\PKN Orlen\PI Vision\PKN Orlen\ZAKŁAD PRODUKCYJNY PŁOCK\RAFINERIA\PR03 BLOK PRZEROBU ROPY\DRW-IV|DR4.FC43354_SQR.PV;"2026-07-13 16:13:44,109009";"41,4206962585449"
\\PIAF\PKN Orlen\PI Vision\PKN Orlen\ZAKŁAD PRODUKCYJNY PŁOCK\RAFINERIA\PR03 BLOK PRZEROBU ROPY\DRW-IV|DR4.FC43354_SQR.PV;"2026-07-13 16:16:54,078003";"42,6779136657715"
\\PIAF\PKN Orlen\PI Vision\PKN Orlen\ZAKŁAD PRODUKCYJNY PŁOCK\RAFINERIA\PR03 BLOK PRZEROBU ROPY\DRW-IV|DR4.FC43354_SQR.PV;"2026-07-13 16:20:04,14801";"42,7441635131836"
\\PIAF\PKN Orlen\PI Vision\PKN Orlen\ZAKŁAD PRODUKCYJNY PŁOCK\RAFINERIA\PR03 BLOK PRZEROBU ROPY\DRW-IV|DR4.FC43354_SQR.PV;"2026-07-13 16:22:59,104004";"42,5140609741211"
\\PIAF\PKN Orlen\PI Vision\PKN Orlen\ZAKŁAD PRODUKCYJNY PŁOCK\RAFINERIA\PR03 BLOK PRZEROBU ROPY\DRW-IV|DR4.FC43354_SQR.PV;"2026-07-13 16:26:54,112";"43,0680694580078"
\\PIAF\PKN Orlen\PI Vision\PKN Orlen\ZAKŁAD PRODUKCYJNY PŁOCK\RAFINERIA\PR03 BLOK PRZEROBU ROPY\DRW-IV|DR4.FC43354_SQR.PV;"2026-07-13 16:28:29,097";"43,5473594665527"
\\PIAF\PKN Orlen\PI Vision\PKN Orlen\ZAKŁAD PRODUKCYJNY PŁOCK\RAFINERIA\PR03 BLOK PRZEROBU ROPY\DRW-IV|DR4.FC43354_SQR.PV;"2026-07-13 16:31:19,138";"43,910816192627"
\\PIAF\PKN Orlen\PI Vision\PKN Orlen\ZAKŁAD PRODUKCYJNY PŁOCK\RAFINERIA\PR03 BLOK PRZEROBU ROPY\DRW-IV|DR4.FC43354_SQR.PV;"2026-07-13 16:37:54,203003";"44,2677803039551"
\\PIAF\PKN Orlen\PI Vision\PKN Orlen\ZAKŁAD PRODUKCYJNY PŁOCK\RAFINERIA\PR03 BLOK PRZEROBU ROPY\DRW-IV|DR4.FC43354_SQR.PV;"2026-07-13 16:42:49,190002";"43,9180450439453"
\\PIAF\PKN Orlen\PI Vision\PKN Orlen\ZAKŁAD PRODUKCYJNY PŁOCK\RAFINERIA\PR03 BLOK PRZEROBU ROPY\DRW-IV|DR4.FC43354_SQR.PV;"2026-07-13 16:48:34,161011";"44,3333396911621"
\\PIAF\PKN Orlen\PI Vision\PKN Orlen\ZAKŁAD PRODUKCYJNY PŁOCK\RAFINERIA\PR03 BLOK PRZEROBU ROPY\DRW-IV|DR4.FC43354_SQR.PV;"2026-07-13 16:54:04,14801";"44,6205863952637"
\\PIAF\PKN Orlen\PI Vision\PKN Orlen\ZAKŁAD PRODUKCYJNY PŁOCK\RAFINERIA\PR03 BLOK PRZEROBU ROPY\DRW-IV|DR4.FC43354_SQR.PV;"2026-07-13 17:02:24,104004";"43,4973106384277"
\\PIAF\PKN Orlen\PI Vision\PKN Orlen\ZAKŁAD PRODUKCYJNY PŁOCK\RAFINERIA\PR03 BLOK PRZEROBU ROPY\DRW-IV|DR4.FC43354_SQR.PV;"2026-07-13 17:08:34,123001";"44,4801406860352"
\\PIAF\PKN Orlen\PI Vision\PKN Orlen\ZAKŁAD PRODUKCYJNY PŁOCK\RAFINERIA\PR03 BLOK PRZEROBU ROPY\DRW-IV|DR4.FC43354_SQR.PV;"2026-07-13 17:15:44,188004";"44,3603668212891"
\\PIAF\PKN Orlen\PI Vision\PKN Orlen\ZAKŁAD PRODUKCYJNY PŁOCK\RAFINERIA\PR03 BLOK PRZEROBU ROPY\DRW-IV|DR4.FC43354_SQR.PV;"2026-07-13 17:18:39,190002";"44,2738952636719"
\\PIAF\PKN Orlen\PI Vision\PKN Orlen\ZAKŁAD PRODUKCYJNY PŁOCK\RAFINERIA\PR03 BLOK PRZEROBU ROPY\DRW-IV|DR4.FC43354_SQR.PV;"2026-07-13 17:25:29,130005";"45,0206642150879"
\\PIAF\PKN Orlen\PI Vision\PKN Orlen\ZAKŁAD PRODUKCYJNY PŁOCK\RAFINERIA\PR03 BLOK PRZEROBU ROPY\DRW-IV|DR4.FC43354_SQR.PV;"2026-07-13 17:32:19,180008";"44,0718727111816"
\\PIAF\PKN Orlen\PI Vision\PKN Orlen\ZAKŁAD PRODUKCYJNY PŁOCK\RAFINERIA\PR03 BLOK PRZEROBU ROPY\DRW-IV|DR4.FC43354_SQR.PV;"2026-07-13 17:39:24,105011";"44,2425117492676"
\\PIAF\PKN Orlen\PI Vision\PKN Orlen\ZAKŁAD PRODUKCYJNY PŁOCK\RAFINERIA\PR03 BLOK PRZEROBU ROPY\DRW-IV|DR4.FC43354_SQR.PV;"2026-07-13 17:47:04,139999";"43,6934356689453"
\\PIAF\PKN Orlen\PI Vision\PKN Orlen\ZAKŁAD PRODUKCYJNY PŁOCK\RAFINERIA\PR03 BLOK PRZEROBU ROPY\DRW-IV|DR4.FC43354_SQR.PV;"2026-07-13 17:52:54,142014";"43,6994018554688"
\\PIAF\PKN Orlen\PI Vision\PKN Orlen\ZAKŁAD PRODUKCYJNY PŁOCK\RAFINERIA\PR03 BLOK PRZEROBU ROPY\DRW-IV|DR4.FC43354_SQR.PV;"2026-07-13 18:02:14,146011";"44,3680458068848"
\\PIAF\PKN Orlen\PI Vision\PKN Orlen\ZAKŁAD PRODUKCYJNY PŁOCK\RAFINERIA\PR03 BLOK PRZEROBU ROPY\DRW-IV|DR4.FC43354_SQR.PV;"2026-07-13 18:05:44,14801";"43,8670539855957"
\\PIAF\PKN Orlen\PI Vision\PKN Orlen\ZAKŁAD PRODUKCYJNY PŁOCK\RAFINERIA\PR03 BLOK PRZEROBU ROPY\DRW-IV|DR4.FC43354_SQR.PV;"2026-07-13 18:09:29,134002";"44,2817420959473"
\\PIAF\PKN Orlen\PI Vision\PKN Orlen\ZAKŁAD PRODUKCYJNY PŁOCK\RAFINERIA\PR03 BLOK PRZEROBU ROPY\DRW-IV|DR4.FC43354_SQR.PV;"2026-07-13 18:11:14,13501";"44,8501167297363"
\\PIAF\PKN Orlen\PI Vision\PKN Orlen\ZAKŁAD PRODUKCYJNY PŁOCK\RAFINERIA\PR03 BLOK PRZEROBU ROPY\DRW-IV|DR4.FC43354_SQR.PV;"2026-07-13 18:15:44,154007";"45,0111961364746"
\\PIAF\PKN Orlen\PI Vision\PKN Orlen\ZAKŁAD PRODUKCYJNY PŁOCK\RAFINERIA\PR03 BLOK PRZEROBU ROPY\DRW-IV|DR4.FC43354_SQR.PV;"2026-07-13 18:21:04,078003";"44,1455535888672"
\\PIAF\PKN Orlen\PI Vision\PKN Orlen\ZAKŁAD PRODUKCYJNY PŁOCK\RAFINERIA\PR03 BLOK PRZEROBU ROPY\DRW-IV|DR4.FC43354_SQR.PV;"2026-07-13 18:25:49,111007";"44,5351943969727"
\\PIAF\PKN Orlen\PI Vision\PKN Orlen\ZAKŁAD PRODUKCYJNY PŁOCK\RAFINERIA\PR03 BLOK PRZEROBU ROPY\DRW-IV|DR4.FC43354_SQR.PV;"2026-07-13 18:29:29,175003";"45,0286483764648"
\\PIAF\PKN Orlen\PI Vision\PKN Orlen\ZAKŁAD PRODUKCYJNY PŁOCK\RAFINERIA\PR03 BLOK PRZEROBU ROPY\DRW-IV|DR4.FC43354_SQR.PV;"2026-07-13 18:38:24,132004";"44,2087554931641"
\\PIAF\PKN Orlen\PI Vision\PKN Orlen\ZAKŁAD PRODUKCYJNY PŁOCK\RAFINERIA\PR03 BLOK PRZEROBU ROPY\DRW-IV|DR4.FC43354_SQR.PV;"2026-07-13 18:47:09,136002";"44,3784599304199"
\\PIAF\PKN Orlen\PI Vision\PKN Orlen\ZAKŁAD PRODUKCYJNY PŁOCK\RAFINERIA\PR03 BLOK PRZEROBU ROPY\DRW-IV|DR4.FC43354_SQR.PV;"2026-07-13 18:56:49,256012";"44,1995391845703"
\\PIAF\PKN Orlen\PI Vision\PKN Orlen\ZAKŁAD PRODUKCYJNY PŁOCK\RAFINERIA\PR03 BLOK PRZEROBU ROPY\DRW-IV|DR4.FC43354_SQR.PV;"2026-07-13 19:02:24,165008";"44,5461578369141"
\\PIAF\PKN Orlen\PI Vision\PKN Orlen\ZAKŁAD PRODUKCYJNY PŁOCK\RAFINERIA\PR03 BLOK PRZEROBU ROPY\DRW-IV|DR4.FC43354_SQR.PV;"2026-07-13 19:07:34,24501";"44,4545822143555"
\\PIAF\PKN Orlen\PI Vision\PKN Orlen\ZAKŁAD PRODUKCYJNY PŁOCK\RAFINERIA\PR03 BLOK PRZEROBU ROPY\DRW-IV|DR4.FC43354_SQR.PV;"2026-07-13 19:13:29,170013";"44,551025390625"
\\PIAF\PKN Orlen\PI Vision\PKN Orlen\ZAKŁAD PRODUKCYJNY PŁOCK\RAFINERIA\PR03 BLOK PRZEROBU ROPY\DRW-IV|DR4.FC43354_SQR.PV;"2026-07-13 19:21:39,173004";"44,6461982727051"
\\PIAF\PKN Orlen\PI Vision\PKN Orlen\ZAKŁAD PRODUKCYJNY PŁOCK\RAFINERIA\PR03 BLOK PRZEROBU ROPY\DRW-IV|DR4.FC43354_SQR.PV;"2026-07-13 19:30:59,177002";"44,8061676025391"
\\PIAF\PKN Orlen\PI Vision\PKN Orlen\ZAKŁAD PRODUKCYJNY PŁOCK\RAFINERIA\PR03 BLOK PRZEROBU ROPY\DRW-IV|DR4.FC43354_SQR.PV;"2026-07-13 19:36:34,195007";"45,0974769592285"
\\PIAF\PKN Orlen\PI Vision\PKN Orlen\ZAKŁAD PRODUKCYJNY PŁOCK\RAFINERIA\PR03 BLOK PRZEROBU ROPY\DRW-IV|DR4.FC43354_SQR.PV;"2026-07-13 19:42:39,182007";"44,6606903076172"
\\PIAF\PKN Orlen\PI Vision\PKN Orlen\ZAKŁAD PRODUKCYJNY PŁOCK\RAFINERIA\PR03 BLOK PRZEROBU ROPY\DRW-IV|DR4.FC43354_SQR.PV;"2026-07-13 19:50:19,21701";"45,5596466064453"
\\PIAF\PKN Orlen\PI Vision\PKN Orlen\ZAKŁAD PRODUKCYJNY PŁOCK\RAFINERIA\PR03 BLOK PRZEROBU ROPY\DRW-IV|DR4.FC43354_SQR.PV;"2026-07-13 19:54:09,234009";"45,4734382629395"
\\PIAF\PKN Orlen\PI Vision\PKN Orlen\ZAKŁAD PRODUKCYJNY PŁOCK\RAFINERIA\PR03 BLOK PRZEROBU ROPY\DRW-IV|DR4.FC43354_SQR.PV;"2026-07-13 19:58:59,190002";"45,1673126220703"
\\PIAF\PKN Orlen\PI Vision\PKN Orlen\ZAKŁAD PRODUKCYJNY PŁOCK\RAFINERIA\PR03 BLOK PRZEROBU ROPY\DRW-IV|DR4.FC43354_SQR.PV;"2026-07-13 20:10:19,179001";"45,3534774780273"
\\PIAF\PKN Orlen\PI Vision\PKN Orlen\ZAKŁAD PRODUKCYJNY PŁOCK\RAFINERIA\PR03 BLOK PRZEROBU ROPY\DRW-IV|DR4.FC43354_SQR.PV;"2026-07-13 20:17:19,182007";"45,0236663818359"
\\PIAF\PKN Orlen\PI Vision\PKN Orlen\ZAKŁAD PRODUKCYJNY PŁOCK\RAFINERIA\PR03 BLOK PRZEROBU ROPY\DRW-IV|DR4.FC43354_SQR.PV;"2026-07-13 20:26:09,21701";"45,1272163391113"
\\PIAF\PKN Orlen\PI Vision\PKN Orlen\ZAKŁAD PRODUKCYJNY PŁOCK\RAFINERIA\PR03 BLOK PRZEROBU ROPY\DRW-IV|DR4.FC43354_SQR.PV;"2026-07-13 20:29:39,219009";"45,3778762817383"
\\PIAF\PKN Orlen\PI Vision\PKN Orlen\ZAKŁAD PRODUKCYJNY PŁOCK\RAFINERIA\PR03 BLOK PRZEROBU ROPY\DRW-IV|DR4.FC43354_SQR.PV;"2026-07-13 20:35:14,127014";"45,2674217224121"
\\PIAF\PKN Orlen\PI Vision\PKN Orlen\ZAKŁAD PRODUKCYJNY PŁOCK\RAFINERIA\PR03 BLOK PRZEROBU ROPY\DRW-IV|DR4.FC43354_SQR.PV;"2026-07-13 20:40:04,192001";"45,5025520324707"
\\PIAF\PKN Orlen\PI Vision\PKN Orlen\ZAKŁAD PRODUKCYJNY PŁOCK\RAFINERIA\PR03 BLOK PRZEROBU ROPY\DRW-IV|DR4.FC43354_SQR.PV;"2026-07-13 20:42:19,162002";"45,2527542114258"
\\PIAF\PKN Orlen\PI Vision\PKN Orlen\ZAKŁAD PRODUKCYJNY PŁOCK\RAFINERIA\PR03 BLOK PRZEROBU ROPY\DRW-IV|DR4.FC43354_SQR.PV;"2026-07-13 20:49:39,181015";"45,5000839233398"
\\PIAF\PKN Orlen\PI Vision\PKN Orlen\ZAKŁAD PRODUKCYJNY PŁOCK\RAFINERIA\PR03 BLOK PRZEROBU ROPY\DRW-IV|DR4.FC43354_SQR.PV;"2026-07-13 20:56:44,215012";"45,1099281311035"
\\PIAF\PKN Orlen\PI Vision\PKN Orlen\ZAKŁAD PRODUKCYJNY PŁOCK\RAFINERIA\PR03 BLOK PRZEROBU ROPY\DRW-IV|DR4.FC43354_SQR.PV;"2026-07-13 21:01:39,201004";"45,0810203552246"
\\PIAF\PKN Orlen\PI Vision\PKN Orlen\ZAKŁAD PRODUKCYJNY PŁOCK\RAFINERIA\PR03 BLOK PRZEROBU ROPY\DRW-IV|DR4.FC43354_SQR.PV;"2026-07-13 21:12:44,206009";"45,1357727050781"
\\PIAF\PKN Orlen\PI Vision\PKN Orlen\ZAKŁAD PRODUKCYJNY PŁOCK\RAFINERIA\PR03 BLOK PRZEROBU ROPY\DRW-IV|DR4.FC43354_SQR.PV;"2026-07-13 21:15:19,192001";"45,1570739746094"
\\PIAF\PKN Orlen\PI Vision\PKN Orlen\ZAKŁAD PRODUKCYJNY PŁOCK\RAFINERIA\PR03 BLOK PRZEROBU ROPY\DRW-IV|DR4.FC43354_SQR.PV;"2026-07-13 21:26:34,150009";"45,1845016479492"
\\PIAF\PKN Orlen\PI Vision\PKN Orlen\ZAKŁAD PRODUKCYJNY PŁOCK\RAFINERIA\PR03 BLOK PRZEROBU ROPY\DRW-IV|DR4.FC43354_SQR.PV;"2026-07-13 21:31:04,199005";"45,2916641235352"
\\PIAF\PKN Orlen\PI Vision\PKN Orlen\ZAKŁAD PRODUKCYJNY PŁOCK\RAFINERIA\PR03 BLOK PRZEROBU ROPY\DRW-IV|DR4.FC43354_SQR.PV;"2026-07-13 21:34:59,138";"45,4444389343262"
\\PIAF\PKN Orlen\PI Vision\PKN Orlen\ZAKŁAD PRODUKCYJNY PŁOCK\RAFINERIA\PR03 BLOK PRZEROBU ROPY\DRW-IV|DR4.FC43354_SQR.PV;"2026-07-13 21:41:54,110001";"45,4411544799805"
\\PIAF\PKN Orlen\PI Vision\PKN Orlen\ZAKŁAD PRODUKCYJNY PŁOCK\RAFINERIA\PR03 BLOK PRZEROBU ROPY\DRW-IV|DR4.FC43354_SQR.PV;"2026-07-13 21:46:29,190002";"45,3750839233398"
\\PIAF\PKN Orlen\PI Vision\PKN Orlen\ZAKŁAD PRODUKCYJNY PŁOCK\RAFINERIA\PR03 BLOK PRZEROBU ROPY\DRW-IV|DR4.FC43354_SQR.PV;"2026-07-13 21:49:09,097";"45,5037994384766"
\\PIAF\PKN Orlen\PI Vision\PKN Orlen\ZAKŁAD PRODUKCYJNY PŁOCK\RAFINERIA\PR03 BLOK PRZEROBU ROPY\DRW-IV|DR4.FC43354_SQR.PV;"2026-07-13 21:54:54,178009";"47,184440612793"
\\PIAF\PKN Orlen\PI Vision\PKN Orlen\ZAKŁAD PRODUKCYJNY PŁOCK\RAFINERIA\PR03 BLOK PRZEROBU ROPY\DRW-IV|DR4.FC43354_SQR.PV;"2026-07-13 21:57:29,164001";"46,8742599487305"
\\PIAF\PKN Orlen\PI Vision\PKN Orlen\ZAKŁAD PRODUKCYJNY PŁOCK\RAFINERIA\PR03 BLOK PRZEROBU ROPY\DRW-IV|DR4.FC43354_SQR.PV;"2026-07-13 22:00:29,195999";"45,321964263916"
\\PIAF\PKN Orlen\PI Vision\PKN Orlen\ZAKŁAD PRODUKCYJNY PŁOCK\RAFINERIA\PR03 BLOK PRZEROBU ROPY\DRW-IV|DR4.FC43354_SQR.PV;"2026-07-13 22:04:24,13501";"44,6746673583984"
\\PIAF\PKN Orlen\PI Vision\PKN Orlen\ZAKŁAD PRODUKCYJNY PŁOCK\RAFINERIA\PR03 BLOK PRZEROBU ROPY\DRW-IV|DR4.FC43354_SQR.PV;"2026-07-13 22:08:59,106003";"45,5005416870117"
\\PIAF\PKN Orlen\PI Vision\PKN Orlen\ZAKŁAD PRODUKCYJNY PŁOCK\RAFINERIA\PR03 BLOK PRZEROBU ROPY\DRW-IV|DR4.FC43354_SQR.PV;"2026-07-13 22:09:59,153";"45,2840881347656"
\\PIAF\PKN Orlen\PI Vision\PKN Orlen\ZAKŁAD PRODUKCYJNY PŁOCK\RAFINERIA\PR03 BLOK PRZEROBU ROPY\DRW-IV|DR4.FC43354_SQR.PV;"2026-07-13 22:11:34,09201";"44,9606018066406"
\\PIAF\PKN Orlen\PI Vision\PKN Orlen\ZAKŁAD PRODUKCYJNY PŁOCK\RAFINERIA\PR03 BLOK PRZEROBU ROPY\DRW-IV|DR4.FC43354_SQR.PV;"2026-07-13 22:16:54,125";"45,0565299987793"
\\PIAF\PKN Orlen\PI Vision\PKN Orlen\ZAKŁAD PRODUKCYJNY PŁOCK\RAFINERIA\PR03 BLOK PRZEROBU ROPY\DRW-IV|DR4.FC43354_SQR.PV;"2026-07-13 22:23:49,206009";"45,8391189575195"
\\PIAF\PKN Orlen\PI Vision\PKN Orlen\ZAKŁAD PRODUKCYJNY PŁOCK\RAFINERIA\PR03 BLOK PRZEROBU ROPY\DRW-IV|DR4.FC43354_SQR.PV;"2026-07-13 22:28:54,174011";"45,6039199829102"
\\PIAF\PKN Orlen\PI Vision\PKN Orlen\ZAKŁAD PRODUKCYJNY PŁOCK\RAFINERIA\PR03 BLOK PRZEROBU ROPY\DRW-IV|DR4.FC43354_SQR.PV;"2026-07-13 22:35:44,114013";"46,3579711914063"
\\PIAF\PKN Orlen\PI Vision\PKN Orlen\ZAKŁAD PRODUKCYJNY PŁOCK\RAFINERIA\PR03 BLOK PRZEROBU ROPY\DRW-IV|DR4.FC43354_SQR.PV;"2026-07-13 22:38:09,147003";"46,6493186950684"
\\PIAF\PKN Orlen\PI Vision\PKN Orlen\ZAKŁAD PRODUKCYJNY PŁOCK\RAFINERIA\PR03 BLOK PRZEROBU ROPY\DRW-IV|DR4.FC43354_SQR.PV;"2026-07-13 22:42:39,086014";"46,3469657897949"
\\PIAF\PKN Orlen\PI Vision\PKN Orlen\ZAKŁAD PRODUKCYJNY PŁOCK\RAFINERIA\PR03 BLOK PRZEROBU ROPY\DRW-IV|DR4.FC43354_SQR.PV;"2026-07-13 22:51:59,090012";"46,7449760437012"
\\PIAF\PKN Orlen\PI Vision\PKN Orlen\ZAKŁAD PRODUKCYJNY PŁOCK\RAFINERIA\PR03 BLOK PRZEROBU ROPY\DRW-IV|DR4.FC43354_SQR.PV;"2026-07-13 22:57:09,170013";"46,0997619628906"
\\PIAF\PKN Orlen\PI Vision\PKN Orlen\ZAKŁAD PRODUKCYJNY PŁOCK\RAFINERIA\PR03 BLOK PRZEROBU ROPY\DRW-IV|DR4.FC43354_SQR.PV;"2026-07-13 23:04:19,127014";"47,5324859619141"
\\PIAF\PKN Orlen\PI Vision\PKN Orlen\ZAKŁAD PRODUKCYJNY PŁOCK\RAFINERIA\PR03 BLOK PRZEROBU ROPY\DRW-IV|DR4.FC43354_SQR.PV;"2026-07-13 23:07:29,113006";"48,161491394043"
\\PIAF\PKN Orlen\PI Vision\PKN Orlen\ZAKŁAD PRODUKCYJNY PŁOCK\RAFINERIA\PR03 BLOK PRZEROBU ROPY\DRW-IV|DR4.FC43354_SQR.PV;"2026-07-13 23:12:19,068008";"47,3687973022461"
\\PIAF\PKN Orlen\PI Vision\PKN Orlen\ZAKŁAD PRODUKCYJNY PŁOCK\RAFINERIA\PR03 BLOK PRZEROBU ROPY\DRW-IV|DR4.FC43354_SQR.PV;"2026-07-13 23:17:54,086014";"47,3871765136719"
\\PIAF\PKN Orlen\PI Vision\PKN Orlen\ZAKŁAD PRODUKCYJNY PŁOCK\RAFINERIA\PR03 BLOK PRZEROBU ROPY\DRW-IV|DR4.FC43354_SQR.PV;"2026-07-13 23:22:14,072006";"47,6065635681152"
\\PIAF\PKN Orlen\PI Vision\PKN Orlen\ZAKŁAD PRODUKCYJNY PŁOCK\RAFINERIA\PR03 BLOK PRZEROBU ROPY\DRW-IV|DR4.FC43354_SQR.PV;"2026-07-13 23:28:09,106003";"47,4247055053711"
\\PIAF\PKN Orlen\PI Vision\PKN Orlen\ZAKŁAD PRODUKCYJNY PŁOCK\RAFINERIA\PR03 BLOK PRZEROBU ROPY\DRW-IV|DR4.FC43354_SQR.PV;"2026-07-13 23:33:54,177002";"48,5841903686523"
\\PIAF\PKN Orlen\PI Vision\PKN Orlen\ZAKŁAD PRODUKCYJNY PŁOCK\RAFINERIA\PR03 BLOK PRZEROBU ROPY\DRW-IV|DR4.FC43354_SQR.PV;"2026-07-13 23:39:04,258011";"48,5506706237793"
\\PIAF\PKN Orlen\PI Vision\PKN Orlen\ZAKŁAD PRODUKCYJNY PŁOCK\RAFINERIA\PR03 BLOK PRZEROBU ROPY\DRW-IV|DR4.FC43354_SQR.PV;"2026-07-13 23:41:59,259002";"48,9043159484863"
\\PIAF\PKN Orlen\PI Vision\PKN Orlen\ZAKŁAD PRODUKCYJNY PŁOCK\RAFINERIA\PR03 BLOK PRZEROBU ROPY\DRW-IV|DR4.FC43354_SQR.PV;"2026-07-13 23:46:44,183014";"50,1786041259766"
\\PIAF\PKN Orlen\PI Vision\PKN Orlen\ZAKŁAD PRODUKCYJNY PŁOCK\RAFINERIA\PR03 BLOK PRZEROBU ROPY\DRW-IV|DR4.FC43354_SQR.PV;"2026-07-13 23:51:14,23201";"49,8339767456055"
\\PIAF\PKN Orlen\PI Vision\PKN Orlen\ZAKŁAD PRODUKCYJNY PŁOCK\RAFINERIA\PR03 BLOK PRZEROBU ROPY\DRW-IV|DR4.FC43354_SQR.PV;"2026-07-13 23:54:09,233001";"49,2021179199219"
\\PIAF\PKN Orlen\PI Vision\PKN Orlen\ZAKŁAD PRODUKCYJNY PŁOCK\RAFINERIA\PR03 BLOK PRZEROBU ROPY\DRW-IV|DR4.FC43354_SQR.PV;"2026-07-13 23:58:04,172012";"49,5249633789063"
\\PIAF\PKN Orlen\PI Vision\PKN Orlen\ZAKŁAD PRODUKCYJNY PŁOCK\RAFINERIA\PR03 BLOK PRZEROBU ROPY\DRW-IV|DR4.FC43354_SQR.PV;"2026-07-14 00:02:39,252014";"50,6283073425293"
\\PIAF\PKN Orlen\PI Vision\PKN Orlen\ZAKŁAD PRODUKCYJNY PŁOCK\RAFINERIA\PR03 BLOK PRZEROBU ROPY\DRW-IV|DR4.FC43354_SQR.PV;"2026-07-14 00:08:49,271011";"50,5096702575684"
\\PIAF\PKN Orlen\PI Vision\PKN Orlen\ZAKŁAD PRODUKCYJNY PŁOCK\RAFINERIA\PR03 BLOK PRZEROBU ROPY\DRW-IV|DR4.FC43354_SQR.PV;"2026-07-14 00:13:29,182007";"51,5308799743652"
\\PIAF\PKN Orlen\PI Vision\PKN Orlen\ZAKŁAD PRODUKCYJNY PŁOCK\RAFINERIA\PR03 BLOK PRZEROBU ROPY\DRW-IV|DR4.FC43354_SQR.PV;"2026-07-14 00:17:14,167999";"51,8209800720215"
\\PIAF\PKN Orlen\PI Vision\PKN Orlen\ZAKŁAD PRODUKCYJNY PŁOCK\RAFINERIA\PR03 BLOK PRZEROBU ROPY\DRW-IV|DR4.FC43354_SQR.PV;"2026-07-14 00:22:14,185013";"52,3727149963379"
\\PIAF\PKN Orlen\PI Vision\PKN Orlen\ZAKŁAD PRODUKCYJNY PŁOCK\RAFINERIA\PR03 BLOK PRZEROBU ROPY\DRW-IV|DR4.FC43354_SQR.PV;"2026-07-14 00:29:49,189011";"52,0624923706055"
\\PIAF\PKN Orlen\PI Vision\PKN Orlen\ZAKŁAD PRODUKCYJNY PŁOCK\RAFINERIA\PR03 BLOK PRZEROBU ROPY\DRW-IV|DR4.FC43354_SQR.PV;"2026-07-14 00:35:29,238006";"50,9258804321289"
\\PIAF\PKN Orlen\PI Vision\PKN Orlen\ZAKŁAD PRODUKCYJNY PŁOCK\RAFINERIA\PR03 BLOK PRZEROBU ROPY\DRW-IV|DR4.FC43354_SQR.PV;"2026-07-14 00:39:24,177002";"50,8027877807617"
\\PIAF\PKN Orlen\PI Vision\PKN Orlen\ZAKŁAD PRODUKCYJNY PŁOCK\RAFINERIA\PR03 BLOK PRZEROBU ROPY\DRW-IV|DR4.FC43354_SQR.PV;"2026-07-14 00:51:34,151001";"51,0795402526855"
\\PIAF\PKN Orlen\PI Vision\PKN Orlen\ZAKŁAD PRODUKCYJNY PŁOCK\RAFINERIA\PR03 BLOK PRZEROBU ROPY\DRW-IV|DR4.FC43354_SQR.PV;"2026-07-14 00:56:04,200012";"51,3608703613281"
\\PIAF\PKN Orlen\PI Vision\PKN Orlen\ZAKŁAD PRODUKCYJNY PŁOCK\RAFINERIA\PR03 BLOK PRZEROBU ROPY\DRW-IV|DR4.FC43354_SQR.PV;"2026-07-14 01:03:04,203003";"50,4717674255371"
\\PIAF\PKN Orlen\PI Vision\PKN Orlen\ZAKŁAD PRODUKCYJNY PŁOCK\RAFINERIA\PR03 BLOK PRZEROBU ROPY\DRW-IV|DR4.FC43354_SQR.PV;"2026-07-14 01:06:24,142014";"50,5385360717773"
\\PIAF\PKN Orlen\PI Vision\PKN Orlen\ZAKŁAD PRODUKCYJNY PŁOCK\RAFINERIA\PR03 BLOK PRZEROBU ROPY\DRW-IV|DR4.FC43354_SQR.PV;"2026-07-14 01:10:59,222";"51,0835914611816"
\\PIAF\PKN Orlen\PI Vision\PKN Orlen\ZAKŁAD PRODUKCYJNY PŁOCK\RAFINERIA\PR03 BLOK PRZEROBU ROPY\DRW-IV|DR4.FC43354_SQR.PV;"2026-07-14 01:21:39,180008";"50,411304473877"
\\PIAF\PKN Orlen\PI Vision\PKN Orlen\ZAKŁAD PRODUKCYJNY PŁOCK\RAFINERIA\PR03 BLOK PRZEROBU ROPY\DRW-IV|DR4.FC43354_SQR.PV;"2026-07-14 01:27:29,183014";"51,003532409668"
\\PIAF\PKN Orlen\PI Vision\PKN Orlen\ZAKŁAD PRODUKCYJNY PŁOCK\RAFINERIA\PR03 BLOK PRZEROBU ROPY\DRW-IV|DR4.FC43354_SQR.PV;"2026-07-14 01:38:34,188004";"50,8340721130371"
\\PIAF\PKN Orlen\PI Vision\PKN Orlen\ZAKŁAD PRODUKCYJNY PŁOCK\RAFINERIA\PR03 BLOK PRZEROBU ROPY\DRW-IV|DR4.FC43354_SQR.PV;"2026-07-14 01:42:44,111007";"51,3101387023926"
\\PIAF\PKN Orlen\PI Vision\PKN Orlen\ZAKŁAD PRODUKCYJNY PŁOCK\RAFINERIA\PR03 BLOK PRZEROBU ROPY\DRW-IV|DR4.FC43354_SQR.PV;"2026-07-14 01:52:39,116012";"50,8886413574219"
\\PIAF\PKN Orlen\PI Vision\PKN Orlen\ZAKŁAD PRODUKCYJNY PŁOCK\RAFINERIA\PR03 BLOK PRZEROBU ROPY\DRW-IV|DR4.FC43354_SQR.PV;"2026-07-14 02:00:49,119003";"51,4181976318359"
\\PIAF\PKN Orlen\PI Vision\PKN Orlen\ZAKŁAD PRODUKCYJNY PŁOCK\RAFINERIA\PR03 BLOK PRZEROBU ROPY\DRW-IV|DR4.FC43354_SQR.PV;"2026-07-14 02:07:14,122009";"51,0791130065918"
\\PIAF\PKN Orlen\PI Vision\PKN Orlen\ZAKŁAD PRODUKCYJNY PŁOCK\RAFINERIA\PR03 BLOK PRZEROBU ROPY\DRW-IV|DR4.FC43354_SQR.PV;"2026-07-14 02:17:54,154007";"51,4035148620605"
\\PIAF\PKN Orlen\PI Vision\PKN Orlen\ZAKŁAD PRODUKCYJNY PŁOCK\RAFINERIA\PR03 BLOK PRZEROBU ROPY\DRW-IV|DR4.FC43354_SQR.PV;"2026-07-14 02:20:14,155014";"51,058349609375"
\\PIAF\PKN Orlen\PI Vision\PKN Orlen\ZAKŁAD PRODUKCYJNY PŁOCK\RAFINERIA\PR03 BLOK PRZEROBU ROPY\DRW-IV|DR4.FC43354_SQR.PV;"2026-07-14 02:32:09,144012";"51,0267028808594"
\\PIAF\PKN Orlen\PI Vision\PKN Orlen\ZAKŁAD PRODUKCYJNY PŁOCK\RAFINERIA\PR03 BLOK PRZEROBU ROPY\DRW-IV|DR4.FC43354_SQR.PV;"2026-07-14 02:37:04,131012";"51,1140098571777"
\\PIAF\PKN Orlen\PI Vision\PKN Orlen\ZAKŁAD PRODUKCYJNY PŁOCK\RAFINERIA\PR03 BLOK PRZEROBU ROPY\DRW-IV|DR4.FC43354_SQR.PV;"2026-07-14 02:45:34,150009";"51,0185012817383"
\\PIAF\PKN Orlen\PI Vision\PKN Orlen\ZAKŁAD PRODUKCYJNY PŁOCK\RAFINERIA\PR03 BLOK PRZEROBU ROPY\DRW-IV|DR4.FC43354_SQR.PV;"2026-07-14 02:50:29,137008";"51,317928314209"
\\PIAF\PKN Orlen\PI Vision\PKN Orlen\ZAKŁAD PRODUKCYJNY PŁOCK\RAFINERIA\PR03 BLOK PRZEROBU ROPY\DRW-IV|DR4.FC43354_SQR.PV;"2026-07-14 02:57:44,124008";"51,2445373535156"
\\PIAF\PKN Orlen\PI Vision\PKN Orlen\ZAKŁAD PRODUKCYJNY PŁOCK\RAFINERIA\PR03 BLOK PRZEROBU ROPY\DRW-IV|DR4.FC43354_SQR.PV;"2026-07-14 03:08:29,113006";"51,1792907714844"
\\PIAF\PKN Orlen\PI Vision\PKN Orlen\ZAKŁAD PRODUKCYJNY PŁOCK\RAFINERIA\PR03 BLOK PRZEROBU ROPY\DRW-IV|DR4.FC43354_SQR.PV;"2026-07-14 03:17:59,180008";"51,1515312194824"
\\PIAF\PKN Orlen\PI Vision\PKN Orlen\ZAKŁAD PRODUKCYJNY PŁOCK\RAFINERIA\PR03 BLOK PRZEROBU ROPY\DRW-IV|DR4.FC43354_SQR.PV;"2026-07-14 03:25:29,152008";"51,3809814453125"
\\PIAF\PKN Orlen\PI Vision\PKN Orlen\ZAKŁAD PRODUKCYJNY PŁOCK\RAFINERIA\PR03 BLOK PRZEROBU ROPY\DRW-IV|DR4.FC43354_SQR.PV;"2026-07-14 03:29:49,138";"51,4961090087891"
\\PIAF\PKN Orlen\PI Vision\PKN Orlen\ZAKŁAD PRODUKCYJNY PŁOCK\RAFINERIA\PR03 BLOK PRZEROBU ROPY\DRW-IV|DR4.FC43354_SQR.PV;"2026-07-14 03:35:54,125015";"50,9835052490234"
\\PIAF\PKN Orlen\PI Vision\PKN Orlen\ZAKŁAD PRODUKCYJNY PŁOCK\RAFINERIA\PR03 BLOK PRZEROBU ROPY\DRW-IV|DR4.FC43354_SQR.PV;"2026-07-14 03:46:44,146011";"51,0938720703125"
\\PIAF\PKN Orlen\PI Vision\PKN Orlen\ZAKŁAD PRODUKCYJNY PŁOCK\RAFINERIA\PR03 BLOK PRZEROBU ROPY\DRW-IV|DR4.FC43354_SQR.PV;"2026-07-14 03:54:04,119003";"50,6481552124023"
\\PIAF\PKN Orlen\PI Vision\PKN Orlen\ZAKŁAD PRODUKCYJNY PŁOCK\RAFINERIA\PR03 BLOK PRZEROBU ROPY\DRW-IV|DR4.FC43354_SQR.PV;"2026-07-14 04:01:44,154007";"51,3454818725586"
\\PIAF\PKN Orlen\PI Vision\PKN Orlen\ZAKŁAD PRODUKCYJNY PŁOCK\RAFINERIA\PR03 BLOK PRZEROBU ROPY\DRW-IV|DR4.FC43354_SQR.PV;"2026-07-14 04:06:54,225006";"50,8432464599609"
\\PIAF\PKN Orlen\PI Vision\PKN Orlen\ZAKŁAD PRODUKCYJNY PŁOCK\RAFINERIA\PR03 BLOK PRZEROBU ROPY\DRW-IV|DR4.FC43354_SQR.PV;"2026-07-14 04:22:14,185013";"51,036018371582"
\\PIAF\PKN Orlen\PI Vision\PKN Orlen\ZAKŁAD PRODUKCYJNY PŁOCK\RAFINERIA\PR03 BLOK PRZEROBU ROPY\DRW-IV|DR4.FC43354_SQR.PV;"2026-07-14 04:26:39,203003";"50,959774017334"
\\PIAF\PKN Orlen\PI Vision\PKN Orlen\ZAKŁAD PRODUKCYJNY PŁOCK\RAFINERIA\PR03 BLOK PRZEROBU ROPY\DRW-IV|DR4.FC43354_SQR.PV;"2026-07-14 04:40:54,193008";"51,3306121826172"
\\PIAF\PKN Orlen\PI Vision\PKN Orlen\ZAKŁAD PRODUKCYJNY PŁOCK\RAFINERIA\PR03 BLOK PRZEROBU ROPY\DRW-IV|DR4.FC43354_SQR.PV;"2026-07-14 04:49:29,244003";"50,8555374145508"
\\PIAF\PKN Orlen\PI Vision\PKN Orlen\ZAKŁAD PRODUKCYJNY PŁOCK\RAFINERIA\PR03 BLOK PRZEROBU ROPY\DRW-IV|DR4.FC43354_SQR.PV;"2026-07-14 04:52:54,214004";"50,6833534240723"
\\PIAF\PKN Orlen\PI Vision\PKN Orlen\ZAKŁAD PRODUKCYJNY PŁOCK\RAFINERIA\PR03 BLOK PRZEROBU ROPY\DRW-IV|DR4.FC43354_SQR.PV;"2026-07-14 04:57:39,247009";"50,9273796081543"
\\PIAF\PKN Orlen\PI Vision\PKN Orlen\ZAKŁAD PRODUKCYJNY PŁOCK\RAFINERIA\PR03 BLOK PRZEROBU ROPY\DRW-IV|DR4.FC43354_SQR.PV;"2026-07-14 04:59:29,170013";"51,201473236084"
\\PIAF\PKN Orlen\PI Vision\PKN Orlen\ZAKŁAD PRODUKCYJNY PŁOCK\RAFINERIA\PR03 BLOK PRZEROBU ROPY\DRW-IV|DR4.FC43354_SQR.PV;"2026-07-14 05:08:44,143005";"50,7772483825684"
\\PIAF\PKN Orlen\PI Vision\PKN Orlen\ZAKŁAD PRODUKCYJNY PŁOCK\RAFINERIA\PR03 BLOK PRZEROBU ROPY\DRW-IV|DR4.FC43354_SQR.PV;"2026-07-14 05:14:49,239013";"51,2945747375488"
\\PIAF\PKN Orlen\PI Vision\PKN Orlen\ZAKŁAD PRODUKCYJNY PŁOCK\RAFINERIA\PR03 BLOK PRZEROBU ROPY\DRW-IV|DR4.FC43354_SQR.PV;"2026-07-14 05:24:14,165008";"50,8737602233887"
\\PIAF\PKN Orlen\PI Vision\PKN Orlen\ZAKŁAD PRODUKCYJNY PŁOCK\RAFINERIA\PR03 BLOK PRZEROBU ROPY\DRW-IV|DR4.FC43354_SQR.PV;"2026-07-14 05:32:24,169006";"51,0042457580566"
\\PIAF\PKN Orlen\PI Vision\PKN Orlen\ZAKŁAD PRODUKCYJNY PŁOCK\RAFINERIA\PR03 BLOK PRZEROBU ROPY\DRW-IV|DR4.FC43354_SQR.PV;"2026-07-14 05:35:19,170013";"50,8778305053711"
\\PIAF\PKN Orlen\PI Vision\PKN Orlen\ZAKŁAD PRODUKCYJNY PŁOCK\RAFINERIA\PR03 BLOK PRZEROBU ROPY\DRW-IV|DR4.FC43354_SQR.PV;"2026-07-14 05:42:59,205002";"51,1637191772461"
\\PIAF\PKN Orlen\PI Vision\PKN Orlen\ZAKŁAD PRODUKCYJNY PŁOCK\RAFINERIA\PR03 BLOK PRZEROBU ROPY\DRW-IV|DR4.FC43354_SQR.PV;"2026-07-14 05:53:44,194016";"50,6641273498535"
\\PIAF\PKN Orlen\PI Vision\PKN Orlen\ZAKŁAD PRODUKCYJNY PŁOCK\RAFINERIA\PR03 BLOK PRZEROBU ROPY\DRW-IV|DR4.FC43354_SQR.PV;"2026-07-14 06:04:14,199005";"50,6889495849609"
\\PIAF\PKN Orlen\PI Vision\PKN Orlen\ZAKŁAD PRODUKCYJNY PŁOCK\RAFINERIA\PR03 BLOK PRZEROBU ROPY\DRW-IV|DR4.FC43354_SQR.PV;"2026-07-14 06:09:54,138016";"50,4927940368652"
\\PIAF\PKN Orlen\PI Vision\PKN Orlen\ZAKŁAD PRODUKCYJNY PŁOCK\RAFINERIA\PR03 BLOK PRZEROBU ROPY\DRW-IV|DR4.FC43354_SQR.PV;"2026-07-14 06:16:49,220001";"50,5650253295898"
\\PIAF\PKN Orlen\PI Vision\PKN Orlen\ZAKŁAD PRODUKCYJNY PŁOCK\RAFINERIA\PR03 BLOK PRZEROBU ROPY\DRW-IV|DR4.FC43354_SQR.PV;"2026-07-14 06:21:09,206009";"50,3738212585449"
\\PIAF\PKN Orlen\PI Vision\PKN Orlen\ZAKŁAD PRODUKCYJNY PŁOCK\RAFINERIA\PR03 BLOK PRZEROBU ROPY\DRW-IV|DR4.FC43354_SQR.PV;"2026-07-14 06:28:24,193008";"50,870288848877"
\\PIAF\PKN Orlen\PI Vision\PKN Orlen\ZAKŁAD PRODUKCYJNY PŁOCK\RAFINERIA\PR03 BLOK PRZEROBU ROPY\DRW-IV|DR4.FC43354_SQR.PV;"2026-07-14 06:35:44,212006";"50,447265625"
\\PIAF\PKN Orlen\PI Vision\PKN Orlen\ZAKŁAD PRODUKCYJNY PŁOCK\RAFINERIA\PR03 BLOK PRZEROBU ROPY\DRW-IV|DR4.FC43354_SQR.PV;"2026-07-14 06:43:49,185013";"50,6787223815918"
\\PIAF\PKN Orlen\PI Vision\PKN Orlen\ZAKŁAD PRODUKCYJNY PŁOCK\RAFINERIA\PR03 BLOK PRZEROBU ROPY\DRW-IV|DR4.FC43354_SQR.PV;"2026-07-14 06:49:49,140014";"50,1643295288086"
\\PIAF\PKN Orlen\PI Vision\PKN Orlen\ZAKŁAD PRODUKCYJNY PŁOCK\RAFINERIA\PR03 BLOK PRZEROBU ROPY\DRW-IV|DR4.FC43354_SQR.PV;"2026-07-14 06:56:19,175003";"50,7981834411621"
\\PIAF\PKN Orlen\PI Vision\PKN Orlen\ZAKŁAD PRODUKCYJNY PŁOCK\RAFINERIA\PR03 BLOK PRZEROBU ROPY\DRW-IV|DR4.FC43354_SQR.PV;"2026-07-14 07:04:24,147003";"50,681827545166"
\\PIAF\PKN Orlen\PI Vision\PKN Orlen\ZAKŁAD PRODUKCYJNY PŁOCK\RAFINERIA\PR03 BLOK PRZEROBU ROPY\DRW-IV|DR4.FC43354_SQR.PV;"2026-07-14 07:13:39,12001";"50,3812446594238"
\\PIAF\PKN Orlen\PI Vision\PKN Orlen\ZAKŁAD PRODUKCYJNY PŁOCK\RAFINERIA\PR03 BLOK PRZEROBU ROPY\DRW-IV|DR4.FC43354_SQR.PV;"2026-07-14 07:24:44,124008";"50,1855850219727"
\\PIAF\PKN Orlen\PI Vision\PKN Orlen\ZAKŁAD PRODUKCYJNY PŁOCK\RAFINERIA\PR03 BLOK PRZEROBU ROPY\DRW-IV|DR4.FC43354_SQR.PV;"2026-07-14 07:34:54,113006";"50,3936805725098"
\\PIAF\PKN Orlen\PI Vision\PKN Orlen\ZAKŁAD PRODUKCYJNY PŁOCK\RAFINERIA\PR03 BLOK PRZEROBU ROPY\DRW-IV|DR4.FC43354_SQR.PV;"2026-07-14 07:42:09,101013";"50,0498504638672"
\\PIAF\PKN Orlen\PI Vision\PKN Orlen\ZAKŁAD PRODUKCYJNY PŁOCK\RAFINERIA\PR03 BLOK PRZEROBU ROPY\DRW-IV|DR4.FC43354_SQR.PV;"2026-07-14 07:47:19,181015";"50,3495597839355"
\\PIAF\PKN Orlen\PI Vision\PKN Orlen\ZAKŁAD PRODUKCYJNY PŁOCK\RAFINERIA\PR03 BLOK PRZEROBU ROPY\DRW-IV|DR4.FC43354_SQR.PV;"2026-07-14 07:52:24,121002";"49,7814521789551"
\\PIAF\PKN Orlen\PI Vision\PKN Orlen\ZAKŁAD PRODUKCYJNY PŁOCK\RAFINERIA\PR03 BLOK PRZEROBU ROPY\DRW-IV|DR4.FC43354_SQR.PV;"2026-07-14 08:02:34,110001";"50,1869049072266"
\\PIAF\PKN Orlen\PI Vision\PKN Orlen\ZAKŁAD PRODUKCYJNY PŁOCK\RAFINERIA\PR03 BLOK PRZEROBU ROPY\DRW-IV|DR4.FC43354_SQR.PV;"2026-07-14 08:09:19,094009";"50,0482559204102"
\\PIAF\PKN Orlen\PI Vision\PKN Orlen\ZAKŁAD PRODUKCYJNY PŁOCK\RAFINERIA\PR03 BLOK PRZEROBU ROPY\DRW-IV|DR4.FC43354_SQR.PV;"2026-07-14 08:17:19,144012";"50,5373497009277"
\\PIAF\PKN Orlen\PI Vision\PKN Orlen\ZAKŁAD PRODUKCYJNY PŁOCK\RAFINERIA\PR03 BLOK PRZEROBU ROPY\DRW-IV|DR4.FC43354_SQR.PV;"2026-07-14 08:25:24,116012";"50,3504524230957"
\\PIAF\PKN Orlen\PI Vision\PKN Orlen\ZAKŁAD PRODUKCYJNY PŁOCK\RAFINERIA\PR03 BLOK PRZEROBU ROPY\DRW-IV|DR4.FC43354_SQR.PV;"2026-07-14 08:39:09,138";"50,3207206726074"
\\PIAF\PKN Orlen\PI Vision\PKN Orlen\ZAKŁAD PRODUKCYJNY PŁOCK\RAFINERIA\PR03 BLOK PRZEROBU ROPY\DRW-IV|DR4.FC43354_SQR.PV;"2026-07-14 08:49:24,158005";"50,2761840820313"
\\PIAF\PKN Orlen\PI Vision\PKN Orlen\ZAKŁAD PRODUKCYJNY PŁOCK\RAFINERIA\PR03 BLOK PRZEROBU ROPY\DRW-IV|DR4.FC43354_SQR.PV;"2026-07-14 08:52:29,213012";"49,879451751709"
\\PIAF\PKN Orlen\PI Vision\PKN Orlen\ZAKŁAD PRODUKCYJNY PŁOCK\RAFINERIA\PR03 BLOK PRZEROBU ROPY\DRW-IV|DR4.FC43354_SQR.PV;"2026-07-14 08:58:44,262008";"50,4350624084473"
\\PIAF\PKN Orlen\PI Vision\PKN Orlen\ZAKŁAD PRODUKCYJNY PŁOCK\RAFINERIA\PR03 BLOK PRZEROBU ROPY\DRW-IV|DR4.FC43354_SQR.PV;"2026-07-14 09:05:19,218002";"49,9715270996094"
\\PIAF\PKN Orlen\PI Vision\PKN Orlen\ZAKŁAD PRODUKCYJNY PŁOCK\RAFINERIA\PR03 BLOK PRZEROBU ROPY\DRW-IV|DR4.FC43354_SQR.PV;"2026-07-14 09:10:09,174011";"50,338996887207"
\\PIAF\PKN Orlen\PI Vision\PKN Orlen\ZAKŁAD PRODUKCYJNY PŁOCK\RAFINERIA\PR03 BLOK PRZEROBU ROPY\DRW-IV|DR4.FC43354_SQR.PV;"2026-07-14 09:15:59,17601";"51,8757705688477"
\\PIAF\PKN Orlen\PI Vision\PKN Orlen\ZAKŁAD PRODUKCYJNY PŁOCK\RAFINERIA\PR03 BLOK PRZEROBU ROPY\DRW-IV|DR4.FC43354_SQR.PV;"2026-07-14 09:18:54,177002";"51,4797782897949"
\\PIAF\PKN Orlen\PI Vision\PKN Orlen\ZAKŁAD PRODUKCYJNY PŁOCK\RAFINERIA\PR03 BLOK PRZEROBU ROPY\DRW-IV|DR4.FC43354_SQR.PV;"2026-07-14 09:22:29,210007";"50,3847732543945"
\\PIAF\PKN Orlen\PI Vision\PKN Orlen\ZAKŁAD PRODUKCYJNY PŁOCK\RAFINERIA\PR03 BLOK PRZEROBU ROPY\DRW-IV|DR4.FC43354_SQR.PV;"2026-07-14 09:24:34,227005";"50,0326538085938"
\\PIAF\PKN Orlen\PI Vision\PKN Orlen\ZAKŁAD PRODUKCYJNY PŁOCK\RAFINERIA\PR03 BLOK PRZEROBU ROPY\DRW-IV|DR4.FC43354_SQR.PV;"2026-07-14 09:29:19,151001";"50,5931968688965"
\\PIAF\PKN Orlen\PI Vision\PKN Orlen\ZAKŁAD PRODUKCYJNY PŁOCK\RAFINERIA\PR03 BLOK PRZEROBU ROPY\DRW-IV|DR4.FC43354_SQR.PV;"2026-07-14 09:31:59,168014";"51,0000648498535"
\\PIAF\PKN Orlen\PI Vision\PKN Orlen\ZAKŁAD PRODUKCYJNY PŁOCK\RAFINERIA\PR03 BLOK PRZEROBU ROPY\DRW-IV|DR4.FC43354_SQR.PV;"2026-07-14 09:39:29,240005";"50,2061424255371"
\\PIAF\PKN Orlen\PI Vision\PKN Orlen\ZAKŁAD PRODUKCYJNY PŁOCK\RAFINERIA\PR03 BLOK PRZEROBU ROPY\DRW-IV|DR4.FC43354_SQR.PV;"2026-07-14 09:43:24,179016";"50,610164642334"
\\PIAF\PKN Orlen\PI Vision\PKN Orlen\ZAKŁAD PRODUKCYJNY PŁOCK\RAFINERIA\PR03 BLOK PRZEROBU ROPY\DRW-IV|DR4.FC43354_SQR.PV;"2026-07-14 09:45:54,242004";"51,2196311950684"
\\PIAF\PKN Orlen\PI Vision\PKN Orlen\ZAKŁAD PRODUKCYJNY PŁOCK\RAFINERIA\PR03 BLOK PRZEROBU ROPY\DRW-IV|DR4.FC43354_SQR.PV;"2026-07-14 09:49:14,181015";"51,0895690917969"
\\PIAF\PKN Orlen\PI Vision\PKN Orlen\ZAKŁAD PRODUKCYJNY PŁOCK\RAFINERIA\PR03 BLOK PRZEROBU ROPY\DRW-IV|DR4.FC43354_SQR.PV;"2026-07-14 09:52:24,167007";"50,683536529541"
\\PIAF\PKN Orlen\PI Vision\PKN Orlen\ZAKŁAD PRODUKCYJNY PŁOCK\RAFINERIA\PR03 BLOK PRZEROBU ROPY\DRW-IV|DR4.FC43354_SQR.PV;"2026-07-14 09:57:09,200012";"50,3218307495117"
\\PIAF\PKN Orlen\PI Vision\PKN Orlen\ZAKŁAD PRODUKCYJNY PŁOCK\RAFINERIA\PR03 BLOK PRZEROBU ROPY\DRW-IV|DR4.FC43354_SQR.PV;"2026-07-14 10:02:19,171005";"50,3579864501953"
\\PIAF\PKN Orlen\PI Vision\PKN Orlen\ZAKŁAD PRODUKCYJNY PŁOCK\RAFINERIA\PR03 BLOK PRZEROBU ROPY\DRW-IV|DR4.FC43354_SQR.PV;"2026-07-14 10:08:34,221008";"51,1476821899414"
\\PIAF\PKN Orlen\PI Vision\PKN Orlen\ZAKŁAD PRODUKCYJNY PŁOCK\RAFINERIA\PR03 BLOK PRZEROBU ROPY\DRW-IV|DR4.FC43354_SQR.PV;"2026-07-14 10:13:44,192001";"50,9579467773438"
\\PIAF\PKN Orlen\PI Vision\PKN Orlen\ZAKŁAD PRODUKCYJNY PŁOCK\RAFINERIA\PR03 BLOK PRZEROBU ROPY\DRW-IV|DR4.FC43354_SQR.PV;"2026-07-14 10:26:24,13501";"51,1335945129395"
\\PIAF\PKN Orlen\PI Vision\PKN Orlen\ZAKŁAD PRODUKCYJNY PŁOCK\RAFINERIA\PR03 BLOK PRZEROBU ROPY\DRW-IV|DR4.FC43354_SQR.PV;"2026-07-14 10:34:29,21701";"51,278190612793"
\\PIAF\PKN Orlen\PI Vision\PKN Orlen\ZAKŁAD PRODUKCYJNY PŁOCK\RAFINERIA\PR03 BLOK PRZEROBU ROPY\DRW-IV|DR4.FC43354_SQR.PV;"2026-07-14 10:43:09,189011";"50,9669609069824"
\\PIAF\PKN Orlen\PI Vision\PKN Orlen\ZAKŁAD PRODUKCYJNY PŁOCK\RAFINERIA\PR03 BLOK PRZEROBU ROPY\DRW-IV|DR4.FC43354_SQR.PV;"2026-07-14 10:50:29,208008";"51,1114540100098"
\\PIAF\PKN Orlen\PI Vision\PKN Orlen\ZAKŁAD PRODUKCYJNY PŁOCK\RAFINERIA\PR03 BLOK PRZEROBU ROPY\DRW-IV|DR4.FC43354_SQR.PV;"2026-07-14 10:57:54,149002";"51,2152519226074"
\\PIAF\PKN Orlen\PI Vision\PKN Orlen\ZAKŁAD PRODUKCYJNY PŁOCK\RAFINERIA\PR03 BLOK PRZEROBU ROPY\DRW-IV|DR4.FC43354_SQR.PV;"2026-07-14 11:02:19,167007";"51,0592994689941"
\\PIAF\PKN Orlen\PI Vision\PKN Orlen\ZAKŁAD PRODUKCYJNY PŁOCK\RAFINERIA\PR03 BLOK PRZEROBU ROPY\DRW-IV|DR4.FC43354_SQR.PV;"2026-07-14 11:06:34,122009";"51,8319931030273"
\\PIAF\PKN Orlen\PI Vision\PKN Orlen\ZAKŁAD PRODUKCYJNY PŁOCK\RAFINERIA\PR03 BLOK PRZEROBU ROPY\DRW-IV|DR4.FC43354_SQR.PV;"2026-07-14 11:14:34,172012";"51,1401672363281"
\\PIAF\PKN Orlen\PI Vision\PKN Orlen\ZAKŁAD PRODUKCYJNY PŁOCK\RAFINERIA\PR03 BLOK PRZEROBU ROPY\DRW-IV|DR4.FC43354_SQR.PV;"2026-07-14 11:21:04,146011";"51,0091667175293"
\\PIAF\PKN Orlen\PI Vision\PKN Orlen\ZAKŁAD PRODUKCYJNY PŁOCK\RAFINERIA\PR03 BLOK PRZEROBU ROPY\DRW-IV|DR4.FC43354_SQR.PV;"2026-07-14 11:26:54,149002";"51,5008888244629"
\\PIAF\PKN Orlen\PI Vision\PKN Orlen\ZAKŁAD PRODUKCYJNY PŁOCK\RAFINERIA\PR03 BLOK PRZEROBU ROPY\DRW-IV|DR4.FC43354_SQR.PV;"2026-07-14 11:28:59,165008";"51,0844612121582"
\\PIAF\PKN Orlen\PI Vision\PKN Orlen\ZAKŁAD PRODUKCYJNY PŁOCK\RAFINERIA\PR03 BLOK PRZEROBU ROPY\DRW-IV|DR4.FC43354_SQR.PV;"2026-07-14 11:30:54,119003";"50,8637161254883"
\\PIAF\PKN Orlen\PI Vision\PKN Orlen\ZAKŁAD PRODUKCYJNY PŁOCK\RAFINERIA\PR03 BLOK PRZEROBU ROPY\DRW-IV|DR4.FC43354_SQR.PV;"2026-07-14 11:37:04,138016";"51,1637878417969"
\\PIAF\PKN Orlen\PI Vision\PKN Orlen\ZAKŁAD PRODUKCYJNY PŁOCK\RAFINERIA\PR03 BLOK PRZEROBU ROPY\DRW-IV|DR4.FC43354_SQR.PV;"2026-07-14 11:40:59,186004";"51,6044006347656"
\\PIAF\PKN Orlen\PI Vision\PKN Orlen\ZAKŁAD PRODUKCYJNY PŁOCK\RAFINERIA\PR03 BLOK PRZEROBU ROPY\DRW-IV|DR4.FC43354_SQR.PV;"2026-07-14 11:44:29,188004";"51,2149658203125"
\\PIAF\PKN Orlen\PI Vision\PKN Orlen\ZAKŁAD PRODUKCYJNY PŁOCK\RAFINERIA\PR03 BLOK PRZEROBU ROPY\DRW-IV|DR4.FC43354_SQR.PV;"2026-07-14 11:48:49,174011";"51,5846405029297"
\\PIAF\PKN Orlen\PI Vision\PKN Orlen\ZAKŁAD PRODUKCYJNY PŁOCK\RAFINERIA\PR03 BLOK PRZEROBU ROPY\DRW-IV|DR4.FC43354_SQR.PV;"2026-07-14 11:50:44,128006";"51,8981094360352"
\\PIAF\PKN Orlen\PI Vision\PKN Orlen\ZAKŁAD PRODUKCYJNY PŁOCK\RAFINERIA\PR03 BLOK PRZEROBU ROPY\DRW-IV|DR4.FC43354_SQR.PV;"2026-07-14 11:55:14,177002";"52,5918235778809"
\\PIAF\PKN Orlen\PI Vision\PKN Orlen\ZAKŁAD PRODUKCYJNY PŁOCK\RAFINERIA\PR03 BLOK PRZEROBU ROPY\DRW-IV|DR4.FC43354_SQR.PV;"2026-07-14 12:03:24,164001";"52,9437065124512"
\\PIAF\PKN Orlen\PI Vision\PKN Orlen\ZAKŁAD PRODUKCYJNY PŁOCK\RAFINERIA\PR03 BLOK PRZEROBU ROPY\DRW-IV|DR4.FC43354_SQR.PV;"2026-07-14 12:10:04,151001";"53,5533714294434"
\\PIAF\PKN Orlen\PI Vision\PKN Orlen\ZAKŁAD PRODUKCYJNY PŁOCK\RAFINERIA\PR03 BLOK PRZEROBU ROPY\DRW-IV|DR4.FC43354_SQR.PV;"2026-07-14 12:19:59,155014";"52,2050933837891"
\\PIAF\PKN Orlen\PI Vision\PKN Orlen\ZAKŁAD PRODUKCYJNY PŁOCK\RAFINERIA\PR03 BLOK PRZEROBU ROPY\DRW-IV|DR4.FC43354_SQR.PV;"2026-07-14 12:24:39,157013";"51,4998207092285"
\\PIAF\PKN Orlen\PI Vision\PKN Orlen\ZAKŁAD PRODUKCYJNY PŁOCK\RAFINERIA\PR03 BLOK PRZEROBU ROPY\DRW-IV|DR4.FC43354_SQR.PV;"2026-07-14 12:29:24,081009";"50,9199676513672"
\\PIAF\PKN Orlen\PI Vision\PKN Orlen\ZAKŁAD PRODUKCYJNY PŁOCK\RAFINERIA\PR03 BLOK PRZEROBU ROPY\DRW-IV|DR4.FC43354_SQR.PV;"2026-07-14 12:35:09,162002";"51,0052719116211"
\\PIAF\PKN Orlen\PI Vision\PKN Orlen\ZAKŁAD PRODUKCYJNY PŁOCK\RAFINERIA\PR03 BLOK PRZEROBU ROPY\DRW-IV|DR4.FC43354_SQR.PV;"2026-07-14 12:41:04,086014";"51,1999206542969"
\\PIAF\PKN Orlen\PI Vision\PKN Orlen\ZAKŁAD PRODUKCYJNY PŁOCK\RAFINERIA\PR03 BLOK PRZEROBU ROPY\DRW-IV|DR4.FC43354_SQR.PV;"2026-07-14 12:45:29,104004";"51,8003845214844"
\\PIAF\PKN Orlen\PI Vision\PKN Orlen\ZAKŁAD PRODUKCYJNY PŁOCK\RAFINERIA\PR03 BLOK PRZEROBU ROPY\DRW-IV|DR4.FC43354_SQR.PV;"2026-07-14 12:50:39,075012";"52,0270118713379"
\\PIAF\PKN Orlen\PI Vision\PKN Orlen\ZAKŁAD PRODUKCYJNY PŁOCK\RAFINERIA\PR03 BLOK PRZEROBU ROPY\DRW-IV|DR4.FC43354_SQR.PV;"2026-07-14 12:55:24,108001";"51,3102340698242"
\\PIAF\PKN Orlen\PI Vision\PKN Orlen\ZAKŁAD PRODUKCYJNY PŁOCK\RAFINERIA\PR03 BLOK PRZEROBU ROPY\DRW-IV|DR4.FC43354_SQR.PV;"2026-07-14 12:57:24,094009";"50,907642364502"
\\PIAF\PKN Orlen\PI Vision\PKN Orlen\ZAKŁAD PRODUKCYJNY PŁOCK\RAFINERIA\PR03 BLOK PRZEROBU ROPY\DRW-IV|DR4.FC43354_SQR.PV;"2026-07-14 12:58:18,149002";"50,919059753418"
\\PIAF\PKN Orlen\PI Vision\PKN Orlen\ZAKŁAD PRODUKCYJNY PŁOCK\RAFINERIA\PR03 BLOK PRZEROBU ROPY\DRW-IV|DR4.FC43354_SQR.PV;"2026-07-14 12:58:33,134002";"50,9891891479492"
\\PIAF\PKN Orlen\PI Vision\PKN Orlen\ZAKŁAD PRODUKCYJNY PŁOCK\RAFINERIA\PR03 BLOK PRZEROBU ROPY\DRW-IV|DR4.FC43354_SQR.PV;"2026-07-14 12:58:34,094009";"50,9712791442871"
\\PIAF\PKN Orlen\PI Vision\PKN Orlen\ZAKŁAD PRODUKCYJNY PŁOCK\RAFINERIA\PR03 BLOK PRZEROBU ROPY\DRW-IV|DR4.FC43354_SQR.PV;"2026-07-14 12:58:38,165008";"51,000919342041"
\\PIAF\PKN Orlen\PI Vision\PKN Orlen\ZAKŁAD PRODUKCYJNY PŁOCK\RAFINERIA\PR03 BLOK PRZEROBU ROPY\DRW-IV|DR4.FC43354_SQR.PV;"2026-07-14 12:58:39,125015";"50,9891891479492"
\\PIAF\PKN Orlen\PI Vision\PKN Orlen\ZAKŁAD PRODUKCYJNY PŁOCK\RAFINERIA\PR03 BLOK PRZEROBU ROPY\DRW-IV|DR4.FC43354_SQR.PV;"2026-07-14 12:59:23,243011";"51,056770324707"
\\PIAF\PKN Orlen\PI Vision\PKN Orlen\ZAKŁAD PRODUKCYJNY PŁOCK\RAFINERIA\PR03 BLOK PRZEROBU ROPY\DRW-IV|DR4.FC43354_SQR.PV;"2026-07-14 12:59:28,165008";"51,1299858093262"
\\PIAF\PKN Orlen\PI Vision\PKN Orlen\ZAKŁAD PRODUKCYJNY PŁOCK\RAFINERIA\PR03 BLOK PRZEROBU ROPY\DRW-IV|DR4.FC43354_SQR.PV;"2026-07-14 13:05:43,180008";"52,385555267334"
\\PIAF\PKN Orlen\PI Vision\PKN Orlen\ZAKŁAD PRODUKCYJNY PŁOCK\RAFINERIA\PR03 BLOK PRZEROBU ROPY\DRW-IV|DR4.FC43354_SQR.PV;"2026-07-14 13:08:48,180008";"52,0465087890625"
\\PIAF\PKN Orlen\PI Vision\PKN Orlen\ZAKŁAD PRODUKCYJNY PŁOCK\RAFINERIA\PR03 BLOK PRZEROBU ROPY\DRW-IV|DR4.FC43354_SQR.PV;"2026-07-14 13:11:53,243011";"51,4314613342285"
\\PIAF\PKN Orlen\PI Vision\PKN Orlen\ZAKŁAD PRODUKCYJNY PŁOCK\RAFINERIA\PR03 BLOK PRZEROBU ROPY\DRW-IV|DR4.FC43354_SQR.PV;"2026-07-14 13:15:43,196014";"51,3610038757324"
\\PIAF\PKN Orlen\PI Vision\PKN Orlen\ZAKŁAD PRODUKCYJNY PŁOCK\RAFINERIA\PR03 BLOK PRZEROBU ROPY\DRW-IV|DR4.FC43354_SQR.PV;"2026-07-14 13:19:28,227005";"51,8288536071777"
\\PIAF\PKN Orlen\PI Vision\PKN Orlen\ZAKŁAD PRODUKCYJNY PŁOCK\RAFINERIA\PR03 BLOK PRZEROBU ROPY\DRW-IV|DR4.FC43354_SQR.PV;"2026-07-14 13:23:33,243011";"51,553165435791"
\\PIAF\PKN Orlen\PI Vision\PKN Orlen\ZAKŁAD PRODUKCYJNY PŁOCK\RAFINERIA\PR03 BLOK PRZEROBU ROPY\DRW-IV|DR4.FC43354_SQR.PV;"2026-07-14 13:28:08,134002";"50,8475036621094"
\\PIAF\PKN Orlen\PI Vision\PKN Orlen\ZAKŁAD PRODUKCYJNY PŁOCK\RAFINERIA\PR03 BLOK PRZEROBU ROPY\DRW-IV|DR4.FC43354_SQR.PV;"2026-07-14 13:30:23,118011";"51,129825592041"
\\PIAF\PKN Orlen\PI Vision\PKN Orlen\ZAKŁAD PRODUKCYJNY PŁOCK\RAFINERIA\PR03 BLOK PRZEROBU ROPY\DRW-IV|DR4.FC43354_SQR.PV;"2026-07-14 13:34:38,180008";"52,7542572021484"
\\PIAF\PKN Orlen\PI Vision\PKN Orlen\ZAKŁAD PRODUKCYJNY PŁOCK\RAFINERIA\PR03 BLOK PRZEROBU ROPY\DRW-IV|DR4.FC43354_SQR.PV;"2026-07-14 13:36:58,180008";"52,8430480957031"
\\PIAF\PKN Orlen\PI Vision\PKN Orlen\ZAKŁAD PRODUKCYJNY PŁOCK\RAFINERIA\PR03 BLOK PRZEROBU ROPY\DRW-IV|DR4.FC43354_SQR.PV;"2026-07-14 13:41:28,227005";"52,2237739562988"
\\PIAF\PKN Orlen\PI Vision\PKN Orlen\ZAKŁAD PRODUKCYJNY PŁOCK\RAFINERIA\PR03 BLOK PRZEROBU ROPY\DRW-IV|DR4.FC43354_SQR.PV;"2026-07-14 13:44:13,165008";"51,7831039428711"
\\PIAF\PKN Orlen\PI Vision\PKN Orlen\ZAKŁAD PRODUKCYJNY PŁOCK\RAFINERIA\PR03 BLOK PRZEROBU ROPY\DRW-IV|DR4.FC43354_SQR.PV;"2026-07-14 13:51:53,227005";"51,9599838256836"
\\PIAF\PKN Orlen\PI Vision\PKN Orlen\ZAKŁAD PRODUKCYJNY PŁOCK\RAFINERIA\PR03 BLOK PRZEROBU ROPY\DRW-IV|DR4.FC43354_SQR.PV;"2026-07-14 13:58:18,196014";"52,0777244567871"
\\PIAF\PKN Orlen\PI Vision\PKN Orlen\ZAKŁAD PRODUKCYJNY PŁOCK\RAFINERIA\PR03 BLOK PRZEROBU ROPY\DRW-IV|DR4.FC43354_SQR.PV;"2026-07-14 14:06:58,227005";"52,4824142456055"
\\PIAF\PKN Orlen\PI Vision\PKN Orlen\ZAKŁAD PRODUKCYJNY PŁOCK\RAFINERIA\PR03 BLOK PRZEROBU ROPY\DRW-IV|DR4.FC43354_SQR.PV;"2026-07-14 14:16:53,149002";"52,2207908630371"
\\PIAF\PKN Orlen\PI Vision\PKN Orlen\ZAKŁAD PRODUKCYJNY PŁOCK\RAFINERIA\PR03 BLOK PRZEROBU ROPY\DRW-IV|DR4.FC43354_SQR.PV;"2026-07-14 14:21:43,212006";"52,2847480773926"
\\PIAF\PKN Orlen\PI Vision\PKN Orlen\ZAKŁAD PRODUKCYJNY PŁOCK\RAFINERIA\PR03 BLOK PRZEROBU ROPY\DRW-IV|DR4.FC43354_SQR.PV;"2026-07-14 14:26:08,134002";"52,4260520935059"
\\PIAF\PKN Orlen\PI Vision\PKN Orlen\ZAKŁAD PRODUKCYJNY PŁOCK\RAFINERIA\PR03 BLOK PRZEROBU ROPY\DRW-IV|DR4.FC43354_SQR.PV;"2026-07-14 14:35:08,118011";"52,1390495300293"
\\PIAF\PKN Orlen\PI Vision\PKN Orlen\ZAKŁAD PRODUKCYJNY PŁOCK\RAFINERIA\PR03 BLOK PRZEROBU ROPY\DRW-IV|DR4.FC43354_SQR.PV;"2026-07-14 14:42:28,165008";"52,8992767333984"
\\PIAF\PKN Orlen\PI Vision\PKN Orlen\ZAKŁAD PRODUKCYJNY PŁOCK\RAFINERIA\PR03 BLOK PRZEROBU ROPY\DRW-IV|DR4.FC43354_SQR.PV;"2026-07-14 14:54:43,165008";"52,4446144104004"
\\PIAF\PKN Orlen\PI Vision\PKN Orlen\ZAKŁAD PRODUKCYJNY PŁOCK\RAFINERIA\PR03 BLOK PRZEROBU ROPY\DRW-IV|DR4.FC43354_SQR.PV;"2026-07-14 14:59:03,165008";"52,4680824279785"
\\PIAF\PKN Orlen\PI Vision\PKN Orlen\ZAKŁAD PRODUKCYJNY PŁOCK\RAFINERIA\PR03 BLOK PRZEROBU ROPY\DRW-IV|DR4.FC43354_SQR.PV;"2026-07-14 15:05:28,180008";"52,247730255127"
\\PIAF\PKN Orlen\PI Vision\PKN Orlen\ZAKŁAD PRODUKCYJNY PŁOCK\RAFINERIA\PR03 BLOK PRZEROBU ROPY\DRW-IV|DR4.FC43354_SQR.PV;"2026-07-14 15:11:18,212006";"52,6477470397949"
\\PIAF\PKN Orlen\PI Vision\PKN Orlen\ZAKŁAD PRODUKCYJNY PŁOCK\RAFINERIA\PR03 BLOK PRZEROBU ROPY\DRW-IV|DR4.FC43354_SQR.PV;"2026-07-14 15:17:23,196014";"52,4240036010742"
\\PIAF\PKN Orlen\PI Vision\PKN Orlen\ZAKŁAD PRODUKCYJNY PŁOCK\RAFINERIA\PR03 BLOK PRZEROBU ROPY\DRW-IV|DR4.FC43354_SQR.PV;"2026-07-14 15:25:53,180008";"52,4365386962891"
\\PIAF\PKN Orlen\PI Vision\PKN Orlen\ZAKŁAD PRODUKCYJNY PŁOCK\RAFINERIA\PR03 BLOK PRZEROBU ROPY\DRW-IV|DR4.FC43354_SQR.PV;"2026-07-14 15:30:23,149002";"52,498420715332"
\\PIAF\PKN Orlen\PI Vision\PKN Orlen\ZAKŁAD PRODUKCYJNY PŁOCK\RAFINERIA\PR03 BLOK PRZEROBU ROPY\DRW-IV|DR4.FC43354_SQR.PV;"2026-07-14 15:33:58,102005";"53,0391540527344"
\\PIAF\PKN Orlen\PI Vision\PKN Orlen\ZAKŁAD PRODUKCYJNY PŁOCK\RAFINERIA\PR03 BLOK PRZEROBU ROPY\DRW-IV|DR4.FC43354_SQR.PV;"2026-07-14 15:39:23,196014";"52,6389541625977"
\\PIAF\PKN Orlen\PI Vision\PKN Orlen\ZAKŁAD PRODUKCYJNY PŁOCK\RAFINERIA\PR03 BLOK PRZEROBU ROPY\DRW-IV|DR4.FC43354_SQR.PV;"2026-07-14 15:44:33,180008";"51,994270324707"
\\PIAF\PKN Orlen\PI Vision\PKN Orlen\ZAKŁAD PRODUKCYJNY PŁOCK\RAFINERIA\PR03 BLOK PRZEROBU ROPY\DRW-IV|DR4.FC43354_SQR.PV;"2026-07-14 15:51:03,118011";"52,8127059936523"
\\PIAF\PKN Orlen\PI Vision\PKN Orlen\ZAKŁAD PRODUKCYJNY PŁOCK\RAFINERIA\PR03 BLOK PRZEROBU ROPY\DRW-IV|DR4.FC43354_SQR.PV;"2026-07-14 15:56:58,118011";"52,6356239318848"
\\PIAF\PKN Orlen\PI Vision\PKN Orlen\ZAKŁAD PRODUKCYJNY PŁOCK\RAFINERIA\PR03 BLOK PRZEROBU ROPY\DRW-IV|DR4.FC43354_SQR.PV;"2026-07-14 16:06:13,102005";"52,8089485168457"
\\PIAF\PKN Orlen\PI Vision\PKN Orlen\ZAKŁAD PRODUKCYJNY PŁOCK\RAFINERIA\PR03 BLOK PRZEROBU ROPY\DRW-IV|DR4.FC43354_SQR.PV;"2026-07-14 16:12:13,181015";"52,2320022583008"
\\PIAF\PKN Orlen\PI Vision\PKN Orlen\ZAKŁAD PRODUKCYJNY PŁOCK\RAFINERIA\PR03 BLOK PRZEROBU ROPY\DRW-IV|DR4.FC43354_SQR.PV;"2026-07-14 16:17:48,180008";"52,4724159240723"
\\PIAF\PKN Orlen\PI Vision\PKN Orlen\ZAKŁAD PRODUKCYJNY PŁOCK\RAFINERIA\PR03 BLOK PRZEROBU ROPY\DRW-IV|DR4.FC43354_SQR.PV;"2026-07-14 16:26:38,134002";"52,0743560791016"
\\PIAF\PKN Orlen\PI Vision\PKN Orlen\ZAKŁAD PRODUKCYJNY PŁOCK\RAFINERIA\PR03 BLOK PRZEROBU ROPY\DRW-IV|DR4.FC43354_SQR.PV;"2026-07-14 16:32:58,118011";"52,6327171325684"
\\PIAF\PKN Orlen\PI Vision\PKN Orlen\ZAKŁAD PRODUKCYJNY PŁOCK\RAFINERIA\PR03 BLOK PRZEROBU ROPY\DRW-IV|DR4.FC43354_SQR.PV;"2026-07-14 16:40:23,196014";"52,4655227661133"
\\PIAF\PKN Orlen\PI Vision\PKN Orlen\ZAKŁAD PRODUKCYJNY PŁOCK\RAFINERIA\PR03 BLOK PRZEROBU ROPY\DRW-IV|DR4.FC43354_SQR.PV;"2026-07-14 16:47:13,181015";"52,5530090332031"
\\PIAF\PKN Orlen\PI Vision\PKN Orlen\ZAKŁAD PRODUKCYJNY PŁOCK\RAFINERIA\PR03 BLOK PRZEROBU ROPY\DRW-IV|DR4.FC43354_SQR.PV;"2026-07-14 16:49:38,102005";"52,2300834655762"
\\PIAF\PKN Orlen\PI Vision\PKN Orlen\ZAKŁAD PRODUKCYJNY PŁOCK\RAFINERIA\PR03 BLOK PRZEROBU ROPY\DRW-IV|DR4.FC43354_SQR.PV;"2026-07-14 16:56:13,118011";"52,7014198303223"
\\PIAF\PKN Orlen\PI Vision\PKN Orlen\ZAKŁAD PRODUKCYJNY PŁOCK\RAFINERIA\PR03 BLOK PRZEROBU ROPY\DRW-IV|DR4.FC43354_SQR.PV;"2026-07-14 17:03:23,180008";"52,1663208007813"
\\PIAF\PKN Orlen\PI Vision\PKN Orlen\ZAKŁAD PRODUKCYJNY PŁOCK\RAFINERIA\PR03 BLOK PRZEROBU ROPY\DRW-IV|DR4.FC43354_SQR.PV;"2026-07-14 17:09:03,134002";"52,5353012084961"
\\PIAF\PKN Orlen\PI Vision\PKN Orlen\ZAKŁAD PRODUKCYJNY PŁOCK\RAFINERIA\PR03 BLOK PRZEROBU ROPY\DRW-IV|DR4.FC43354_SQR.PV;"2026-07-14 17:12:43,102005";"52,6138496398926"
\\PIAF\PKN Orlen\PI Vision\PKN Orlen\ZAKŁAD PRODUKCYJNY PŁOCK\RAFINERIA\PR03 BLOK PRZEROBU ROPY\DRW-IV|DR4.FC43354_SQR.PV;"2026-07-14 17:17:58,102005";"51,9686508178711"
\\PIAF\PKN Orlen\PI Vision\PKN Orlen\ZAKŁAD PRODUKCYJNY PŁOCK\RAFINERIA\PR03 BLOK PRZEROBU ROPY\DRW-IV|DR4.FC43354_SQR.PV;"2026-07-14 17:23:48,134002";"52,5373001098633"
\\PIAF\PKN Orlen\PI Vision\PKN Orlen\ZAKŁAD PRODUKCYJNY PŁOCK\RAFINERIA\PR03 BLOK PRZEROBU ROPY\DRW-IV|DR4.FC43354_SQR.PV;"2026-07-14 17:30:38,149002";"52,2833786010742"
\\PIAF\PKN Orlen\PI Vision\PKN Orlen\ZAKŁAD PRODUKCYJNY PŁOCK\RAFINERIA\PR03 BLOK PRZEROBU ROPY\DRW-IV|DR4.FC43354_SQR.PV;"2026-07-14 17:34:13,149002";"51,7439804077148"
\\PIAF\PKN Orlen\PI Vision\PKN Orlen\ZAKŁAD PRODUKCYJNY PŁOCK\RAFINERIA\PR03 BLOK PRZEROBU ROPY\DRW-IV|DR4.FC43354_SQR.PV;"2026-07-14 17:40:08,149002";"51,9084968566895"
\\PIAF\PKN Orlen\PI Vision\PKN Orlen\ZAKŁAD PRODUKCYJNY PŁOCK\RAFINERIA\PR03 BLOK PRZEROBU ROPY\DRW-IV|DR4.FC43354_SQR.PV;"2026-07-14 17:44:18,087006";"52,3591041564941"
\\PIAF\PKN Orlen\PI Vision\PKN Orlen\ZAKŁAD PRODUKCYJNY PŁOCK\RAFINERIA\PR03 BLOK PRZEROBU ROPY\DRW-IV|DR4.FC43354_SQR.PV;"2026-07-14 17:48:18,071014";"51,8558120727539"
\\PIAF\PKN Orlen\PI Vision\PKN Orlen\ZAKŁAD PRODUKCYJNY PŁOCK\RAFINERIA\PR03 BLOK PRZEROBU ROPY\DRW-IV|DR4.FC43354_SQR.PV;"2026-07-14 17:53:38,118011";"52,1118545532227"
\\PIAF\PKN Orlen\PI Vision\PKN Orlen\ZAKŁAD PRODUKCYJNY PŁOCK\RAFINERIA\PR03 BLOK PRZEROBU ROPY\DRW-IV|DR4.FC43354_SQR.PV;"2026-07-14 17:55:03,118011";"52,3143615722656"
\\PIAF\PKN Orlen\PI Vision\PKN Orlen\ZAKŁAD PRODUKCYJNY PŁOCK\RAFINERIA\PR03 BLOK PRZEROBU ROPY\DRW-IV|DR4.FC43354_SQR.PV;"2026-07-14 18:07:58,071014";"51,9286155700684"
\\PIAF\PKN Orlen\PI Vision\PKN Orlen\ZAKŁAD PRODUKCYJNY PŁOCK\RAFINERIA\PR03 BLOK PRZEROBU ROPY\DRW-IV|DR4.FC43354_SQR.PV;"2026-07-14 18:14:33,102005";"52,0695381164551"
\\PIAF\PKN Orlen\PI Vision\PKN Orlen\ZAKŁAD PRODUKCYJNY PŁOCK\RAFINERIA\PR03 BLOK PRZEROBU ROPY\DRW-IV|DR4.FC43354_SQR.PV;"2026-07-14 18:21:48,118011";"51,6507415771484"
\\PIAF\PKN Orlen\PI Vision\PKN Orlen\ZAKŁAD PRODUKCYJNY PŁOCK\RAFINERIA\PR03 BLOK PRZEROBU ROPY\DRW-IV|DR4.FC43354_SQR.PV;"2026-07-14 18:26:23,118011";"52,0287895202637"
\\PIAF\PKN Orlen\PI Vision\PKN Orlen\ZAKŁAD PRODUKCYJNY PŁOCK\RAFINERIA\PR03 BLOK PRZEROBU ROPY\DRW-IV|DR4.FC43354_SQR.PV;"2026-07-14 18:30:38,102005";"51,6519088745117"
\\PIAF\PKN Orlen\PI Vision\PKN Orlen\ZAKŁAD PRODUKCYJNY PŁOCK\RAFINERIA\PR03 BLOK PRZEROBU ROPY\DRW-IV|DR4.FC43354_SQR.PV;"2026-07-14 18:35:18,102005";"51,3412475585938"
\\PIAF\PKN Orlen\PI Vision\PKN Orlen\ZAKŁAD PRODUKCYJNY PŁOCK\RAFINERIA\PR03 BLOK PRZEROBU ROPY\DRW-IV|DR4.FC43354_SQR.PV;"2026-07-14 18:39:58,134002";"52,0512771606445"
\\PIAF\PKN Orlen\PI Vision\PKN Orlen\ZAKŁAD PRODUKCYJNY PŁOCK\RAFINERIA\PR03 BLOK PRZEROBU ROPY\DRW-IV|DR4.FC43354_SQR.PV;"2026-07-14 18:44:33,134002";"51,6272010803223"
\\PIAF\PKN Orlen\PI Vision\PKN Orlen\ZAKŁAD PRODUKCYJNY PŁOCK\RAFINERIA\PR03 BLOK PRZEROBU ROPY\DRW-IV|DR4.FC43354_SQR.PV;"2026-07-14 18:47:38,087006";"50,9559288024902"
\\PIAF\PKN Orlen\PI Vision\PKN Orlen\ZAKŁAD PRODUKCYJNY PŁOCK\RAFINERIA\PR03 BLOK PRZEROBU ROPY\DRW-IV|DR4.FC43354_SQR.PV;"2026-07-14 18:51:08,118011";"51,33935546875"
\\PIAF\PKN Orlen\PI Vision\PKN Orlen\ZAKŁAD PRODUKCYJNY PŁOCK\RAFINERIA\PR03 BLOK PRZEROBU ROPY\DRW-IV|DR4.FC43354_SQR.PV;"2026-07-14 18:55:33,134002";"52,2576637268066"
\\PIAF\PKN Orlen\PI Vision\PKN Orlen\ZAKŁAD PRODUKCYJNY PŁOCK\RAFINERIA\PR03 BLOK PRZEROBU ROPY\DRW-IV|DR4.FC43354_SQR.PV;"2026-07-14 18:59:28,087006";"52,1169967651367"
\\PIAF\PKN Orlen\PI Vision\PKN Orlen\ZAKŁAD PRODUKCYJNY PŁOCK\RAFINERIA\PR03 BLOK PRZEROBU ROPY\DRW-IV|DR4.FC43354_SQR.PV;"2026-07-14 19:02:58,102005";"51,419605255127"
\\PIAF\PKN Orlen\PI Vision\PKN Orlen\ZAKŁAD PRODUKCYJNY PŁOCK\RAFINERIA\PR03 BLOK PRZEROBU ROPY\DRW-IV|DR4.FC43354_SQR.PV;"2026-07-14 19:11:03,087006";"51,6743507385254"
\\PIAF\PKN Orlen\PI Vision\PKN Orlen\ZAKŁAD PRODUKCYJNY PŁOCK\RAFINERIA\PR03 BLOK PRZEROBU ROPY\DRW-IV|DR4.FC43354_SQR.PV;"2026-07-14 19:15:58,118011";"51,0669593811035"
\\PIAF\PKN Orlen\PI Vision\PKN Orlen\ZAKŁAD PRODUKCYJNY PŁOCK\RAFINERIA\PR03 BLOK PRZEROBU ROPY\DRW-IV|DR4.FC43354_SQR.PV;"2026-07-14 19:25:08,087006";"52,174243927002"
\\PIAF\PKN Orlen\PI Vision\PKN Orlen\ZAKŁAD PRODUKCYJNY PŁOCK\RAFINERIA\PR03 BLOK PRZEROBU ROPY\DRW-IV|DR4.FC43354_SQR.PV;"2026-07-14 19:27:43,202011";"52,0854225158691"
\\PIAF\PKN Orlen\PI Vision\PKN Orlen\ZAKŁAD PRODUKCYJNY PŁOCK\RAFINERIA\PR03 BLOK PRZEROBU ROPY\DRW-IV|DR4.FC43354_SQR.PV;"2026-07-14 19:30:23,234009";"51,852668762207"
\\PIAF\PKN Orlen\PI Vision\PKN Orlen\ZAKŁAD PRODUKCYJNY PŁOCK\RAFINERIA\PR03 BLOK PRZEROBU ROPY\DRW-IV|DR4.FC43354_SQR.PV;"2026-07-14 19:33:43,134002";"51,7611503601074"
\\PIAF\PKN Orlen\PI Vision\PKN Orlen\ZAKŁAD PRODUKCYJNY PŁOCK\RAFINERIA\PR03 BLOK PRZEROBU ROPY\DRW-IV|DR4.FC43354_SQR.PV;"2026-07-14 19:37:38,202011";"51,875431060791"
\\PIAF\PKN Orlen\PI Vision\PKN Orlen\ZAKŁAD PRODUKCYJNY PŁOCK\RAFINERIA\PR03 BLOK PRZEROBU ROPY\DRW-IV|DR4.FC43354_SQR.PV;"2026-07-14 19:39:53,187011";"52,0650291442871"
\\PIAF\PKN Orlen\PI Vision\PKN Orlen\ZAKŁAD PRODUKCYJNY PŁOCK\RAFINERIA\PR03 BLOK PRZEROBU ROPY\DRW-IV|DR4.FC43354_SQR.PV;"2026-07-14 19:45:03,202011";"51,5984497070313"
\\PIAF\PKN Orlen\PI Vision\PKN Orlen\ZAKŁAD PRODUKCYJNY PŁOCK\RAFINERIA\PR03 BLOK PRZEROBU ROPY\DRW-IV|DR4.FC43354_SQR.PV;"2026-07-14 19:54:03,202011";"52,373176574707"
\\PIAF\PKN Orlen\PI Vision\PKN Orlen\ZAKŁAD PRODUKCYJNY PŁOCK\RAFINERIA\PR03 BLOK PRZEROBU ROPY\DRW-IV|DR4.FC43354_SQR.PV;"2026-07-14 19:59:33,264999";"51,5194625854492"
\\PIAF\PKN Orlen\PI Vision\PKN Orlen\ZAKŁAD PRODUKCYJNY PŁOCK\RAFINERIA\PR03 BLOK PRZEROBU ROPY\DRW-IV|DR4.FC43354_SQR.PV;"2026-07-14 20:02:53,202011";"51,6750755310059"
\\PIAF\PKN Orlen\PI Vision\PKN Orlen\ZAKŁAD PRODUKCYJNY PŁOCK\RAFINERIA\PR03 BLOK PRZEROBU ROPY\DRW-IV|DR4.FC43354_SQR.PV;"2026-07-14 20:05:13,202011";"52,1780090332031"
\\PIAF\PKN Orlen\PI Vision\PKN Orlen\ZAKŁAD PRODUKCYJNY PŁOCK\RAFINERIA\PR03 BLOK PRZEROBU ROPY\DRW-IV|DR4.FC43354_SQR.PV;"2026-07-14 20:11:08,234009";"52,4996604919434"
\\PIAF\PKN Orlen\PI Vision\PKN Orlen\ZAKŁAD PRODUKCYJNY PŁOCK\RAFINERIA\PR03 BLOK PRZEROBU ROPY\DRW-IV|DR4.FC43354_SQR.PV;"2026-07-14 20:15:08,234009";"51,8528137207031"
\\PIAF\PKN Orlen\PI Vision\PKN Orlen\ZAKŁAD PRODUKCYJNY PŁOCK\RAFINERIA\PR03 BLOK PRZEROBU ROPY\DRW-IV|DR4.FC43354_SQR.PV;"2026-07-14 20:18:13,202011";"51,5933113098145"
\\PIAF\PKN Orlen\PI Vision\PKN Orlen\ZAKŁAD PRODUKCYJNY PŁOCK\RAFINERIA\PR03 BLOK PRZEROBU ROPY\DRW-IV|DR4.FC43354_SQR.PV;"2026-07-14 20:20:38,234009";"51,599479675293"
\\PIAF\PKN Orlen\PI Vision\PKN Orlen\ZAKŁAD PRODUKCYJNY PŁOCK\RAFINERIA\PR03 BLOK PRZEROBU ROPY\DRW-IV|DR4.FC43354_SQR.PV;"2026-07-14 20:25:28,202011";"52,1789894104004"
\\PIAF\PKN Orlen\PI Vision\PKN Orlen\ZAKŁAD PRODUKCYJNY PŁOCK\RAFINERIA\PR03 BLOK PRZEROBU ROPY\DRW-IV|DR4.FC43354_SQR.PV;"2026-07-14 20:30:53,171005";"51,6345024108887"
\\PIAF\PKN Orlen\PI Vision\PKN Orlen\ZAKŁAD PRODUKCYJNY PŁOCK\RAFINERIA\PR03 BLOK PRZEROBU ROPY\DRW-IV|DR4.FC43354_SQR.PV;"2026-07-14 20:35:43,234009";"51,4013824462891"
\\PIAF\PKN Orlen\PI Vision\PKN Orlen\ZAKŁAD PRODUKCYJNY PŁOCK\RAFINERIA\PR03 BLOK PRZEROBU ROPY\DRW-IV|DR4.FC43354_SQR.PV;"2026-07-14 20:37:53,171005";"51,9859962463379"
\\PIAF\PKN Orlen\PI Vision\PKN Orlen\ZAKŁAD PRODUKCYJNY PŁOCK\RAFINERIA\PR03 BLOK PRZEROBU ROPY\DRW-IV|DR4.FC43354_SQR.PV;"2026-07-14 20:47:23,156006";"51,9547462463379"
\\PIAF\PKN Orlen\PI Vision\PKN Orlen\ZAKŁAD PRODUKCYJNY PŁOCK\RAFINERIA\PR03 BLOK PRZEROBU ROPY\DRW-IV|DR4.FC43354_SQR.PV;"2026-07-14 20:50:23,156006";"51,6054725646973"
\\PIAF\PKN Orlen\PI Vision\PKN Orlen\ZAKŁAD PRODUKCYJNY PŁOCK\RAFINERIA\PR03 BLOK PRZEROBU ROPY\DRW-IV|DR4.FC43354_SQR.PV;"2026-07-14 20:51:48,249008";"51,8083343505859"
\\PIAF\PKN Orlen\PI Vision\PKN Orlen\ZAKŁAD PRODUKCYJNY PŁOCK\RAFINERIA\PR03 BLOK PRZEROBU ROPY\DRW-IV|DR4.FC43354_SQR.PV;"2026-07-14 20:54:03,187011";"52,6195030212402"
\\PIAF\PKN Orlen\PI Vision\PKN Orlen\ZAKŁAD PRODUKCYJNY PŁOCK\RAFINERIA\PR03 BLOK PRZEROBU ROPY\DRW-IV|DR4.FC43354_SQR.PV;"2026-07-14 20:57:03,234009";"52,0638618469238"
\\PIAF\PKN Orlen\PI Vision\PKN Orlen\ZAKŁAD PRODUKCYJNY PŁOCK\RAFINERIA\PR03 BLOK PRZEROBU ROPY\DRW-IV|DR4.FC43354_SQR.PV;"2026-07-14 21:00:28,218002";"51,3978958129883"
\\PIAF\PKN Orlen\PI Vision\PKN Orlen\ZAKŁAD PRODUKCYJNY PŁOCK\RAFINERIA\PR03 BLOK PRZEROBU ROPY\DRW-IV|DR4.FC43354_SQR.PV;"2026-07-14 21:05:08,154999";"51,5437316894531"
\\PIAF\PKN Orlen\PI Vision\PKN Orlen\ZAKŁAD PRODUKCYJNY PŁOCK\RAFINERIA\PR03 BLOK PRZEROBU ROPY\DRW-IV|DR4.FC43354_SQR.PV;"2026-07-14 21:10:28,234009";"51,7063941955566"
\\PIAF\PKN Orlen\PI Vision\PKN Orlen\ZAKŁAD PRODUKCYJNY PŁOCK\RAFINERIA\PR03 BLOK PRZEROBU ROPY\DRW-IV|DR4.FC43354_SQR.PV;"2026-07-14 21:12:43,218002";"51,3644371032715"
\\PIAF\PKN Orlen\PI Vision\PKN Orlen\ZAKŁAD PRODUKCYJNY PŁOCK\RAFINERIA\PR03 BLOK PRZEROBU ROPY\DRW-IV|DR4.FC43354_SQR.PV;"2026-07-14 21:16:03,187011";"51,7588577270508"
\\PIAF\PKN Orlen\PI Vision\PKN Orlen\ZAKŁAD PRODUKCYJNY PŁOCK\RAFINERIA\PR03 BLOK PRZEROBU ROPY\DRW-IV|DR4.FC43354_SQR.PV;"2026-07-14 21:20:18,171005";"52,358642578125"
\\PIAF\PKN Orlen\PI Vision\PKN Orlen\ZAKŁAD PRODUKCYJNY PŁOCK\RAFINERIA\PR03 BLOK PRZEROBU ROPY\DRW-IV|DR4.FC43354_SQR.PV;"2026-07-14 21:24:43,234009";"52,2938690185547"
\\PIAF\PKN Orlen\PI Vision\PKN Orlen\ZAKŁAD PRODUKCYJNY PŁOCK\RAFINERIA\PR03 BLOK PRZEROBU ROPY\DRW-IV|DR4.FC43354_SQR.PV;"2026-07-14 21:27:28,171005";"51,8004112243652"
\\PIAF\PKN Orlen\PI Vision\PKN Orlen\ZAKŁAD PRODUKCYJNY PŁOCK\RAFINERIA\PR03 BLOK PRZEROBU ROPY\DRW-IV|DR4.FC43354_SQR.PV;"2026-07-14 21:35:08,140014";"51,4788208007813"
\\PIAF\PKN Orlen\PI Vision\PKN Orlen\ZAKŁAD PRODUKCYJNY PŁOCK\RAFINERIA\PR03 BLOK PRZEROBU ROPY\DRW-IV|DR4.FC43354_SQR.PV;"2026-07-14 21:36:28,202011";"51,2399978637695"
\\PIAF\PKN Orlen\PI Vision\PKN Orlen\ZAKŁAD PRODUKCYJNY PŁOCK\RAFINERIA\PR03 BLOK PRZEROBU ROPY\DRW-IV|DR4.FC43354_SQR.PV;"2026-07-14 21:39:28,234009";"51,4556121826172"
\\PIAF\PKN Orlen\PI Vision\PKN Orlen\ZAKŁAD PRODUKCYJNY PŁOCK\RAFINERIA\PR03 BLOK PRZEROBU ROPY\DRW-IV|DR4.FC43354_SQR.PV;"2026-07-14 21:43:48,234009";"52,5198097229004"
\\PIAF\PKN Orlen\PI Vision\PKN Orlen\ZAKŁAD PRODUKCYJNY PŁOCK\RAFINERIA\PR03 BLOK PRZEROBU ROPY\DRW-IV|DR4.FC43354_SQR.PV;"2026-07-14 21:51:13,202011";"51,5464935302734"
\\PIAF\PKN Orlen\PI Vision\PKN Orlen\ZAKŁAD PRODUKCYJNY PŁOCK\RAFINERIA\PR03 BLOK PRZEROBU ROPY\DRW-IV|DR4.FC43354_SQR.PV;"2026-07-14 21:57:43,171005";"51,8940811157227"
\\PIAF\PKN Orlen\PI Vision\PKN Orlen\ZAKŁAD PRODUKCYJNY PŁOCK\RAFINERIA\PR03 BLOK PRZEROBU ROPY\DRW-IV|DR4.FC43354_SQR.PV;"2026-07-14 21:59:53,218002";"52,1423301696777"
\\PIAF\PKN Orlen\PI Vision\PKN Orlen\ZAKŁAD PRODUKCYJNY PŁOCK\RAFINERIA\PR03 BLOK PRZEROBU ROPY\DRW-IV|DR4.FC43354_SQR.PV;"2026-07-14 22:06:18,218002";"51,766773223877"
\\PIAF\PKN Orlen\PI Vision\PKN Orlen\ZAKŁAD PRODUKCYJNY PŁOCK\RAFINERIA\PR03 BLOK PRZEROBU ROPY\DRW-IV|DR4.FC43354_SQR.PV;"2026-07-14 22:08:53,218002";"51,3036270141602"
\\PIAF\PKN Orlen\PI Vision\PKN Orlen\ZAKŁAD PRODUKCYJNY PŁOCK\RAFINERIA\PR03 BLOK PRZEROBU ROPY\DRW-IV|DR4.FC43354_SQR.PV;"2026-07-14 22:14:23,171005";"51,6976280212402"
\\PIAF\PKN Orlen\PI Vision\PKN Orlen\ZAKŁAD PRODUKCYJNY PŁOCK\RAFINERIA\PR03 BLOK PRZEROBU ROPY\DRW-IV|DR4.FC43354_SQR.PV;"2026-07-14 22:19:23,234009";"52,5686912536621"
\\PIAF\PKN Orlen\PI Vision\PKN Orlen\ZAKŁAD PRODUKCYJNY PŁOCK\RAFINERIA\PR03 BLOK PRZEROBU ROPY\DRW-IV|DR4.FC43354_SQR.PV;"2026-07-14 22:22:13,234009";"52,2943992614746"
\\PIAF\PKN Orlen\PI Vision\PKN Orlen\ZAKŁAD PRODUKCYJNY PŁOCK\RAFINERIA\PR03 BLOK PRZEROBU ROPY\DRW-IV|DR4.FC43354_SQR.PV;"2026-07-14 22:25:18,171005";"51,6793479919434"
\\PIAF\PKN Orlen\PI Vision\PKN Orlen\ZAKŁAD PRODUKCYJNY PŁOCK\RAFINERIA\PR03 BLOK PRZEROBU ROPY\DRW-IV|DR4.FC43354_SQR.PV;"2026-07-14 22:31:33,140014";"51,774112701416"
\\PIAF\PKN Orlen\PI Vision\PKN Orlen\ZAKŁAD PRODUKCYJNY PŁOCK\RAFINERIA\PR03 BLOK PRZEROBU ROPY\DRW-IV|DR4.FC43354_SQR.PV;"2026-07-14 22:33:18,155014";"52,2956809997559"
\\PIAF\PKN Orlen\PI Vision\PKN Orlen\ZAKŁAD PRODUKCYJNY PŁOCK\RAFINERIA\PR03 BLOK PRZEROBU ROPY\DRW-IV|DR4.FC43354_SQR.PV;"2026-07-14 22:35:48,234009";"52,0584297180176"
\\PIAF\PKN Orlen\PI Vision\PKN Orlen\ZAKŁAD PRODUKCYJNY PŁOCK\RAFINERIA\PR03 BLOK PRZEROBU ROPY\DRW-IV|DR4.FC43354_SQR.PV;"2026-07-14 22:40:18,234009";"51,3592987060547"
\\PIAF\PKN Orlen\PI Vision\PKN Orlen\ZAKŁAD PRODUKCYJNY PŁOCK\RAFINERIA\PR03 BLOK PRZEROBU ROPY\DRW-IV|DR4.FC43354_SQR.PV;"2026-07-14 22:44:28,171005";"51,9157104492188"
\\PIAF\PKN Orlen\PI Vision\PKN Orlen\ZAKŁAD PRODUKCYJNY PŁOCK\RAFINERIA\PR03 BLOK PRZEROBU ROPY\DRW-IV|DR4.FC43354_SQR.PV;"2026-07-14 22:48:38,218002";"52,4519462585449"
\\PIAF\PKN Orlen\PI Vision\PKN Orlen\ZAKŁAD PRODUKCYJNY PŁOCK\RAFINERIA\PR03 BLOK PRZEROBU ROPY\DRW-IV|DR4.FC43354_SQR.PV;"2026-07-14 22:51:53,171005";"52,2112083435059"
\\PIAF\PKN Orlen\PI Vision\PKN Orlen\ZAKŁAD PRODUKCYJNY PŁOCK\RAFINERIA\PR03 BLOK PRZEROBU ROPY\DRW-IV|DR4.FC43354_SQR.PV;"2026-07-14 22:54:23,124008";"51,6975860595703"
\\PIAF\PKN Orlen\PI Vision\PKN Orlen\ZAKŁAD PRODUKCYJNY PŁOCK\RAFINERIA\PR03 BLOK PRZEROBU ROPY\DRW-IV|DR4.FC43354_SQR.PV;"2026-07-14 23:01:08,187011";"52,2009468078613"
\\PIAF\PKN Orlen\PI Vision\PKN Orlen\ZAKŁAD PRODUKCYJNY PŁOCK\RAFINERIA\PR03 BLOK PRZEROBU ROPY\DRW-IV|DR4.FC43354_SQR.PV;"2026-07-14 23:04:28,156006";"52,4486618041992"
\\PIAF\PKN Orlen\PI Vision\PKN Orlen\ZAKŁAD PRODUKCYJNY PŁOCK\RAFINERIA\PR03 BLOK PRZEROBU ROPY\DRW-IV|DR4.FC43354_SQR.PV;"2026-07-14 23:08:03,155014";"51,477840423584"
\\PIAF\PKN Orlen\PI Vision\PKN Orlen\ZAKŁAD PRODUKCYJNY PŁOCK\RAFINERIA\PR03 BLOK PRZEROBU ROPY\DRW-IV|DR4.FC43354_SQR.PV;"2026-07-14 23:10:48,218002";"51,6939125061035"
\\PIAF\PKN Orlen\PI Vision\PKN Orlen\ZAKŁAD PRODUKCYJNY PŁOCK\RAFINERIA\PR03 BLOK PRZEROBU ROPY\DRW-IV|DR4.FC43354_SQR.PV;"2026-07-14 23:13:58,202011";"52,3822593688965"
\\PIAF\PKN Orlen\PI Vision\PKN Orlen\ZAKŁAD PRODUKCYJNY PŁOCK\RAFINERIA\PR03 BLOK PRZEROBU ROPY\DRW-IV|DR4.FC43354_SQR.PV;"2026-07-14 23:18:18,202011";"52,3183059692383"
\\PIAF\PKN Orlen\PI Vision\PKN Orlen\ZAKŁAD PRODUKCYJNY PŁOCK\RAFINERIA\PR03 BLOK PRZEROBU ROPY\DRW-IV|DR4.FC43354_SQR.PV;"2026-07-14 23:22:43,171005";"51,0422210693359"
\\PIAF\PKN Orlen\PI Vision\PKN Orlen\ZAKŁAD PRODUKCYJNY PŁOCK\RAFINERIA\PR03 BLOK PRZEROBU ROPY\DRW-IV|DR4.FC43354_SQR.PV;"2026-07-14 23:25:18,234009";"51,4548149108887"
\\PIAF\PKN Orlen\PI Vision\PKN Orlen\ZAKŁAD PRODUKCYJNY PŁOCK\RAFINERIA\PR03 BLOK PRZEROBU ROPY\DRW-IV|DR4.FC43354_SQR.PV;"2026-07-14 23:28:43,124008";"52,4702453613281"
\\PIAF\PKN Orlen\PI Vision\PKN Orlen\ZAKŁAD PRODUKCYJNY PŁOCK\RAFINERIA\PR03 BLOK PRZEROBU ROPY\DRW-IV|DR4.FC43354_SQR.PV;"2026-07-14 23:33:28,202011";"52,0265312194824"
\\PIAF\PKN Orlen\PI Vision\PKN Orlen\ZAKŁAD PRODUKCYJNY PŁOCK\RAFINERIA\PR03 BLOK PRZEROBU ROPY\DRW-IV|DR4.FC43354_SQR.PV;"2026-07-14 23:41:53,202011";"51,8902244567871"
\\PIAF\PKN Orlen\PI Vision\PKN Orlen\ZAKŁAD PRODUKCYJNY PŁOCK\RAFINERIA\PR03 BLOK PRZEROBU ROPY\DRW-IV|DR4.FC43354_SQR.PV;"2026-07-14 23:51:18,171005";"52,4111595153809"
\\PIAF\PKN Orlen\PI Vision\PKN Orlen\ZAKŁAD PRODUKCYJNY PŁOCK\RAFINERIA\PR03 BLOK PRZEROBU ROPY\DRW-IV|DR4.FC43354_SQR.PV;"2026-07-14 23:56:38,187011";"51,5937461853027"
\\PIAF\PKN Orlen\PI Vision\PKN Orlen\ZAKŁAD PRODUKCYJNY PŁOCK\RAFINERIA\PR03 BLOK PRZEROBU ROPY\DRW-IV|DR4.FC43354_SQR.PV;"2026-07-15 00:00:13,218002";"51,9530181884766"
\\PIAF\PKN Orlen\PI Vision\PKN Orlen\ZAKŁAD PRODUKCYJNY PŁOCK\RAFINERIA\PR03 BLOK PRZEROBU ROPY\DRW-IV|DR4.FC43354_SQR.PV;"2026-07-15 00:02:18,234009";"52,835807800293"
\\PIAF\PKN Orlen\PI Vision\PKN Orlen\ZAKŁAD PRODUKCYJNY PŁOCK\RAFINERIA\PR03 BLOK PRZEROBU ROPY\DRW-IV|DR4.FC43354_SQR.PV;"2026-07-15 00:12:43,139999";"52,2450256347656"
\\PIAF\PKN Orlen\PI Vision\PKN Orlen\ZAKŁAD PRODUKCYJNY PŁOCK\RAFINERIA\PR03 BLOK PRZEROBU ROPY\DRW-IV|DR4.FC43354_SQR.PV;"2026-07-15 00:21:58,171005";"52,6875648498535"
\\PIAF\PKN Orlen\PI Vision\PKN Orlen\ZAKŁAD PRODUKCYJNY PŁOCK\RAFINERIA\PR03 BLOK PRZEROBU ROPY\DRW-IV|DR4.FC43354_SQR.PV;"2026-07-15 00:24:43,218002";"52,7403297424316"
\\PIAF\PKN Orlen\PI Vision\PKN Orlen\ZAKŁAD PRODUKCYJNY PŁOCK\RAFINERIA\PR03 BLOK PRZEROBU ROPY\DRW-IV|DR4.FC43354_SQR.PV;"2026-07-15 00:27:08,171005";"52,556770324707"
\\PIAF\PKN Orlen\PI Vision\PKN Orlen\ZAKŁAD PRODUKCYJNY PŁOCK\RAFINERIA\PR03 BLOK PRZEROBU ROPY\DRW-IV|DR4.FC43354_SQR.PV;"2026-07-15 00:32:08,109009";"52,7754058837891"
\\PIAF\PKN Orlen\PI Vision\PKN Orlen\ZAKŁAD PRODUKCYJNY PŁOCK\RAFINERIA\PR03 BLOK PRZEROBU ROPY\DRW-IV|DR4.FC43354_SQR.PV;"2026-07-15 00:34:28,139999";"52,3352851867676"
\\PIAF\PKN Orlen\PI Vision\PKN Orlen\ZAKŁAD PRODUKCYJNY PŁOCK\RAFINERIA\PR03 BLOK PRZEROBU ROPY\DRW-IV|DR4.FC43354_SQR.PV;"2026-07-15 00:37:33,218002";"51,9423675537109"
\\PIAF\PKN Orlen\PI Vision\PKN Orlen\ZAKŁAD PRODUKCYJNY PŁOCK\RAFINERIA\PR03 BLOK PRZEROBU ROPY\DRW-IV|DR4.FC43354_SQR.PV;"2026-07-15 00:41:38,171005";"52,3600425720215"
\\PIAF\PKN Orlen\PI Vision\PKN Orlen\ZAKŁAD PRODUKCYJNY PŁOCK\RAFINERIA\PR03 BLOK PRZEROBU ROPY\DRW-IV|DR4.FC43354_SQR.PV;"2026-07-15 00:44:08,124008";"53,1158027648926"
\\PIAF\PKN Orlen\PI Vision\PKN Orlen\ZAKŁAD PRODUKCYJNY PŁOCK\RAFINERIA\PR03 BLOK PRZEROBU ROPY\DRW-IV|DR4.FC43354_SQR.PV;"2026-07-15 00:48:58,171005";"52,949333190918"
\\PIAF\PKN Orlen\PI Vision\PKN Orlen\ZAKŁAD PRODUKCYJNY PŁOCK\RAFINERIA\PR03 BLOK PRZEROBU ROPY\DRW-IV|DR4.FC43354_SQR.PV;"2026-07-15 00:53:38,139999";"51,5947456359863"
\\PIAF\PKN Orlen\PI Vision\PKN Orlen\ZAKŁAD PRODUKCYJNY PŁOCK\RAFINERIA\PR03 BLOK PRZEROBU ROPY\DRW-IV|DR4.FC43354_SQR.PV;"2026-07-15 00:57:23,156006";"51,9871978759766"
\\PIAF\PKN Orlen\PI Vision\PKN Orlen\ZAKŁAD PRODUKCYJNY PŁOCK\RAFINERIA\PR03 BLOK PRZEROBU ROPY\DRW-IV|DR4.FC43354_SQR.PV;"2026-07-15 01:00:23,218002";"52,6265869140625"
\\PIAF\PKN Orlen\PI Vision\PKN Orlen\ZAKŁAD PRODUKCYJNY PŁOCK\RAFINERIA\PR03 BLOK PRZEROBU ROPY\DRW-IV|DR4.FC43354_SQR.PV;"2026-07-15 01:04:43,202011";"52,4258842468262"
\\PIAF\PKN Orlen\PI Vision\PKN Orlen\ZAKŁAD PRODUKCYJNY PŁOCK\RAFINERIA\PR03 BLOK PRZEROBU ROPY\DRW-IV|DR4.FC43354_SQR.PV;"2026-07-15 01:11:13,187011";"51,8790550231934"
\\PIAF\PKN Orlen\PI Vision\PKN Orlen\ZAKŁAD PRODUKCYJNY PŁOCK\RAFINERIA\PR03 BLOK PRZEROBU ROPY\DRW-IV|DR4.FC43354_SQR.PV;"2026-07-15 01:16:58,109009";"52,1346244812012"
\\PIAF\PKN Orlen\PI Vision\PKN Orlen\ZAKŁAD PRODUKCYJNY PŁOCK\RAFINERIA\PR03 BLOK PRZEROBU ROPY\DRW-IV|DR4.FC43354_SQR.PV;"2026-07-15 01:19:13,202011";"52,888111114502"
\\PIAF\PKN Orlen\PI Vision\PKN Orlen\ZAKŁAD PRODUKCYJNY PŁOCK\RAFINERIA\PR03 BLOK PRZEROBU ROPY\DRW-IV|DR4.FC43354_SQR.PV;"2026-07-15 01:20:43,109009";"53,273365020752"
\\PIAF\PKN Orlen\PI Vision\PKN Orlen\ZAKŁAD PRODUKCYJNY PŁOCK\RAFINERIA\PR03 BLOK PRZEROBU ROPY\DRW-IV|DR4.FC43354_SQR.PV;"2026-07-15 01:25:13,093002";"52,3310813903809"
\\PIAF\PKN Orlen\PI Vision\PKN Orlen\ZAKŁAD PRODUKCYJNY PŁOCK\RAFINERIA\PR03 BLOK PRZEROBU ROPY\DRW-IV|DR4.FC43354_SQR.PV;"2026-07-15 01:27:03,124008";"52,6239051818848"
\\PIAF\PKN Orlen\PI Vision\PKN Orlen\ZAKŁAD PRODUKCYJNY PŁOCK\RAFINERIA\PR03 BLOK PRZEROBU ROPY\DRW-IV|DR4.FC43354_SQR.PV;"2026-07-15 01:31:33,223007";"52,4646453857422"
\\PIAF\PKN Orlen\PI Vision\PKN Orlen\ZAKŁAD PRODUKCYJNY PŁOCK\RAFINERIA\PR03 BLOK PRZEROBU ROPY\DRW-IV|DR4.FC43354_SQR.PV;"2026-07-15 01:34:48,202011";"52,9264297485352"
\\PIAF\PKN Orlen\PI Vision\PKN Orlen\ZAKŁAD PRODUKCYJNY PŁOCK\RAFINERIA\PR03 BLOK PRZEROBU ROPY\DRW-IV|DR4.FC43354_SQR.PV;"2026-07-15 01:39:18,171005";"52,6692199707031"
\\PIAF\PKN Orlen\PI Vision\PKN Orlen\ZAKŁAD PRODUKCYJNY PŁOCK\RAFINERIA\PR03 BLOK PRZEROBU ROPY\DRW-IV|DR4.FC43354_SQR.PV;"2026-07-15 01:45:38,124008";"52,7606315612793"
\\PIAF\PKN Orlen\PI Vision\PKN Orlen\ZAKŁAD PRODUKCYJNY PŁOCK\RAFINERIA\PR03 BLOK PRZEROBU ROPY\DRW-IV|DR4.FC43354_SQR.PV;"2026-07-15 01:48:33,155014";"51,8374862670898"
\\PIAF\PKN Orlen\PI Vision\PKN Orlen\ZAKŁAD PRODUKCYJNY PŁOCK\RAFINERIA\PR03 BLOK PRZEROBU ROPY\DRW-IV|DR4.FC43354_SQR.PV;"2026-07-15 01:51:08,155014";"52,120418548584"
\\PIAF\PKN Orlen\PI Vision\PKN Orlen\ZAKŁAD PRODUKCYJNY PŁOCK\RAFINERIA\PR03 BLOK PRZEROBU ROPY\DRW-IV|DR4.FC43354_SQR.PV;"2026-07-15 01:55:23,139999";"53,1574287414551"
\\PIAF\PKN Orlen\PI Vision\PKN Orlen\ZAKŁAD PRODUKCYJNY PŁOCK\RAFINERIA\PR03 BLOK PRZEROBU ROPY\DRW-IV|DR4.FC43354_SQR.PV;"2026-07-15 01:58:18,154999";"52,8160057067871"
\\PIAF\PKN Orlen\PI Vision\PKN Orlen\ZAKŁAD PRODUKCYJNY PŁOCK\RAFINERIA\PR03 BLOK PRZEROBU ROPY\DRW-IV|DR4.FC43354_SQR.PV;"2026-07-15 02:04:38,140014";"52,0161323547363"
\\PIAF\PKN Orlen\PI Vision\PKN Orlen\ZAKŁAD PRODUKCYJNY PŁOCK\RAFINERIA\PR03 BLOK PRZEROBU ROPY\DRW-IV|DR4.FC43354_SQR.PV;"2026-07-15 02:08:58,093002";"52,4208717346191"
\\PIAF\PKN Orlen\PI Vision\PKN Orlen\ZAKŁAD PRODUKCYJNY PŁOCK\RAFINERIA\PR03 BLOK PRZEROBU ROPY\DRW-IV|DR4.FC43354_SQR.PV;"2026-07-15 02:12:08,124008";"52,831714630127"
\\PIAF\PKN Orlen\PI Vision\PKN Orlen\ZAKŁAD PRODUKCYJNY PŁOCK\RAFINERIA\PR03 BLOK PRZEROBU ROPY\DRW-IV|DR4.FC43354_SQR.PV;"2026-07-15 02:18:13,187011";"52,4690589904785"
\\PIAF\PKN Orlen\PI Vision\PKN Orlen\ZAKŁAD PRODUKCYJNY PŁOCK\RAFINERIA\PR03 BLOK PRZEROBU ROPY\DRW-IV|DR4.FC43354_SQR.PV;"2026-07-15 02:21:23,093002";"51,3947792053223"
\\PIAF\PKN Orlen\PI Vision\PKN Orlen\ZAKŁAD PRODUKCYJNY PŁOCK\RAFINERIA\PR03 BLOK PRZEROBU ROPY\DRW-IV|DR4.FC43354_SQR.PV;"2026-07-15 02:24:23,139999";"51,4954223632813"
\\PIAF\PKN Orlen\PI Vision\PKN Orlen\ZAKŁAD PRODUKCYJNY PŁOCK\RAFINERIA\PR03 BLOK PRZEROBU ROPY\DRW-IV|DR4.FC43354_SQR.PV;"2026-07-15 02:27:33,155014";"52,2539100646973"
\\PIAF\PKN Orlen\PI Vision\PKN Orlen\ZAKŁAD PRODUKCYJNY PŁOCK\RAFINERIA\PR03 BLOK PRZEROBU ROPY\DRW-IV|DR4.FC43354_SQR.PV;"2026-07-15 02:31:58,124008";"52,4423789978027"
\\PIAF\PKN Orlen\PI Vision\PKN Orlen\ZAKŁAD PRODUKCYJNY PŁOCK\RAFINERIA\PR03 BLOK PRZEROBU ROPY\DRW-IV|DR4.FC43354_SQR.PV;"2026-07-15 02:38:08,155014";"51,9174308776855"
\\PIAF\PKN Orlen\PI Vision\PKN Orlen\ZAKŁAD PRODUKCYJNY PŁOCK\RAFINERIA\PR03 BLOK PRZEROBU ROPY\DRW-IV|DR4.FC43354_SQR.PV;"2026-07-15 02:40:58,093002";"52,377269744873"
\\PIAF\PKN Orlen\PI Vision\PKN Orlen\ZAKŁAD PRODUKCYJNY PŁOCK\RAFINERIA\PR03 BLOK PRZEROBU ROPY\DRW-IV|DR4.FC43354_SQR.PV;"2026-07-15 02:44:18,171005";"52,4315757751465"
\\PIAF\PKN Orlen\PI Vision\PKN Orlen\ZAKŁAD PRODUKCYJNY PŁOCK\RAFINERIA\PR03 BLOK PRZEROBU ROPY\DRW-IV|DR4.FC43354_SQR.PV;"2026-07-15 02:47:23,171005";"52,6573524475098"
\\PIAF\PKN Orlen\PI Vision\PKN Orlen\ZAKŁAD PRODUKCYJNY PŁOCK\RAFINERIA\PR03 BLOK PRZEROBU ROPY\DRW-IV|DR4.FC43354_SQR.PV;"2026-07-15 02:48:48,155014";"52,5330123901367"
\\PIAF\PKN Orlen\PI Vision\PKN Orlen\ZAKŁAD PRODUKCYJNY PŁOCK\RAFINERIA\PR03 BLOK PRZEROBU ROPY\DRW-IV|DR4.FC43354_SQR.PV;"2026-07-15 02:55:28,156006";"52,3163909912109"
\\PIAF\PKN Orlen\PI Vision\PKN Orlen\ZAKŁAD PRODUKCYJNY PŁOCK\RAFINERIA\PR03 BLOK PRZEROBU ROPY\DRW-IV|DR4.FC43354_SQR.PV;"2026-07-15 02:56:38,154999";"52,1487693786621"
\\PIAF\PKN Orlen\PI Vision\PKN Orlen\ZAKŁAD PRODUKCYJNY PŁOCK\RAFINERIA\PR03 BLOK PRZEROBU ROPY\DRW-IV|DR4.FC43354_SQR.PV;"2026-07-15 03:03:03,171005";"52,3292770385742"
\\PIAF\PKN Orlen\PI Vision\PKN Orlen\ZAKŁAD PRODUKCYJNY PŁOCK\RAFINERIA\PR03 BLOK PRZEROBU ROPY\DRW-IV|DR4.FC43354_SQR.PV;"2026-07-15 03:09:18,109009";"52,0567474365234"
\\PIAF\PKN Orlen\PI Vision\PKN Orlen\ZAKŁAD PRODUKCYJNY PŁOCK\RAFINERIA\PR03 BLOK PRZEROBU ROPY\DRW-IV|DR4.FC43354_SQR.PV;"2026-07-15 03:12:03,108001";"52,2316284179688"
\\PIAF\PKN Orlen\PI Vision\PKN Orlen\ZAKŁAD PRODUKCYJNY PŁOCK\RAFINERIA\PR03 BLOK PRZEROBU ROPY\DRW-IV|DR4.FC43354_SQR.PV;"2026-07-15 03:14:38,139008";"52,1831130981445"
\\PIAF\PKN Orlen\PI Vision\PKN Orlen\ZAKŁAD PRODUKCYJNY PŁOCK\RAFINERIA\PR03 BLOK PRZEROBU ROPY\DRW-IV|DR4.FC43354_SQR.PV;"2026-07-15 03:22:23,155014";"52,5270500183105"
\\PIAF\PKN Orlen\PI Vision\PKN Orlen\ZAKŁAD PRODUKCYJNY PŁOCK\RAFINERIA\PR03 BLOK PRZEROBU ROPY\DRW-IV|DR4.FC43354_SQR.PV;"2026-07-15 03:28:18,233001";"52,004207611084"
\\PIAF\PKN Orlen\PI Vision\PKN Orlen\ZAKŁAD PRODUKCYJNY PŁOCK\RAFINERIA\PR03 BLOK PRZEROBU ROPY\DRW-IV|DR4.FC43354_SQR.PV;"2026-07-15 03:30:43,154999";"52,1813468933105"
\\PIAF\PKN Orlen\PI Vision\PKN Orlen\ZAKŁAD PRODUKCYJNY PŁOCK\RAFINERIA\PR03 BLOK PRZEROBU ROPY\DRW-IV|DR4.FC43354_SQR.PV;"2026-07-15 03:32:33,186004";"52,5274085998535"
\\PIAF\PKN Orlen\PI Vision\PKN Orlen\ZAKŁAD PRODUKCYJNY PŁOCK\RAFINERIA\PR03 BLOK PRZEROBU ROPY\DRW-IV|DR4.FC43354_SQR.PV;"2026-07-15 03:39:58,124008";"51,9979782104492"
\\PIAF\PKN Orlen\PI Vision\PKN Orlen\ZAKŁAD PRODUKCYJNY PŁOCK\RAFINERIA\PR03 BLOK PRZEROBU ROPY\DRW-IV|DR4.FC43354_SQR.PV;"2026-07-15 03:43:23,124008";"51,7064895629883"
\\PIAF\PKN Orlen\PI Vision\PKN Orlen\ZAKŁAD PRODUKCYJNY PŁOCK\RAFINERIA\PR03 BLOK PRZEROBU ROPY\DRW-IV|DR4.FC43354_SQR.PV;"2026-07-15 03:48:53,21701";"52,5122528076172"
\\PIAF\PKN Orlen\PI Vision\PKN Orlen\ZAKŁAD PRODUKCYJNY PŁOCK\RAFINERIA\PR03 BLOK PRZEROBU ROPY\DRW-IV|DR4.FC43354_SQR.PV;"2026-07-15 03:56:18,186004";"52,0671691894531"
\\PIAF\PKN Orlen\PI Vision\PKN Orlen\ZAKŁAD PRODUKCYJNY PŁOCK\RAFINERIA\PR03 BLOK PRZEROBU ROPY\DRW-IV|DR4.FC43354_SQR.PV;"2026-07-15 04:12:53,154999";"52,224925994873"
\\PIAF\PKN Orlen\PI Vision\PKN Orlen\ZAKŁAD PRODUKCYJNY PŁOCK\RAFINERIA\PR03 BLOK PRZEROBU ROPY\DRW-IV|DR4.FC43354_SQR.PV;"2026-07-15 04:18:43,202011";"51,941291809082"
\\PIAF\PKN Orlen\PI Vision\PKN Orlen\ZAKŁAD PRODUKCYJNY PŁOCK\RAFINERIA\PR03 BLOK PRZEROBU ROPY\DRW-IV|DR4.FC43354_SQR.PV;"2026-07-15 04:23:43,108001";"52,7146224975586"
\\PIAF\PKN Orlen\PI Vision\PKN Orlen\ZAKŁAD PRODUKCYJNY PŁOCK\RAFINERIA\PR03 BLOK PRZEROBU ROPY\DRW-IV|DR4.FC43354_SQR.PV;"2026-07-15 04:26:08,155014";"52,6295166015625"
\\PIAF\PKN Orlen\PI Vision\PKN Orlen\ZAKŁAD PRODUKCYJNY PŁOCK\RAFINERIA\PR03 BLOK PRZEROBU ROPY\DRW-IV|DR4.FC43354_SQR.PV;"2026-07-15 04:31:13,21701";"51,7780723571777"
\\PIAF\PKN Orlen\PI Vision\PKN Orlen\ZAKŁAD PRODUKCYJNY PŁOCK\RAFINERIA\PR03 BLOK PRZEROBU ROPY\DRW-IV|DR4.FC43354_SQR.PV;"2026-07-15 04:33:18,139008";"51,9742469787598"
\\PIAF\PKN Orlen\PI Vision\PKN Orlen\ZAKŁAD PRODUKCYJNY PŁOCK\RAFINERIA\PR03 BLOK PRZEROBU ROPY\DRW-IV|DR4.FC43354_SQR.PV;"2026-07-15 04:37:23,171005";"52,6071739196777"
\\PIAF\PKN Orlen\PI Vision\PKN Orlen\ZAKŁAD PRODUKCYJNY PŁOCK\RAFINERIA\PR03 BLOK PRZEROBU ROPY\DRW-IV|DR4.FC43354_SQR.PV;"2026-07-15 04:43:28,171005";"51,7034492492676"
\\PIAF\PKN Orlen\PI Vision\PKN Orlen\ZAKŁAD PRODUKCYJNY PŁOCK\RAFINERIA\PR03 BLOK PRZEROBU ROPY\DRW-IV|DR4.FC43354_SQR.PV;"2026-07-15 04:45:48,171005";"51,8972702026367"
\\PIAF\PKN Orlen\PI Vision\PKN Orlen\ZAKŁAD PRODUKCYJNY PŁOCK\RAFINERIA\PR03 BLOK PRZEROBU ROPY\DRW-IV|DR4.FC43354_SQR.PV;"2026-07-15 04:49:58,124008";"52,6654739379883"
\\PIAF\PKN Orlen\PI Vision\PKN Orlen\ZAKŁAD PRODUKCYJNY PŁOCK\RAFINERIA\PR03 BLOK PRZEROBU ROPY\DRW-IV|DR4.FC43354_SQR.PV;"2026-07-15 04:55:48,124008";"51,9017715454102"
\\PIAF\PKN Orlen\PI Vision\PKN Orlen\ZAKŁAD PRODUKCYJNY PŁOCK\RAFINERIA\PR03 BLOK PRZEROBU ROPY\DRW-IV|DR4.FC43354_SQR.PV;"2026-07-15 04:58:13,171005";"51,7197608947754"
\\PIAF\PKN Orlen\PI Vision\PKN Orlen\ZAKŁAD PRODUKCYJNY PŁOCK\RAFINERIA\PR03 BLOK PRZEROBU ROPY\DRW-IV|DR4.FC43354_SQR.PV;"2026-07-15 05:01:58,155014";"52,3375930786133"
\\PIAF\PKN Orlen\PI Vision\PKN Orlen\ZAKŁAD PRODUKCYJNY PŁOCK\RAFINERIA\PR03 BLOK PRZEROBU ROPY\DRW-IV|DR4.FC43354_SQR.PV;"2026-07-15 05:05:08,155014";"52,452262878418"
\\PIAF\PKN Orlen\PI Vision\PKN Orlen\ZAKŁAD PRODUKCYJNY PŁOCK\RAFINERIA\PR03 BLOK PRZEROBU ROPY\DRW-IV|DR4.FC43354_SQR.PV;"2026-07-15 05:07:23,139008";"52,4689826965332"
\\PIAF\PKN Orlen\PI Vision\PKN Orlen\ZAKŁAD PRODUKCYJNY PŁOCK\RAFINERIA\PR03 BLOK PRZEROBU ROPY\DRW-IV|DR4.FC43354_SQR.PV;"2026-07-15 05:14:13,155014";"51,8443298339844"
\\PIAF\PKN Orlen\PI Vision\PKN Orlen\ZAKŁAD PRODUKCYJNY PŁOCK\RAFINERIA\PR03 BLOK PRZEROBU ROPY\DRW-IV|DR4.FC43354_SQR.PV;"2026-07-15 05:20:28,108001";"52,2151832580566"
\\PIAF\PKN Orlen\PI Vision\PKN Orlen\ZAKŁAD PRODUKCYJNY PŁOCK\RAFINERIA\PR03 BLOK PRZEROBU ROPY\DRW-IV|DR4.FC43354_SQR.PV;"2026-07-15 05:26:18,155014";"52,5616264343262"
\\PIAF\PKN Orlen\PI Vision\PKN Orlen\ZAKŁAD PRODUKCYJNY PŁOCK\RAFINERIA\PR03 BLOK PRZEROBU ROPY\DRW-IV|DR4.FC43354_SQR.PV;"2026-07-15 05:28:53,154999";"52,3330154418945"
\\PIAF\PKN Orlen\PI Vision\PKN Orlen\ZAKŁAD PRODUKCYJNY PŁOCK\RAFINERIA\PR03 BLOK PRZEROBU ROPY\DRW-IV|DR4.FC43354_SQR.PV;"2026-07-15 05:32:13,21701";"52,3568801879883"
\\PIAF\PKN Orlen\PI Vision\PKN Orlen\ZAKŁAD PRODUKCYJNY PŁOCK\RAFINERIA\PR03 BLOK PRZEROBU ROPY\DRW-IV|DR4.FC43354_SQR.PV;"2026-07-15 05:37:13,139008";"51,7276802062988"
\\PIAF\PKN Orlen\PI Vision\PKN Orlen\ZAKŁAD PRODUKCYJNY PŁOCK\RAFINERIA\PR03 BLOK PRZEROBU ROPY\DRW-IV|DR4.FC43354_SQR.PV;"2026-07-15 05:39:33,202011";"52,3905754089355"
\\PIAF\PKN Orlen\PI Vision\PKN Orlen\ZAKŁAD PRODUKCYJNY PŁOCK\RAFINERIA\PR03 BLOK PRZEROBU ROPY\DRW-IV|DR4.FC43354_SQR.PV;"2026-07-15 05:41:43,171005";"52,9769477844238"
\\PIAF\PKN Orlen\PI Vision\PKN Orlen\ZAKŁAD PRODUKCYJNY PŁOCK\RAFINERIA\PR03 BLOK PRZEROBU ROPY\DRW-IV|DR4.FC43354_SQR.PV;"2026-07-15 05:45:33,124008";"52,5728187561035"
\\PIAF\PKN Orlen\PI Vision\PKN Orlen\ZAKŁAD PRODUKCYJNY PŁOCK\RAFINERIA\PR03 BLOK PRZEROBU ROPY\DRW-IV|DR4.FC43354_SQR.PV;"2026-07-15 05:49:18,249008";"51,6952323913574"
\\PIAF\PKN Orlen\PI Vision\PKN Orlen\ZAKŁAD PRODUKCYJNY PŁOCK\RAFINERIA\PR03 BLOK PRZEROBU ROPY\DRW-IV|DR4.FC43354_SQR.PV;"2026-07-15 05:51:28,186004";"51,692928314209"
\\PIAF\PKN Orlen\PI Vision\PKN Orlen\ZAKŁAD PRODUKCYJNY PŁOCK\RAFINERIA\PR03 BLOK PRZEROBU ROPY\DRW-IV|DR4.FC43354_SQR.PV;"2026-07-15 05:56:13,139008";"52,9259986877441"
\\PIAF\PKN Orlen\PI Vision\PKN Orlen\ZAKŁAD PRODUKCYJNY PŁOCK\RAFINERIA\PR03 BLOK PRZEROBU ROPY\DRW-IV|DR4.FC43354_SQR.PV;"2026-07-15 05:58:43,124008";"52,4798316955566"
\\PIAF\PKN Orlen\PI Vision\PKN Orlen\ZAKŁAD PRODUKCYJNY PŁOCK\RAFINERIA\PR03 BLOK PRZEROBU ROPY\DRW-IV|DR4.FC43354_SQR.PV;"2026-07-15 06:01:18,171005";"52,0880279541016"
\\PIAF\PKN Orlen\PI Vision\PKN Orlen\ZAKŁAD PRODUKCYJNY PŁOCK\RAFINERIA\PR03 BLOK PRZEROBU ROPY\DRW-IV|DR4.FC43354_SQR.PV;"2026-07-15 06:04:38,124008";"51,9068031311035"
\\PIAF\PKN Orlen\PI Vision\PKN Orlen\ZAKŁAD PRODUKCYJNY PŁOCK\RAFINERIA\PR03 BLOK PRZEROBU ROPY\DRW-IV|DR4.FC43354_SQR.PV;"2026-07-15 06:07:58,108001";"52,1252975463867"
\\PIAF\PKN Orlen\PI Vision\PKN Orlen\ZAKŁAD PRODUKCYJNY PŁOCK\RAFINERIA\PR03 BLOK PRZEROBU ROPY\DRW-IV|DR4.FC43354_SQR.PV;"2026-07-15 06:10:48,139008";"52,2277183532715"
\\PIAF\PKN Orlen\PI Vision\PKN Orlen\ZAKŁAD PRODUKCYJNY PŁOCK\RAFINERIA\PR03 BLOK PRZEROBU ROPY\DRW-IV|DR4.FC43354_SQR.PV;"2026-07-15 06:17:13,09201";"51,9428749084473"
\\PIAF\PKN Orlen\PI Vision\PKN Orlen\ZAKŁAD PRODUKCYJNY PŁOCK\RAFINERIA\PR03 BLOK PRZEROBU ROPY\DRW-IV|DR4.FC43354_SQR.PV;"2026-07-15 06:21:03,124008";"52,6229972839355"
\\PIAF\PKN Orlen\PI Vision\PKN Orlen\ZAKŁAD PRODUKCYJNY PŁOCK\RAFINERIA\PR03 BLOK PRZEROBU ROPY\DRW-IV|DR4.FC43354_SQR.PV;"2026-07-15 06:26:28,09201";"52,4618453979492"
\\PIAF\PKN Orlen\PI Vision\PKN Orlen\ZAKŁAD PRODUKCYJNY PŁOCK\RAFINERIA\PR03 BLOK PRZEROBU ROPY\DRW-IV|DR4.FC43354_SQR.PV;"2026-07-15 06:29:03,186004";"51,9824256896973"
\\PIAF\PKN Orlen\PI Vision\PKN Orlen\ZAKŁAD PRODUKCYJNY PŁOCK\RAFINERIA\PR03 BLOK PRZEROBU ROPY\DRW-IV|DR4.FC43354_SQR.PV;"2026-07-15 06:32:43,154999";"52,0765914916992"
\\PIAF\PKN Orlen\PI Vision\PKN Orlen\ZAKŁAD PRODUKCYJNY PŁOCK\RAFINERIA\PR03 BLOK PRZEROBU ROPY\DRW-IV|DR4.FC43354_SQR.PV;"2026-07-15 06:36:33,202011";"52,1527137756348"
\\PIAF\PKN Orlen\PI Vision\PKN Orlen\ZAKŁAD PRODUKCYJNY PŁOCK\RAFINERIA\PR03 BLOK PRZEROBU ROPY\DRW-IV|DR4.FC43354_SQR.PV;"2026-07-15 06:40:13,171005";"52,8613014221191"
\\PIAF\PKN Orlen\PI Vision\PKN Orlen\ZAKŁAD PRODUKCYJNY PŁOCK\RAFINERIA\PR03 BLOK PRZEROBU ROPY\DRW-IV|DR4.FC43354_SQR.PV;"2026-07-15 06:45:48,202011";"52,0894660949707"
\\PIAF\PKN Orlen\PI Vision\PKN Orlen\ZAKŁAD PRODUKCYJNY PŁOCK\RAFINERIA\PR03 BLOK PRZEROBU ROPY\DRW-IV|DR4.FC43354_SQR.PV;"2026-07-15 06:48:03,171005";"51,448673248291"
\\PIAF\PKN Orlen\PI Vision\PKN Orlen\ZAKŁAD PRODUKCYJNY PŁOCK\RAFINERIA\PR03 BLOK PRZEROBU ROPY\DRW-IV|DR4.FC43354_SQR.PV;"2026-07-15 06:49:38,124008";"51,7532806396484"
\\PIAF\PKN Orlen\PI Vision\PKN Orlen\ZAKŁAD PRODUKCYJNY PŁOCK\RAFINERIA\PR03 BLOK PRZEROBU ROPY\DRW-IV|DR4.FC43354_SQR.PV;"2026-07-15 06:51:08,171005";"52,4414901733398"
\\PIAF\PKN Orlen\PI Vision\PKN Orlen\ZAKŁAD PRODUKCYJNY PŁOCK\RAFINERIA\PR03 BLOK PRZEROBU ROPY\DRW-IV|DR4.FC43354_SQR.PV;"2026-07-15 06:55:23,155014";"53,0799865722656"
\\PIAF\PKN Orlen\PI Vision\PKN Orlen\ZAKŁAD PRODUKCYJNY PŁOCK\RAFINERIA\PR03 BLOK PRZEROBU ROPY\DRW-IV|DR4.FC43354_SQR.PV;"2026-07-15 06:59:43,155014";"52,3092308044434"
\\PIAF\PKN Orlen\PI Vision\PKN Orlen\ZAKŁAD PRODUKCYJNY PŁOCK\RAFINERIA\PR03 BLOK PRZEROBU ROPY\DRW-IV|DR4.FC43354_SQR.PV;"2026-07-15 07:01:38,124008";"52,2987899780273"
\\PIAF\PKN Orlen\PI Vision\PKN Orlen\ZAKŁAD PRODUKCYJNY PŁOCK\RAFINERIA\PR03 BLOK PRZEROBU ROPY\DRW-IV|DR4.FC43354_SQR.PV;"2026-07-15 07:07:28,171005";"53,1541213989258"
\\PIAF\PKN Orlen\PI Vision\PKN Orlen\ZAKŁAD PRODUKCYJNY PŁOCK\RAFINERIA\PR03 BLOK PRZEROBU ROPY\DRW-IV|DR4.FC43354_SQR.PV;"2026-07-15 07:11:33,124008";"52,9282836914063"
\\PIAF\PKN Orlen\PI Vision\PKN Orlen\ZAKŁAD PRODUKCYJNY PŁOCK\RAFINERIA\PR03 BLOK PRZEROBU ROPY\DRW-IV|DR4.FC43354_SQR.PV;"2026-07-15 07:16:08,09201";"52,3885803222656"
\\PIAF\PKN Orlen\PI Vision\PKN Orlen\ZAKŁAD PRODUKCYJNY PŁOCK\RAFINERIA\PR03 BLOK PRZEROBU ROPY\DRW-IV|DR4.FC43354_SQR.PV;"2026-07-15 07:18:43,186004";"51,3706436157227"
\\PIAF\PKN Orlen\PI Vision\PKN Orlen\ZAKŁAD PRODUKCYJNY PŁOCK\RAFINERIA\PR03 BLOK PRZEROBU ROPY\DRW-IV|DR4.FC43354_SQR.PV;"2026-07-15 07:21:38,108001";"51,698486328125"
\\PIAF\PKN Orlen\PI Vision\PKN Orlen\ZAKŁAD PRODUKCYJNY PŁOCK\RAFINERIA\PR03 BLOK PRZEROBU ROPY\DRW-IV|DR4.FC43354_SQR.PV;"2026-07-15 07:24:28,09201";"52,7665214538574"
\\PIAF\PKN Orlen\PI Vision\PKN Orlen\ZAKŁAD PRODUKCYJNY PŁOCK\RAFINERIA\PR03 BLOK PRZEROBU ROPY\DRW-IV|DR4.FC43354_SQR.PV;"2026-07-15 07:28:53,124008";"52,5763778686523"
\\PIAF\PKN Orlen\PI Vision\PKN Orlen\ZAKŁAD PRODUKCYJNY PŁOCK\RAFINERIA\PR03 BLOK PRZEROBU ROPY\DRW-IV|DR4.FC43354_SQR.PV;"2026-07-15 07:30:58,171005";"52,3708305358887"
\\PIAF\PKN Orlen\PI Vision\PKN Orlen\ZAKŁAD PRODUKCYJNY PŁOCK\RAFINERIA\PR03 BLOK PRZEROBU ROPY\DRW-IV|DR4.FC43354_SQR.PV;"2026-07-15 07:34:03,124008";"52,256706237793"
\\PIAF\PKN Orlen\PI Vision\PKN Orlen\ZAKŁAD PRODUKCYJNY PŁOCK\RAFINERIA\PR03 BLOK PRZEROBU ROPY\DRW-IV|DR4.FC43354_SQR.PV;"2026-07-15 07:35:38,171005";"51,9349594116211"
\\PIAF\PKN Orlen\PI Vision\PKN Orlen\ZAKŁAD PRODUKCYJNY PŁOCK\RAFINERIA\PR03 BLOK PRZEROBU ROPY\DRW-IV|DR4.FC43354_SQR.PV;"2026-07-15 07:41:38,108001";"52,3463134765625"
\\PIAF\PKN Orlen\PI Vision\PKN Orlen\ZAKŁAD PRODUKCYJNY PŁOCK\RAFINERIA\PR03 BLOK PRZEROBU ROPY\DRW-IV|DR4.FC43354_SQR.PV;"2026-07-15 07:43:08,124008";"52,8939971923828"
\\PIAF\PKN Orlen\PI Vision\PKN Orlen\ZAKŁAD PRODUKCYJNY PŁOCK\RAFINERIA\PR03 BLOK PRZEROBU ROPY\DRW-IV|DR4.FC43354_SQR.PV;"2026-07-15 07:51:53,171005";"52,3600845336914"
\\PIAF\PKN Orlen\PI Vision\PKN Orlen\ZAKŁAD PRODUKCYJNY PŁOCK\RAFINERIA\PR03 BLOK PRZEROBU ROPY\DRW-IV|DR4.FC43354_SQR.PV;"2026-07-15 07:55:03,108001";"52,5465431213379"
\\PIAF\PKN Orlen\PI Vision\PKN Orlen\ZAKŁAD PRODUKCYJNY PŁOCK\RAFINERIA\PR03 BLOK PRZEROBU ROPY\DRW-IV|DR4.FC43354_SQR.PV;"2026-07-15 07:58:53,154999";"52,8953552246094"
\\PIAF\PKN Orlen\PI Vision\PKN Orlen\ZAKŁAD PRODUKCYJNY PŁOCK\RAFINERIA\PR03 BLOK PRZEROBU ROPY\DRW-IV|DR4.FC43354_SQR.PV;"2026-07-15 08:03:08,139008";"52,1790733337402"
\\PIAF\PKN Orlen\PI Vision\PKN Orlen\ZAKŁAD PRODUKCYJNY PŁOCK\RAFINERIA\PR03 BLOK PRZEROBU ROPY\DRW-IV|DR4.FC43354_SQR.PV;"2026-07-15 08:05:58,139008";"51,9634094238281"
\\PIAF\PKN Orlen\PI Vision\PKN Orlen\ZAKŁAD PRODUKCYJNY PŁOCK\RAFINERIA\PR03 BLOK PRZEROBU ROPY\DRW-IV|DR4.FC43354_SQR.PV;"2026-07-15 08:08:48,09201";"52,5414619445801"
\\PIAF\PKN Orlen\PI Vision\PKN Orlen\ZAKŁAD PRODUKCYJNY PŁOCK\RAFINERIA\PR03 BLOK PRZEROBU ROPY\DRW-IV|DR4.FC43354_SQR.PV;"2026-07-15 08:10:58,139008";"53,2175216674805"
\\PIAF\PKN Orlen\PI Vision\PKN Orlen\ZAKŁAD PRODUKCYJNY PŁOCK\RAFINERIA\PR03 BLOK PRZEROBU ROPY\DRW-IV|DR4.FC43354_SQR.PV;"2026-07-15 08:13:08,09201";"52,9437065124512"
\\PIAF\PKN Orlen\PI Vision\PKN Orlen\ZAKŁAD PRODUKCYJNY PŁOCK\RAFINERIA\PR03 BLOK PRZEROBU ROPY\DRW-IV|DR4.FC43354_SQR.PV;"2026-07-15 08:14:43,139008";"52,4443664550781"
\\PIAF\PKN Orlen\PI Vision\PKN Orlen\ZAKŁAD PRODUKCYJNY PŁOCK\RAFINERIA\PR03 BLOK PRZEROBU ROPY\DRW-IV|DR4.FC43354_SQR.PV;"2026-07-15 08:20:43,139008";"52,0152816772461"
\\PIAF\PKN Orlen\PI Vision\PKN Orlen\ZAKŁAD PRODUKCYJNY PŁOCK\RAFINERIA\PR03 BLOK PRZEROBU ROPY\DRW-IV|DR4.FC43354_SQR.PV;"2026-07-15 08:26:38,171005";"52,5458335876465"
\\PIAF\PKN Orlen\PI Vision\PKN Orlen\ZAKŁAD PRODUKCYJNY PŁOCK\RAFINERIA\PR03 BLOK PRZEROBU ROPY\DRW-IV|DR4.FC43354_SQR.PV;"2026-07-15 08:28:53,155014";"53,0602760314941"
\\PIAF\PKN Orlen\PI Vision\PKN Orlen\ZAKŁAD PRODUKCYJNY PŁOCK\RAFINERIA\PR03 BLOK PRZEROBU ROPY\DRW-IV|DR4.FC43354_SQR.PV;"2026-07-15 08:32:43,202011";"52,9357376098633"
\\PIAF\PKN Orlen\PI Vision\PKN Orlen\ZAKŁAD PRODUKCYJNY PŁOCK\RAFINERIA\PR03 BLOK PRZEROBU ROPY\DRW-IV|DR4.FC43354_SQR.PV;"2026-07-15 08:34:38,077011";"52,5736274719238"
\\PIAF\PKN Orlen\PI Vision\PKN Orlen\ZAKŁAD PRODUKCYJNY PŁOCK\RAFINERIA\PR03 BLOK PRZEROBU ROPY\DRW-IV|DR4.FC43354_SQR.PV;"2026-07-15 08:38:28,09201";"52,9717826843262"
\\PIAF\PKN Orlen\PI Vision\PKN Orlen\ZAKŁAD PRODUKCYJNY PŁOCK\RAFINERIA\PR03 BLOK PRZEROBU ROPY\DRW-IV|DR4.FC43354_SQR.PV;"2026-07-15 08:48:38,154999";"52,4906234741211"
\\PIAF\PKN Orlen\PI Vision\PKN Orlen\ZAKŁAD PRODUKCYJNY PŁOCK\RAFINERIA\PR03 BLOK PRZEROBU ROPY\DRW-IV|DR4.FC43354_SQR.PV;"2026-07-15 08:52:33,108001";"52,4219284057617"
\\PIAF\PKN Orlen\PI Vision\PKN Orlen\ZAKŁAD PRODUKCYJNY PŁOCK\RAFINERIA\PR03 BLOK PRZEROBU ROPY\DRW-IV|DR4.FC43354_SQR.PV;"2026-07-15 08:58:08,139008";"52,9356231689453"
\\PIAF\PKN Orlen\PI Vision\PKN Orlen\ZAKŁAD PRODUKCYJNY PŁOCK\RAFINERIA\PR03 BLOK PRZEROBU ROPY\DRW-IV|DR4.FC43354_SQR.PV;"2026-07-15 09:01:03,139008";"52,4968147277832"
\\PIAF\PKN Orlen\PI Vision\PKN Orlen\ZAKŁAD PRODUKCYJNY PŁOCK\RAFINERIA\PR03 BLOK PRZEROBU ROPY\DRW-IV|DR4.FC43354_SQR.PV;"2026-07-15 09:08:28,124008";"52,8198738098145"
\\PIAF\PKN Orlen\PI Vision\PKN Orlen\ZAKŁAD PRODUKCYJNY PŁOCK\RAFINERIA\PR03 BLOK PRZEROBU ROPY\DRW-IV|DR4.FC43354_SQR.PV;"2026-07-15 09:11:43,155014";"52,8447685241699"
\\PIAF\PKN Orlen\PI Vision\PKN Orlen\ZAKŁAD PRODUKCYJNY PŁOCK\RAFINERIA\PR03 BLOK PRZEROBU ROPY\DRW-IV|DR4.FC43354_SQR.PV;"2026-07-15 09:18:28,139008";"52,3310432434082"
\\PIAF\PKN Orlen\PI Vision\PKN Orlen\ZAKŁAD PRODUKCYJNY PŁOCK\RAFINERIA\PR03 BLOK PRZEROBU ROPY\DRW-IV|DR4.FC43354_SQR.PV;"2026-07-15 09:20:03,077011";"51,9349594116211"
\\PIAF\PKN Orlen\PI Vision\PKN Orlen\ZAKŁAD PRODUKCYJNY PŁOCK\RAFINERIA\PR03 BLOK PRZEROBU ROPY\DRW-IV|DR4.FC43354_SQR.PV;"2026-07-15 09:23:58,154999";"52,4604377746582"
\\PIAF\PKN Orlen\PI Vision\PKN Orlen\ZAKŁAD PRODUKCYJNY PŁOCK\RAFINERIA\PR03 BLOK PRZEROBU ROPY\DRW-IV|DR4.FC43354_SQR.PV;"2026-07-15 09:27:03,108001";"53,8110198974609"
\\PIAF\PKN Orlen\PI Vision\PKN Orlen\ZAKŁAD PRODUKCYJNY PŁOCK\RAFINERIA\PR03 BLOK PRZEROBU ROPY\DRW-IV|DR4.FC43354_SQR.PV;"2026-07-15 09:29:08,124008";"53,4943084716797"
\\PIAF\PKN Orlen\PI Vision\PKN Orlen\ZAKŁAD PRODUKCYJNY PŁOCK\RAFINERIA\PR03 BLOK PRZEROBU ROPY\DRW-IV|DR4.FC43354_SQR.PV;"2026-07-15 09:31:43,124008";"52,8106689453125"
\\PIAF\PKN Orlen\PI Vision\PKN Orlen\ZAKŁAD PRODUKCYJNY PŁOCK\RAFINERIA\PR03 BLOK PRZEROBU ROPY\DRW-IV|DR4.FC43354_SQR.PV;"2026-07-15 09:41:13,108001";"52,4643707275391"
\\PIAF\PKN Orlen\PI Vision\PKN Orlen\ZAKŁAD PRODUKCYJNY PŁOCK\RAFINERIA\PR03 BLOK PRZEROBU ROPY\DRW-IV|DR4.FC43354_SQR.PV;"2026-07-15 09:43:33,154999";"51,5983772277832"
\\PIAF\PKN Orlen\PI Vision\PKN Orlen\ZAKŁAD PRODUKCYJNY PŁOCK\RAFINERIA\PR03 BLOK PRZEROBU ROPY\DRW-IV|DR4.FC43354_SQR.PV;"2026-07-15 09:46:18,09201";"50,762020111084"
\\PIAF\PKN Orlen\PI Vision\PKN Orlen\ZAKŁAD PRODUKCYJNY PŁOCK\RAFINERIA\PR03 BLOK PRZEROBU ROPY\DRW-IV|DR4.FC43354_SQR.PV;"2026-07-15 09:50:48,106003";"51,8372802734375"
\\PIAF\PKN Orlen\PI Vision\PKN Orlen\ZAKŁAD PRODUKCYJNY PŁOCK\RAFINERIA\PR03 BLOK PRZEROBU ROPY\DRW-IV|DR4.FC43354_SQR.PV;"2026-07-15 09:55:13,138";"52,6326942443848"
\\PIAF\PKN Orlen\PI Vision\PKN Orlen\ZAKŁAD PRODUKCYJNY PŁOCK\RAFINERIA\PR03 BLOK PRZEROBU ROPY\DRW-IV|DR4.FC43354_SQR.PV;"2026-07-15 09:58:13,170013";"52,2094116210938"
\\PIAF\PKN Orlen\PI Vision\PKN Orlen\ZAKŁAD PRODUKCYJNY PŁOCK\RAFINERIA\PR03 BLOK PRZEROBU ROPY\DRW-IV|DR4.FC43354_SQR.PV;"2026-07-15 10:06:43,223007";"51,7237319946289"
\\PIAF\PKN Orlen\PI Vision\PKN Orlen\ZAKŁAD PRODUKCYJNY PŁOCK\RAFINERIA\PR03 BLOK PRZEROBU ROPY\DRW-IV|DR4.FC43354_SQR.PV;"2026-07-15 10:09:58,170013";"52,9785957336426"
\\PIAF\PKN Orlen\PI Vision\PKN Orlen\ZAKŁAD PRODUKCYJNY PŁOCK\RAFINERIA\PR03 BLOK PRZEROBU ROPY\DRW-IV|DR4.FC43354_SQR.PV;"2026-07-15 10:16:58,170013";"52,9909858703613"
\\PIAF\PKN Orlen\PI Vision\PKN Orlen\ZAKŁAD PRODUKCYJNY PŁOCK\RAFINERIA\PR03 BLOK PRZEROBU ROPY\DRW-IV|DR4.FC43354_SQR.PV;"2026-07-15 10:19:13,138";"53,1062889099121"
\\PIAF\PKN Orlen\PI Vision\PKN Orlen\ZAKŁAD PRODUKCYJNY PŁOCK\RAFINERIA\PR03 BLOK PRZEROBU ROPY\DRW-IV|DR4.FC43354_SQR.PV;"2026-07-15 10:21:33,076004";"52,7904815673828"
\\PIAF\PKN Orlen\PI Vision\PKN Orlen\ZAKŁAD PRODUKCYJNY PŁOCK\RAFINERIA\PR03 BLOK PRZEROBU ROPY\DRW-IV|DR4.FC43354_SQR.PV;"2026-07-15 10:26:53,123001";"53,0724105834961"
\\PIAF\PKN Orlen\PI Vision\PKN Orlen\ZAKŁAD PRODUKCYJNY PŁOCK\RAFINERIA\PR03 BLOK PRZEROBU ROPY\DRW-IV|DR4.FC43354_SQR.PV;"2026-07-15 10:33:28,076004";"53,2809524536133"
\\PIAF\PKN Orlen\PI Vision\PKN Orlen\ZAKŁAD PRODUKCYJNY PŁOCK\RAFINERIA\PR03 BLOK PRZEROBU ROPY\DRW-IV|DR4.FC43354_SQR.PV;"2026-07-15 10:40:53,254013";"52,3979454040527"
\\PIAF\PKN Orlen\PI Vision\PKN Orlen\ZAKŁAD PRODUKCYJNY PŁOCK\RAFINERIA\PR03 BLOK PRZEROBU ROPY\DRW-IV|DR4.FC43354_SQR.PV;"2026-07-15 10:46:38,223007";"52,5641021728516"
\\PIAF\PKN Orlen\PI Vision\PKN Orlen\ZAKŁAD PRODUKCYJNY PŁOCK\RAFINERIA\PR03 BLOK PRZEROBU ROPY\DRW-IV|DR4.FC43354_SQR.PV;"2026-07-15 10:54:58,223007";"52,1755714416504"
\\PIAF\PKN Orlen\PI Vision\PKN Orlen\ZAKŁAD PRODUKCYJNY PŁOCK\RAFINERIA\PR03 BLOK PRZEROBU ROPY\DRW-IV|DR4.FC43354_SQR.PV;"2026-07-15 11:00:43,223007";"52,9666290283203"
\\PIAF\PKN Orlen\PI Vision\PKN Orlen\ZAKŁAD PRODUKCYJNY PŁOCK\RAFINERIA\PR03 BLOK PRZEROBU ROPY\DRW-IV|DR4.FC43354_SQR.PV;"2026-07-15 11:02:28,19101";"53,1083335876465"
\\PIAF\PKN Orlen\PI Vision\PKN Orlen\ZAKŁAD PRODUKCYJNY PŁOCK\RAFINERIA\PR03 BLOK PRZEROBU ROPY\DRW-IV|DR4.FC43354_SQR.PV;"2026-07-15 11:04:53,223007";"52,3574638366699"
\\PIAF\PKN Orlen\PI Vision\PKN Orlen\ZAKŁAD PRODUKCYJNY PŁOCK\RAFINERIA\PR03 BLOK PRZEROBU ROPY\DRW-IV|DR4.FC43354_SQR.PV;"2026-07-15 11:08:13,285003";"51,3108367919922"
\\PIAF\PKN Orlen\PI Vision\PKN Orlen\ZAKŁAD PRODUKCYJNY PŁOCK\RAFINERIA\PR03 BLOK PRZEROBU ROPY\DRW-IV|DR4.FC43354_SQR.PV;"2026-07-15 11:10:43,254013";"51,7112312316895"
\\PIAF\PKN Orlen\PI Vision\PKN Orlen\ZAKŁAD PRODUKCYJNY PŁOCK\RAFINERIA\PR03 BLOK PRZEROBU ROPY\DRW-IV|DR4.FC43354_SQR.PV;"2026-07-15 11:14:28,17601";"53,4791412353516"
\\PIAF\PKN Orlen\PI Vision\PKN Orlen\ZAKŁAD PRODUKCYJNY PŁOCK\RAFINERIA\PR03 BLOK PRZEROBU ROPY\DRW-IV|DR4.FC43354_SQR.PV;"2026-07-15 11:17:18,254013";"53,7454833984375"
\\PIAF\PKN Orlen\PI Vision\PKN Orlen\ZAKŁAD PRODUKCYJNY PŁOCK\RAFINERIA\PR03 BLOK PRZEROBU ROPY\DRW-IV|DR4.FC43354_SQR.PV;"2026-07-15 11:20:13,270004";"53,1102104187012"
\\PIAF\PKN Orlen\PI Vision\PKN Orlen\ZAKŁAD PRODUKCYJNY PŁOCK\RAFINERIA\PR03 BLOK PRZEROBU ROPY\DRW-IV|DR4.FC43354_SQR.PV;"2026-07-15 11:24:28,238006";"52,1433296203613"
\\PIAF\PKN Orlen\PI Vision\PKN Orlen\ZAKŁAD PRODUKCYJNY PŁOCK\RAFINERIA\PR03 BLOK PRZEROBU ROPY\DRW-IV|DR4.FC43354_SQR.PV;"2026-07-15 11:28:03,17601";"52,7772331237793"
\\PIAF\PKN Orlen\PI Vision\PKN Orlen\ZAKŁAD PRODUKCYJNY PŁOCK\RAFINERIA\PR03 BLOK PRZEROBU ROPY\DRW-IV|DR4.FC43354_SQR.PV;"2026-07-15 11:36:43,19101";"52,6480331420898"
\\PIAF\PKN Orlen\PI Vision\PKN Orlen\ZAKŁAD PRODUKCYJNY PŁOCK\RAFINERIA\PR03 BLOK PRZEROBU ROPY\DRW-IV|DR4.FC43354_SQR.PV;"2026-07-15 11:38:33,223007";"51,8940620422363"
\\PIAF\PKN Orlen\PI Vision\PKN Orlen\ZAKŁAD PRODUKCYJNY PŁOCK\RAFINERIA\PR03 BLOK PRZEROBU ROPY\DRW-IV|DR4.FC43354_SQR.PV;"2026-07-15 11:41:13,285003";"51,7326698303223"
\\PIAF\PKN Orlen\PI Vision\PKN Orlen\ZAKŁAD PRODUKCYJNY PŁOCK\RAFINERIA\PR03 BLOK PRZEROBU ROPY\DRW-IV|DR4.FC43354_SQR.PV;"2026-07-15 11:43:38,207001";"52,0414199829102"
\\PIAF\PKN Orlen\PI Vision\PKN Orlen\ZAKŁAD PRODUKCYJNY PŁOCK\RAFINERIA\PR03 BLOK PRZEROBU ROPY\DRW-IV|DR4.FC43354_SQR.PV;"2026-07-15 11:46:53,238006";"52,703426361084"
\\PIAF\PKN Orlen\PI Vision\PKN Orlen\ZAKŁAD PRODUKCYJNY PŁOCK\RAFINERIA\PR03 BLOK PRZEROBU ROPY\DRW-IV|DR4.FC43354_SQR.PV;"2026-07-15 11:51:18,160003";"52,7292404174805"
\\PIAF\PKN Orlen\PI Vision\PKN Orlen\ZAKŁAD PRODUKCYJNY PŁOCK\RAFINERIA\PR03 BLOK PRZEROBU ROPY\DRW-IV|DR4.FC43354_SQR.PV;"2026-07-15 11:57:33,254013";"52,3291625976563"
\\PIAF\PKN Orlen\PI Vision\PKN Orlen\ZAKŁAD PRODUKCYJNY PŁOCK\RAFINERIA\PR03 BLOK PRZEROBU ROPY\DRW-IV|DR4.FC43354_SQR.PV;"2026-07-15 12:00:13,254013";"52,3542366027832"
\\PIAF\PKN Orlen\PI Vision\PKN Orlen\ZAKŁAD PRODUKCYJNY PŁOCK\RAFINERIA\PR03 BLOK PRZEROBU ROPY\DRW-IV|DR4.FC43354_SQR.PV;"2026-07-15 12:07:03,145004";"52,385181427002"
\\PIAF\PKN Orlen\PI Vision\PKN Orlen\ZAKŁAD PRODUKCYJNY PŁOCK\RAFINERIA\PR03 BLOK PRZEROBU ROPY\DRW-IV|DR4.FC43354_SQR.PV;"2026-07-15 12:09:28,17601";"52,5476379394531"
\\PIAF\PKN Orlen\PI Vision\PKN Orlen\ZAKŁAD PRODUKCYJNY PŁOCK\RAFINERIA\PR03 BLOK PRZEROBU ROPY\DRW-IV|DR4.FC43354_SQR.PV;"2026-07-15 12:14:28,223007";"52,571475982666"
\\PIAF\PKN Orlen\PI Vision\PKN Orlen\ZAKŁAD PRODUKCYJNY PŁOCK\RAFINERIA\PR03 BLOK PRZEROBU ROPY\DRW-IV|DR4.FC43354_SQR.PV;"2026-07-15 12:15:53,223007";"52,7091865539551"
\\PIAF\PKN Orlen\PI Vision\PKN Orlen\ZAKŁAD PRODUKCYJNY PŁOCK\RAFINERIA\PR03 BLOK PRZEROBU ROPY\DRW-IV|DR4.FC43354_SQR.PV;"2026-07-15 12:18:33,145004";"52,2688484191895"
\\PIAF\PKN Orlen\PI Vision\PKN Orlen\ZAKŁAD PRODUKCYJNY PŁOCK\RAFINERIA\PR03 BLOK PRZEROBU ROPY\DRW-IV|DR4.FC43354_SQR.PV;"2026-07-15 12:22:58,207001";"52,2950286865234"
\\PIAF\PKN Orlen\PI Vision\PKN Orlen\ZAKŁAD PRODUKCYJNY PŁOCK\RAFINERIA\PR03 BLOK PRZEROBU ROPY\DRW-IV|DR4.FC43354_SQR.PV;"2026-07-15 12:29:53,19101";"50,3406143188477"
\\PIAF\PKN Orlen\PI Vision\PKN Orlen\ZAKŁAD PRODUKCYJNY PŁOCK\RAFINERIA\PR03 BLOK PRZEROBU ROPY\DRW-IV|DR4.FC43354_SQR.PV;"2026-07-15 12:32:13,19101";"50,6197891235352"
\\PIAF\PKN Orlen\PI Vision\PKN Orlen\ZAKŁAD PRODUKCYJNY PŁOCK\RAFINERIA\PR03 BLOK PRZEROBU ROPY\DRW-IV|DR4.FC43354_SQR.PV;"2026-07-15 12:36:33,207001";"52,8191223144531"
\\PIAF\PKN Orlen\PI Vision\PKN Orlen\ZAKŁAD PRODUKCYJNY PŁOCK\RAFINERIA\PR03 BLOK PRZEROBU ROPY\DRW-IV|DR4.FC43354_SQR.PV;"2026-07-15 12:39:58,223007";"53,9292755126953"
\\PIAF\PKN Orlen\PI Vision\PKN Orlen\ZAKŁAD PRODUKCYJNY PŁOCK\RAFINERIA\PR03 BLOK PRZEROBU ROPY\DRW-IV|DR4.FC43354_SQR.PV;"2026-07-15 12:42:08,160003";"53,6630439758301"
\\PIAF\PKN Orlen\PI Vision\PKN Orlen\ZAKŁAD PRODUKCYJNY PŁOCK\RAFINERIA\PR03 BLOK PRZEROBU ROPY\DRW-IV|DR4.FC43354_SQR.PV;"2026-07-15 12:45:18,144012";"51,7251281738281"
\\PIAF\PKN Orlen\PI Vision\PKN Orlen\ZAKŁAD PRODUKCYJNY PŁOCK\RAFINERIA\PR03 BLOK PRZEROBU ROPY\DRW-IV|DR4.FC43354_SQR.PV;"2026-07-15 12:46:38,223007";"51,046760559082"
\\PIAF\PKN Orlen\PI Vision\PKN Orlen\ZAKŁAD PRODUKCYJNY PŁOCK\RAFINERIA\PR03 BLOK PRZEROBU ROPY\DRW-IV|DR4.FC43354_SQR.PV;"2026-07-15 12:49:28,19101";"51,3674468994141"
\\PIAF\PKN Orlen\PI Vision\PKN Orlen\ZAKŁAD PRODUKCYJNY PŁOCK\RAFINERIA\PR03 BLOK PRZEROBU ROPY\DRW-IV|DR4.FC43354_SQR.PV;"2026-07-15 12:51:33,223007";"52,0633964538574"
\\PIAF\PKN Orlen\PI Vision\PKN Orlen\ZAKŁAD PRODUKCYJNY PŁOCK\RAFINERIA\PR03 BLOK PRZEROBU ROPY\DRW-IV|DR4.FC43354_SQR.PV;"2026-07-15 12:53:43,160003";"52,5842018127441"
\\PIAF\PKN Orlen\PI Vision\PKN Orlen\ZAKŁAD PRODUKCYJNY PŁOCK\RAFINERIA\PR03 BLOK PRZEROBU ROPY\DRW-IV|DR4.FC43354_SQR.PV;"2026-07-15 12:57:58,223007";"52,6716270446777"
\\PIAF\PKN Orlen\PI Vision\PKN Orlen\ZAKŁAD PRODUKCYJNY PŁOCK\RAFINERIA\PR03 BLOK PRZEROBU ROPY\DRW-IV|DR4.FC43354_SQR.PV;"2026-07-15 13:01:18,19101";"52,2540702819824"
\\PIAF\PKN Orlen\PI Vision\PKN Orlen\ZAKŁAD PRODUKCYJNY PŁOCK\RAFINERIA\PR03 BLOK PRZEROBU ROPY\DRW-IV|DR4.FC43354_SQR.PV;"2026-07-15 13:04:58,160003";"52,5449752807617"
\\PIAF\PKN Orlen\PI Vision\PKN Orlen\ZAKŁAD PRODUKCYJNY PŁOCK\RAFINERIA\PR03 BLOK PRZEROBU ROPY\DRW-IV|DR4.FC43354_SQR.PV;"2026-07-15 13:06:53,160003";"52,9455604553223"
\\PIAF\PKN Orlen\PI Vision\PKN Orlen\ZAKŁAD PRODUKCYJNY PŁOCK\RAFINERIA\PR03 BLOK PRZEROBU ROPY\DRW-IV|DR4.FC43354_SQR.PV;"2026-07-15 13:10:08,223007";"52,6349830627441"
\\PIAF\PKN Orlen\PI Vision\PKN Orlen\ZAKŁAD PRODUKCYJNY PŁOCK\RAFINERIA\PR03 BLOK PRZEROBU ROPY\DRW-IV|DR4.FC43354_SQR.PV;"2026-07-15 13:14:48,129013";"51,9458351135254"
\\PIAF\PKN Orlen\PI Vision\PKN Orlen\ZAKŁAD PRODUKCYJNY PŁOCK\RAFINERIA\PR03 BLOK PRZEROBU ROPY\DRW-IV|DR4.FC43354_SQR.PV;"2026-07-15 13:17:58,129013";"52,2478942871094"
\\PIAF\PKN Orlen\PI Vision\PKN Orlen\ZAKŁAD PRODUKCYJNY PŁOCK\RAFINERIA\PR03 BLOK PRZEROBU ROPY\DRW-IV|DR4.FC43354_SQR.PV;"2026-07-15 13:21:18,207001";"52,7492942810059"
\\PIAF\PKN Orlen\PI Vision\PKN Orlen\ZAKŁAD PRODUKCYJNY PŁOCK\RAFINERIA\PR03 BLOK PRZEROBU ROPY\DRW-IV|DR4.FC43354_SQR.PV;"2026-07-15 13:25:18,19101";"53,5389442443848"
\\PIAF\PKN Orlen\PI Vision\PKN Orlen\ZAKŁAD PRODUKCYJNY PŁOCK\RAFINERIA\PR03 BLOK PRZEROBU ROPY\DRW-IV|DR4.FC43354_SQR.PV;"2026-07-15 13:28:23,19101";"53,341136932373"
\\PIAF\PKN Orlen\PI Vision\PKN Orlen\ZAKŁAD PRODUKCYJNY PŁOCK\RAFINERIA\PR03 BLOK PRZEROBU ROPY\DRW-IV|DR4.FC43354_SQR.PV;"2026-07-15 13:31:38,145004";"52,3352584838867"
\\PIAF\PKN Orlen\PI Vision\PKN Orlen\ZAKŁAD PRODUKCYJNY PŁOCK\RAFINERIA\PR03 BLOK PRZEROBU ROPY\DRW-IV|DR4.FC43354_SQR.PV;"2026-07-15 13:35:48,207001";"52,2783012390137"
\\PIAF\PKN Orlen\PI Vision\PKN Orlen\ZAKŁAD PRODUKCYJNY PŁOCK\RAFINERIA\PR03 BLOK PRZEROBU ROPY\DRW-IV|DR4.FC43354_SQR.PV;"2026-07-15 13:41:53,17601";"53,402530670166"
\\PIAF\PKN Orlen\PI Vision\PKN Orlen\ZAKŁAD PRODUKCYJNY PŁOCK\RAFINERIA\PR03 BLOK PRZEROBU ROPY\DRW-IV|DR4.FC43354_SQR.PV;"2026-07-15 13:48:53,207001";"52,0724105834961"
\\PIAF\PKN Orlen\PI Vision\PKN Orlen\ZAKŁAD PRODUKCYJNY PŁOCK\RAFINERIA\PR03 BLOK PRZEROBU ROPY\DRW-IV|DR4.FC43354_SQR.PV;"2026-07-15 13:58:23,207001";"52,9645881652832"
\\PIAF\PKN Orlen\PI Vision\PKN Orlen\ZAKŁAD PRODUKCYJNY PŁOCK\RAFINERIA\PR03 BLOK PRZEROBU ROPY\DRW-IV|DR4.FC43354_SQR.PV;"2026-07-15 14:00:58,129013";"52,6023178100586"
\\PIAF\PKN Orlen\PI Vision\PKN Orlen\ZAKŁAD PRODUKCYJNY PŁOCK\RAFINERIA\PR03 BLOK PRZEROBU ROPY\DRW-IV|DR4.FC43354_SQR.PV;"2026-07-15 14:04:43,17601";"53,274242401123"
\\PIAF\PKN Orlen\PI Vision\PKN Orlen\ZAKŁAD PRODUKCYJNY PŁOCK\RAFINERIA\PR03 BLOK PRZEROBU ROPY\DRW-IV|DR4.FC43354_SQR.PV;"2026-07-15 14:09:38,160003";"53,4945411682129"
\\PIAF\PKN Orlen\PI Vision\PKN Orlen\ZAKŁAD PRODUKCYJNY PŁOCK\RAFINERIA\PR03 BLOK PRZEROBU ROPY\DRW-IV|DR4.FC43354_SQR.PV;"2026-07-15 14:14:58,19101";"53,219856262207"
\\PIAF\PKN Orlen\PI Vision\PKN Orlen\ZAKŁAD PRODUKCYJNY PŁOCK\RAFINERIA\PR03 BLOK PRZEROBU ROPY\DRW-IV|DR4.FC43354_SQR.PV;"2026-07-15 14:18:28,129013";"52,5827598571777"
\\PIAF\PKN Orlen\PI Vision\PKN Orlen\ZAKŁAD PRODUKCYJNY PŁOCK\RAFINERIA\PR03 BLOK PRZEROBU ROPY\DRW-IV|DR4.FC43354_SQR.PV;"2026-07-15 14:21:48,19101";"52,9259796142578"
\\PIAF\PKN Orlen\PI Vision\PKN Orlen\ZAKŁAD PRODUKCYJNY PŁOCK\RAFINERIA\PR03 BLOK PRZEROBU ROPY\DRW-IV|DR4.FC43354_SQR.PV;"2026-07-15 14:25:43,129013";"53,094367980957"
\\PIAF\PKN Orlen\PI Vision\PKN Orlen\ZAKŁAD PRODUKCYJNY PŁOCK\RAFINERIA\PR03 BLOK PRZEROBU ROPY\DRW-IV|DR4.FC43354_SQR.PV;"2026-07-15 14:27:18,19101";"52,7006988525391"
\\PIAF\PKN Orlen\PI Vision\PKN Orlen\ZAKŁAD PRODUKCYJNY PŁOCK\RAFINERIA\PR03 BLOK PRZEROBU ROPY\DRW-IV|DR4.FC43354_SQR.PV;"2026-07-15 14:29:08,19101";"52,5955200195313"
\\PIAF\PKN Orlen\PI Vision\PKN Orlen\ZAKŁAD PRODUKCYJNY PŁOCK\RAFINERIA\PR03 BLOK PRZEROBU ROPY\DRW-IV|DR4.FC43354_SQR.PV;"2026-07-15 14:33:08,160003";"53,3586921691895"
\\PIAF\PKN Orlen\PI Vision\PKN Orlen\ZAKŁAD PRODUKCYJNY PŁOCK\RAFINERIA\PR03 BLOK PRZEROBU ROPY\DRW-IV|DR4.FC43354_SQR.PV;"2026-07-15 14:35:13,17601";"53,2493057250977"
\\PIAF\PKN Orlen\PI Vision\PKN Orlen\ZAKŁAD PRODUKCYJNY PŁOCK\RAFINERIA\PR03 BLOK PRZEROBU ROPY\DRW-IV|DR4.FC43354_SQR.PV;"2026-07-15 14:38:28,160003";"52,7362327575684"
\\PIAF\PKN Orlen\PI Vision\PKN Orlen\ZAKŁAD PRODUKCYJNY PŁOCK\RAFINERIA\PR03 BLOK PRZEROBU ROPY\DRW-IV|DR4.FC43354_SQR.PV;"2026-07-15 14:39:43,207001";"52,8438911437988"
\\PIAF\PKN Orlen\PI Vision\PKN Orlen\ZAKŁAD PRODUKCYJNY PŁOCK\RAFINERIA\PR03 BLOK PRZEROBU ROPY\DRW-IV|DR4.FC43354_SQR.PV;"2026-07-15 14:43:08,19101";"52,3290481567383"
\\PIAF\PKN Orlen\PI Vision\PKN Orlen\ZAKŁAD PRODUKCYJNY PŁOCK\RAFINERIA\PR03 BLOK PRZEROBU ROPY\DRW-IV|DR4.FC43354_SQR.PV;"2026-07-15 14:49:48,129013";"52,9860763549805"
\\PIAF\PKN Orlen\PI Vision\PKN Orlen\ZAKŁAD PRODUKCYJNY PŁOCK\RAFINERIA\PR03 BLOK PRZEROBU ROPY\DRW-IV|DR4.FC43354_SQR.PV;"2026-07-15 14:51:53,144012";"53,3207168579102"
\\PIAF\PKN Orlen\PI Vision\PKN Orlen\ZAKŁAD PRODUKCYJNY PŁOCK\RAFINERIA\PR03 BLOK PRZEROBU ROPY\DRW-IV|DR4.FC43354_SQR.PV;"2026-07-15 14:56:03,207001";"53,0433769226074"
\\PIAF\PKN Orlen\PI Vision\PKN Orlen\ZAKŁAD PRODUKCYJNY PŁOCK\RAFINERIA\PR03 BLOK PRZEROBU ROPY\DRW-IV|DR4.FC43354_SQR.PV;"2026-07-15 14:57:48,207001";"52,1783752441406"
\\PIAF\PKN Orlen\PI Vision\PKN Orlen\ZAKŁAD PRODUKCYJNY PŁOCK\RAFINERIA\PR03 BLOK PRZEROBU ROPY\DRW-IV|DR4.FC43354_SQR.PV;"2026-07-15 14:59:43,160003";"52,2190551757813"
\\PIAF\PKN Orlen\PI Vision\PKN Orlen\ZAKŁAD PRODUKCYJNY PŁOCK\RAFINERIA\PR03 BLOK PRZEROBU ROPY\DRW-IV|DR4.FC43354_SQR.PV;"2026-07-15 15:03:18,160003";"53,0382270812988"
\\PIAF\PKN Orlen\PI Vision\PKN Orlen\ZAKŁAD PRODUKCYJNY PŁOCK\RAFINERIA\PR03 BLOK PRZEROBU ROPY\DRW-IV|DR4.FC43354_SQR.PV;"2026-07-15 15:07:38,145004";"53,3093605041504"
\\PIAF\PKN Orlen\PI Vision\PKN Orlen\ZAKŁAD PRODUKCYJNY PŁOCK\RAFINERIA\PR03 BLOK PRZEROBU ROPY\DRW-IV|DR4.FC43354_SQR.PV;"2026-07-15 15:09:18,145004";"52,7892417907715"
\\PIAF\PKN Orlen\PI Vision\PKN Orlen\ZAKŁAD PRODUKCYJNY PŁOCK\RAFINERIA\PR03 BLOK PRZEROBU ROPY\DRW-IV|DR4.FC43354_SQR.PV;"2026-07-15 15:14:18,17601";"52,0386047363281"
\\PIAF\PKN Orlen\PI Vision\PKN Orlen\ZAKŁAD PRODUKCYJNY PŁOCK\RAFINERIA\PR03 BLOK PRZEROBU ROPY\DRW-IV|DR4.FC43354_SQR.PV;"2026-07-15 15:17:28,129013";"51,8229026794434"
\\PIAF\PKN Orlen\PI Vision\PKN Orlen\ZAKŁAD PRODUKCYJNY PŁOCK\RAFINERIA\PR03 BLOK PRZEROBU ROPY\DRW-IV|DR4.FC43354_SQR.PV;"2026-07-15 15:21:18,238006";"52,7659378051758"
\\PIAF\PKN Orlen\PI Vision\PKN Orlen\ZAKŁAD PRODUKCYJNY PŁOCK\RAFINERIA\PR03 BLOK PRZEROBU ROPY\DRW-IV|DR4.FC43354_SQR.PV;"2026-07-15 15:26:03,145004";"52,2818832397461"
\\PIAF\PKN Orlen\PI Vision\PKN Orlen\ZAKŁAD PRODUKCYJNY PŁOCK\RAFINERIA\PR03 BLOK PRZEROBU ROPY\DRW-IV|DR4.FC43354_SQR.PV;"2026-07-15 15:29:18,19101";"51,8563079833984"
\\PIAF\PKN Orlen\PI Vision\PKN Orlen\ZAKŁAD PRODUKCYJNY PŁOCK\RAFINERIA\PR03 BLOK PRZEROBU ROPY\DRW-IV|DR4.FC43354_SQR.PV;"2026-07-15 15:33:38,17601";"52,3576622009277"
\\PIAF\PKN Orlen\PI Vision\PKN Orlen\ZAKŁAD PRODUKCYJNY PŁOCK\RAFINERIA\PR03 BLOK PRZEROBU ROPY\DRW-IV|DR4.FC43354_SQR.PV;"2026-07-15 15:36:08,145004";"52,9979553222656"
\\PIAF\PKN Orlen\PI Vision\PKN Orlen\ZAKŁAD PRODUKCYJNY PŁOCK\RAFINERIA\PR03 BLOK PRZEROBU ROPY\DRW-IV|DR4.FC43354_SQR.PV;"2026-07-15 15:41:13,113006";"52,8082313537598"
\\PIAF\PKN Orlen\PI Vision\PKN Orlen\ZAKŁAD PRODUKCYJNY PŁOCK\RAFINERIA\PR03 BLOK PRZEROBU ROPY\DRW-IV|DR4.FC43354_SQR.PV;"2026-07-15 15:45:38,129013";"52,3301239013672"
\\PIAF\PKN Orlen\PI Vision\PKN Orlen\ZAKŁAD PRODUKCYJNY PŁOCK\RAFINERIA\PR03 BLOK PRZEROBU ROPY\DRW-IV|DR4.FC43354_SQR.PV;"2026-07-15 15:49:48,17601";"52,6242218017578"
\\PIAF\PKN Orlen\PI Vision\PKN Orlen\ZAKŁAD PRODUKCYJNY PŁOCK\RAFINERIA\PR03 BLOK PRZEROBU ROPY\DRW-IV|DR4.FC43354_SQR.PV;"2026-07-15 15:52:53,145004";"52,5320014953613"
\\PIAF\PKN Orlen\PI Vision\PKN Orlen\ZAKŁAD PRODUKCYJNY PŁOCK\RAFINERIA\PR03 BLOK PRZEROBU ROPY\DRW-IV|DR4.FC43354_SQR.PV;"2026-07-15 15:56:33,113006";"51,9796295166016"
\\PIAF\PKN Orlen\PI Vision\PKN Orlen\ZAKŁAD PRODUKCYJNY PŁOCK\RAFINERIA\PR03 BLOK PRZEROBU ROPY\DRW-IV|DR4.FC43354_SQR.PV;"2026-07-15 16:02:13,160003";"52,0334854125977"
\\PIAF\PKN Orlen\PI Vision\PKN Orlen\ZAKŁAD PRODUKCYJNY PŁOCK\RAFINERIA\PR03 BLOK PRZEROBU ROPY\DRW-IV|DR4.FC43354_SQR.PV;"2026-07-15 16:03:28,19101";"51,6373443603516"
\\PIAF\PKN Orlen\PI Vision\PKN Orlen\ZAKŁAD PRODUKCYJNY PŁOCK\RAFINERIA\PR03 BLOK PRZEROBU ROPY\DRW-IV|DR4.FC43354_SQR.PV;"2026-07-15 16:05:28,17601";"51,9180946350098"
\\PIAF\PKN Orlen\PI Vision\PKN Orlen\ZAKŁAD PRODUKCYJNY PŁOCK\RAFINERIA\PR03 BLOK PRZEROBU ROPY\DRW-IV|DR4.FC43354_SQR.PV;"2026-07-15 16:08:48,113006";"52,6784629821777"
\\PIAF\PKN Orlen\PI Vision\PKN Orlen\ZAKŁAD PRODUKCYJNY PŁOCK\RAFINERIA\PR03 BLOK PRZEROBU ROPY\DRW-IV|DR4.FC43354_SQR.PV;"2026-07-15 16:10:38,145004";"52,4186210632324"
\\PIAF\PKN Orlen\PI Vision\PKN Orlen\ZAKŁAD PRODUKCYJNY PŁOCK\RAFINERIA\PR03 BLOK PRZEROBU ROPY\DRW-IV|DR4.FC43354_SQR.PV;"2026-07-15 16:14:58,160003";"51,0328063964844"
\\PIAF\PKN Orlen\PI Vision\PKN Orlen\ZAKŁAD PRODUKCYJNY PŁOCK\RAFINERIA\PR03 BLOK PRZEROBU ROPY\DRW-IV|DR4.FC43354_SQR.PV;"2026-07-15 16:16:53,113006";"50,8212432861328"
\\PIAF\PKN Orlen\PI Vision\PKN Orlen\ZAKŁAD PRODUKCYJNY PŁOCK\RAFINERIA\PR03 BLOK PRZEROBU ROPY\DRW-IV|DR4.FC43354_SQR.PV;"2026-07-15 16:19:38,160003";"51,2389526367188"
\\PIAF\PKN Orlen\PI Vision\PKN Orlen\ZAKŁAD PRODUKCYJNY PŁOCK\RAFINERIA\PR03 BLOK PRZEROBU ROPY\DRW-IV|DR4.FC43354_SQR.PV;"2026-07-15 16:23:18,113006";"52,0566596984863"
\\PIAF\PKN Orlen\PI Vision\PKN Orlen\ZAKŁAD PRODUKCYJNY PŁOCK\RAFINERIA\PR03 BLOK PRZEROBU ROPY\DRW-IV|DR4.FC43354_SQR.PV;"2026-07-15 16:26:28,129013";"51,843864440918"
\\PIAF\PKN Orlen\PI Vision\PKN Orlen\ZAKŁAD PRODUKCYJNY PŁOCK\RAFINERIA\PR03 BLOK PRZEROBU ROPY\DRW-IV|DR4.FC43354_SQR.PV;"2026-07-15 16:30:18,145004";"51,0260162353516"
\\PIAF\PKN Orlen\PI Vision\PKN Orlen\ZAKŁAD PRODUKCYJNY PŁOCK\RAFINERIA\PR03 BLOK PRZEROBU ROPY\DRW-IV|DR4.FC43354_SQR.PV;"2026-07-15 16:32:33,160003";"51,4336929321289"
\\PIAF\PKN Orlen\PI Vision\PKN Orlen\ZAKŁAD PRODUKCYJNY PŁOCK\RAFINERIA\PR03 BLOK PRZEROBU ROPY\DRW-IV|DR4.FC43354_SQR.PV;"2026-07-15 16:34:48,17601";"52,4145545959473"
\\PIAF\PKN Orlen\PI Vision\PKN Orlen\ZAKŁAD PRODUKCYJNY PŁOCK\RAFINERIA\PR03 BLOK PRZEROBU ROPY\DRW-IV|DR4.FC43354_SQR.PV;"2026-07-15 16:39:13,129013";"53,3022842407227"
\\PIAF\PKN Orlen\PI Vision\PKN Orlen\ZAKŁAD PRODUKCYJNY PŁOCK\RAFINERIA\PR03 BLOK PRZEROBU ROPY\DRW-IV|DR4.FC43354_SQR.PV;"2026-07-15 16:41:23,19101";"53,0603904724121"
\\PIAF\PKN Orlen\PI Vision\PKN Orlen\ZAKŁAD PRODUKCYJNY PŁOCK\RAFINERIA\PR03 BLOK PRZEROBU ROPY\DRW-IV|DR4.FC43354_SQR.PV;"2026-07-15 16:44:28,17601";"51,9539985656738"
\\PIAF\PKN Orlen\PI Vision\PKN Orlen\ZAKŁAD PRODUKCYJNY PŁOCK\RAFINERIA\PR03 BLOK PRZEROBU ROPY\DRW-IV|DR4.FC43354_SQR.PV;"2026-07-15 16:48:33,160003";"51,9935340881348"
\\PIAF\PKN Orlen\PI Vision\PKN Orlen\ZAKŁAD PRODUKCYJNY PŁOCK\RAFINERIA\PR03 BLOK PRZEROBU ROPY\DRW-IV|DR4.FC43354_SQR.PV;"2026-07-15 16:50:48,145004";"52,5073394775391"
\\PIAF\PKN Orlen\PI Vision\PKN Orlen\ZAKŁAD PRODUKCYJNY PŁOCK\RAFINERIA\PR03 BLOK PRZEROBU ROPY\DRW-IV|DR4.FC43354_SQR.PV;"2026-07-15 16:54:53,144012";"51,7873992919922"
\\PIAF\PKN Orlen\PI Vision\PKN Orlen\ZAKŁAD PRODUKCYJNY PŁOCK\RAFINERIA\PR03 BLOK PRZEROBU ROPY\DRW-IV|DR4.FC43354_SQR.PV;"2026-07-15 16:57:23,098007";"50,9161262512207"
\\PIAF\PKN Orlen\PI Vision\PKN Orlen\ZAKŁAD PRODUKCYJNY PŁOCK\RAFINERIA\PR03 BLOK PRZEROBU ROPY\DRW-IV|DR4.FC43354_SQR.PV;"2026-07-15 17:00:33,129013";"51,175422668457"
\\PIAF\PKN Orlen\PI Vision\PKN Orlen\ZAKŁAD PRODUKCYJNY PŁOCK\RAFINERIA\PR03 BLOK PRZEROBU ROPY\DRW-IV|DR4.FC43354_SQR.PV;"2026-07-15 17:03:43,113006";"52,5928993225098"
\\PIAF\PKN Orlen\PI Vision\PKN Orlen\ZAKŁAD PRODUKCYJNY PŁOCK\RAFINERIA\PR03 BLOK PRZEROBU ROPY\DRW-IV|DR4.FC43354_SQR.PV;"2026-07-15 17:09:28,145004";"52,7679328918457"
\\PIAF\PKN Orlen\PI Vision\PKN Orlen\ZAKŁAD PRODUKCYJNY PŁOCK\RAFINERIA\PR03 BLOK PRZEROBU ROPY\DRW-IV|DR4.FC43354_SQR.PV;"2026-07-15 17:14:58,082001";"51,8039245605469"
\\PIAF\PKN Orlen\PI Vision\PKN Orlen\ZAKŁAD PRODUKCYJNY PŁOCK\RAFINERIA\PR03 BLOK PRZEROBU ROPY\DRW-IV|DR4.FC43354_SQR.PV;"2026-07-15 17:21:13,160003";"52,8865623474121"
\\PIAF\PKN Orlen\PI Vision\PKN Orlen\ZAKŁAD PRODUKCYJNY PŁOCK\RAFINERIA\PR03 BLOK PRZEROBU ROPY\DRW-IV|DR4.FC43354_SQR.PV;"2026-07-15 17:24:48,082001";"52,4954681396484"
\\PIAF\PKN Orlen\PI Vision\PKN Orlen\ZAKŁAD PRODUKCYJNY PŁOCK\RAFINERIA\PR03 BLOK PRZEROBU ROPY\DRW-IV|DR4.FC43354_SQR.PV;"2026-07-15 17:26:48,17601";"51,9422798156738"
\\PIAF\PKN Orlen\PI Vision\PKN Orlen\ZAKŁAD PRODUKCYJNY PŁOCK\RAFINERIA\PR03 BLOK PRZEROBU ROPY\DRW-IV|DR4.FC43354_SQR.PV;"2026-07-15 17:29:38,17601";"52,1962966918945"
\\PIAF\PKN Orlen\PI Vision\PKN Orlen\ZAKŁAD PRODUKCYJNY PŁOCK\RAFINERIA\PR03 BLOK PRZEROBU ROPY\DRW-IV|DR4.FC43354_SQR.PV;"2026-07-15 17:31:28,129013";"52,706356048584"
\\PIAF\PKN Orlen\PI Vision\PKN Orlen\ZAKŁAD PRODUKCYJNY PŁOCK\RAFINERIA\PR03 BLOK PRZEROBU ROPY\DRW-IV|DR4.FC43354_SQR.PV;"2026-07-15 17:35:08,113006";"52,5789070129395"
\\PIAF\PKN Orlen\PI Vision\PKN Orlen\ZAKŁAD PRODUKCYJNY PŁOCK\RAFINERIA\PR03 BLOK PRZEROBU ROPY\DRW-IV|DR4.FC43354_SQR.PV;"2026-07-15 17:38:03,113006";"53,1296539306641"
\\PIAF\PKN Orlen\PI Vision\PKN Orlen\ZAKŁAD PRODUKCYJNY PŁOCK\RAFINERIA\PR03 BLOK PRZEROBU ROPY\DRW-IV|DR4.FC43354_SQR.PV;"2026-07-15 17:42:53,19101";"52,5259895324707"
\\PIAF\PKN Orlen\PI Vision\PKN Orlen\ZAKŁAD PRODUKCYJNY PŁOCK\RAFINERIA\PR03 BLOK PRZEROBU ROPY\DRW-IV|DR4.FC43354_SQR.PV;"2026-07-15 17:47:48,113006";"52,4206008911133"
\\PIAF\PKN Orlen\PI Vision\PKN Orlen\ZAKŁAD PRODUKCYJNY PŁOCK\RAFINERIA\PR03 BLOK PRZEROBU ROPY\DRW-IV|DR4.FC43354_SQR.PV;"2026-07-15 17:50:08,113006";"52,296028137207"
\\PIAF\PKN Orlen\PI Vision\PKN Orlen\ZAKŁAD PRODUKCYJNY PŁOCK\RAFINERIA\PR03 BLOK PRZEROBU ROPY\DRW-IV|DR4.FC43354_SQR.PV;"2026-07-15 17:59:23,098007";"52,9478416442871"
\\PIAF\PKN Orlen\PI Vision\PKN Orlen\ZAKŁAD PRODUKCYJNY PŁOCK\RAFINERIA\PR03 BLOK PRZEROBU ROPY\DRW-IV|DR4.FC43354_SQR.PV;"2026-07-15 18:03:48,145004";"51,9302215576172"
\\PIAF\PKN Orlen\PI Vision\PKN Orlen\ZAKŁAD PRODUKCYJNY PŁOCK\RAFINERIA\PR03 BLOK PRZEROBU ROPY\DRW-IV|DR4.FC43354_SQR.PV;"2026-07-15 18:09:48,129013";"52,7081413269043"
\\PIAF\PKN Orlen\PI Vision\PKN Orlen\ZAKŁAD PRODUKCYJNY PŁOCK\RAFINERIA\PR03 BLOK PRZEROBU ROPY\DRW-IV|DR4.FC43354_SQR.PV;"2026-07-15 18:13:03,160003";"53,1132698059082"
\\PIAF\PKN Orlen\PI Vision\PKN Orlen\ZAKŁAD PRODUKCYJNY PŁOCK\RAFINERIA\PR03 BLOK PRZEROBU ROPY\DRW-IV|DR4.FC43354_SQR.PV;"2026-07-15 18:17:18,129013";"52,8691787719727"
\\PIAF\PKN Orlen\PI Vision\PKN Orlen\ZAKŁAD PRODUKCYJNY PŁOCK\RAFINERIA\PR03 BLOK PRZEROBU ROPY\DRW-IV|DR4.FC43354_SQR.PV;"2026-07-15 18:21:23,082001";"52,0556831359863"
\\PIAF\PKN Orlen\PI Vision\PKN Orlen\ZAKŁAD PRODUKCYJNY PŁOCK\RAFINERIA\PR03 BLOK PRZEROBU ROPY\DRW-IV|DR4.FC43354_SQR.PV;"2026-07-15 18:23:43,098007";"52,3012657165527"
\\PIAF\PKN Orlen\PI Vision\PKN Orlen\ZAKŁAD PRODUKCYJNY PŁOCK\RAFINERIA\PR03 BLOK PRZEROBU ROPY\DRW-IV|DR4.FC43354_SQR.PV;"2026-07-15 18:25:53,145004";"52,8061943054199"
\\PIAF\PKN Orlen\PI Vision\PKN Orlen\ZAKŁAD PRODUKCYJNY PŁOCK\RAFINERIA\PR03 BLOK PRZEROBU ROPY\DRW-IV|DR4.FC43354_SQR.PV;"2026-07-15 18:31:03,098007";"53,2350997924805"
\\PIAF\PKN Orlen\PI Vision\PKN Orlen\ZAKŁAD PRODUKCYJNY PŁOCK\RAFINERIA\PR03 BLOK PRZEROBU ROPY\DRW-IV|DR4.FC43354_SQR.PV;"2026-07-15 18:34:58,198013";"52,4301795959473"
\\PIAF\PKN Orlen\PI Vision\PKN Orlen\ZAKŁAD PRODUKCYJNY PŁOCK\RAFINERIA\PR03 BLOK PRZEROBU ROPY\DRW-IV|DR4.FC43354_SQR.PV;"2026-07-15 18:37:18,129013";"51,9070167541504"
\\PIAF\PKN Orlen\PI Vision\PKN Orlen\ZAKŁAD PRODUKCYJNY PŁOCK\RAFINERIA\PR03 BLOK PRZEROBU ROPY\DRW-IV|DR4.FC43354_SQR.PV;"2026-07-15 18:40:18,06601";"52,2052192687988"
\\PIAF\PKN Orlen\PI Vision\PKN Orlen\ZAKŁAD PRODUKCYJNY PŁOCK\RAFINERIA\PR03 BLOK PRZEROBU ROPY\DRW-IV|DR4.FC43354_SQR.PV;"2026-07-15 18:45:18,182007";"52,7722434997559"
\\PIAF\PKN Orlen\PI Vision\PKN Orlen\ZAKŁAD PRODUKCYJNY PŁOCK\RAFINERIA\PR03 BLOK PRZEROBU ROPY\DRW-IV|DR4.FC43354_SQR.PV;"2026-07-15 18:53:18,166016";"52,5873489379883"
\\PIAF\PKN Orlen\PI Vision\PKN Orlen\ZAKŁAD PRODUKCYJNY PŁOCK\RAFINERIA\PR03 BLOK PRZEROBU ROPY\DRW-IV|DR4.FC43354_SQR.PV;"2026-07-15 19:02:18,166";"52,8458671569824"
\\PIAF\PKN Orlen\PI Vision\PKN Orlen\ZAKŁAD PRODUKCYJNY PŁOCK\RAFINERIA\PR03 BLOK PRZEROBU ROPY\DRW-IV|DR4.FC43354_SQR.PV;"2026-07-15 19:04:53,26001";"53,2530403137207"
\\PIAF\PKN Orlen\PI Vision\PKN Orlen\ZAKŁAD PRODUKCYJNY PŁOCK\RAFINERIA\PR03 BLOK PRZEROBU ROPY\DRW-IV|DR4.FC43354_SQR.PV;"2026-07-15 19:11:53,213012";"53,1113815307617"
\\PIAF\PKN Orlen\PI Vision\PKN Orlen\ZAKŁAD PRODUKCYJNY PŁOCK\RAFINERIA\PR03 BLOK PRZEROBU ROPY\DRW-IV|DR4.FC43354_SQR.PV;"2026-07-15 19:14:53,24501";"52,6878890991211"
\\PIAF\PKN Orlen\PI Vision\PKN Orlen\ZAKŁAD PRODUKCYJNY PŁOCK\RAFINERIA\PR03 BLOK PRZEROBU ROPY\DRW-IV|DR4.FC43354_SQR.PV;"2026-07-15 19:21:18,213012";"52,7641258239746"
\\PIAF\PKN Orlen\PI Vision\PKN Orlen\ZAKŁAD PRODUKCYJNY PŁOCK\RAFINERIA\PR03 BLOK PRZEROBU ROPY\DRW-IV|DR4.FC43354_SQR.PV;"2026-07-15 19:25:53,244003";"53,6266784667969"
\\PIAF\PKN Orlen\PI Vision\PKN Orlen\ZAKŁAD PRODUKCYJNY PŁOCK\RAFINERIA\PR03 BLOK PRZEROBU ROPY\DRW-IV|DR4.FC43354_SQR.PV;"2026-07-15 19:30:08,198013";"53,3474655151367"
\\PIAF\PKN Orlen\PI Vision\PKN Orlen\ZAKŁAD PRODUKCYJNY PŁOCK\RAFINERIA\PR03 BLOK PRZEROBU ROPY\DRW-IV|DR4.FC43354_SQR.PV;"2026-07-15 19:33:48,166";"52,7691764831543"
\\PIAF\PKN Orlen\PI Vision\PKN Orlen\ZAKŁAD PRODUKCYJNY PŁOCK\RAFINERIA\PR03 BLOK PRZEROBU ROPY\DRW-IV|DR4.FC43354_SQR.PV;"2026-07-15 19:38:53,26001";"53,1461639404297"
\\PIAF\PKN Orlen\PI Vision\PKN Orlen\ZAKŁAD PRODUKCYJNY PŁOCK\RAFINERIA\PR03 BLOK PRZEROBU ROPY\DRW-IV|DR4.FC43354_SQR.PV;"2026-07-15 19:42:03,182007";"53,6990013122559"
\\PIAF\PKN Orlen\PI Vision\PKN Orlen\ZAKŁAD PRODUKCYJNY PŁOCK\RAFINERIA\PR03 BLOK PRZEROBU ROPY\DRW-IV|DR4.FC43354_SQR.PV;"2026-07-15 19:47:43,166016";"53,2262878417969"
\\PIAF\PKN Orlen\PI Vision\PKN Orlen\ZAKŁAD PRODUKCYJNY PŁOCK\RAFINERIA\PR03 BLOK PRZEROBU ROPY\DRW-IV|DR4.FC43354_SQR.PV;"2026-07-15 19:50:43,276001";"52,9524269104004"
\\PIAF\PKN Orlen\PI Vision\PKN Orlen\ZAKŁAD PRODUKCYJNY PŁOCK\RAFINERIA\PR03 BLOK PRZEROBU ROPY\DRW-IV|DR4.FC43354_SQR.PV;"2026-07-15 19:54:18,213012";"53,1838188171387"
\\PIAF\PKN Orlen\PI Vision\PKN Orlen\ZAKŁAD PRODUKCYJNY PŁOCK\RAFINERIA\PR03 BLOK PRZEROBU ROPY\DRW-IV|DR4.FC43354_SQR.PV;"2026-07-15 19:58:43,24501";"53,3370170593262"
\\PIAF\PKN Orlen\PI Vision\PKN Orlen\ZAKŁAD PRODUKCYJNY PŁOCK\RAFINERIA\PR03 BLOK PRZEROBU ROPY\DRW-IV|DR4.FC43354_SQR.PV;"2026-07-15 20:04:08,198013";"53,5040740966797"
\\PIAF\PKN Orlen\PI Vision\PKN Orlen\ZAKŁAD PRODUKCYJNY PŁOCK\RAFINERIA\PR03 BLOK PRZEROBU ROPY\DRW-IV|DR4.FC43354_SQR.PV;"2026-07-15 20:07:08,276001";"53,6645698547363"
\\PIAF\PKN Orlen\PI Vision\PKN Orlen\ZAKŁAD PRODUKCYJNY PŁOCK\RAFINERIA\PR03 BLOK PRZEROBU ROPY\DRW-IV|DR4.FC43354_SQR.PV;"2026-07-15 20:11:03,229004";"53,1061820983887"
\\PIAF\PKN Orlen\PI Vision\PKN Orlen\ZAKŁAD PRODUKCYJNY PŁOCK\RAFINERIA\PR03 BLOK PRZEROBU ROPY\DRW-IV|DR4.FC43354_SQR.PV;"2026-07-15 20:13:03,229004";"52,9430999755859"
\\PIAF\PKN Orlen\PI Vision\PKN Orlen\ZAKŁAD PRODUKCYJNY PŁOCK\RAFINERIA\PR03 BLOK PRZEROBU ROPY\DRW-IV|DR4.FC43354_SQR.PV;"2026-07-15 20:18:58,151001";"53,4175872802734"
\\PIAF\PKN Orlen\PI Vision\PKN Orlen\ZAKŁAD PRODUKCYJNY PŁOCK\RAFINERIA\PR03 BLOK PRZEROBU ROPY\DRW-IV|DR4.FC43354_SQR.PV;"2026-07-15 20:21:03,24501";"53,1302604675293"
\\PIAF\PKN Orlen\PI Vision\PKN Orlen\ZAKŁAD PRODUKCYJNY PŁOCK\RAFINERIA\PR03 BLOK PRZEROBU ROPY\DRW-IV|DR4.FC43354_SQR.PV;"2026-07-15 20:22:53,182007";"52,8389167785645"
\\PIAF\PKN Orlen\PI Vision\PKN Orlen\ZAKŁAD PRODUKCYJNY PŁOCK\RAFINERIA\PR03 BLOK PRZEROBU ROPY\DRW-IV|DR4.FC43354_SQR.PV;"2026-07-15 20:28:53,166";"53,3271598815918"
\\PIAF\PKN Orlen\PI Vision\PKN Orlen\ZAKŁAD PRODUKCYJNY PŁOCK\RAFINERIA\PR03 BLOK PRZEROBU ROPY\DRW-IV|DR4.FC43354_SQR.PV;"2026-07-15 20:38:58,24501";"53,1212615966797"
\\PIAF\PKN Orlen\PI Vision\PKN Orlen\ZAKŁAD PRODUKCYJNY PŁOCK\RAFINERIA\PR03 BLOK PRZEROBU ROPY\DRW-IV|DR4.FC43354_SQR.PV;"2026-07-15 20:45:58,151001";"52,6478576660156"
\\PIAF\PKN Orlen\PI Vision\PKN Orlen\ZAKŁAD PRODUKCYJNY PŁOCK\RAFINERIA\PR03 BLOK PRZEROBU ROPY\DRW-IV|DR4.FC43354_SQR.PV;"2026-07-15 20:51:23,229004";"53,4636116027832"
\\PIAF\PKN Orlen\PI Vision\PKN Orlen\ZAKŁAD PRODUKCYJNY PŁOCK\RAFINERIA\PR03 BLOK PRZEROBU ROPY\DRW-IV|DR4.FC43354_SQR.PV;"2026-07-15 20:57:28,166";"53,3767929077148"
\\PIAF\PKN Orlen\PI Vision\PKN Orlen\ZAKŁAD PRODUKCYJNY PŁOCK\RAFINERIA\PR03 BLOK PRZEROBU ROPY\DRW-IV|DR4.FC43354_SQR.PV;"2026-07-15 21:03:18,213012";"53,1242599487305"
\\PIAF\PKN Orlen\PI Vision\PKN Orlen\ZAKŁAD PRODUKCYJNY PŁOCK\RAFINERIA\PR03 BLOK PRZEROBU ROPY\DRW-IV|DR4.FC43354_SQR.PV;"2026-07-15 21:04:48,229004";"53,4396324157715"
\\PIAF\PKN Orlen\PI Vision\PKN Orlen\ZAKŁAD PRODUKCYJNY PŁOCK\RAFINERIA\PR03 BLOK PRZEROBU ROPY\DRW-IV|DR4.FC43354_SQR.PV;"2026-07-15 21:09:28,166016";"53,1549606323242"
\\PIAF\PKN Orlen\PI Vision\PKN Orlen\ZAKŁAD PRODUKCYJNY PŁOCK\RAFINERIA\PR03 BLOK PRZEROBU ROPY\DRW-IV|DR4.FC43354_SQR.PV;"2026-07-15 21:11:08,198013";"52,8554077148438"
\\PIAF\PKN Orlen\PI Vision\PKN Orlen\ZAKŁAD PRODUKCYJNY PŁOCK\RAFINERIA\PR03 BLOK PRZEROBU ROPY\DRW-IV|DR4.FC43354_SQR.PV;"2026-07-15 21:17:18,213012";"53,330150604248"
\\PIAF\PKN Orlen\PI Vision\PKN Orlen\ZAKŁAD PRODUKCYJNY PŁOCK\RAFINERIA\PR03 BLOK PRZEROBU ROPY\DRW-IV|DR4.FC43354_SQR.PV;"2026-07-15 21:21:28,166";"53,9652824401855"
\\PIAF\PKN Orlen\PI Vision\PKN Orlen\ZAKŁAD PRODUKCYJNY PŁOCK\RAFINERIA\PR03 BLOK PRZEROBU ROPY\DRW-IV|DR4.FC43354_SQR.PV;"2026-07-15 21:24:53,229004";"53,4885406494141"
\\PIAF\PKN Orlen\PI Vision\PKN Orlen\ZAKŁAD PRODUKCYJNY PŁOCK\RAFINERIA\PR03 BLOK PRZEROBU ROPY\DRW-IV|DR4.FC43354_SQR.PV;"2026-07-15 21:26:53,229004";"53,1288871765137"
\\PIAF\PKN Orlen\PI Vision\PKN Orlen\ZAKŁAD PRODUKCYJNY PŁOCK\RAFINERIA\PR03 BLOK PRZEROBU ROPY\DRW-IV|DR4.FC43354_SQR.PV;"2026-07-15 21:32:28,213012";"53,0628814697266"
\\PIAF\PKN Orlen\PI Vision\PKN Orlen\ZAKŁAD PRODUKCYJNY PŁOCK\RAFINERIA\PR03 BLOK PRZEROBU ROPY\DRW-IV|DR4.FC43354_SQR.PV;"2026-07-15 21:35:43,244003";"53,3602447509766"
\\PIAF\PKN Orlen\PI Vision\PKN Orlen\ZAKŁAD PRODUKCYJNY PŁOCK\RAFINERIA\PR03 BLOK PRZEROBU ROPY\DRW-IV|DR4.FC43354_SQR.PV;"2026-07-15 21:42:58,13501";"52,7917861938477"
\\PIAF\PKN Orlen\PI Vision\PKN Orlen\ZAKŁAD PRODUKCYJNY PŁOCK\RAFINERIA\PR03 BLOK PRZEROBU ROPY\DRW-IV|DR4.FC43354_SQR.PV;"2026-07-15 21:46:08,13501";"53,5075874328613"
\\PIAF\PKN Orlen\PI Vision\PKN Orlen\ZAKŁAD PRODUKCYJNY PŁOCK\RAFINERIA\PR03 BLOK PRZEROBU ROPY\DRW-IV|DR4.FC43354_SQR.PV;"2026-07-15 21:48:53,213012";"54,204460144043"
\\PIAF\PKN Orlen\PI Vision\PKN Orlen\ZAKŁAD PRODUKCYJNY PŁOCK\RAFINERIA\PR03 BLOK PRZEROBU ROPY\DRW-IV|DR4.FC43354_SQR.PV;"2026-07-15 21:51:23,182007";"54,0784339904785"
\\PIAF\PKN Orlen\PI Vision\PKN Orlen\ZAKŁAD PRODUKCYJNY PŁOCK\RAFINERIA\PR03 BLOK PRZEROBU ROPY\DRW-IV|DR4.FC43354_SQR.PV;"2026-07-15 21:55:08,198013";"52,9204292297363"
\\PIAF\PKN Orlen\PI Vision\PKN Orlen\ZAKŁAD PRODUKCYJNY PŁOCK\RAFINERIA\PR03 BLOK PRZEROBU ROPY\DRW-IV|DR4.FC43354_SQR.PV;"2026-07-15 21:57:13,24501";"52,94287109375"
\\PIAF\PKN Orlen\PI Vision\PKN Orlen\ZAKŁAD PRODUKCYJNY PŁOCK\RAFINERIA\PR03 BLOK PRZEROBU ROPY\DRW-IV|DR4.FC43354_SQR.PV;"2026-07-15 22:00:58,12001";"53,7684783935547"
\\PIAF\PKN Orlen\PI Vision\PKN Orlen\ZAKŁAD PRODUKCYJNY PŁOCK\RAFINERIA\PR03 BLOK PRZEROBU ROPY\DRW-IV|DR4.FC43354_SQR.PV;"2026-07-15 22:03:08,166";"53,8768577575684"
\\PIAF\PKN Orlen\PI Vision\PKN Orlen\ZAKŁAD PRODUKCYJNY PŁOCK\RAFINERIA\PR03 BLOK PRZEROBU ROPY\DRW-IV|DR4.FC43354_SQR.PV;"2026-07-15 22:06:28,213012";"53,332706451416"
\\PIAF\PKN Orlen\PI Vision\PKN Orlen\ZAKŁAD PRODUKCYJNY PŁOCK\RAFINERIA\PR03 BLOK PRZEROBU ROPY\DRW-IV|DR4.FC43354_SQR.PV;"2026-07-15 22:07:38,213012";"52,9828109741211"
\\PIAF\PKN Orlen\PI Vision\PKN Orlen\ZAKŁAD PRODUKCYJNY PŁOCK\RAFINERIA\PR03 BLOK PRZEROBU ROPY\DRW-IV|DR4.FC43354_SQR.PV;"2026-07-15 22:13:48,198013";"53,2331619262695"
\\PIAF\PKN Orlen\PI Vision\PKN Orlen\ZAKŁAD PRODUKCYJNY PŁOCK\RAFINERIA\PR03 BLOK PRZEROBU ROPY\DRW-IV|DR4.FC43354_SQR.PV;"2026-07-15 22:18:48,12001";"53,8536911010742"
\\PIAF\PKN Orlen\PI Vision\PKN Orlen\ZAKŁAD PRODUKCYJNY PŁOCK\RAFINERIA\PR03 BLOK PRZEROBU ROPY\DRW-IV|DR4.FC43354_SQR.PV;"2026-07-15 22:24:43,198013";"53,3170700073242"
\\PIAF\PKN Orlen\PI Vision\PKN Orlen\ZAKŁAD PRODUKCYJNY PŁOCK\RAFINERIA\PR03 BLOK PRZEROBU ROPY\DRW-IV|DR4.FC43354_SQR.PV;"2026-07-15 22:31:18,182007";"53,4947853088379"
\\PIAF\PKN Orlen\PI Vision\PKN Orlen\ZAKŁAD PRODUKCYJNY PŁOCK\RAFINERIA\PR03 BLOK PRZEROBU ROPY\DRW-IV|DR4.FC43354_SQR.PV;"2026-07-15 22:33:28,12001";"53,641529083252"
\\PIAF\PKN Orlen\PI Vision\PKN Orlen\ZAKŁAD PRODUKCYJNY PŁOCK\RAFINERIA\PR03 BLOK PRZEROBU ROPY\DRW-IV|DR4.FC43354_SQR.PV;"2026-07-15 22:37:33,229004";"53,0600662231445"
\\PIAF\PKN Orlen\PI Vision\PKN Orlen\ZAKŁAD PRODUKCYJNY PŁOCK\RAFINERIA\PR03 BLOK PRZEROBU ROPY\DRW-IV|DR4.FC43354_SQR.PV;"2026-07-15 22:44:18,13501";"52,9534530639648"
\\PIAF\PKN Orlen\PI Vision\PKN Orlen\ZAKŁAD PRODUKCYJNY PŁOCK\RAFINERIA\PR03 BLOK PRZEROBU ROPY\DRW-IV|DR4.FC43354_SQR.PV;"2026-07-15 22:49:58,119003";"53,6066551208496"
\\PIAF\PKN Orlen\PI Vision\PKN Orlen\ZAKŁAD PRODUKCYJNY PŁOCK\RAFINERIA\PR03 BLOK PRZEROBU ROPY\DRW-IV|DR4.FC43354_SQR.PV;"2026-07-15 22:55:33,244003";"53,1850852966309"
\\PIAF\PKN Orlen\PI Vision\PKN Orlen\ZAKŁAD PRODUKCYJNY PŁOCK\RAFINERIA\PR03 BLOK PRZEROBU ROPY\DRW-IV|DR4.FC43354_SQR.PV;"2026-07-15 23:04:23,166016";"53,356143951416"
\\PIAF\PKN Orlen\PI Vision\PKN Orlen\ZAKŁAD PRODUKCYJNY PŁOCK\RAFINERIA\PR03 BLOK PRZEROBU ROPY\DRW-IV|DR4.FC43354_SQR.PV;"2026-07-15 23:10:03,104004";"53,1856117248535"
\\PIAF\PKN Orlen\PI Vision\PKN Orlen\ZAKŁAD PRODUKCYJNY PŁOCK\RAFINERIA\PR03 BLOK PRZEROBU ROPY\DRW-IV|DR4.FC43354_SQR.PV;"2026-07-15 23:17:18,12001";"53,5060195922852"
\\PIAF\PKN Orlen\PI Vision\PKN Orlen\ZAKŁAD PRODUKCYJNY PŁOCK\RAFINERIA\PR03 BLOK PRZEROBU ROPY\DRW-IV|DR4.FC43354_SQR.PV;"2026-07-15 23:23:43,151001";"53,1809921264648"
\\PIAF\PKN Orlen\PI Vision\PKN Orlen\ZAKŁAD PRODUKCYJNY PŁOCK\RAFINERIA\PR03 BLOK PRZEROBU ROPY\DRW-IV|DR4.FC43354_SQR.PV;"2026-07-15 23:35:03,198013";"53,1377868652344"
\\PIAF\PKN Orlen\PI Vision\PKN Orlen\ZAKŁAD PRODUKCYJNY PŁOCK\RAFINERIA\PR03 BLOK PRZEROBU ROPY\DRW-IV|DR4.FC43354_SQR.PV;"2026-07-15 23:47:58,104004";"52,7729034423828"
\\PIAF\PKN Orlen\PI Vision\PKN Orlen\ZAKŁAD PRODUKCYJNY PŁOCK\RAFINERIA\PR03 BLOK PRZEROBU ROPY\DRW-IV|DR4.FC43354_SQR.PV;"2026-07-15 23:54:38,151001";"52,9315490722656"
\\PIAF\PKN Orlen\PI Vision\PKN Orlen\ZAKŁAD PRODUKCYJNY PŁOCK\RAFINERIA\PR03 BLOK PRZEROBU ROPY\DRW-IV|DR4.FC43354_SQR.PV;"2026-07-16 00:00:38,13501";"52,5652923583984"
\\PIAF\PKN Orlen\PI Vision\PKN Orlen\ZAKŁAD PRODUKCYJNY PŁOCK\RAFINERIA\PR03 BLOK PRZEROBU ROPY\DRW-IV|DR4.FC43354_SQR.PV;"2026-07-16 00:06:53,182007";"53,0296363830566"
\\PIAF\PKN Orlen\PI Vision\PKN Orlen\ZAKŁAD PRODUKCYJNY PŁOCK\RAFINERIA\PR03 BLOK PRZEROBU ROPY\DRW-IV|DR4.FC43354_SQR.PV;"2026-07-16 00:11:33,182007";"52,6317329406738"
\\PIAF\PKN Orlen\PI Vision\PKN Orlen\ZAKŁAD PRODUKCYJNY PŁOCK\RAFINERIA\PR03 BLOK PRZEROBU ROPY\DRW-IV|DR4.FC43354_SQR.PV;"2026-07-16 00:13:58,213012";"52,2495002746582"
\\PIAF\PKN Orlen\PI Vision\PKN Orlen\ZAKŁAD PRODUKCYJNY PŁOCK\RAFINERIA\PR03 BLOK PRZEROBU ROPY\DRW-IV|DR4.FC43354_SQR.PV;"2026-07-16 00:18:13,182007";"52,2021636962891"
\\PIAF\PKN Orlen\PI Vision\PKN Orlen\ZAKŁAD PRODUKCYJNY PŁOCK\RAFINERIA\PR03 BLOK PRZEROBU ROPY\DRW-IV|DR4.FC43354_SQR.PV;"2026-07-16 00:23:33,213012";"53,1607971191406"
\\PIAF\PKN Orlen\PI Vision\PKN Orlen\ZAKŁAD PRODUKCYJNY PŁOCK\RAFINERIA\PR03 BLOK PRZEROBU ROPY\DRW-IV|DR4.FC43354_SQR.PV;"2026-07-16 00:28:08,198013";"52,6163482666016"
\\PIAF\PKN Orlen\PI Vision\PKN Orlen\ZAKŁAD PRODUKCYJNY PŁOCK\RAFINERIA\PR03 BLOK PRZEROBU ROPY\DRW-IV|DR4.FC43354_SQR.PV;"2026-07-16 00:32:28,104004";"51,9525337219238"
\\PIAF\PKN Orlen\PI Vision\PKN Orlen\ZAKŁAD PRODUKCYJNY PŁOCK\RAFINERIA\PR03 BLOK PRZEROBU ROPY\DRW-IV|DR4.FC43354_SQR.PV;"2026-07-16 00:39:28,13501";"52,4477729797363"
\\PIAF\PKN Orlen\PI Vision\PKN Orlen\ZAKŁAD PRODUKCYJNY PŁOCK\RAFINERIA\PR03 BLOK PRZEROBU ROPY\DRW-IV|DR4.FC43354_SQR.PV;"2026-07-16 00:48:53,213012";"52,2189102172852"
\\PIAF\PKN Orlen\PI Vision\PKN Orlen\ZAKŁAD PRODUKCYJNY PŁOCK\RAFINERIA\PR03 BLOK PRZEROBU ROPY\DRW-IV|DR4.FC43354_SQR.PV;"2026-07-16 00:55:53,13501";"52,4662475585938"
\\PIAF\PKN Orlen\PI Vision\PKN Orlen\ZAKŁAD PRODUKCYJNY PŁOCK\RAFINERIA\PR03 BLOK PRZEROBU ROPY\DRW-IV|DR4.FC43354_SQR.PV;"2026-07-16 01:00:38,182007";"52,2781448364258"
\\PIAF\PKN Orlen\PI Vision\PKN Orlen\ZAKŁAD PRODUKCYJNY PŁOCK\RAFINERIA\PR03 BLOK PRZEROBU ROPY\DRW-IV|DR4.FC43354_SQR.PV;"2026-07-16 01:07:28,198013";"52,1692886352539"
\\PIAF\PKN Orlen\PI Vision\PKN Orlen\ZAKŁAD PRODUKCYJNY PŁOCK\RAFINERIA\PR03 BLOK PRZEROBU ROPY\DRW-IV|DR4.FC43354_SQR.PV;"2026-07-16 01:11:13,198013";"52,580394744873"
\\PIAF\PKN Orlen\PI Vision\PKN Orlen\ZAKŁAD PRODUKCYJNY PŁOCK\RAFINERIA\PR03 BLOK PRZEROBU ROPY\DRW-IV|DR4.FC43354_SQR.PV;"2026-07-16 01:19:38,151001";"52,0921783447266"
\\PIAF\PKN Orlen\PI Vision\PKN Orlen\ZAKŁAD PRODUKCYJNY PŁOCK\RAFINERIA\PR03 BLOK PRZEROBU ROPY\DRW-IV|DR4.FC43354_SQR.PV;"2026-07-16 01:35:28,12001";"52,5839385986328"
\\PIAF\PKN Orlen\PI Vision\PKN Orlen\ZAKŁAD PRODUKCYJNY PŁOCK\RAFINERIA\PR03 BLOK PRZEROBU ROPY\DRW-IV|DR4.FC43354_SQR.PV;"2026-07-16 01:40:23,13501";"52,1389541625977"
\\PIAF\PKN Orlen\PI Vision\PKN Orlen\ZAKŁAD PRODUKCYJNY PŁOCK\RAFINERIA\PR03 BLOK PRZEROBU ROPY\DRW-IV|DR4.FC43354_SQR.PV;"2026-07-16 01:47:38,13501";"52,5752906799316"
\\PIAF\PKN Orlen\PI Vision\PKN Orlen\ZAKŁAD PRODUKCYJNY PŁOCK\RAFINERIA\PR03 BLOK PRZEROBU ROPY\DRW-IV|DR4.FC43354_SQR.PV;"2026-07-16 02:01:13,12001";"52,3473587036133"
\\PIAF\PKN Orlen\PI Vision\PKN Orlen\ZAKŁAD PRODUKCYJNY PŁOCK\RAFINERIA\PR03 BLOK PRZEROBU ROPY\DRW-IV|DR4.FC43354_SQR.PV;"2026-07-16 02:09:33,13501";"52,3571739196777"
\\PIAF\PKN Orlen\PI Vision\PKN Orlen\ZAKŁAD PRODUKCYJNY PŁOCK\RAFINERIA\PR03 BLOK PRZEROBU ROPY\DRW-IV|DR4.FC43354_SQR.PV;"2026-07-16 02:13:13,12001";"52,4305305480957"
\\PIAF\PKN Orlen\PI Vision\PKN Orlen\ZAKŁAD PRODUKCYJNY PŁOCK\RAFINERIA\PR03 BLOK PRZEROBU ROPY\DRW-IV|DR4.FC43354_SQR.PV;"2026-07-16 02:19:23,182007";"51,9917030334473"
\\PIAF\PKN Orlen\PI Vision\PKN Orlen\ZAKŁAD PRODUKCYJNY PŁOCK\RAFINERIA\PR03 BLOK PRZEROBU ROPY\DRW-IV|DR4.FC43354_SQR.PV;"2026-07-16 02:27:08,073013";"52,5704231262207"
\\PIAF\PKN Orlen\PI Vision\PKN Orlen\ZAKŁAD PRODUKCYJNY PŁOCK\RAFINERIA\PR03 BLOK PRZEROBU ROPY\DRW-IV|DR4.FC43354_SQR.PV;"2026-07-16 02:34:48,166";"52,229606628418"
\\PIAF\PKN Orlen\PI Vision\PKN Orlen\ZAKŁAD PRODUKCYJNY PŁOCK\RAFINERIA\PR03 BLOK PRZEROBU ROPY\DRW-IV|DR4.FC43354_SQR.PV;"2026-07-16 02:41:13,12001";"52,7313613891602"
\\PIAF\PKN Orlen\PI Vision\PKN Orlen\ZAKŁAD PRODUKCYJNY PŁOCK\RAFINERIA\PR03 BLOK PRZEROBU ROPY\DRW-IV|DR4.FC43354_SQR.PV;"2026-07-16 02:49:08,13501";"52,1305351257324"
\\PIAF\PKN Orlen\PI Vision\PKN Orlen\ZAKŁAD PRODUKCYJNY PŁOCK\RAFINERIA\PR03 BLOK PRZEROBU ROPY\DRW-IV|DR4.FC43354_SQR.PV;"2026-07-16 02:51:48,251007";"52,0754051208496"
\\PIAF\PKN Orlen\PI Vision\PKN Orlen\ZAKŁAD PRODUKCYJNY PŁOCK\RAFINERIA\PR03 BLOK PRZEROBU ROPY\DRW-IV|DR4.FC43354_SQR.PV;"2026-07-16 03:00:58,104004";"52,3608360290527"
\\PIAF\PKN Orlen\PI Vision\PKN Orlen\ZAKŁAD PRODUKCYJNY PŁOCK\RAFINERIA\PR03 BLOK PRZEROBU ROPY\DRW-IV|DR4.FC43354_SQR.PV;"2026-07-16 03:10:13,235001";"52,4539260864258"
\\PIAF\PKN Orlen\PI Vision\PKN Orlen\ZAKŁAD PRODUKCYJNY PŁOCK\RAFINERIA\PR03 BLOK PRZEROBU ROPY\DRW-IV|DR4.FC43354_SQR.PV;"2026-07-16 03:20:28,20401";"52,4197616577148"
\\PIAF\PKN Orlen\PI Vision\PKN Orlen\ZAKŁAD PRODUKCYJNY PŁOCK\RAFINERIA\PR03 BLOK PRZEROBU ROPY\DRW-IV|DR4.FC43354_SQR.PV;"2026-07-16 03:25:48,157013";"51,6046524047852"
\\PIAF\PKN Orlen\PI Vision\PKN Orlen\ZAKŁAD PRODUKCYJNY PŁOCK\RAFINERIA\PR03 BLOK PRZEROBU ROPY\DRW-IV|DR4.FC43354_SQR.PV;"2026-07-16 03:30:23,157013";"52,0781364440918"
\\PIAF\PKN Orlen\PI Vision\PKN Orlen\ZAKŁAD PRODUKCYJNY PŁOCK\RAFINERIA\PR03 BLOK PRZEROBU ROPY\DRW-IV|DR4.FC43354_SQR.PV;"2026-07-16 03:33:53,251007";"52,799877166748"
\\PIAF\PKN Orlen\PI Vision\PKN Orlen\ZAKŁAD PRODUKCYJNY PŁOCK\RAFINERIA\PR03 BLOK PRZEROBU ROPY\DRW-IV|DR4.FC43354_SQR.PV;"2026-07-16 03:42:48,251007";"51,7596092224121"
\\PIAF\PKN Orlen\PI Vision\PKN Orlen\ZAKŁAD PRODUKCYJNY PŁOCK\RAFINERIA\PR03 BLOK PRZEROBU ROPY\DRW-IV|DR4.FC43354_SQR.PV;"2026-07-16 03:49:33,220001";"52,3044357299805"
\\PIAF\PKN Orlen\PI Vision\PKN Orlen\ZAKŁAD PRODUKCYJNY PŁOCK\RAFINERIA\PR03 BLOK PRZEROBU ROPY\DRW-IV|DR4.FC43354_SQR.PV;"2026-07-16 03:53:53,235001";"52,2227020263672"
\\PIAF\PKN Orlen\PI Vision\PKN Orlen\ZAKŁAD PRODUKCYJNY PŁOCK\RAFINERIA\PR03 BLOK PRZEROBU ROPY\DRW-IV|DR4.FC43354_SQR.PV;"2026-07-16 03:56:28,235016";"52,1592712402344"
\\PIAF\PKN Orlen\PI Vision\PKN Orlen\ZAKŁAD PRODUKCYJNY PŁOCK\RAFINERIA\PR03 BLOK PRZEROBU ROPY\DRW-IV|DR4.FC43354_SQR.PV;"2026-07-16 03:59:28,20401";"52,0423469543457"
\\PIAF\PKN Orlen\PI Vision\PKN Orlen\ZAKŁAD PRODUKCYJNY PŁOCK\RAFINERIA\PR03 BLOK PRZEROBU ROPY\DRW-IV|DR4.FC43354_SQR.PV;"2026-07-16 04:02:43,173004";"52,4875907897949"
\\PIAF\PKN Orlen\PI Vision\PKN Orlen\ZAKŁAD PRODUKCYJNY PŁOCK\RAFINERIA\PR03 BLOK PRZEROBU ROPY\DRW-IV|DR4.FC43354_SQR.PV;"2026-07-16 04:10:33,188004";"52,0944213867188"
\\PIAF\PKN Orlen\PI Vision\PKN Orlen\ZAKŁAD PRODUKCYJNY PŁOCK\RAFINERIA\PR03 BLOK PRZEROBU ROPY\DRW-IV|DR4.FC43354_SQR.PV;"2026-07-16 04:14:58,220001";"52,2449035644531"
\\PIAF\PKN Orlen\PI Vision\PKN Orlen\ZAKŁAD PRODUKCYJNY PŁOCK\RAFINERIA\PR03 BLOK PRZEROBU ROPY\DRW-IV|DR4.FC43354_SQR.PV;"2026-07-16 04:21:18,188004";"52,6937065124512"
\\PIAF\PKN Orlen\PI Vision\PKN Orlen\ZAKŁAD PRODUKCYJNY PŁOCK\RAFINERIA\PR03 BLOK PRZEROBU ROPY\DRW-IV|DR4.FC43354_SQR.PV;"2026-07-16 04:28:48,20401";"52,3251152038574"
\\PIAF\PKN Orlen\PI Vision\PKN Orlen\ZAKŁAD PRODUKCYJNY PŁOCK\RAFINERIA\PR03 BLOK PRZEROBU ROPY\DRW-IV|DR4.FC43354_SQR.PV;"2026-07-16 04:35:23,173004";"52,9149017333984"
\\PIAF\PKN Orlen\PI Vision\PKN Orlen\ZAKŁAD PRODUKCYJNY PŁOCK\RAFINERIA\PR03 BLOK PRZEROBU ROPY\DRW-IV|DR4.FC43354_SQR.PV;"2026-07-16 04:41:23,251007";"52,7860260009766"
\\PIAF\PKN Orlen\PI Vision\PKN Orlen\ZAKŁAD PRODUKCYJNY PŁOCK\RAFINERIA\PR03 BLOK PRZEROBU ROPY\DRW-IV|DR4.FC43354_SQR.PV;"2026-07-16 04:48:13,157013";"52,7850608825684"
\\PIAF\PKN Orlen\PI Vision\PKN Orlen\ZAKŁAD PRODUKCYJNY PŁOCK\RAFINERIA\PR03 BLOK PRZEROBU ROPY\DRW-IV|DR4.FC43354_SQR.PV;"2026-07-16 05:01:28,173004";"53,0345497131348"
\\PIAF\PKN Orlen\PI Vision\PKN Orlen\ZAKŁAD PRODUKCYJNY PŁOCK\RAFINERIA\PR03 BLOK PRZEROBU ROPY\DRW-IV|DR4.FC43354_SQR.PV;"2026-07-16 05:10:43,141006";"53,1648101806641"
\\PIAF\PKN Orlen\PI Vision\PKN Orlen\ZAKŁAD PRODUKCYJNY PŁOCK\RAFINERIA\PR03 BLOK PRZEROBU ROPY\DRW-IV|DR4.FC43354_SQR.PV;"2026-07-16 05:13:43,173004";"53,832935333252"
\\PIAF\PKN Orlen\PI Vision\PKN Orlen\ZAKŁAD PRODUKCYJNY PŁOCK\RAFINERIA\PR03 BLOK PRZEROBU ROPY\DRW-IV|DR4.FC43354_SQR.PV;"2026-07-16 05:16:48,235016";"53,5752258300781"
\\PIAF\PKN Orlen\PI Vision\PKN Orlen\ZAKŁAD PRODUKCYJNY PŁOCK\RAFINERIA\PR03 BLOK PRZEROBU ROPY\DRW-IV|DR4.FC43354_SQR.PV;"2026-07-16 05:19:33,157013";"52,7657661437988"
\\PIAF\PKN Orlen\PI Vision\PKN Orlen\ZAKŁAD PRODUKCYJNY PŁOCK\RAFINERIA\PR03 BLOK PRZEROBU ROPY\DRW-IV|DR4.FC43354_SQR.PV;"2026-07-16 05:29:13,188004";"53,0417175292969"
\\PIAF\PKN Orlen\PI Vision\PKN Orlen\ZAKŁAD PRODUKCYJNY PŁOCK\RAFINERIA\PR03 BLOK PRZEROBU ROPY\DRW-IV|DR4.FC43354_SQR.PV;"2026-07-16 05:35:18,220001";"52,5984802246094"
\\PIAF\PKN Orlen\PI Vision\PKN Orlen\ZAKŁAD PRODUKCYJNY PŁOCK\RAFINERIA\PR03 BLOK PRZEROBU ROPY\DRW-IV|DR4.FC43354_SQR.PV;"2026-07-16 05:38:53,157013";"52,7409400939941"
\\PIAF\PKN Orlen\PI Vision\PKN Orlen\ZAKŁAD PRODUKCYJNY PŁOCK\RAFINERIA\PR03 BLOK PRZEROBU ROPY\DRW-IV|DR4.FC43354_SQR.PV;"2026-07-16 05:41:48,157013";"53,1054344177246"
\\PIAF\PKN Orlen\PI Vision\PKN Orlen\ZAKŁAD PRODUKCYJNY PŁOCK\RAFINERIA\PR03 BLOK PRZEROBU ROPY\DRW-IV|DR4.FC43354_SQR.PV;"2026-07-16 05:49:03,173004";"52,9734802246094"
\\PIAF\PKN Orlen\PI Vision\PKN Orlen\ZAKŁAD PRODUKCYJNY PŁOCK\RAFINERIA\PR03 BLOK PRZEROBU ROPY\DRW-IV|DR4.FC43354_SQR.PV;"2026-07-16 05:51:48,141006";"52,615852355957"
\\PIAF\PKN Orlen\PI Vision\PKN Orlen\ZAKŁAD PRODUKCYJNY PŁOCK\RAFINERIA\PR03 BLOK PRZEROBU ROPY\DRW-IV|DR4.FC43354_SQR.PV;"2026-07-16 05:59:48,220001";"53,2356109619141"
\\PIAF\PKN Orlen\PI Vision\PKN Orlen\ZAKŁAD PRODUKCYJNY PŁOCK\RAFINERIA\PR03 BLOK PRZEROBU ROPY\DRW-IV|DR4.FC43354_SQR.PV;"2026-07-16 06:04:43,220001";"52,5709114074707"
\\PIAF\PKN Orlen\PI Vision\PKN Orlen\ZAKŁAD PRODUKCYJNY PŁOCK\RAFINERIA\PR03 BLOK PRZEROBU ROPY\DRW-IV|DR4.FC43354_SQR.PV;"2026-07-16 06:09:08,141006";"52,9451217651367"
\\PIAF\PKN Orlen\PI Vision\PKN Orlen\ZAKŁAD PRODUKCYJNY PŁOCK\RAFINERIA\PR03 BLOK PRZEROBU ROPY\DRW-IV|DR4.FC43354_SQR.PV;"2026-07-16 06:14:33,141006";"52,9580345153809"
\\PIAF\PKN Orlen\PI Vision\PKN Orlen\ZAKŁAD PRODUKCYJNY PŁOCK\RAFINERIA\PR03 BLOK PRZEROBU ROPY\DRW-IV|DR4.FC43354_SQR.PV;"2026-07-16 06:18:13,173004";"52,6054458618164"
\\PIAF\PKN Orlen\PI Vision\PKN Orlen\ZAKŁAD PRODUKCYJNY PŁOCK\RAFINERIA\PR03 BLOK PRZEROBU ROPY\DRW-IV|DR4.FC43354_SQR.PV;"2026-07-16 06:23:13,220001";"53,156322479248"
\\PIAF\PKN Orlen\PI Vision\PKN Orlen\ZAKŁAD PRODUKCYJNY PŁOCK\RAFINERIA\PR03 BLOK PRZEROBU ROPY\DRW-IV|DR4.FC43354_SQR.PV;"2026-07-16 06:28:38,235001";"52,9550437927246"
\\PIAF\PKN Orlen\PI Vision\PKN Orlen\ZAKŁAD PRODUKCYJNY PŁOCK\RAFINERIA\PR03 BLOK PRZEROBU ROPY\DRW-IV|DR4.FC43354_SQR.PV;"2026-07-16 06:33:23,173004";"52,6658706665039"
\\PIAF\PKN Orlen\PI Vision\PKN Orlen\ZAKŁAD PRODUKCYJNY PŁOCK\RAFINERIA\PR03 BLOK PRZEROBU ROPY\DRW-IV|DR4.FC43354_SQR.PV;"2026-07-16 06:35:13,219009";"52,8734130859375"
\\PIAF\PKN Orlen\PI Vision\PKN Orlen\ZAKŁAD PRODUKCYJNY PŁOCK\RAFINERIA\PR03 BLOK PRZEROBU ROPY\DRW-IV|DR4.FC43354_SQR.PV;"2026-07-16 06:38:33,157013";"53,7374420166016"
\\PIAF\PKN Orlen\PI Vision\PKN Orlen\ZAKŁAD PRODUKCYJNY PŁOCK\RAFINERIA\PR03 BLOK PRZEROBU ROPY\DRW-IV|DR4.FC43354_SQR.PV;"2026-07-16 06:42:33,235001";"53,8228187561035"
\\PIAF\PKN Orlen\PI Vision\PKN Orlen\ZAKŁAD PRODUKCYJNY PŁOCK\RAFINERIA\PR03 BLOK PRZEROBU ROPY\DRW-IV|DR4.FC43354_SQR.PV;"2026-07-16 06:46:13,20401";"52,963939666748"
\\PIAF\PKN Orlen\PI Vision\PKN Orlen\ZAKŁAD PRODUKCYJNY PŁOCK\RAFINERIA\PR03 BLOK PRZEROBU ROPY\DRW-IV|DR4.FC43354_SQR.PV;"2026-07-16 06:48:18,235016";"52,8751640319824"
\\PIAF\PKN Orlen\PI Vision\PKN Orlen\ZAKŁAD PRODUKCYJNY PŁOCK\RAFINERIA\PR03 BLOK PRZEROBU ROPY\DRW-IV|DR4.FC43354_SQR.PV;"2026-07-16 06:52:23,173004";"53,2281150817871"
\\PIAF\PKN Orlen\PI Vision\PKN Orlen\ZAKŁAD PRODUKCYJNY PŁOCK\RAFINERIA\PR03 BLOK PRZEROBU ROPY\DRW-IV|DR4.FC43354_SQR.PV;"2026-07-16 06:54:23,173004";"53,4690933227539"
\\PIAF\PKN Orlen\PI Vision\PKN Orlen\ZAKŁAD PRODUKCYJNY PŁOCK\RAFINERIA\PR03 BLOK PRZEROBU ROPY\DRW-IV|DR4.FC43354_SQR.PV;"2026-07-16 07:08:58,188004";"53,0858573913574"
\\PIAF\PKN Orlen\PI Vision\PKN Orlen\ZAKŁAD PRODUKCYJNY PŁOCK\RAFINERIA\PR03 BLOK PRZEROBU ROPY\DRW-IV|DR4.FC43354_SQR.PV;"2026-07-16 07:13:03,20401";"53,5451507568359"
\\PIAF\PKN Orlen\PI Vision\PKN Orlen\ZAKŁAD PRODUKCYJNY PŁOCK\RAFINERIA\PR03 BLOK PRZEROBU ROPY\DRW-IV|DR4.FC43354_SQR.PV;"2026-07-16 07:22:33,220001";"52,8320121765137"
\\PIAF\PKN Orlen\PI Vision\PKN Orlen\ZAKŁAD PRODUKCYJNY PŁOCK\RAFINERIA\PR03 BLOK PRZEROBU ROPY\DRW-IV|DR4.FC43354_SQR.PV;"2026-07-16 07:27:23,126007";"53,2278366088867"
\\PIAF\PKN Orlen\PI Vision\PKN Orlen\ZAKŁAD PRODUKCYJNY PŁOCK\RAFINERIA\PR03 BLOK PRZEROBU ROPY\DRW-IV|DR4.FC43354_SQR.PV;"2026-07-16 07:32:03,188004";"53,6737861633301"
\\PIAF\PKN Orlen\PI Vision\PKN Orlen\ZAKŁAD PRODUKCYJNY PŁOCK\RAFINERIA\PR03 BLOK PRZEROBU ROPY\DRW-IV|DR4.FC43354_SQR.PV;"2026-07-16 07:37:23,110001";"52,7633895874023"
\\PIAF\PKN Orlen\PI Vision\PKN Orlen\ZAKŁAD PRODUKCYJNY PŁOCK\RAFINERIA\PR03 BLOK PRZEROBU ROPY\DRW-IV|DR4.FC43354_SQR.PV;"2026-07-16 07:40:18,235001";"53,2097549438477"
\\PIAF\PKN Orlen\PI Vision\PKN Orlen\ZAKŁAD PRODUKCYJNY PŁOCK\RAFINERIA\PR03 BLOK PRZEROBU ROPY\DRW-IV|DR4.FC43354_SQR.PV;"2026-07-16 07:47:28,188004";"53,579418182373"
\\PIAF\PKN Orlen\PI Vision\PKN Orlen\ZAKŁAD PRODUKCYJNY PŁOCK\RAFINERIA\PR03 BLOK PRZEROBU ROPY\DRW-IV|DR4.FC43354_SQR.PV;"2026-07-16 08:04:33,235001";"53,0494499206543"
\\PIAF\PKN Orlen\PI Vision\PKN Orlen\ZAKŁAD PRODUKCYJNY PŁOCK\RAFINERIA\PR03 BLOK PRZEROBU ROPY\DRW-IV|DR4.FC43354_SQR.PV;"2026-07-16 08:17:08,141006";"53,2707405090332"
\\PIAF\PKN Orlen\PI Vision\PKN Orlen\ZAKŁAD PRODUKCYJNY PŁOCK\RAFINERIA\PR03 BLOK PRZEROBU ROPY\DRW-IV|DR4.FC43354_SQR.PV;"2026-07-16 08:22:28,20401";"52,3359184265137"
\\PIAF\PKN Orlen\PI Vision\PKN Orlen\ZAKŁAD PRODUKCYJNY PŁOCK\RAFINERIA\PR03 BLOK PRZEROBU ROPY\DRW-IV|DR4.FC43354_SQR.PV;"2026-07-16 08:25:33,173004";"52,6930885314941"
\\PIAF\PKN Orlen\PI Vision\PKN Orlen\ZAKŁAD PRODUKCYJNY PŁOCK\RAFINERIA\PR03 BLOK PRZEROBU ROPY\DRW-IV|DR4.FC43354_SQR.PV;"2026-07-16 08:28:43,157013";"53,2572822570801"
\\PIAF\PKN Orlen\PI Vision\PKN Orlen\ZAKŁAD PRODUKCYJNY PŁOCK\RAFINERIA\PR03 BLOK PRZEROBU ROPY\DRW-IV|DR4.FC43354_SQR.PV;"2026-07-16 08:35:38,141006";"53,2237319946289"
\\PIAF\PKN Orlen\PI Vision\PKN Orlen\ZAKŁAD PRODUKCYJNY PŁOCK\RAFINERIA\PR03 BLOK PRZEROBU ROPY\DRW-IV|DR4.FC43354_SQR.PV;"2026-07-16 08:38:53,110001";"52,6552581787109"
\\PIAF\PKN Orlen\PI Vision\PKN Orlen\ZAKŁAD PRODUKCYJNY PŁOCK\RAFINERIA\PR03 BLOK PRZEROBU ROPY\DRW-IV|DR4.FC43354_SQR.PV;"2026-07-16 09:00:43,141006";"53,0493469238281"
\\PIAF\PKN Orlen\PI Vision\PKN Orlen\ZAKŁAD PRODUKCYJNY PŁOCK\RAFINERIA\PR03 BLOK PRZEROBU ROPY\DRW-IV|DR4.FC43354_SQR.PV;"2026-07-16 09:05:13,20401";"53,1090621948242"
\\PIAF\PKN Orlen\PI Vision\PKN Orlen\ZAKŁAD PRODUKCYJNY PŁOCK\RAFINERIA\PR03 BLOK PRZEROBU ROPY\DRW-IV|DR4.FC43354_SQR.PV;"2026-07-16 09:13:43,157013";"52,9333953857422"
\\PIAF\PKN Orlen\PI Vision\PKN Orlen\ZAKŁAD PRODUKCYJNY PŁOCK\RAFINERIA\PR03 BLOK PRZEROBU ROPY\DRW-IV|DR4.FC43354_SQR.PV;"2026-07-16 09:24:03,157013";"53,506175994873"
\\PIAF\PKN Orlen\PI Vision\PKN Orlen\ZAKŁAD PRODUKCYJNY PŁOCK\RAFINERIA\PR03 BLOK PRZEROBU ROPY\DRW-IV|DR4.FC43354_SQR.PV;"2026-07-16 09:27:38,095001";"53,1271781921387"
\\PIAF\PKN Orlen\PI Vision\PKN Orlen\ZAKŁAD PRODUKCYJNY PŁOCK\RAFINERIA\PR03 BLOK PRZEROBU ROPY\DRW-IV|DR4.FC43354_SQR.PV;"2026-07-16 09:28:43,220001";"52,8763160705566"
\\PIAF\PKN Orlen\PI Vision\PKN Orlen\ZAKŁAD PRODUKCYJNY PŁOCK\RAFINERIA\PR03 BLOK PRZEROBU ROPY\DRW-IV|DR4.FC43354_SQR.PV;"2026-07-16 09:36:43,20401";"53,3978309631348"
\\PIAF\PKN Orlen\PI Vision\PKN Orlen\ZAKŁAD PRODUKCYJNY PŁOCK\RAFINERIA\PR03 BLOK PRZEROBU ROPY\DRW-IV|DR4.FC43354_SQR.PV;"2026-07-16 09:42:38,157013";"53,004566192627"
\\PIAF\PKN Orlen\PI Vision\PKN Orlen\ZAKŁAD PRODUKCYJNY PŁOCK\RAFINERIA\PR03 BLOK PRZEROBU ROPY\DRW-IV|DR4.FC43354_SQR.PV;"2026-07-16 09:46:23,141006";"53,4310035705566"
\\PIAF\PKN Orlen\PI Vision\PKN Orlen\ZAKŁAD PRODUKCYJNY PŁOCK\RAFINERIA\PR03 BLOK PRZEROBU ROPY\DRW-IV|DR4.FC43354_SQR.PV;"2026-07-16 09:56:33,157013";"53,0128440856934"
\\PIAF\PKN Orlen\PI Vision\PKN Orlen\ZAKŁAD PRODUKCYJNY PŁOCK\RAFINERIA\PR03 BLOK PRZEROBU ROPY\DRW-IV|DR4.FC43354_SQR.PV;"2026-07-16 10:04:38,188004";"52,036205291748"
\\PIAF\PKN Orlen\PI Vision\PKN Orlen\ZAKŁAD PRODUKCYJNY PŁOCK\RAFINERIA\PR03 BLOK PRZEROBU ROPY\DRW-IV|DR4.FC43354_SQR.PV;"2026-07-16 10:07:48,188004";"51,2847023010254"
\\PIAF\PKN Orlen\PI Vision\PKN Orlen\ZAKŁAD PRODUKCYJNY PŁOCK\RAFINERIA\PR03 BLOK PRZEROBU ROPY\DRW-IV|DR4.FC43354_SQR.PV;"2026-07-16 10:11:08,157013";"51,5966682434082"
\\PIAF\PKN Orlen\PI Vision\PKN Orlen\ZAKŁAD PRODUKCYJNY PŁOCK\RAFINERIA\PR03 BLOK PRZEROBU ROPY\DRW-IV|DR4.FC43354_SQR.PV;"2026-07-16 10:16:53,157013";"52,776481628418"
\\PIAF\PKN Orlen\PI Vision\PKN Orlen\ZAKŁAD PRODUKCYJNY PŁOCK\RAFINERIA\PR03 BLOK PRZEROBU ROPY\DRW-IV|DR4.FC43354_SQR.PV;"2026-07-16 10:20:53,126007";"52,487247467041"
\\PIAF\PKN Orlen\PI Vision\PKN Orlen\ZAKŁAD PRODUKCYJNY PŁOCK\RAFINERIA\PR03 BLOK PRZEROBU ROPY\DRW-IV|DR4.FC43354_SQR.PV;"2026-07-16 10:21:58,095001";"52,2639236450195"
\\PIAF\PKN Orlen\PI Vision\PKN Orlen\ZAKŁAD PRODUKCYJNY PŁOCK\RAFINERIA\PR03 BLOK PRZEROBU ROPY\DRW-IV|DR4.FC43354_SQR.PV;"2026-07-16 10:25:03,157013";"52,6441421508789"
\\PIAF\PKN Orlen\PI Vision\PKN Orlen\ZAKŁAD PRODUKCYJNY PŁOCK\RAFINERIA\PR03 BLOK PRZEROBU ROPY\DRW-IV|DR4.FC43354_SQR.PV;"2026-07-16 10:28:23,095001";"53,3840217590332"
\\PIAF\PKN Orlen\PI Vision\PKN Orlen\ZAKŁAD PRODUKCYJNY PŁOCK\RAFINERIA\PR03 BLOK PRZEROBU ROPY\DRW-IV|DR4.FC43354_SQR.PV;"2026-07-16 10:32:08,095001";"52,9958038330078"
\\PIAF\PKN Orlen\PI Vision\PKN Orlen\ZAKŁAD PRODUKCYJNY PŁOCK\RAFINERIA\PR03 BLOK PRZEROBU ROPY\DRW-IV|DR4.FC43354_SQR.PV;"2026-07-16 10:48:28,110016";"52,9050827026367"
\\PIAF\PKN Orlen\PI Vision\PKN Orlen\ZAKŁAD PRODUKCYJNY PŁOCK\RAFINERIA\PR03 BLOK PRZEROBU ROPY\DRW-IV|DR4.FC43354_SQR.PV;"2026-07-16 10:54:23,141006";"52,7296104431152"
\\PIAF\PKN Orlen\PI Vision\PKN Orlen\ZAKŁAD PRODUKCYJNY PŁOCK\RAFINERIA\PR03 BLOK PRZEROBU ROPY\DRW-IV|DR4.FC43354_SQR.PV;"2026-07-16 10:59:23,173004";"53,1413841247559"
\\PIAF\PKN Orlen\PI Vision\PKN Orlen\ZAKŁAD PRODUKCYJNY PŁOCK\RAFINERIA\PR03 BLOK PRZEROBU ROPY\DRW-IV|DR4.FC43354_SQR.PV;"2026-07-16 11:03:13,126007";"52,7416343688965"
\\PIAF\PKN Orlen\PI Vision\PKN Orlen\ZAKŁAD PRODUKCYJNY PŁOCK\RAFINERIA\PR03 BLOK PRZEROBU ROPY\DRW-IV|DR4.FC43354_SQR.PV;"2026-07-16 11:08:13,141006";"53,038330078125"
\\PIAF\PKN Orlen\PI Vision\PKN Orlen\ZAKŁAD PRODUKCYJNY PŁOCK\RAFINERIA\PR03 BLOK PRZEROBU ROPY\DRW-IV|DR4.FC43354_SQR.PV;"2026-07-16 11:12:43,07901";"53,2473297119141"
\\PIAF\PKN Orlen\PI Vision\PKN Orlen\ZAKŁAD PRODUKCYJNY PŁOCK\RAFINERIA\PR03 BLOK PRZEROBU ROPY\DRW-IV|DR4.FC43354_SQR.PV;"2026-07-16 11:16:53,188004";"53,1051216125488"
\\PIAF\PKN Orlen\PI Vision\PKN Orlen\ZAKŁAD PRODUKCYJNY PŁOCK\RAFINERIA\PR03 BLOK PRZEROBU ROPY\DRW-IV|DR4.FC43354_SQR.PV;"2026-07-16 11:21:13,110016";"53,4539489746094"
\\PIAF\PKN Orlen\PI Vision\PKN Orlen\ZAKŁAD PRODUKCYJNY PŁOCK\RAFINERIA\PR03 BLOK PRZEROBU ROPY\DRW-IV|DR4.FC43354_SQR.PV;"2026-07-16 11:26:28,110001";"52,8749198913574"
\\PIAF\PKN Orlen\PI Vision\PKN Orlen\ZAKŁAD PRODUKCYJNY PŁOCK\RAFINERIA\PR03 BLOK PRZEROBU ROPY\DRW-IV|DR4.FC43354_SQR.PV;"2026-07-16 11:29:18,095001";"52,8678741455078"
\\PIAF\PKN Orlen\PI Vision\PKN Orlen\ZAKŁAD PRODUKCYJNY PŁOCK\RAFINERIA\PR03 BLOK PRZEROBU ROPY\DRW-IV|DR4.FC43354_SQR.PV;"2026-07-16 11:33:58,195007";"53,8186416625977"
\\PIAF\PKN Orlen\PI Vision\PKN Orlen\ZAKŁAD PRODUKCYJNY PŁOCK\RAFINERIA\PR03 BLOK PRZEROBU ROPY\DRW-IV|DR4.FC43354_SQR.PV;"2026-07-16 11:38:13,257004";"53,492000579834"
\\PIAF\PKN Orlen\PI Vision\PKN Orlen\ZAKŁAD PRODUKCYJNY PŁOCK\RAFINERIA\PR03 BLOK PRZEROBU ROPY\DRW-IV|DR4.FC43354_SQR.PV;"2026-07-16 11:40:18,163009";"53,0860557556152"
\\PIAF\PKN Orlen\PI Vision\PKN Orlen\ZAKŁAD PRODUKCYJNY PŁOCK\RAFINERIA\PR03 BLOK PRZEROBU ROPY\DRW-IV|DR4.FC43354_SQR.PV;"2026-07-16 11:49:48,188004";"53,9376411437988"
\\PIAF\PKN Orlen\PI Vision\PKN Orlen\ZAKŁAD PRODUKCYJNY PŁOCK\RAFINERIA\PR03 BLOK PRZEROBU ROPY\DRW-IV|DR4.FC43354_SQR.PV;"2026-07-16 11:58:28,195007";"53,7156639099121"
\\PIAF\PKN Orlen\PI Vision\PKN Orlen\ZAKŁAD PRODUKCYJNY PŁOCK\RAFINERIA\PR03 BLOK PRZEROBU ROPY\DRW-IV|DR4.FC43354_SQR.PV;"2026-07-16 12:04:43,241012";"53,3460922241211"
\\PIAF\PKN Orlen\PI Vision\PKN Orlen\ZAKŁAD PRODUKCYJNY PŁOCK\RAFINERIA\PR03 BLOK PRZEROBU ROPY\DRW-IV|DR4.FC43354_SQR.PV;"2026-07-16 12:11:53,241012";"53,499755859375"
\\PIAF\PKN Orlen\PI Vision\PKN Orlen\ZAKŁAD PRODUKCYJNY PŁOCK\RAFINERIA\PR03 BLOK PRZEROBU ROPY\DRW-IV|DR4.FC43354_SQR.PV;"2026-07-16 12:15:33,226013";"53,0205078125"
\\PIAF\PKN Orlen\PI Vision\PKN Orlen\ZAKŁAD PRODUKCYJNY PŁOCK\RAFINERIA\PR03 BLOK PRZEROBU ROPY\DRW-IV|DR4.FC43354_SQR.PV;"2026-07-16 12:19:28,195007";"53,8803253173828"
\\PIAF\PKN Orlen\PI Vision\PKN Orlen\ZAKŁAD PRODUKCYJNY PŁOCK\RAFINERIA\PR03 BLOK PRZEROBU ROPY\DRW-IV|DR4.FC43354_SQR.PV;"2026-07-16 12:22:43,226013";"53,7272148132324"
\\PIAF\PKN Orlen\PI Vision\PKN Orlen\ZAKŁAD PRODUKCYJNY PŁOCK\RAFINERIA\PR03 BLOK PRZEROBU ROPY\DRW-IV|DR4.FC43354_SQR.PV;"2026-07-16 12:28:18,257004";"52,6582717895508"
\\PIAF\PKN Orlen\PI Vision\PKN Orlen\ZAKŁAD PRODUKCYJNY PŁOCK\RAFINERIA\PR03 BLOK PRZEROBU ROPY\DRW-IV|DR4.FC43354_SQR.PV;"2026-07-16 12:30:33,226013";"52,3154678344727"
\\PIAF\PKN Orlen\PI Vision\PKN Orlen\ZAKŁAD PRODUKCYJNY PŁOCK\RAFINERIA\PR03 BLOK PRZEROBU ROPY\DRW-IV|DR4.FC43354_SQR.PV;"2026-07-16 12:34:28,304001";"53,4001808166504"
\\PIAF\PKN Orlen\PI Vision\PKN Orlen\ZAKŁAD PRODUKCYJNY PŁOCK\RAFINERIA\PR03 BLOK PRZEROBU ROPY\DRW-IV|DR4.FC43354_SQR.PV;"2026-07-16 12:40:28,27301";"53,1922149658203"
\\PIAF\PKN Orlen\PI Vision\PKN Orlen\ZAKŁAD PRODUKCYJNY PŁOCK\RAFINERIA\PR03 BLOK PRZEROBU ROPY\DRW-IV|DR4.FC43354_SQR.PV;"2026-07-16 12:42:43,241012";"52,9312362670898"
\\PIAF\PKN Orlen\PI Vision\PKN Orlen\ZAKŁAD PRODUKCYJNY PŁOCK\RAFINERIA\PR03 BLOK PRZEROBU ROPY\DRW-IV|DR4.FC43354_SQR.PV;"2026-07-16 12:46:43,226013";"53,1675453186035"
\\PIAF\PKN Orlen\PI Vision\PKN Orlen\ZAKŁAD PRODUKCYJNY PŁOCK\RAFINERIA\PR03 BLOK PRZEROBU ROPY\DRW-IV|DR4.FC43354_SQR.PV;"2026-07-16 12:49:48,210007";"53,9781532287598"
\\PIAF\PKN Orlen\PI Vision\PKN Orlen\ZAKŁAD PRODUKCYJNY PŁOCK\RAFINERIA\PR03 BLOK PRZEROBU ROPY\DRW-IV|DR4.FC43354_SQR.PV;"2026-07-16 12:53:08,163009";"53,7763023376465"
\\PIAF\PKN Orlen\PI Vision\PKN Orlen\ZAKŁAD PRODUKCYJNY PŁOCK\RAFINERIA\PR03 BLOK PRZEROBU ROPY\DRW-IV|DR4.FC43354_SQR.PV;"2026-07-16 12:54:58,194";"53,4902153015137"
\\PIAF\PKN Orlen\PI Vision\PKN Orlen\ZAKŁAD PRODUKCYJNY PŁOCK\RAFINERIA\PR03 BLOK PRZEROBU ROPY\DRW-IV|DR4.FC43354_SQR.PV;"2026-07-16 13:00:48,194016";"53,9139785766602"
\\PIAF\PKN Orlen\PI Vision\PKN Orlen\ZAKŁAD PRODUKCYJNY PŁOCK\RAFINERIA\PR03 BLOK PRZEROBU ROPY\DRW-IV|DR4.FC43354_SQR.PV;"2026-07-16 13:03:33,132004";"54,0646514892578"
\\PIAF\PKN Orlen\PI Vision\PKN Orlen\ZAKŁAD PRODUKCYJNY PŁOCK\RAFINERIA\PR03 BLOK PRZEROBU ROPY\DRW-IV|DR4.FC43354_SQR.PV;"2026-07-16 13:09:58,241012";"53,8766822814941"
\\PIAF\PKN Orlen\PI Vision\PKN Orlen\ZAKŁAD PRODUKCYJNY PŁOCK\RAFINERIA\PR03 BLOK PRZEROBU ROPY\DRW-IV|DR4.FC43354_SQR.PV;"2026-07-16 13:16:58,257004";"53,964412689209"
\\PIAF\PKN Orlen\PI Vision\PKN Orlen\ZAKŁAD PRODUKCYJNY PŁOCK\RAFINERIA\PR03 BLOK PRZEROBU ROPY\DRW-IV|DR4.FC43354_SQR.PV;"2026-07-16 13:24:33,14801";"53,5119667053223"
\\PIAF\PKN Orlen\PI Vision\PKN Orlen\ZAKŁAD PRODUKCYJNY PŁOCK\RAFINERIA\PR03 BLOK PRZEROBU ROPY\DRW-IV|DR4.FC43354_SQR.PV;"2026-07-16 13:26:18,163009";"53,395923614502"
\\PIAF\PKN Orlen\PI Vision\PKN Orlen\ZAKŁAD PRODUKCYJNY PŁOCK\RAFINERIA\PR03 BLOK PRZEROBU ROPY\DRW-IV|DR4.FC43354_SQR.PV;"2026-07-16 13:30:43,179001";"53,9438629150391"
\\PIAF\PKN Orlen\PI Vision\PKN Orlen\ZAKŁAD PRODUKCYJNY PŁOCK\RAFINERIA\PR03 BLOK PRZEROBU ROPY\DRW-IV|DR4.FC43354_SQR.PV;"2026-07-16 13:36:38,226013";"53,0035400390625"
\\PIAF\PKN Orlen\PI Vision\PKN Orlen\ZAKŁAD PRODUKCYJNY PŁOCK\RAFINERIA\PR03 BLOK PRZEROBU ROPY\DRW-IV|DR4.FC43354_SQR.PV;"2026-07-16 13:41:13,195007";"53,3789367675781"
\\PIAF\PKN Orlen\PI Vision\PKN Orlen\ZAKŁAD PRODUKCYJNY PŁOCK\RAFINERIA\PR03 BLOK PRZEROBU ROPY\DRW-IV|DR4.FC43354_SQR.PV;"2026-07-16 13:45:43,163009";"53,7137451171875"
\\PIAF\PKN Orlen\PI Vision\PKN Orlen\ZAKŁAD PRODUKCYJNY PŁOCK\RAFINERIA\PR03 BLOK PRZEROBU ROPY\DRW-IV|DR4.FC43354_SQR.PV;"2026-07-16 13:51:48,179001";"53,1577339172363"
\\PIAF\PKN Orlen\PI Vision\PKN Orlen\ZAKŁAD PRODUKCYJNY PŁOCK\RAFINERIA\PR03 BLOK PRZEROBU ROPY\DRW-IV|DR4.FC43354_SQR.PV;"2026-07-16 14:00:58,226013";"53,6284141540527"
\\PIAF\PKN Orlen\PI Vision\PKN Orlen\ZAKŁAD PRODUKCYJNY PŁOCK\RAFINERIA\PR03 BLOK PRZEROBU ROPY\DRW-IV|DR4.FC43354_SQR.PV;"2026-07-16 14:07:03,210007";"53,1329383850098"
\\PIAF\PKN Orlen\PI Vision\PKN Orlen\ZAKŁAD PRODUKCYJNY PŁOCK\RAFINERIA\PR03 BLOK PRZEROBU ROPY\DRW-IV|DR4.FC43354_SQR.PV;"2026-07-16 14:10:23,14801";"53,1845893859863"
\\PIAF\PKN Orlen\PI Vision\PKN Orlen\ZAKŁAD PRODUKCYJNY PŁOCK\RAFINERIA\PR03 BLOK PRZEROBU ROPY\DRW-IV|DR4.FC43354_SQR.PV;"2026-07-16 14:15:03,14801";"54,1243858337402"
\\PIAF\PKN Orlen\PI Vision\PKN Orlen\ZAKŁAD PRODUKCYJNY PŁOCK\RAFINERIA\PR03 BLOK PRZEROBU ROPY\DRW-IV|DR4.FC43354_SQR.PV;"2026-07-16 14:17:28,179016";"53,8382148742676"
\\PIAF\PKN Orlen\PI Vision\PKN Orlen\ZAKŁAD PRODUKCYJNY PŁOCK\RAFINERIA\PR03 BLOK PRZEROBU ROPY\DRW-IV|DR4.FC43354_SQR.PV;"2026-07-16 14:22:18,132004";"52,1176719665527"
\\PIAF\PKN Orlen\PI Vision\PKN Orlen\ZAKŁAD PRODUKCYJNY PŁOCK\RAFINERIA\PR03 BLOK PRZEROBU ROPY\DRW-IV|DR4.FC43354_SQR.PV;"2026-07-16 14:23:43,226013";"51,7506484985352"
\\PIAF\PKN Orlen\PI Vision\PKN Orlen\ZAKŁAD PRODUKCYJNY PŁOCK\RAFINERIA\PR03 BLOK PRZEROBU ROPY\DRW-IV|DR4.FC43354_SQR.PV;"2026-07-16 14:32:43,14801";"52,126766204834"
\\PIAF\PKN Orlen\PI Vision\PKN Orlen\ZAKŁAD PRODUKCYJNY PŁOCK\RAFINERIA\PR03 BLOK PRZEROBU ROPY\DRW-IV|DR4.FC43354_SQR.PV;"2026-07-16 14:37:43,179016";"52,15087890625"
\\PIAF\PKN Orlen\PI Vision\PKN Orlen\ZAKŁAD PRODUKCYJNY PŁOCK\RAFINERIA\PR03 BLOK PRZEROBU ROPY\DRW-IV|DR4.FC43354_SQR.PV;"2026-07-16 14:45:23,210007";"52,7601890563965"
\\PIAF\PKN Orlen\PI Vision\PKN Orlen\ZAKŁAD PRODUKCYJNY PŁOCK\RAFINERIA\PR03 BLOK PRZEROBU ROPY\DRW-IV|DR4.FC43354_SQR.PV;"2026-07-16 14:52:03,210007";"52,5246963500977"
\\PIAF\PKN Orlen\PI Vision\PKN Orlen\ZAKŁAD PRODUKCYJNY PŁOCK\RAFINERIA\PR03 BLOK PRZEROBU ROPY\DRW-IV|DR4.FC43354_SQR.PV;"2026-07-16 14:56:18,195007";"53,036319732666"
\\PIAF\PKN Orlen\PI Vision\PKN Orlen\ZAKŁAD PRODUKCYJNY PŁOCK\RAFINERIA\PR03 BLOK PRZEROBU ROPY\DRW-IV|DR4.FC43354_SQR.PV;"2026-07-16 15:04:23,179001";"53,0351867675781"
\\PIAF\PKN Orlen\PI Vision\PKN Orlen\ZAKŁAD PRODUKCYJNY PŁOCK\RAFINERIA\PR03 BLOK PRZEROBU ROPY\DRW-IV|DR4.FC43354_SQR.PV;"2026-07-16 15:06:13,226013";"53,3203582763672"
\\PIAF\PKN Orlen\PI Vision\PKN Orlen\ZAKŁAD PRODUKCYJNY PŁOCK\RAFINERIA\PR03 BLOK PRZEROBU ROPY\DRW-IV|DR4.FC43354_SQR.PV;"2026-07-16 15:09:28,163009";"53,032958984375"
\\PIAF\PKN Orlen\PI Vision\PKN Orlen\ZAKŁAD PRODUKCYJNY PŁOCK\RAFINERIA\PR03 BLOK PRZEROBU ROPY\DRW-IV|DR4.FC43354_SQR.PV;"2026-07-16 15:11:08,14801";"52,7177886962891"
\\PIAF\PKN Orlen\PI Vision\PKN Orlen\ZAKŁAD PRODUKCYJNY PŁOCK\RAFINERIA\PR03 BLOK PRZEROBU ROPY\DRW-IV|DR4.FC43354_SQR.PV;"2026-07-16 15:19:23,226013";"53,4168510437012"
\\PIAF\PKN Orlen\PI Vision\PKN Orlen\ZAKŁAD PRODUKCYJNY PŁOCK\RAFINERIA\PR03 BLOK PRZEROBU ROPY\DRW-IV|DR4.FC43354_SQR.PV;"2026-07-16 15:23:58,195007";"53,0418243408203"
\\PIAF\PKN Orlen\PI Vision\PKN Orlen\ZAKŁAD PRODUKCYJNY PŁOCK\RAFINERIA\PR03 BLOK PRZEROBU ROPY\DRW-IV|DR4.FC43354_SQR.PV;"2026-07-16 15:30:58,195007";"53,0912246704102"
\\PIAF\PKN Orlen\PI Vision\PKN Orlen\ZAKŁAD PRODUKCYJNY PŁOCK\RAFINERIA\PR03 BLOK PRZEROBU ROPY\DRW-IV|DR4.FC43354_SQR.PV;"2026-07-16 15:33:48,163009";"52,8624038696289"
\\PIAF\PKN Orlen\PI Vision\PKN Orlen\ZAKŁAD PRODUKCYJNY PŁOCK\RAFINERIA\PR03 BLOK PRZEROBU ROPY\DRW-IV|DR4.FC43354_SQR.PV;"2026-07-16 15:38:28,163009";"53,0656089782715"
\\PIAF\PKN Orlen\PI Vision\PKN Orlen\ZAKŁAD PRODUKCYJNY PŁOCK\RAFINERIA\PR03 BLOK PRZEROBU ROPY\DRW-IV|DR4.FC43354_SQR.PV;"2026-07-16 15:43:38,163009";"52,9586448669434"
\\PIAF\PKN Orlen\PI Vision\PKN Orlen\ZAKŁAD PRODUKCYJNY PŁOCK\RAFINERIA\PR03 BLOK PRZEROBU ROPY\DRW-IV|DR4.FC43354_SQR.PV;"2026-07-16 15:45:33,226013";"53,2666320800781"
\\PIAF\PKN Orlen\PI Vision\PKN Orlen\ZAKŁAD PRODUKCYJNY PŁOCK\RAFINERIA\PR03 BLOK PRZEROBU ROPY\DRW-IV|DR4.FC43354_SQR.PV;"2026-07-16 15:51:58,163009";"52,9646263122559"
\\PIAF\PKN Orlen\PI Vision\PKN Orlen\ZAKŁAD PRODUKCYJNY PŁOCK\RAFINERIA\PR03 BLOK PRZEROBU ROPY\DRW-IV|DR4.FC43354_SQR.PV;"2026-07-16 15:57:38,14801";"53,1305732727051"
\\PIAF\PKN Orlen\PI Vision\PKN Orlen\ZAKŁAD PRODUKCYJNY PŁOCK\RAFINERIA\PR03 BLOK PRZEROBU ROPY\DRW-IV|DR4.FC43354_SQR.PV;"2026-07-16 16:06:18,195007";"52,6973266601563"
\\PIAF\PKN Orlen\PI Vision\PKN Orlen\ZAKŁAD PRODUKCYJNY PŁOCK\RAFINERIA\PR03 BLOK PRZEROBU ROPY\DRW-IV|DR4.FC43354_SQR.PV;"2026-07-16 16:09:53,132004";"52,7457313537598"
\\PIAF\PKN Orlen\PI Vision\PKN Orlen\ZAKŁAD PRODUKCYJNY PŁOCK\RAFINERIA\PR03 BLOK PRZEROBU ROPY\DRW-IV|DR4.FC43354_SQR.PV;"2026-07-16 16:14:18,163009";"53,0966148376465"
\\PIAF\PKN Orlen\PI Vision\PKN Orlen\ZAKŁAD PRODUKCYJNY PŁOCK\RAFINERIA\PR03 BLOK PRZEROBU ROPY\DRW-IV|DR4.FC43354_SQR.PV;"2026-07-16 16:17:38,101013";"52,9126434326172"
\\PIAF\PKN Orlen\PI Vision\PKN Orlen\ZAKŁAD PRODUKCYJNY PŁOCK\RAFINERIA\PR03 BLOK PRZEROBU ROPY\DRW-IV|DR4.FC43354_SQR.PV;"2026-07-16 16:20:33,116012";"52,2368545532227"
\\PIAF\PKN Orlen\PI Vision\PKN Orlen\ZAKŁAD PRODUKCYJNY PŁOCK\RAFINERIA\PR03 BLOK PRZEROBU ROPY\DRW-IV|DR4.FC43354_SQR.PV;"2026-07-16 16:26:53,210007";"52,2340507507324"
\\PIAF\PKN Orlen\PI Vision\PKN Orlen\ZAKŁAD PRODUKCYJNY PŁOCK\RAFINERIA\PR03 BLOK PRZEROBU ROPY\DRW-IV|DR4.FC43354_SQR.PV;"2026-07-16 16:30:28,14801";"52,7215194702148"
\\PIAF\PKN Orlen\PI Vision\PKN Orlen\ZAKŁAD PRODUKCYJNY PŁOCK\RAFINERIA\PR03 BLOK PRZEROBU ROPY\DRW-IV|DR4.FC43354_SQR.PV;"2026-07-16 16:36:38,163009";"52,4487495422363"
\\PIAF\PKN Orlen\PI Vision\PKN Orlen\ZAKŁAD PRODUKCYJNY PŁOCK\RAFINERIA\PR03 BLOK PRZEROBU ROPY\DRW-IV|DR4.FC43354_SQR.PV;"2026-07-16 16:38:23,163009";"52,3025856018066"
\\PIAF\PKN Orlen\PI Vision\PKN Orlen\ZAKŁAD PRODUKCYJNY PŁOCK\RAFINERIA\PR03 BLOK PRZEROBU ROPY\DRW-IV|DR4.FC43354_SQR.PV;"2026-07-16 16:43:58,226013";"52,6823196411133"
\\PIAF\PKN Orlen\PI Vision\PKN Orlen\ZAKŁAD PRODUKCYJNY PŁOCK\RAFINERIA\PR03 BLOK PRZEROBU ROPY\DRW-IV|DR4.FC43354_SQR.PV;"2026-07-16 16:48:03,14801";"52,5420799255371"
\\PIAF\PKN Orlen\PI Vision\PKN Orlen\ZAKŁAD PRODUKCYJNY PŁOCK\RAFINERIA\PR03 BLOK PRZEROBU ROPY\DRW-IV|DR4.FC43354_SQR.PV;"2026-07-16 16:51:08,210007";"52,8741569519043"
\\PIAF\PKN Orlen\PI Vision\PKN Orlen\ZAKŁAD PRODUKCYJNY PŁOCK\RAFINERIA\PR03 BLOK PRZEROBU ROPY\DRW-IV|DR4.FC43354_SQR.PV;"2026-07-16 16:54:03,210007";"52,9733924865723"
\\PIAF\PKN Orlen\PI Vision\PKN Orlen\ZAKŁAD PRODUKCYJNY PŁOCK\RAFINERIA\PR03 BLOK PRZEROBU ROPY\DRW-IV|DR4.FC43354_SQR.PV;"2026-07-16 16:57:08,163009";"53,5620574951172"
\\PIAF\PKN Orlen\PI Vision\PKN Orlen\ZAKŁAD PRODUKCYJNY PŁOCK\RAFINERIA\PR03 BLOK PRZEROBU ROPY\DRW-IV|DR4.FC43354_SQR.PV;"2026-07-16 17:04:18,116012";"52,8428955078125"
\\PIAF\PKN Orlen\PI Vision\PKN Orlen\ZAKŁAD PRODUKCYJNY PŁOCK\RAFINERIA\PR03 BLOK PRZEROBU ROPY\DRW-IV|DR4.FC43354_SQR.PV;"2026-07-16 17:09:48,132004";"53,1390571594238"
\\PIAF\PKN Orlen\PI Vision\PKN Orlen\ZAKŁAD PRODUKCYJNY PŁOCK\RAFINERIA\PR03 BLOK PRZEROBU ROPY\DRW-IV|DR4.FC43354_SQR.PV;"2026-07-16 17:15:18,116012";"53,8480224609375"
\\PIAF\PKN Orlen\PI Vision\PKN Orlen\ZAKŁAD PRODUKCYJNY PŁOCK\RAFINERIA\PR03 BLOK PRZEROBU ROPY\DRW-IV|DR4.FC43354_SQR.PV;"2026-07-16 17:19:13,163009";"52,8527069091797"
\\PIAF\PKN Orlen\PI Vision\PKN Orlen\ZAKŁAD PRODUKCYJNY PŁOCK\RAFINERIA\PR03 BLOK PRZEROBU ROPY\DRW-IV|DR4.FC43354_SQR.PV;"2026-07-16 17:23:38,101013";"52,9906005859375"
\\PIAF\PKN Orlen\PI Vision\PKN Orlen\ZAKŁAD PRODUKCYJNY PŁOCK\RAFINERIA\PR03 BLOK PRZEROBU ROPY\DRW-IV|DR4.FC43354_SQR.PV;"2026-07-16 17:27:33,163009";"53,9327392578125"
\\PIAF\PKN Orlen\PI Vision\PKN Orlen\ZAKŁAD PRODUKCYJNY PŁOCK\RAFINERIA\PR03 BLOK PRZEROBU ROPY\DRW-IV|DR4.FC43354_SQR.PV;"2026-07-16 17:32:28,14801";"53,4799919128418"
\\PIAF\PKN Orlen\PI Vision\PKN Orlen\ZAKŁAD PRODUKCYJNY PŁOCK\RAFINERIA\PR03 BLOK PRZEROBU ROPY\DRW-IV|DR4.FC43354_SQR.PV;"2026-07-16 17:35:13,195007";"52,8733367919922"
\\PIAF\PKN Orlen\PI Vision\PKN Orlen\ZAKŁAD PRODUKCYJNY PŁOCK\RAFINERIA\PR03 BLOK PRZEROBU ROPY\DRW-IV|DR4.FC43354_SQR.PV;"2026-07-16 17:39:38,116012";"53,3021202087402"
\\PIAF\PKN Orlen\PI Vision\PKN Orlen\ZAKŁAD PRODUKCYJNY PŁOCK\RAFINERIA\PR03 BLOK PRZEROBU ROPY\DRW-IV|DR4.FC43354_SQR.PV;"2026-07-16 17:42:28,210007";"53,9797630310059"
\\PIAF\PKN Orlen\PI Vision\PKN Orlen\ZAKŁAD PRODUKCYJNY PŁOCK\RAFINERIA\PR03 BLOK PRZEROBU ROPY\DRW-IV|DR4.FC43354_SQR.PV;"2026-07-16 17:46:13,195007";"54,0724334716797"
\\PIAF\PKN Orlen\PI Vision\PKN Orlen\ZAKŁAD PRODUKCYJNY PŁOCK\RAFINERIA\PR03 BLOK PRZEROBU ROPY\DRW-IV|DR4.FC43354_SQR.PV;"2026-07-16 17:49:13,132004";"53,4956512451172"
\\PIAF\PKN Orlen\PI Vision\PKN Orlen\ZAKŁAD PRODUKCYJNY PŁOCK\RAFINERIA\PR03 BLOK PRZEROBU ROPY\DRW-IV|DR4.FC43354_SQR.PV;"2026-07-16 17:50:53,166";"53,2105865478516"
\\PIAF\PKN Orlen\PI Vision\PKN Orlen\ZAKŁAD PRODUKCYJNY PŁOCK\RAFINERIA\PR03 BLOK PRZEROBU ROPY\DRW-IV|DR4.FC43354_SQR.PV;"2026-07-16 17:54:08,182007";"53,520565032959"
\\PIAF\PKN Orlen\PI Vision\PKN Orlen\ZAKŁAD PRODUKCYJNY PŁOCK\RAFINERIA\PR03 BLOK PRZEROBU ROPY\DRW-IV|DR4.FC43354_SQR.PV;"2026-07-16 17:55:18,182007";"53,8909873962402"
\\PIAF\PKN Orlen\PI Vision\PKN Orlen\ZAKŁAD PRODUKCYJNY PŁOCK\RAFINERIA\PR03 BLOK PRZEROBU ROPY\DRW-IV|DR4.FC43354_SQR.PV;"2026-07-16 18:02:48,257004";"53,7938003540039"
\\PIAF\PKN Orlen\PI Vision\PKN Orlen\ZAKŁAD PRODUKCYJNY PŁOCK\RAFINERIA\PR03 BLOK PRZEROBU ROPY\DRW-IV|DR4.FC43354_SQR.PV;"2026-07-16 18:06:03,27301";"53,3904266357422"
\\PIAF\PKN Orlen\PI Vision\PKN Orlen\ZAKŁAD PRODUKCYJNY PŁOCK\RAFINERIA\PR03 BLOK PRZEROBU ROPY\DRW-IV|DR4.FC43354_SQR.PV;"2026-07-16 18:13:38,13501";"53,8508644104004"
\\PIAF\PKN Orlen\PI Vision\PKN Orlen\ZAKŁAD PRODUKCYJNY PŁOCK\RAFINERIA\PR03 BLOK PRZEROBU ROPY\DRW-IV|DR4.FC43354_SQR.PV;"2026-07-16 18:14:58,198013";"54,1123428344727"
\\PIAF\PKN Orlen\PI Vision\PKN Orlen\ZAKŁAD PRODUKCYJNY PŁOCK\RAFINERIA\PR03 BLOK PRZEROBU ROPY\DRW-IV|DR4.FC43354_SQR.PV;"2026-07-16 18:19:28,26001";"53,6627769470215"
\\PIAF\PKN Orlen\PI Vision\PKN Orlen\ZAKŁAD PRODUKCYJNY PŁOCK\RAFINERIA\PR03 BLOK PRZEROBU ROPY\DRW-IV|DR4.FC43354_SQR.PV;"2026-07-16 18:21:33,14801";"53,8194046020508"
\\PIAF\PKN Orlen\PI Vision\PKN Orlen\ZAKŁAD PRODUKCYJNY PŁOCK\RAFINERIA\PR03 BLOK PRZEROBU ROPY\DRW-IV|DR4.FC43354_SQR.PV;"2026-07-16 18:24:58,116012";"54,2067909240723"
\\PIAF\PKN Orlen\PI Vision\PKN Orlen\ZAKŁAD PRODUKCYJNY PŁOCK\RAFINERIA\PR03 BLOK PRZEROBU ROPY\DRW-IV|DR4.FC43354_SQR.PV;"2026-07-16 18:36:48,132004";"54,1379318237305"
\\PIAF\PKN Orlen\PI Vision\PKN Orlen\ZAKŁAD PRODUKCYJNY PŁOCK\RAFINERIA\PR03 BLOK PRZEROBU ROPY\DRW-IV|DR4.FC43354_SQR.PV;"2026-07-16 18:38:18,163009";"54,3831825256348"
\\PIAF\PKN Orlen\PI Vision\PKN Orlen\ZAKŁAD PRODUKCYJNY PŁOCK\RAFINERIA\PR03 BLOK PRZEROBU ROPY\DRW-IV|DR4.FC43354_SQR.PV;"2026-07-16 18:43:08,116012";"53,9457511901855"
\\PIAF\PKN Orlen\PI Vision\PKN Orlen\ZAKŁAD PRODUKCYJNY PŁOCK\RAFINERIA\PR03 BLOK PRZEROBU ROPY\DRW-IV|DR4.FC43354_SQR.PV;"2026-07-16 18:46:03,132004";"53,5543174743652"
\\PIAF\PKN Orlen\PI Vision\PKN Orlen\ZAKŁAD PRODUKCYJNY PŁOCK\RAFINERIA\PR03 BLOK PRZEROBU ROPY\DRW-IV|DR4.FC43354_SQR.PV;"2026-07-16 18:49:13,116012";"53,8979263305664"
\\PIAF\PKN Orlen\PI Vision\PKN Orlen\ZAKŁAD PRODUKCYJNY PŁOCK\RAFINERIA\PR03 BLOK PRZEROBU ROPY\DRW-IV|DR4.FC43354_SQR.PV;"2026-07-16 18:52:18,195007";"54,9566993713379"
\\PIAF\PKN Orlen\PI Vision\PKN Orlen\ZAKŁAD PRODUKCYJNY PŁOCK\RAFINERIA\PR03 BLOK PRZEROBU ROPY\DRW-IV|DR4.FC43354_SQR.PV;"2026-07-16 18:54:48,14801";"55,0422019958496"
\\PIAF\PKN Orlen\PI Vision\PKN Orlen\ZAKŁAD PRODUKCYJNY PŁOCK\RAFINERIA\PR03 BLOK PRZEROBU ROPY\DRW-IV|DR4.FC43354_SQR.PV;"2026-07-16 18:57:13,195007";"54,457691192627"
\\PIAF\PKN Orlen\PI Vision\PKN Orlen\ZAKŁAD PRODUKCYJNY PŁOCK\RAFINERIA\PR03 BLOK PRZEROBU ROPY\DRW-IV|DR4.FC43354_SQR.PV;"2026-07-16 19:00:58,179001";"53,5884284973145"
\\PIAF\PKN Orlen\PI Vision\PKN Orlen\ZAKŁAD PRODUKCYJNY PŁOCK\RAFINERIA\PR03 BLOK PRZEROBU ROPY\DRW-IV|DR4.FC43354_SQR.PV;"2026-07-16 19:03:38,116012";"53,7225341796875"
\\PIAF\PKN Orlen\PI Vision\PKN Orlen\ZAKŁAD PRODUKCYJNY PŁOCK\RAFINERIA\PR03 BLOK PRZEROBU ROPY\DRW-IV|DR4.FC43354_SQR.PV;"2026-07-16 19:09:58,195007";"54,6991653442383"
\\PIAF\PKN Orlen\PI Vision\PKN Orlen\ZAKŁAD PRODUKCYJNY PŁOCK\RAFINERIA\PR03 BLOK PRZEROBU ROPY\DRW-IV|DR4.FC43354_SQR.PV;"2026-07-16 19:13:33,132004";"54,079418182373"
\\PIAF\PKN Orlen\PI Vision\PKN Orlen\ZAKŁAD PRODUKCYJNY PŁOCK\RAFINERIA\PR03 BLOK PRZEROBU ROPY\DRW-IV|DR4.FC43354_SQR.PV;"2026-07-16 19:15:48,101013";"53,4882965087891"
\\PIAF\PKN Orlen\PI Vision\PKN Orlen\ZAKŁAD PRODUKCYJNY PŁOCK\RAFINERIA\PR03 BLOK PRZEROBU ROPY\DRW-IV|DR4.FC43354_SQR.PV;"2026-07-16 19:18:43,101013";"53,5678062438965"
\\PIAF\PKN Orlen\PI Vision\PKN Orlen\ZAKŁAD PRODUKCYJNY PŁOCK\RAFINERIA\PR03 BLOK PRZEROBU ROPY\DRW-IV|DR4.FC43354_SQR.PV;"2026-07-16 19:21:23,132004";"54,3033027648926"
\\PIAF\PKN Orlen\PI Vision\PKN Orlen\ZAKŁAD PRODUKCYJNY PŁOCK\RAFINERIA\PR03 BLOK PRZEROBU ROPY\DRW-IV|DR4.FC43354_SQR.PV;"2026-07-16 19:24:08,085007";"54,4348831176758"
\\PIAF\PKN Orlen\PI Vision\PKN Orlen\ZAKŁAD PRODUKCYJNY PŁOCK\RAFINERIA\PR03 BLOK PRZEROBU ROPY\DRW-IV|DR4.FC43354_SQR.PV;"2026-07-16 19:29:43,101013";"53,9944038391113"
\\PIAF\PKN Orlen\PI Vision\PKN Orlen\ZAKŁAD PRODUKCYJNY PŁOCK\RAFINERIA\PR03 BLOK PRZEROBU ROPY\DRW-IV|DR4.FC43354_SQR.PV;"2026-07-16 19:34:23,116012";"53,6983909606934"
\\PIAF\PKN Orlen\PI Vision\PKN Orlen\ZAKŁAD PRODUKCYJNY PŁOCK\RAFINERIA\PR03 BLOK PRZEROBU ROPY\DRW-IV|DR4.FC43354_SQR.PV;"2026-07-16 19:39:23,179001";"54,3219108581543"
\\PIAF\PKN Orlen\PI Vision\PKN Orlen\ZAKŁAD PRODUKCYJNY PŁOCK\RAFINERIA\PR03 BLOK PRZEROBU ROPY\DRW-IV|DR4.FC43354_SQR.PV;"2026-07-16 19:43:18,116012";"54,1753730773926"
\\PIAF\PKN Orlen\PI Vision\PKN Orlen\ZAKŁAD PRODUKCYJNY PŁOCK\RAFINERIA\PR03 BLOK PRZEROBU ROPY\DRW-IV|DR4.FC43354_SQR.PV;"2026-07-16 19:45:28,163009";"53,8995971679688"
\\PIAF\PKN Orlen\PI Vision\PKN Orlen\ZAKŁAD PRODUKCYJNY PŁOCK\RAFINERIA\PR03 BLOK PRZEROBU ROPY\DRW-IV|DR4.FC43354_SQR.PV;"2026-07-16 19:53:13,14801";"54,3941192626953"
\\PIAF\PKN Orlen\PI Vision\PKN Orlen\ZAKŁAD PRODUKCYJNY PŁOCK\RAFINERIA\PR03 BLOK PRZEROBU ROPY\DRW-IV|DR4.FC43354_SQR.PV;"2026-07-16 19:58:53,085007";"54,235050201416"
\\PIAF\PKN Orlen\PI Vision\PKN Orlen\ZAKŁAD PRODUKCYJNY PŁOCK\RAFINERIA\PR03 BLOK PRZEROBU ROPY\DRW-IV|DR4.FC43354_SQR.PV;"2026-07-16 20:04:08,163009";"54,1637649536133"
\\PIAF\PKN Orlen\PI Vision\PKN Orlen\ZAKŁAD PRODUKCYJNY PŁOCK\RAFINERIA\PR03 BLOK PRZEROBU ROPY\DRW-IV|DR4.FC43354_SQR.PV;"2026-07-16 20:09:08,070007";"54,5830612182617"
\\PIAF\PKN Orlen\PI Vision\PKN Orlen\ZAKŁAD PRODUKCYJNY PŁOCK\RAFINERIA\PR03 BLOK PRZEROBU ROPY\DRW-IV|DR4.FC43354_SQR.PV;"2026-07-16 20:13:53,216003";"54,3268241882324"
\\PIAF\PKN Orlen\PI Vision\PKN Orlen\ZAKŁAD PRODUKCYJNY PŁOCK\RAFINERIA\PR03 BLOK PRZEROBU ROPY\DRW-IV|DR4.FC43354_SQR.PV;"2026-07-16 20:18:18,23201";"53,9689178466797"
\\PIAF\PKN Orlen\PI Vision\PKN Orlen\ZAKŁAD PRODUKCYJNY PŁOCK\RAFINERIA\PR03 BLOK PRZEROBU ROPY\DRW-IV|DR4.FC43354_SQR.PV;"2026-07-16 20:26:03,248001";"54,1669998168945"
\\PIAF\PKN Orlen\PI Vision\PKN Orlen\ZAKŁAD PRODUKCYJNY PŁOCK\RAFINERIA\PR03 BLOK PRZEROBU ROPY\DRW-IV|DR4.FC43354_SQR.PV;"2026-07-16 20:32:03,201004";"53,5335693359375"
\\PIAF\PKN Orlen\PI Vision\PKN Orlen\ZAKŁAD PRODUKCYJNY PŁOCK\RAFINERIA\PR03 BLOK PRZEROBU ROPY\DRW-IV|DR4.FC43354_SQR.PV;"2026-07-16 20:40:18,154007";"53,9817085266113"
\\PIAF\PKN Orlen\PI Vision\PKN Orlen\ZAKŁAD PRODUKCYJNY PŁOCK\RAFINERIA\PR03 BLOK PRZEROBU ROPY\DRW-IV|DR4.FC43354_SQR.PV;"2026-07-16 20:45:23,23201";"53,812557220459"
\\PIAF\PKN Orlen\PI Vision\PKN Orlen\ZAKŁAD PRODUKCYJNY PŁOCK\RAFINERIA\PR03 BLOK PRZEROBU ROPY\DRW-IV|DR4.FC43354_SQR.PV;"2026-07-16 20:48:13,201004";"53,652660369873"
\\PIAF\PKN Orlen\PI Vision\PKN Orlen\ZAKŁAD PRODUKCYJNY PŁOCK\RAFINERIA\PR03 BLOK PRZEROBU ROPY\DRW-IV|DR4.FC43354_SQR.PV;"2026-07-16 20:52:13,185013";"53,9368362426758"
\\PIAF\PKN Orlen\PI Vision\PKN Orlen\ZAKŁAD PRODUKCYJNY PŁOCK\RAFINERIA\PR03 BLOK PRZEROBU ROPY\DRW-IV|DR4.FC43354_SQR.PV;"2026-07-16 21:01:23,170013";"53,8640098571777"
\\PIAF\PKN Orlen\PI Vision\PKN Orlen\ZAKŁAD PRODUKCYJNY PŁOCK\RAFINERIA\PR03 BLOK PRZEROBU ROPY\DRW-IV|DR4.FC43354_SQR.PV;"2026-07-16 21:06:18,154007";"53,9587631225586"
\\PIAF\PKN Orlen\PI Vision\PKN Orlen\ZAKŁAD PRODUKCYJNY PŁOCK\RAFINERIA\PR03 BLOK PRZEROBU ROPY\DRW-IV|DR4.FC43354_SQR.PV;"2026-07-16 21:10:38,248001";"53,4224319458008"
\\PIAF\PKN Orlen\PI Vision\PKN Orlen\ZAKŁAD PRODUKCYJNY PŁOCK\RAFINERIA\PR03 BLOK PRZEROBU ROPY\DRW-IV|DR4.FC43354_SQR.PV;"2026-07-16 21:18:43,154007";"54,1755790710449"
\\PIAF\PKN Orlen\PI Vision\PKN Orlen\ZAKŁAD PRODUKCYJNY PŁOCK\RAFINERIA\PR03 BLOK PRZEROBU ROPY\DRW-IV|DR4.FC43354_SQR.PV;"2026-07-16 21:23:48,216003";"53,5293960571289"
\\PIAF\PKN Orlen\PI Vision\PKN Orlen\ZAKŁAD PRODUKCYJNY PŁOCK\RAFINERIA\PR03 BLOK PRZEROBU ROPY\DRW-IV|DR4.FC43354_SQR.PV;"2026-07-16 21:29:03,138";"54,115291595459"
\\PIAF\PKN Orlen\PI Vision\PKN Orlen\ZAKŁAD PRODUKCYJNY PŁOCK\RAFINERIA\PR03 BLOK PRZEROBU ROPY\DRW-IV|DR4.FC43354_SQR.PV;"2026-07-16 21:33:18,201004";"54,2346305847168"
\\PIAF\PKN Orlen\PI Vision\PKN Orlen\ZAKŁAD PRODUKCYJNY PŁOCK\RAFINERIA\PR03 BLOK PRZEROBU ROPY\DRW-IV|DR4.FC43354_SQR.PV;"2026-07-16 21:37:53,216003";"53,4530067443848"
\\PIAF\PKN Orlen\PI Vision\PKN Orlen\ZAKŁAD PRODUKCYJNY PŁOCK\RAFINERIA\PR03 BLOK PRZEROBU ROPY\DRW-IV|DR4.FC43354_SQR.PV;"2026-07-16 21:40:03,170013";"53,6310386657715"
\\PIAF\PKN Orlen\PI Vision\PKN Orlen\ZAKŁAD PRODUKCYJNY PŁOCK\RAFINERIA\PR03 BLOK PRZEROBU ROPY\DRW-IV|DR4.FC43354_SQR.PV;"2026-07-16 21:42:08,185013";"54,7515563964844"
\\PIAF\PKN Orlen\PI Vision\PKN Orlen\ZAKŁAD PRODUKCYJNY PŁOCK\RAFINERIA\PR03 BLOK PRZEROBU ROPY\DRW-IV|DR4.FC43354_SQR.PV;"2026-07-16 21:44:58,170013";"56,3403854370117"
\\PIAF\PKN Orlen\PI Vision\PKN Orlen\ZAKŁAD PRODUKCYJNY PŁOCK\RAFINERIA\PR03 BLOK PRZEROBU ROPY\DRW-IV|DR4.FC43354_SQR.PV;"2026-07-16 21:46:33,216003";"56,628173828125"
\\PIAF\PKN Orlen\PI Vision\PKN Orlen\ZAKŁAD PRODUKCYJNY PŁOCK\RAFINERIA\PR03 BLOK PRZEROBU ROPY\DRW-IV|DR4.FC43354_SQR.PV;"2026-07-16 21:49:18,201004";"56,4546546936035"
\\PIAF\PKN Orlen\PI Vision\PKN Orlen\ZAKŁAD PRODUKCYJNY PŁOCK\RAFINERIA\PR03 BLOK PRZEROBU ROPY\DRW-IV|DR4.FC43354_SQR.PV;"2026-07-16 21:52:38,154007";"56,3657341003418"
\\PIAF\PKN Orlen\PI Vision\PKN Orlen\ZAKŁAD PRODUKCYJNY PŁOCK\RAFINERIA\PR03 BLOK PRZEROBU ROPY\DRW-IV|DR4.FC43354_SQR.PV;"2026-07-16 21:56:28,185013";"57,0075492858887"
\\PIAF\PKN Orlen\PI Vision\PKN Orlen\ZAKŁAD PRODUKCYJNY PŁOCK\RAFINERIA\PR03 BLOK PRZEROBU ROPY\DRW-IV|DR4.FC43354_SQR.PV;"2026-07-16 21:58:43,185013";"57,1691093444824"
\\PIAF\PKN Orlen\PI Vision\PKN Orlen\ZAKŁAD PRODUKCYJNY PŁOCK\RAFINERIA\PR03 BLOK PRZEROBU ROPY\DRW-IV|DR4.FC43354_SQR.PV;"2026-07-16 22:03:08,201004";"57,2259178161621"
\\PIAF\PKN Orlen\PI Vision\PKN Orlen\ZAKŁAD PRODUKCYJNY PŁOCK\RAFINERIA\PR03 BLOK PRZEROBU ROPY\DRW-IV|DR4.FC43354_SQR.PV;"2026-07-16 22:06:18,216003";"56,6412734985352"
\\PIAF\PKN Orlen\PI Vision\PKN Orlen\ZAKŁAD PRODUKCYJNY PŁOCK\RAFINERIA\PR03 BLOK PRZEROBU ROPY\DRW-IV|DR4.FC43354_SQR.PV;"2026-07-16 22:09:03,170013";"56,1433601379395"
\\PIAF\PKN Orlen\PI Vision\PKN Orlen\ZAKŁAD PRODUKCYJNY PŁOCK\RAFINERIA\PR03 BLOK PRZEROBU ROPY\DRW-IV|DR4.FC43354_SQR.PV;"2026-07-16 22:13:58,170013";"56,6517105102539"
\\PIAF\PKN Orlen\PI Vision\PKN Orlen\ZAKŁAD PRODUKCYJNY PŁOCK\RAFINERIA\PR03 BLOK PRZEROBU ROPY\DRW-IV|DR4.FC43354_SQR.PV;"2026-07-16 22:22:13,123001";"56,0590629577637"
\\PIAF\PKN Orlen\PI Vision\PKN Orlen\ZAKŁAD PRODUKCYJNY PŁOCK\RAFINERIA\PR03 BLOK PRZEROBU ROPY\DRW-IV|DR4.FC43354_SQR.PV;"2026-07-16 22:30:38,138";"55,8194313049316"
\\PIAF\PKN Orlen\PI Vision\PKN Orlen\ZAKŁAD PRODUKCYJNY PŁOCK\RAFINERIA\PR03 BLOK PRZEROBU ROPY\DRW-IV|DR4.FC43354_SQR.PV;"2026-07-16 22:41:58,23201";"55,7077331542969"
\\PIAF\PKN Orlen\PI Vision\PKN Orlen\ZAKŁAD PRODUKCYJNY PŁOCK\RAFINERIA\PR03 BLOK PRZEROBU ROPY\DRW-IV|DR4.FC43354_SQR.PV;"2026-07-16 22:48:53,123001";"54,7832717895508"
\\PIAF\PKN Orlen\PI Vision\PKN Orlen\ZAKŁAD PRODUKCYJNY PŁOCK\RAFINERIA\PR03 BLOK PRZEROBU ROPY\DRW-IV|DR4.FC43354_SQR.PV;"2026-07-16 22:52:38,216003";"54,6972389221191"
\\PIAF\PKN Orlen\PI Vision\PKN Orlen\ZAKŁAD PRODUKCYJNY PŁOCK\RAFINERIA\PR03 BLOK PRZEROBU ROPY\DRW-IV|DR4.FC43354_SQR.PV;"2026-07-16 22:58:18,185013";"54,9582099914551"
\\PIAF\PKN Orlen\PI Vision\PKN Orlen\ZAKŁAD PRODUKCYJNY PŁOCK\RAFINERIA\PR03 BLOK PRZEROBU ROPY\DRW-IV|DR4.FC43354_SQR.PV;"2026-07-16 23:07:23,216003";"54,3917999267578"
\\PIAF\PKN Orlen\PI Vision\PKN Orlen\ZAKŁAD PRODUKCYJNY PŁOCK\RAFINERIA\PR03 BLOK PRZEROBU ROPY\DRW-IV|DR4.FC43354_SQR.PV;"2026-07-16 23:15:28,185013";"55,0593452453613"
\\PIAF\PKN Orlen\PI Vision\PKN Orlen\ZAKŁAD PRODUKCYJNY PŁOCK\RAFINERIA\PR03 BLOK PRZEROBU ROPY\DRW-IV|DR4.FC43354_SQR.PV;"2026-07-16 23:19:18,201004";"54,6505012512207"
\\PIAF\PKN Orlen\PI Vision\PKN Orlen\ZAKŁAD PRODUKCYJNY PŁOCK\RAFINERIA\PR03 BLOK PRZEROBU ROPY\DRW-IV|DR4.FC43354_SQR.PV;"2026-07-16 23:24:53,216003";"55,1785659790039"
\\PIAF\PKN Orlen\PI Vision\PKN Orlen\ZAKŁAD PRODUKCYJNY PŁOCK\RAFINERIA\PR03 BLOK PRZEROBU ROPY\DRW-IV|DR4.FC43354_SQR.PV;"2026-07-16 23:29:23,154007";"55,0116081237793"
\\PIAF\PKN Orlen\PI Vision\PKN Orlen\ZAKŁAD PRODUKCYJNY PŁOCK\RAFINERIA\PR03 BLOK PRZEROBU ROPY\DRW-IV|DR4.FC43354_SQR.PV;"2026-07-16 23:32:03,185013";"54,5159339904785"
\\PIAF\PKN Orlen\PI Vision\PKN Orlen\ZAKŁAD PRODUKCYJNY PŁOCK\RAFINERIA\PR03 BLOK PRZEROBU ROPY\DRW-IV|DR4.FC43354_SQR.PV;"2026-07-16 23:35:43,138";"55,0992317199707"
\\PIAF\PKN Orlen\PI Vision\PKN Orlen\ZAKŁAD PRODUKCYJNY PŁOCK\RAFINERIA\PR03 BLOK PRZEROBU ROPY\DRW-IV|DR4.FC43354_SQR.PV;"2026-07-16 23:37:58,10701";"55,6104316711426"
\\PIAF\PKN Orlen\PI Vision\PKN Orlen\ZAKŁAD PRODUKCYJNY PŁOCK\RAFINERIA\PR03 BLOK PRZEROBU ROPY\DRW-IV|DR4.FC43354_SQR.PV;"2026-07-16 23:45:03,154007";"54,9011688232422"
\\PIAF\PKN Orlen\PI Vision\PKN Orlen\ZAKŁAD PRODUKCYJNY PŁOCK\RAFINERIA\PR03 BLOK PRZEROBU ROPY\DRW-IV|DR4.FC43354_SQR.PV;"2026-07-16 23:47:38,138";"54,5355911254883"
\\PIAF\PKN Orlen\PI Vision\PKN Orlen\ZAKŁAD PRODUKCYJNY PŁOCK\RAFINERIA\PR03 BLOK PRZEROBU ROPY\DRW-IV|DR4.FC43354_SQR.PV;"2026-07-16 23:49:38,123001";"54,8049011230469"
\\PIAF\PKN Orlen\PI Vision\PKN Orlen\ZAKŁAD PRODUKCYJNY PŁOCK\RAFINERIA\PR03 BLOK PRZEROBU ROPY\DRW-IV|DR4.FC43354_SQR.PV;"2026-07-16 23:52:23,170013";"55,2279586791992"
\\PIAF\PKN Orlen\PI Vision\PKN Orlen\ZAKŁAD PRODUKCYJNY PŁOCK\RAFINERIA\PR03 BLOK PRZEROBU ROPY\DRW-IV|DR4.FC43354_SQR.PV;"2026-07-16 23:58:33,185013";"54,7629814147949"
\\PIAF\PKN Orlen\PI Vision\PKN Orlen\ZAKŁAD PRODUKCYJNY PŁOCK\RAFINERIA\PR03 BLOK PRZEROBU ROPY\DRW-IV|DR4.FC43354_SQR.PV;"2026-07-17 00:02:23,10701";"55,1054954528809"
\\PIAF\PKN Orlen\PI Vision\PKN Orlen\ZAKŁAD PRODUKCYJNY PŁOCK\RAFINERIA\PR03 BLOK PRZEROBU ROPY\DRW-IV|DR4.FC43354_SQR.PV;"2026-07-17 00:04:03,185013";"55,638973236084"
\\PIAF\PKN Orlen\PI Vision\PKN Orlen\ZAKŁAD PRODUKCYJNY PŁOCK\RAFINERIA\PR03 BLOK PRZEROBU ROPY\DRW-IV|DR4.FC43354_SQR.PV;"2026-07-17 00:06:48,154007";"55,7073707580566"
\\PIAF\PKN Orlen\PI Vision\PKN Orlen\ZAKŁAD PRODUKCYJNY PŁOCK\RAFINERIA\PR03 BLOK PRZEROBU ROPY\DRW-IV|DR4.FC43354_SQR.PV;"2026-07-17 00:11:08,154007";"55,041431427002"
\\PIAF\PKN Orlen\PI Vision\PKN Orlen\ZAKŁAD PRODUKCYJNY PŁOCK\RAFINERIA\PR03 BLOK PRZEROBU ROPY\DRW-IV|DR4.FC43354_SQR.PV;"2026-07-17 00:17:28,138";"55,1633491516113"
\\PIAF\PKN Orlen\PI Vision\PKN Orlen\ZAKŁAD PRODUKCYJNY PŁOCK\RAFINERIA\PR03 BLOK PRZEROBU ROPY\DRW-IV|DR4.FC43354_SQR.PV;"2026-07-17 00:20:28,185013";"55,3711204528809"
\\PIAF\PKN Orlen\PI Vision\PKN Orlen\ZAKŁAD PRODUKCYJNY PŁOCK\RAFINERIA\PR03 BLOK PRZEROBU ROPY\DRW-IV|DR4.FC43354_SQR.PV;"2026-07-17 00:25:58,091003";"55,3353691101074"
\\PIAF\PKN Orlen\PI Vision\PKN Orlen\ZAKŁAD PRODUKCYJNY PŁOCK\RAFINERIA\PR03 BLOK PRZEROBU ROPY\DRW-IV|DR4.FC43354_SQR.PV;"2026-07-17 00:33:23,154007";"55,6415901184082"
\\PIAF\PKN Orlen\PI Vision\PKN Orlen\ZAKŁAD PRODUKCYJNY PŁOCK\RAFINERIA\PR03 BLOK PRZEROBU ROPY\DRW-IV|DR4.FC43354_SQR.PV;"2026-07-17 00:40:28,138";"55,6931228637695"
\\PIAF\PKN Orlen\PI Vision\PKN Orlen\ZAKŁAD PRODUKCYJNY PŁOCK\RAFINERIA\PR03 BLOK PRZEROBU ROPY\DRW-IV|DR4.FC43354_SQR.PV;"2026-07-17 00:47:58,154007";"55,4790649414063"
\\PIAF\PKN Orlen\PI Vision\PKN Orlen\ZAKŁAD PRODUKCYJNY PŁOCK\RAFINERIA\PR03 BLOK PRZEROBU ROPY\DRW-IV|DR4.FC43354_SQR.PV;"2026-07-17 00:50:48,123001";"55,0091896057129"
\\PIAF\PKN Orlen\PI Vision\PKN Orlen\ZAKŁAD PRODUKCYJNY PŁOCK\RAFINERIA\PR03 BLOK PRZEROBU ROPY\DRW-IV|DR4.FC43354_SQR.PV;"2026-07-17 00:57:33,154007";"55,6719818115234"
\\PIAF\PKN Orlen\PI Vision\PKN Orlen\ZAKŁAD PRODUKCYJNY PŁOCK\RAFINERIA\PR03 BLOK PRZEROBU ROPY\DRW-IV|DR4.FC43354_SQR.PV;"2026-07-17 01:05:58,170013";"55,3035125732422"
\\PIAF\PKN Orlen\PI Vision\PKN Orlen\ZAKŁAD PRODUKCYJNY PŁOCK\RAFINERIA\PR03 BLOK PRZEROBU ROPY\DRW-IV|DR4.FC43354_SQR.PV;"2026-07-17 01:08:23,10701";"55,1921005249023"
\\PIAF\PKN Orlen\PI Vision\PKN Orlen\ZAKŁAD PRODUKCYJNY PŁOCK\RAFINERIA\PR03 BLOK PRZEROBU ROPY\DRW-IV|DR4.FC43354_SQR.PV;"2026-07-17 01:12:03,170013";"55,5793991088867"
\\PIAF\PKN Orlen\PI Vision\PKN Orlen\ZAKŁAD PRODUKCYJNY PŁOCK\RAFINERIA\PR03 BLOK PRZEROBU ROPY\DRW-IV|DR4.FC43354_SQR.PV;"2026-07-17 01:23:08,123001";"55,5108032226563"
\\PIAF\PKN Orlen\PI Vision\PKN Orlen\ZAKŁAD PRODUKCYJNY PŁOCK\RAFINERIA\PR03 BLOK PRZEROBU ROPY\DRW-IV|DR4.FC43354_SQR.PV;"2026-07-17 01:26:53,154007";"55,3502578735352"
\\PIAF\PKN Orlen\PI Vision\PKN Orlen\ZAKŁAD PRODUKCYJNY PŁOCK\RAFINERIA\PR03 BLOK PRZEROBU ROPY\DRW-IV|DR4.FC43354_SQR.PV;"2026-07-17 01:33:23,185013";"56,3310623168945"
\\PIAF\PKN Orlen\PI Vision\PKN Orlen\ZAKŁAD PRODUKCYJNY PŁOCK\RAFINERIA\PR03 BLOK PRZEROBU ROPY\DRW-IV|DR4.FC43354_SQR.PV;"2026-07-17 01:36:43,123001";"56,1897583007813"
\\PIAF\PKN Orlen\PI Vision\PKN Orlen\ZAKŁAD PRODUKCYJNY PŁOCK\RAFINERIA\PR03 BLOK PRZEROBU ROPY\DRW-IV|DR4.FC43354_SQR.PV;"2026-07-17 01:41:13,170013";"55,3152923583984"
\\PIAF\PKN Orlen\PI Vision\PKN Orlen\ZAKŁAD PRODUKCYJNY PŁOCK\RAFINERIA\PR03 BLOK PRZEROBU ROPY\DRW-IV|DR4.FC43354_SQR.PV;"2026-07-17 01:48:23,123001";"56,045166015625"
\\PIAF\PKN Orlen\PI Vision\PKN Orlen\ZAKŁAD PRODUKCYJNY PŁOCK\RAFINERIA\PR03 BLOK PRZEROBU ROPY\DRW-IV|DR4.FC43354_SQR.PV;"2026-07-17 01:54:18,170013";"55,5176162719727"
\\PIAF\PKN Orlen\PI Vision\PKN Orlen\ZAKŁAD PRODUKCYJNY PŁOCK\RAFINERIA\PR03 BLOK PRZEROBU ROPY\DRW-IV|DR4.FC43354_SQR.PV;"2026-07-17 02:00:33,154007";"55,503475189209"
\\PIAF\PKN Orlen\PI Vision\PKN Orlen\ZAKŁAD PRODUKCYJNY PŁOCK\RAFINERIA\PR03 BLOK PRZEROBU ROPY\DRW-IV|DR4.FC43354_SQR.PV;"2026-07-17 02:06:53,123001";"55,9955520629883"
\\PIAF\PKN Orlen\PI Vision\PKN Orlen\ZAKŁAD PRODUKCYJNY PŁOCK\RAFINERIA\PR03 BLOK PRZEROBU ROPY\DRW-IV|DR4.FC43354_SQR.PV;"2026-07-17 02:13:33,10701";"55,2146949768066"
\\PIAF\PKN Orlen\PI Vision\PKN Orlen\ZAKŁAD PRODUKCYJNY PŁOCK\RAFINERIA\PR03 BLOK PRZEROBU ROPY\DRW-IV|DR4.FC43354_SQR.PV;"2026-07-17 02:20:03,154007";"55,7367286682129"
\\PIAF\PKN Orlen\PI Vision\PKN Orlen\ZAKŁAD PRODUKCYJNY PŁOCK\RAFINERIA\PR03 BLOK PRZEROBU ROPY\DRW-IV|DR4.FC43354_SQR.PV;"2026-07-17 02:22:28,185013";"55,894157409668"
\\PIAF\PKN Orlen\PI Vision\PKN Orlen\ZAKŁAD PRODUKCYJNY PŁOCK\RAFINERIA\PR03 BLOK PRZEROBU ROPY\DRW-IV|DR4.FC43354_SQR.PV;"2026-07-17 02:31:48,185013";"55,3708076477051"
\\PIAF\PKN Orlen\PI Vision\PKN Orlen\ZAKŁAD PRODUKCYJNY PŁOCK\RAFINERIA\PR03 BLOK PRZEROBU ROPY\DRW-IV|DR4.FC43354_SQR.PV;"2026-07-17 02:39:13,154007";"55,592830657959"
\\PIAF\PKN Orlen\PI Vision\PKN Orlen\ZAKŁAD PRODUKCYJNY PŁOCK\RAFINERIA\PR03 BLOK PRZEROBU ROPY\DRW-IV|DR4.FC43354_SQR.PV;"2026-07-17 02:46:13,170013";"55,435131072998"
\\PIAF\PKN Orlen\PI Vision\PKN Orlen\ZAKŁAD PRODUKCYJNY PŁOCK\RAFINERIA\PR03 BLOK PRZEROBU ROPY\DRW-IV|DR4.FC43354_SQR.PV;"2026-07-17 02:56:48,170013";"55,5533905029297"
\\PIAF\PKN Orlen\PI Vision\PKN Orlen\ZAKŁAD PRODUKCYJNY PŁOCK\RAFINERIA\PR03 BLOK PRZEROBU ROPY\DRW-IV|DR4.FC43354_SQR.PV;"2026-07-17 03:03:03,170013";"55,8180160522461"
\\PIAF\PKN Orlen\PI Vision\PKN Orlen\ZAKŁAD PRODUKCYJNY PŁOCK\RAFINERIA\PR03 BLOK PRZEROBU ROPY\DRW-IV|DR4.FC43354_SQR.PV;"2026-07-17 03:11:23,10701";"55,2966995239258"
\\PIAF\PKN Orlen\PI Vision\PKN Orlen\ZAKŁAD PRODUKCYJNY PŁOCK\RAFINERIA\PR03 BLOK PRZEROBU ROPY\DRW-IV|DR4.FC43354_SQR.PV;"2026-07-17 03:18:13,123001";"55,5593376159668"
\\PIAF\PKN Orlen\PI Vision\PKN Orlen\ZAKŁAD PRODUKCYJNY PŁOCK\RAFINERIA\PR03 BLOK PRZEROBU ROPY\DRW-IV|DR4.FC43354_SQR.PV;"2026-07-17 03:26:03,154007";"55,6852874755859"
\\PIAF\PKN Orlen\PI Vision\PKN Orlen\ZAKŁAD PRODUKCYJNY PŁOCK\RAFINERIA\PR03 BLOK PRZEROBU ROPY\DRW-IV|DR4.FC43354_SQR.PV;"2026-07-17 03:29:18,091003";"56,3868637084961"
\\PIAF\PKN Orlen\PI Vision\PKN Orlen\ZAKŁAD PRODUKCYJNY PŁOCK\RAFINERIA\PR03 BLOK PRZEROBU ROPY\DRW-IV|DR4.FC43354_SQR.PV;"2026-07-17 03:34:53,123001";"56,2218208312988"
\\PIAF\PKN Orlen\PI Vision\PKN Orlen\ZAKŁAD PRODUKCYJNY PŁOCK\RAFINERIA\PR03 BLOK PRZEROBU ROPY\DRW-IV|DR4.FC43354_SQR.PV;"2026-07-17 03:37:58,076004";"55,9941444396973"
\\PIAF\PKN Orlen\PI Vision\PKN Orlen\ZAKŁAD PRODUKCYJNY PŁOCK\RAFINERIA\PR03 BLOK PRZEROBU ROPY\DRW-IV|DR4.FC43354_SQR.PV;"2026-07-17 03:41:33,123001";"56,4756011962891"
\\PIAF\PKN Orlen\PI Vision\PKN Orlen\ZAKŁAD PRODUKCYJNY PŁOCK\RAFINERIA\PR03 BLOK PRZEROBU ROPY\DRW-IV|DR4.FC43354_SQR.PV;"2026-07-17 03:49:13,170013";"55,9279823303223"
\\PIAF\PKN Orlen\PI Vision\PKN Orlen\ZAKŁAD PRODUKCYJNY PŁOCK\RAFINERIA\PR03 BLOK PRZEROBU ROPY\DRW-IV|DR4.FC43354_SQR.PV;"2026-07-17 04:07:13,207001";"55,7043609619141"
\\PIAF\PKN Orlen\PI Vision\PKN Orlen\ZAKŁAD PRODUKCYJNY PŁOCK\RAFINERIA\PR03 BLOK PRZEROBU ROPY\DRW-IV|DR4.FC43354_SQR.PV;"2026-07-17 04:10:58,138";"55,8203659057617"
\\PIAF\PKN Orlen\PI Vision\PKN Orlen\ZAKŁAD PRODUKCYJNY PŁOCK\RAFINERIA\PR03 BLOK PRZEROBU ROPY\DRW-IV|DR4.FC43354_SQR.PV;"2026-07-17 04:15:13,19101";"56,1176567077637"
\\PIAF\PKN Orlen\PI Vision\PKN Orlen\ZAKŁAD PRODUKCYJNY PŁOCK\RAFINERIA\PR03 BLOK PRZEROBU ROPY\DRW-IV|DR4.FC43354_SQR.PV;"2026-07-17 04:28:18,238006";"55,6859703063965"
\\PIAF\PKN Orlen\PI Vision\PKN Orlen\ZAKŁAD PRODUKCYJNY PŁOCK\RAFINERIA\PR03 BLOK PRZEROBU ROPY\DRW-IV|DR4.FC43354_SQR.PV;"2026-07-17 04:36:13,207001";"55,6982078552246"
\\PIAF\PKN Orlen\PI Vision\PKN Orlen\ZAKŁAD PRODUKCYJNY PŁOCK\RAFINERIA\PR03 BLOK PRZEROBU ROPY\DRW-IV|DR4.FC43354_SQR.PV;"2026-07-17 04:47:03,238006";"55,543586730957"
\\PIAF\PKN Orlen\PI Vision\PKN Orlen\ZAKŁAD PRODUKCYJNY PŁOCK\RAFINERIA\PR03 BLOK PRZEROBU ROPY\DRW-IV|DR4.FC43354_SQR.PV;"2026-07-17 04:50:18,254013";"55,6800193786621"
\\PIAF\PKN Orlen\PI Vision\PKN Orlen\ZAKŁAD PRODUKCYJNY PŁOCK\RAFINERIA\PR03 BLOK PRZEROBU ROPY\DRW-IV|DR4.FC43354_SQR.PV;"2026-07-17 04:59:18,160003";"55,5017738342285"
\\PIAF\PKN Orlen\PI Vision\PKN Orlen\ZAKŁAD PRODUKCYJNY PŁOCK\RAFINERIA\PR03 BLOK PRZEROBU ROPY\DRW-IV|DR4.FC43354_SQR.PV;"2026-07-17 05:10:43,238006";"55,3452529907227"
\\PIAF\PKN Orlen\PI Vision\PKN Orlen\ZAKŁAD PRODUKCYJNY PŁOCK\RAFINERIA\PR03 BLOK PRZEROBU ROPY\DRW-IV|DR4.FC43354_SQR.PV;"2026-07-17 05:16:18,17601";"54,9511947631836"
\\PIAF\PKN Orlen\PI Vision\PKN Orlen\ZAKŁAD PRODUKCYJNY PŁOCK\RAFINERIA\PR03 BLOK PRZEROBU ROPY\DRW-IV|DR4.FC43354_SQR.PV;"2026-07-17 05:19:48,207001";"55,405330657959"
\\PIAF\PKN Orlen\PI Vision\PKN Orlen\ZAKŁAD PRODUKCYJNY PŁOCK\RAFINERIA\PR03 BLOK PRZEROBU ROPY\DRW-IV|DR4.FC43354_SQR.PV;"2026-07-17 05:23:18,223007";"55,5020217895508"
\\PIAF\PKN Orlen\PI Vision\PKN Orlen\ZAKŁAD PRODUKCYJNY PŁOCK\RAFINERIA\PR03 BLOK PRZEROBU ROPY\DRW-IV|DR4.FC43354_SQR.PV;"2026-07-17 05:27:53,223007";"55,1904525756836"
\\PIAF\PKN Orlen\PI Vision\PKN Orlen\ZAKŁAD PRODUKCYJNY PŁOCK\RAFINERIA\PR03 BLOK PRZEROBU ROPY\DRW-IV|DR4.FC43354_SQR.PV;"2026-07-17 05:32:23,17601";"55,6048965454102"
\\PIAF\PKN Orlen\PI Vision\PKN Orlen\ZAKŁAD PRODUKCYJNY PŁOCK\RAFINERIA\PR03 BLOK PRZEROBU ROPY\DRW-IV|DR4.FC43354_SQR.PV;"2026-07-17 05:38:13,17601";"55,110523223877"
\\PIAF\PKN Orlen\PI Vision\PKN Orlen\ZAKŁAD PRODUKCYJNY PŁOCK\RAFINERIA\PR03 BLOK PRZEROBU ROPY\DRW-IV|DR4.FC43354_SQR.PV;"2026-07-17 05:45:03,223007";"54,9717178344727"
\\PIAF\PKN Orlen\PI Vision\PKN Orlen\ZAKŁAD PRODUKCYJNY PŁOCK\RAFINERIA\PR03 BLOK PRZEROBU ROPY\DRW-IV|DR4.FC43354_SQR.PV;"2026-07-17 05:49:13,144012";"55,2586212158203"
\\PIAF\PKN Orlen\PI Vision\PKN Orlen\ZAKŁAD PRODUKCYJNY PŁOCK\RAFINERIA\PR03 BLOK PRZEROBU ROPY\DRW-IV|DR4.FC43354_SQR.PV;"2026-07-17 05:50:28,17601";"55,5369911193848"
\\PIAF\PKN Orlen\PI Vision\PKN Orlen\ZAKŁAD PRODUKCYJNY PŁOCK\RAFINERIA\PR03 BLOK PRZEROBU ROPY\DRW-IV|DR4.FC43354_SQR.PV;"2026-07-17 05:53:58,207001";"55,3271903991699"
\\PIAF\PKN Orlen\PI Vision\PKN Orlen\ZAKŁAD PRODUKCYJNY PŁOCK\RAFINERIA\PR03 BLOK PRZEROBU ROPY\DRW-IV|DR4.FC43354_SQR.PV;"2026-07-17 05:59:33,223007";"55,5080451965332"
\\PIAF\PKN Orlen\PI Vision\PKN Orlen\ZAKŁAD PRODUKCYJNY PŁOCK\RAFINERIA\PR03 BLOK PRZEROBU ROPY\DRW-IV|DR4.FC43354_SQR.PV;"2026-07-17 06:05:43,145004";"54,802734375"
\\PIAF\PKN Orlen\PI Vision\PKN Orlen\ZAKŁAD PRODUKCYJNY PŁOCK\RAFINERIA\PR03 BLOK PRZEROBU ROPY\DRW-IV|DR4.FC43354_SQR.PV;"2026-07-17 06:10:38,129013";"55,1321563720703"
\\PIAF\PKN Orlen\PI Vision\PKN Orlen\ZAKŁAD PRODUKCYJNY PŁOCK\RAFINERIA\PR03 BLOK PRZEROBU ROPY\DRW-IV|DR4.FC43354_SQR.PV;"2026-07-17 06:21:18,19101";"54,8053245544434"
\\PIAF\PKN Orlen\PI Vision\PKN Orlen\ZAKŁAD PRODUKCYJNY PŁOCK\RAFINERIA\PR03 BLOK PRZEROBU ROPY\DRW-IV|DR4.FC43354_SQR.PV;"2026-07-17 06:25:08,238006";"54,702033996582"
\\PIAF\PKN Orlen\PI Vision\PKN Orlen\ZAKŁAD PRODUKCYJNY PŁOCK\RAFINERIA\PR03 BLOK PRZEROBU ROPY\DRW-IV|DR4.FC43354_SQR.PV;"2026-07-17 06:29:43,223007";"55,316722869873"
\\PIAF\PKN Orlen\PI Vision\PKN Orlen\ZAKŁAD PRODUKCYJNY PŁOCK\RAFINERIA\PR03 BLOK PRZEROBU ROPY\DRW-IV|DR4.FC43354_SQR.PV;"2026-07-17 06:34:18,223007";"54,9033203125"
\\PIAF\PKN Orlen\PI Vision\PKN Orlen\ZAKŁAD PRODUKCYJNY PŁOCK\RAFINERIA\PR03 BLOK PRZEROBU ROPY\DRW-IV|DR4.FC43354_SQR.PV;"2026-07-17 06:39:33,254013";"55,3250923156738"
\\PIAF\PKN Orlen\PI Vision\PKN Orlen\ZAKŁAD PRODUKCYJNY PŁOCK\RAFINERIA\PR03 BLOK PRZEROBU ROPY\DRW-IV|DR4.FC43354_SQR.PV;"2026-07-17 06:55:13,17601";"54,957691192627"
\\PIAF\PKN Orlen\PI Vision\PKN Orlen\ZAKŁAD PRODUKCYJNY PŁOCK\RAFINERIA\PR03 BLOK PRZEROBU ROPY\DRW-IV|DR4.FC43354_SQR.PV;"2026-07-17 07:02:58,19101";"55,3211135864258"
\\PIAF\PKN Orlen\PI Vision\PKN Orlen\ZAKŁAD PRODUKCYJNY PŁOCK\RAFINERIA\PR03 BLOK PRZEROBU ROPY\DRW-IV|DR4.FC43354_SQR.PV;"2026-07-17 07:04:48,223007";"54,9546394348145"
\\PIAF\PKN Orlen\PI Vision\PKN Orlen\ZAKŁAD PRODUKCYJNY PŁOCK\RAFINERIA\PR03 BLOK PRZEROBU ROPY\DRW-IV|DR4.FC43354_SQR.PV;"2026-07-17 07:07:48,145004";"55,1778030395508"
\\PIAF\PKN Orlen\PI Vision\PKN Orlen\ZAKŁAD PRODUKCYJNY PŁOCK\RAFINERIA\PR03 BLOK PRZEROBU ROPY\DRW-IV|DR4.FC43354_SQR.PV;"2026-07-17 07:10:48,19101";"55,3364562988281"
\\PIAF\PKN Orlen\PI Vision\PKN Orlen\ZAKŁAD PRODUKCYJNY PŁOCK\RAFINERIA\PR03 BLOK PRZEROBU ROPY\DRW-IV|DR4.FC43354_SQR.PV;"2026-07-17 07:14:58,223007";"54,4292831420898"
\\PIAF\PKN Orlen\PI Vision\PKN Orlen\ZAKŁAD PRODUKCYJNY PŁOCK\RAFINERIA\PR03 BLOK PRZEROBU ROPY\DRW-IV|DR4.FC43354_SQR.PV;"2026-07-17 07:19:33,207001";"53,112606048584"
\\PIAF\PKN Orlen\PI Vision\PKN Orlen\ZAKŁAD PRODUKCYJNY PŁOCK\RAFINERIA\PR03 BLOK PRZEROBU ROPY\DRW-IV|DR4.FC43354_SQR.PV;"2026-07-17 07:21:48,17601";"53,0272178649902"
\\PIAF\PKN Orlen\PI Vision\PKN Orlen\ZAKŁAD PRODUKCYJNY PŁOCK\RAFINERIA\PR03 BLOK PRZEROBU ROPY\DRW-IV|DR4.FC43354_SQR.PV;"2026-07-17 07:28:18,207001";"54,8707313537598"
\\PIAF\PKN Orlen\PI Vision\PKN Orlen\ZAKŁAD PRODUKCYJNY PŁOCK\RAFINERIA\PR03 BLOK PRZEROBU ROPY\DRW-IV|DR4.FC43354_SQR.PV;"2026-07-17 07:33:33,207001";"54,461109161377"
\\PIAF\PKN Orlen\PI Vision\PKN Orlen\ZAKŁAD PRODUKCYJNY PŁOCK\RAFINERIA\PR03 BLOK PRZEROBU ROPY\DRW-IV|DR4.FC43354_SQR.PV;"2026-07-17 07:36:23,17601";"54,3466644287109"
\\PIAF\PKN Orlen\PI Vision\PKN Orlen\ZAKŁAD PRODUKCYJNY PŁOCK\RAFINERIA\PR03 BLOK PRZEROBU ROPY\DRW-IV|DR4.FC43354_SQR.PV;"2026-07-17 07:45:03,238006";"54,6820297241211"
\\PIAF\PKN Orlen\PI Vision\PKN Orlen\ZAKŁAD PRODUKCYJNY PŁOCK\RAFINERIA\PR03 BLOK PRZEROBU ROPY\DRW-IV|DR4.FC43354_SQR.PV;"2026-07-17 07:56:28,129013";"54,8166313171387"
\\PIAF\PKN Orlen\PI Vision\PKN Orlen\ZAKŁAD PRODUKCYJNY PŁOCK\RAFINERIA\PR03 BLOK PRZEROBU ROPY\DRW-IV|DR4.FC43354_SQR.PV;"2026-07-17 07:58:18,160003";"55,2153053283691"
\\PIAF\PKN Orlen\PI Vision\PKN Orlen\ZAKŁAD PRODUKCYJNY PŁOCK\RAFINERIA\PR03 BLOK PRZEROBU ROPY\DRW-IV|DR4.FC43354_SQR.PV;"2026-07-17 08:05:43,207001";"54,6993713378906"
\\PIAF\PKN Orlen\PI Vision\PKN Orlen\ZAKŁAD PRODUKCYJNY PŁOCK\RAFINERIA\PR03 BLOK PRZEROBU ROPY\DRW-IV|DR4.FC43354_SQR.PV;"2026-07-17 08:12:43,223007";"53,4949951171875"
\\PIAF\PKN Orlen\PI Vision\PKN Orlen\ZAKŁAD PRODUKCYJNY PŁOCK\RAFINERIA\PR03 BLOK PRZEROBU ROPY\DRW-IV|DR4.FC43354_SQR.PV;"2026-07-17 08:15:38,223007";"53,7343521118164"
\\PIAF\PKN Orlen\PI Vision\PKN Orlen\ZAKŁAD PRODUKCYJNY PŁOCK\RAFINERIA\PR03 BLOK PRZEROBU ROPY\DRW-IV|DR4.FC43354_SQR.PV;"2026-07-17 08:18:33,238006";"54,5052528381348"
\\PIAF\PKN Orlen\PI Vision\PKN Orlen\ZAKŁAD PRODUKCYJNY PŁOCK\RAFINERIA\PR03 BLOK PRZEROBU ROPY\DRW-IV|DR4.FC43354_SQR.PV;"2026-07-17 08:22:13,144012";"54,5305252075195"
\\PIAF\PKN Orlen\PI Vision\PKN Orlen\ZAKŁAD PRODUKCYJNY PŁOCK\RAFINERIA\PR03 BLOK PRZEROBU ROPY\DRW-IV|DR4.FC43354_SQR.PV;"2026-07-17 08:28:18,17601";"54,380298614502"
\\PIAF\PKN Orlen\PI Vision\PKN Orlen\ZAKŁAD PRODUKCYJNY PŁOCK\RAFINERIA\PR03 BLOK PRZEROBU ROPY\DRW-IV|DR4.FC43354_SQR.PV;"2026-07-17 08:31:08,144012";"54,9724998474121"
\\PIAF\PKN Orlen\PI Vision\PKN Orlen\ZAKŁAD PRODUKCYJNY PŁOCK\RAFINERIA\PR03 BLOK PRZEROBU ROPY\DRW-IV|DR4.FC43354_SQR.PV;"2026-07-17 08:36:38,129013";"54,6391181945801"
\\PIAF\PKN Orlen\PI Vision\PKN Orlen\ZAKŁAD PRODUKCYJNY PŁOCK\RAFINERIA\PR03 BLOK PRZEROBU ROPY\DRW-IV|DR4.FC43354_SQR.PV;"2026-07-17 08:39:43,19101";"54,3582153320313"
\\PIAF\PKN Orlen\PI Vision\PKN Orlen\ZAKŁAD PRODUKCYJNY PŁOCK\RAFINERIA\PR03 BLOK PRZEROBU ROPY\DRW-IV|DR4.FC43354_SQR.PV;"2026-07-17 08:43:08,160003";"54,823169708252"
\\PIAF\PKN Orlen\PI Vision\PKN Orlen\ZAKŁAD PRODUKCYJNY PŁOCK\RAFINERIA\PR03 BLOK PRZEROBU ROPY\DRW-IV|DR4.FC43354_SQR.PV;"2026-07-17 08:45:03,223007";"54,9236602783203"
\\PIAF\PKN Orlen\PI Vision\PKN Orlen\ZAKŁAD PRODUKCYJNY PŁOCK\RAFINERIA\PR03 BLOK PRZEROBU ROPY\DRW-IV|DR4.FC43354_SQR.PV;"2026-07-17 08:49:18,17601";"54,3785095214844"
\\PIAF\PKN Orlen\PI Vision\PKN Orlen\ZAKŁAD PRODUKCYJNY PŁOCK\RAFINERIA\PR03 BLOK PRZEROBU ROPY\DRW-IV|DR4.FC43354_SQR.PV;"2026-07-17 08:51:58,19101";"54,0134963989258"
\\PIAF\PKN Orlen\PI Vision\PKN Orlen\ZAKŁAD PRODUKCYJNY PŁOCK\RAFINERIA\PR03 BLOK PRZEROBU ROPY\DRW-IV|DR4.FC43354_SQR.PV;"2026-07-17 08:53:58,17601";"54,4723815917969"
\\PIAF\PKN Orlen\PI Vision\PKN Orlen\ZAKŁAD PRODUKCYJNY PŁOCK\RAFINERIA\PR03 BLOK PRZEROBU ROPY\DRW-IV|DR4.FC43354_SQR.PV;"2026-07-17 08:57:13,19101";"55,7152976989746"
\\PIAF\PKN Orlen\PI Vision\PKN Orlen\ZAKŁAD PRODUKCYJNY PŁOCK\RAFINERIA\PR03 BLOK PRZEROBU ROPY\DRW-IV|DR4.FC43354_SQR.PV;"2026-07-17 08:58:58,113006";"55,7522125244141"
\\PIAF\PKN Orlen\PI Vision\PKN Orlen\ZAKŁAD PRODUKCYJNY PŁOCK\RAFINERIA\PR03 BLOK PRZEROBU ROPY\DRW-IV|DR4.FC43354_SQR.PV;"2026-07-17 09:04:38,160003";"54,2348670959473"
\\PIAF\PKN Orlen\PI Vision\PKN Orlen\ZAKŁAD PRODUKCYJNY PŁOCK\RAFINERIA\PR03 BLOK PRZEROBU ROPY\DRW-IV|DR4.FC43354_SQR.PV;"2026-07-17 09:07:53,19101";"54,0806159973145"
\\PIAF\PKN Orlen\PI Vision\PKN Orlen\ZAKŁAD PRODUKCYJNY PŁOCK\RAFINERIA\PR03 BLOK PRZEROBU ROPY\DRW-IV|DR4.FC43354_SQR.PV;"2026-07-17 09:11:08,129013";"55,1952743530273"
\\PIAF\PKN Orlen\PI Vision\PKN Orlen\ZAKŁAD PRODUKCYJNY PŁOCK\RAFINERIA\PR03 BLOK PRZEROBU ROPY\DRW-IV|DR4.FC43354_SQR.PV;"2026-07-17 09:14:18,113006";"54,6058654785156"
\\PIAF\PKN Orlen\PI Vision\PKN Orlen\ZAKŁAD PRODUKCYJNY PŁOCK\RAFINERIA\PR03 BLOK PRZEROBU ROPY\DRW-IV|DR4.FC43354_SQR.PV;"2026-07-17 09:17:18,144012";"53,2666854858398"
\\PIAF\PKN Orlen\PI Vision\PKN Orlen\ZAKŁAD PRODUKCYJNY PŁOCK\RAFINERIA\PR03 BLOK PRZEROBU ROPY\DRW-IV|DR4.FC43354_SQR.PV;"2026-07-17 09:19:33,223007";"52,9826889038086"
\\PIAF\PKN Orlen\PI Vision\PKN Orlen\ZAKŁAD PRODUKCYJNY PŁOCK\RAFINERIA\PR03 BLOK PRZEROBU ROPY\DRW-IV|DR4.FC43354_SQR.PV;"2026-07-17 09:23:03,129013";"53,6149368286133"
\\PIAF\PKN Orlen\PI Vision\PKN Orlen\ZAKŁAD PRODUKCYJNY PŁOCK\RAFINERIA\PR03 BLOK PRZEROBU ROPY\DRW-IV|DR4.FC43354_SQR.PV;"2026-07-17 09:25:43,160003";"54,7358894348145"
\\PIAF\PKN Orlen\PI Vision\PKN Orlen\ZAKŁAD PRODUKCYJNY PŁOCK\RAFINERIA\PR03 BLOK PRZEROBU ROPY\DRW-IV|DR4.FC43354_SQR.PV;"2026-07-17 09:29:13,160003";"54,6270446777344"
\\PIAF\PKN Orlen\PI Vision\PKN Orlen\ZAKŁAD PRODUKCYJNY PŁOCK\RAFINERIA\PR03 BLOK PRZEROBU ROPY\DRW-IV|DR4.FC43354_SQR.PV;"2026-07-17 09:32:48,207001";"53,8447418212891"
\\PIAF\PKN Orlen\PI Vision\PKN Orlen\ZAKŁAD PRODUKCYJNY PŁOCK\RAFINERIA\PR03 BLOK PRZEROBU ROPY\DRW-IV|DR4.FC43354_SQR.PV;"2026-07-17 09:35:33,145004";"54,2685317993164"
\\PIAF\PKN Orlen\PI Vision\PKN Orlen\ZAKŁAD PRODUKCYJNY PŁOCK\RAFINERIA\PR03 BLOK PRZEROBU ROPY\DRW-IV|DR4.FC43354_SQR.PV;"2026-07-17 09:41:53,144012";"54,4150314331055"
\\PIAF\PKN Orlen\PI Vision\PKN Orlen\ZAKŁAD PRODUKCYJNY PŁOCK\RAFINERIA\PR03 BLOK PRZEROBU ROPY\DRW-IV|DR4.FC43354_SQR.PV;"2026-07-17 09:45:43,17601";"54,032398223877"
\\PIAF\PKN Orlen\PI Vision\PKN Orlen\ZAKŁAD PRODUKCYJNY PŁOCK\RAFINERIA\PR03 BLOK PRZEROBU ROPY\DRW-IV|DR4.FC43354_SQR.PV;"2026-07-17 09:49:03,113006";"54,1461296081543"
\\PIAF\PKN Orlen\PI Vision\PKN Orlen\ZAKŁAD PRODUKCYJNY PŁOCK\RAFINERIA\PR03 BLOK PRZEROBU ROPY\DRW-IV|DR4.FC43354_SQR.PV;"2026-07-17 09:52:23,160003";"53,8022537231445"
\\PIAF\PKN Orlen\PI Vision\PKN Orlen\ZAKŁAD PRODUKCYJNY PŁOCK\RAFINERIA\PR03 BLOK PRZEROBU ROPY\DRW-IV|DR4.FC43354_SQR.PV;"2026-07-17 09:58:08,17601";"54,499095916748"
\\PIAF\PKN Orlen\PI Vision\PKN Orlen\ZAKŁAD PRODUKCYJNY PŁOCK\RAFINERIA\PR03 BLOK PRZEROBU ROPY\DRW-IV|DR4.FC43354_SQR.PV;"2026-07-17 10:00:53,129013";"54,0997161865234"
\\PIAF\PKN Orlen\PI Vision\PKN Orlen\ZAKŁAD PRODUKCYJNY PŁOCK\RAFINERIA\PR03 BLOK PRZEROBU ROPY\DRW-IV|DR4.FC43354_SQR.PV;"2026-07-17 10:03:33,17601";"53,3742446899414"
\\PIAF\PKN Orlen\PI Vision\PKN Orlen\ZAKŁAD PRODUKCYJNY PŁOCK\RAFINERIA\PR03 BLOK PRZEROBU ROPY\DRW-IV|DR4.FC43354_SQR.PV;"2026-07-17 10:06:13,19101";"53,7468490600586"
\\PIAF\PKN Orlen\PI Vision\PKN Orlen\ZAKŁAD PRODUKCYJNY PŁOCK\RAFINERIA\PR03 BLOK PRZEROBU ROPY\DRW-IV|DR4.FC43354_SQR.PV;"2026-07-17 10:08:13,19101";"54,3060569763184"
\\PIAF\PKN Orlen\PI Vision\PKN Orlen\ZAKŁAD PRODUKCYJNY PŁOCK\RAFINERIA\PR03 BLOK PRZEROBU ROPY\DRW-IV|DR4.FC43354_SQR.PV;"2026-07-17 10:15:23,160003";"54,1778411865234"
\\PIAF\PKN Orlen\PI Vision\PKN Orlen\ZAKŁAD PRODUKCYJNY PŁOCK\RAFINERIA\PR03 BLOK PRZEROBU ROPY\DRW-IV|DR4.FC43354_SQR.PV;"2026-07-17 10:20:53,17601";"54,2164649963379"
\\PIAF\PKN Orlen\PI Vision\PKN Orlen\ZAKŁAD PRODUKCYJNY PŁOCK\RAFINERIA\PR03 BLOK PRZEROBU ROPY\DRW-IV|DR4.FC43354_SQR.PV;"2026-07-17 10:30:18,129013";"54,1401100158691"
\\PIAF\PKN Orlen\PI Vision\PKN Orlen\ZAKŁAD PRODUKCYJNY PŁOCK\RAFINERIA\PR03 BLOK PRZEROBU ROPY\DRW-IV|DR4.FC43354_SQR.PV;"2026-07-17 10:35:38,17601";"54,0298614501953"
\\PIAF\PKN Orlen\PI Vision\PKN Orlen\ZAKŁAD PRODUKCYJNY PŁOCK\RAFINERIA\PR03 BLOK PRZEROBU ROPY\DRW-IV|DR4.FC43354_SQR.PV;"2026-07-17 10:38:18,19101";"54,383846282959"
\\PIAF\PKN Orlen\PI Vision\PKN Orlen\ZAKŁAD PRODUKCYJNY PŁOCK\RAFINERIA\PR03 BLOK PRZEROBU ROPY\DRW-IV|DR4.FC43354_SQR.PV;"2026-07-17 10:42:53,17601";"54,385066986084"
\\PIAF\PKN Orlen\PI Vision\PKN Orlen\ZAKŁAD PRODUKCYJNY PŁOCK\RAFINERIA\PR03 BLOK PRZEROBU ROPY\DRW-IV|DR4.FC43354_SQR.PV;"2026-07-17 10:50:43,19101";"54,0845603942871"
\\PIAF\PKN Orlen\PI Vision\PKN Orlen\ZAKŁAD PRODUKCYJNY PŁOCK\RAFINERIA\PR03 BLOK PRZEROBU ROPY\DRW-IV|DR4.FC43354_SQR.PV;"2026-07-17 10:57:33,145004";"54,4694442749023"
\\PIAF\PKN Orlen\PI Vision\PKN Orlen\ZAKŁAD PRODUKCYJNY PŁOCK\RAFINERIA\PR03 BLOK PRZEROBU ROPY\DRW-IV|DR4.FC43354_SQR.PV;"2026-07-17 11:02:28,17601";"53,9483413696289"
\\PIAF\PKN Orlen\PI Vision\PKN Orlen\ZAKŁAD PRODUKCYJNY PŁOCK\RAFINERIA\PR03 BLOK PRZEROBU ROPY\DRW-IV|DR4.FC43354_SQR.PV;"2026-07-17 11:09:08,19101";"53,8725967407227"
\\PIAF\PKN Orlen\PI Vision\PKN Orlen\ZAKŁAD PRODUKCYJNY PŁOCK\RAFINERIA\PR03 BLOK PRZEROBU ROPY\DRW-IV|DR4.FC43354_SQR.PV;"2026-07-17 11:15:08,17601";"54,321418762207"
\\PIAF\PKN Orlen\PI Vision\PKN Orlen\ZAKŁAD PRODUKCYJNY PŁOCK\RAFINERIA\PR03 BLOK PRZEROBU ROPY\DRW-IV|DR4.FC43354_SQR.PV;"2026-07-17 11:17:33,098007";"54,6031150817871"
\\PIAF\PKN Orlen\PI Vision\PKN Orlen\ZAKŁAD PRODUKCYJNY PŁOCK\RAFINERIA\PR03 BLOK PRZEROBU ROPY\DRW-IV|DR4.FC43354_SQR.PV;"2026-07-17 11:21:33,113006";"53,9987411499023"
\\PIAF\PKN Orlen\PI Vision\PKN Orlen\ZAKŁAD PRODUKCYJNY PŁOCK\RAFINERIA\PR03 BLOK PRZEROBU ROPY\DRW-IV|DR4.FC43354_SQR.PV;"2026-07-17 11:29:53,160003";"54,5736656188965"
\\PIAF\PKN Orlen\PI Vision\PKN Orlen\ZAKŁAD PRODUKCYJNY PŁOCK\RAFINERIA\PR03 BLOK PRZEROBU ROPY\DRW-IV|DR4.FC43354_SQR.PV;"2026-07-17 11:36:48,19101";"54,390625"
\\PIAF\PKN Orlen\PI Vision\PKN Orlen\ZAKŁAD PRODUKCYJNY PŁOCK\RAFINERIA\PR03 BLOK PRZEROBU ROPY\DRW-IV|DR4.FC43354_SQR.PV;"2026-07-17 11:39:53,160003";"53,9877281188965"
\\PIAF\PKN Orlen\PI Vision\PKN Orlen\ZAKŁAD PRODUKCYJNY PŁOCK\RAFINERIA\PR03 BLOK PRZEROBU ROPY\DRW-IV|DR4.FC43354_SQR.PV;"2026-07-17 11:49:23,129013";"54,5760650634766"
\\PIAF\PKN Orlen\PI Vision\PKN Orlen\ZAKŁAD PRODUKCYJNY PŁOCK\RAFINERIA\PR03 BLOK PRZEROBU ROPY\DRW-IV|DR4.FC43354_SQR.PV;"2026-07-17 11:53:33,082001";"53,8164749145508"
\\PIAF\PKN Orlen\PI Vision\PKN Orlen\ZAKŁAD PRODUKCYJNY PŁOCK\RAFINERIA\PR03 BLOK PRZEROBU ROPY\DRW-IV|DR4.FC43354_SQR.PV;"2026-07-17 11:58:03,129013";"53,9265594482422"
\\PIAF\PKN Orlen\PI Vision\PKN Orlen\ZAKŁAD PRODUKCYJNY PŁOCK\RAFINERIA\PR03 BLOK PRZEROBU ROPY\DRW-IV|DR4.FC43354_SQR.PV;"2026-07-17 12:02:03,113006";"54,6115989685059"
\\PIAF\PKN Orlen\PI Vision\PKN Orlen\ZAKŁAD PRODUKCYJNY PŁOCK\RAFINERIA\PR03 BLOK PRZEROBU ROPY\DRW-IV|DR4.FC43354_SQR.PV;"2026-07-17 12:08:03,113006";"54,0204658508301"
\\PIAF\PKN Orlen\PI Vision\PKN Orlen\ZAKŁAD PRODUKCYJNY PŁOCK\RAFINERIA\PR03 BLOK PRZEROBU ROPY\DRW-IV|DR4.FC43354_SQR.PV;"2026-07-17 12:13:43,17601";"54,6038398742676"
\\PIAF\PKN Orlen\PI Vision\PKN Orlen\ZAKŁAD PRODUKCYJNY PŁOCK\RAFINERIA\PR03 BLOK PRZEROBU ROPY\DRW-IV|DR4.FC43354_SQR.PV;"2026-07-17 12:14:58,098007";"54,8904151916504"
\\PIAF\PKN Orlen\PI Vision\PKN Orlen\ZAKŁAD PRODUKCYJNY PŁOCK\RAFINERIA\PR03 BLOK PRZEROBU ROPY\DRW-IV|DR4.FC43354_SQR.PV;"2026-07-17 12:18:08,082001";"54,5225830078125"
\\PIAF\PKN Orlen\PI Vision\PKN Orlen\ZAKŁAD PRODUKCYJNY PŁOCK\RAFINERIA\PR03 BLOK PRZEROBU ROPY\DRW-IV|DR4.FC43354_SQR.PV;"2026-07-17 12:23:28,160003";"54,6201705932617"
\\PIAF\PKN Orlen\PI Vision\PKN Orlen\ZAKŁAD PRODUKCYJNY PŁOCK\RAFINERIA\PR03 BLOK PRZEROBU ROPY\DRW-IV|DR4.FC43354_SQR.PV;"2026-07-17 12:26:23,098007";"54,3367881774902"
\\PIAF\PKN Orlen\PI Vision\PKN Orlen\ZAKŁAD PRODUKCYJNY PŁOCK\RAFINERIA\PR03 BLOK PRZEROBU ROPY\DRW-IV|DR4.FC43354_SQR.PV;"2026-07-17 12:30:08,098007";"54,4889450073242"
\\PIAF\PKN Orlen\PI Vision\PKN Orlen\ZAKŁAD PRODUKCYJNY PŁOCK\RAFINERIA\PR03 BLOK PRZEROBU ROPY\DRW-IV|DR4.FC43354_SQR.PV;"2026-07-17 12:31:33,082001";"54,2121238708496"
\\PIAF\PKN Orlen\PI Vision\PKN Orlen\ZAKŁAD PRODUKCYJNY PŁOCK\RAFINERIA\PR03 BLOK PRZEROBU ROPY\DRW-IV|DR4.FC43354_SQR.PV;"2026-07-17 12:37:18,160003";"54,6623878479004"
\\PIAF\PKN Orlen\PI Vision\PKN Orlen\ZAKŁAD PRODUKCYJNY PŁOCK\RAFINERIA\PR03 BLOK PRZEROBU ROPY\DRW-IV|DR4.FC43354_SQR.PV;"2026-07-17 12:40:33,082001";"55,0273857116699"
\\PIAF\PKN Orlen\PI Vision\PKN Orlen\ZAKŁAD PRODUKCYJNY PŁOCK\RAFINERIA\PR03 BLOK PRZEROBU ROPY\DRW-IV|DR4.FC43354_SQR.PV;"2026-07-17 12:43:18,145004";"54,7733993530273"
\\PIAF\PKN Orlen\PI Vision\PKN Orlen\ZAKŁAD PRODUKCYJNY PŁOCK\RAFINERIA\PR03 BLOK PRZEROBU ROPY\DRW-IV|DR4.FC43354_SQR.PV;"2026-07-17 12:46:48,145004";"54,2730102539063"
\\PIAF\PKN Orlen\PI Vision\PKN Orlen\ZAKŁAD PRODUKCYJNY PŁOCK\RAFINERIA\PR03 BLOK PRZEROBU ROPY\DRW-IV|DR4.FC43354_SQR.PV;"2026-07-17 12:50:58,06601";"54,3208312988281"
\\PIAF\PKN Orlen\PI Vision\PKN Orlen\ZAKŁAD PRODUKCYJNY PŁOCK\RAFINERIA\PR03 BLOK PRZEROBU ROPY\DRW-IV|DR4.FC43354_SQR.PV;"2026-07-17 12:53:03,098007";"54,9649925231934"
\\PIAF\PKN Orlen\PI Vision\PKN Orlen\ZAKŁAD PRODUKCYJNY PŁOCK\RAFINERIA\PR03 BLOK PRZEROBU ROPY\DRW-IV|DR4.FC43354_SQR.PV;"2026-07-17 12:56:23,145004";"54,8912887573242"
\\PIAF\PKN Orlen\PI Vision\PKN Orlen\ZAKŁAD PRODUKCYJNY PŁOCK\RAFINERIA\PR03 BLOK PRZEROBU ROPY\DRW-IV|DR4.FC43354_SQR.PV;"2026-07-17 13:02:08,129013";"53,5865707397461"
\\PIAF\PKN Orlen\PI Vision\PKN Orlen\ZAKŁAD PRODUKCYJNY PŁOCK\RAFINERIA\PR03 BLOK PRZEROBU ROPY\DRW-IV|DR4.FC43354_SQR.PV;"2026-07-17 13:10:33,145004";"53,872859954834"
\\PIAF\PKN Orlen\PI Vision\PKN Orlen\ZAKŁAD PRODUKCYJNY PŁOCK\RAFINERIA\PR03 BLOK PRZEROBU ROPY\DRW-IV|DR4.FC43354_SQR.PV;"2026-07-17 13:14:23,06601";"53,9583892822266"
\\PIAF\PKN Orlen\PI Vision\PKN Orlen\ZAKŁAD PRODUKCYJNY PŁOCK\RAFINERIA\PR03 BLOK PRZEROBU ROPY\DRW-IV|DR4.FC43354_SQR.PV;"2026-07-17 13:18:23,160003";"54,7375106811523"
\\PIAF\PKN Orlen\PI Vision\PKN Orlen\ZAKŁAD PRODUKCYJNY PŁOCK\RAFINERIA\PR03 BLOK PRZEROBU ROPY\DRW-IV|DR4.FC43354_SQR.PV;"2026-07-17 13:21:43,098007";"54,8126907348633"
\\PIAF\PKN Orlen\PI Vision\PKN Orlen\ZAKŁAD PRODUKCYJNY PŁOCK\RAFINERIA\PR03 BLOK PRZEROBU ROPY\DRW-IV|DR4.FC43354_SQR.PV;"2026-07-17 13:25:23,145004";"54,1141586303711"
\\PIAF\PKN Orlen\PI Vision\PKN Orlen\ZAKŁAD PRODUKCYJNY PŁOCK\RAFINERIA\PR03 BLOK PRZEROBU ROPY\DRW-IV|DR4.FC43354_SQR.PV;"2026-07-17 13:27:58,129013";"53,7584686279297"
\\PIAF\PKN Orlen\PI Vision\PKN Orlen\ZAKŁAD PRODUKCYJNY PŁOCK\RAFINERIA\PR03 BLOK PRZEROBU ROPY\DRW-IV|DR4.FC43354_SQR.PV;"2026-07-17 13:30:58,151001";"54,0509185791016"
\\PIAF\PKN Orlen\PI Vision\PKN Orlen\ZAKŁAD PRODUKCYJNY PŁOCK\RAFINERIA\PR03 BLOK PRZEROBU ROPY\DRW-IV|DR4.FC43354_SQR.PV;"2026-07-17 13:34:58,166016";"55,2238998413086"
\\PIAF\PKN Orlen\PI Vision\PKN Orlen\ZAKŁAD PRODUKCYJNY PŁOCK\RAFINERIA\PR03 BLOK PRZEROBU ROPY\DRW-IV|DR4.FC43354_SQR.PV;"2026-07-17 13:42:28,198013";"54,3572692871094"
\\PIAF\PKN Orlen\PI Vision\PKN Orlen\ZAKŁAD PRODUKCYJNY PŁOCK\RAFINERIA\PR03 BLOK PRZEROBU ROPY\DRW-IV|DR4.FC43354_SQR.PV;"2026-07-17 13:48:58,166";"54,2274703979492"
\\PIAF\PKN Orlen\PI Vision\PKN Orlen\ZAKŁAD PRODUKCYJNY PŁOCK\RAFINERIA\PR03 BLOK PRZEROBU ROPY\DRW-IV|DR4.FC43354_SQR.PV;"2026-07-17 13:54:28,166";"53,5585174560547"
\\PIAF\PKN Orlen\PI Vision\PKN Orlen\ZAKŁAD PRODUKCYJNY PŁOCK\RAFINERIA\PR03 BLOK PRZEROBU ROPY\DRW-IV|DR4.FC43354_SQR.PV;"2026-07-17 13:58:28,05101";"53,1711235046387"
\\PIAF\PKN Orlen\PI Vision\PKN Orlen\ZAKŁAD PRODUKCYJNY PŁOCK\RAFINERIA\PR03 BLOK PRZEROBU ROPY\DRW-IV|DR4.FC43354_SQR.PV;"2026-07-17 14:01:48,213012";"53,2232093811035"
\\PIAF\PKN Orlen\PI Vision\PKN Orlen\ZAKŁAD PRODUKCYJNY PŁOCK\RAFINERIA\PR03 BLOK PRZEROBU ROPY\DRW-IV|DR4.FC43354_SQR.PV;"2026-07-17 14:05:58,213012";"53,7319984436035"
\\PIAF\PKN Orlen\PI Vision\PKN Orlen\ZAKŁAD PRODUKCYJNY PŁOCK\RAFINERIA\PR03 BLOK PRZEROBU ROPY\DRW-IV|DR4.FC43354_SQR.PV;"2026-07-17 14:16:13,182007";"53,3946723937988"
\\PIAF\PKN Orlen\PI Vision\PKN Orlen\ZAKŁAD PRODUKCYJNY PŁOCK\RAFINERIA\PR03 BLOK PRZEROBU ROPY\DRW-IV|DR4.FC43354_SQR.PV;"2026-07-17 14:22:58,198013";"54,3111457824707"
\\PIAF\PKN Orlen\PI Vision\PKN Orlen\ZAKŁAD PRODUKCYJNY PŁOCK\RAFINERIA\PR03 BLOK PRZEROBU ROPY\DRW-IV|DR4.FC43354_SQR.PV;"2026-07-17 14:27:03,198013";"53,8393020629883"
\\PIAF\PKN Orlen\PI Vision\PKN Orlen\ZAKŁAD PRODUKCYJNY PŁOCK\RAFINERIA\PR03 BLOK PRZEROBU ROPY\DRW-IV|DR4.FC43354_SQR.PV;"2026-07-17 14:29:28,229004";"53,187183380127"
\\PIAF\PKN Orlen\PI Vision\PKN Orlen\ZAKŁAD PRODUKCYJNY PŁOCK\RAFINERIA\PR03 BLOK PRZEROBU ROPY\DRW-IV|DR4.FC43354_SQR.PV;"2026-07-17 14:32:08,24501";"53,2802124023438"
\\PIAF\PKN Orlen\PI Vision\PKN Orlen\ZAKŁAD PRODUKCYJNY PŁOCK\RAFINERIA\PR03 BLOK PRZEROBU ROPY\DRW-IV|DR4.FC43354_SQR.PV;"2026-07-17 14:38:18,166";"54,5052909851074"
\\PIAF\PKN Orlen\PI Vision\PKN Orlen\ZAKŁAD PRODUKCYJNY PŁOCK\RAFINERIA\PR03 BLOK PRZEROBU ROPY\DRW-IV|DR4.FC43354_SQR.PV;"2026-07-17 14:42:58,182007";"54,0159111022949"
\\PIAF\PKN Orlen\PI Vision\PKN Orlen\ZAKŁAD PRODUKCYJNY PŁOCK\RAFINERIA\PR03 BLOK PRZEROBU ROPY\DRW-IV|DR4.FC43354_SQR.PV;"2026-07-17 14:46:03,198013";"53,5340957641602"
\\PIAF\PKN Orlen\PI Vision\PKN Orlen\ZAKŁAD PRODUKCYJNY PŁOCK\RAFINERIA\PR03 BLOK PRZEROBU ROPY\DRW-IV|DR4.FC43354_SQR.PV;"2026-07-17 14:49:28,166";"53,9052734375"
\\PIAF\PKN Orlen\PI Vision\PKN Orlen\ZAKŁAD PRODUKCYJNY PŁOCK\RAFINERIA\PR03 BLOK PRZEROBU ROPY\DRW-IV|DR4.FC43354_SQR.PV;"2026-07-17 14:53:18,198013";"54,4565963745117"
\\PIAF\PKN Orlen\PI Vision\PKN Orlen\ZAKŁAD PRODUKCYJNY PŁOCK\RAFINERIA\PR03 BLOK PRZEROBU ROPY\DRW-IV|DR4.FC43354_SQR.PV;"2026-07-17 14:57:18,182007";"54,0632438659668"
\\PIAF\PKN Orlen\PI Vision\PKN Orlen\ZAKŁAD PRODUKCYJNY PŁOCK\RAFINERIA\PR03 BLOK PRZEROBU ROPY\DRW-IV|DR4.FC43354_SQR.PV;"2026-07-17 15:00:43,166";"53,2923126220703"
\\PIAF\PKN Orlen\PI Vision\PKN Orlen\ZAKŁAD PRODUKCYJNY PŁOCK\RAFINERIA\PR03 BLOK PRZEROBU ROPY\DRW-IV|DR4.FC43354_SQR.PV;"2026-07-17 15:04:53,213012";"53,6357116699219"
\\PIAF\PKN Orlen\PI Vision\PKN Orlen\ZAKŁAD PRODUKCYJNY PŁOCK\RAFINERIA\PR03 BLOK PRZEROBU ROPY\DRW-IV|DR4.FC43354_SQR.PV;"2026-07-17 15:07:43,182007";"54,3594436645508"
\\PIAF\PKN Orlen\PI Vision\PKN Orlen\ZAKŁAD PRODUKCYJNY PŁOCK\RAFINERIA\PR03 BLOK PRZEROBU ROPY\DRW-IV|DR4.FC43354_SQR.PV;"2026-07-17 15:10:18,166";"54,2531051635742"
\\PIAF\PKN Orlen\PI Vision\PKN Orlen\ZAKŁAD PRODUKCYJNY PŁOCK\RAFINERIA\PR03 BLOK PRZEROBU ROPY\DRW-IV|DR4.FC43354_SQR.PV;"2026-07-17 15:14:23,198013";"53,8000068664551"
\\PIAF\PKN Orlen\PI Vision\PKN Orlen\ZAKŁAD PRODUKCYJNY PŁOCK\RAFINERIA\PR03 BLOK PRZEROBU ROPY\DRW-IV|DR4.FC43354_SQR.PV;"2026-07-17 15:18:23,166";"53,9445724487305"
\\PIAF\PKN Orlen\PI Vision\PKN Orlen\ZAKŁAD PRODUKCYJNY PŁOCK\RAFINERIA\PR03 BLOK PRZEROBU ROPY\DRW-IV|DR4.FC43354_SQR.PV;"2026-07-17 15:26:28,166";"53,7683944702148"
\\PIAF\PKN Orlen\PI Vision\PKN Orlen\ZAKŁAD PRODUKCYJNY PŁOCK\RAFINERIA\PR03 BLOK PRZEROBU ROPY\DRW-IV|DR4.FC43354_SQR.PV;"2026-07-17 15:31:03,24501";"53,8815803527832"
\\PIAF\PKN Orlen\PI Vision\PKN Orlen\ZAKŁAD PRODUKCYJNY PŁOCK\RAFINERIA\PR03 BLOK PRZEROBU ROPY\DRW-IV|DR4.FC43354_SQR.PV;"2026-07-17 15:33:38,24501";"53,5898971557617"
\\PIAF\PKN Orlen\PI Vision\PKN Orlen\ZAKŁAD PRODUKCYJNY PŁOCK\RAFINERIA\PR03 BLOK PRZEROBU ROPY\DRW-IV|DR4.FC43354_SQR.PV;"2026-07-17 15:40:28,213012";"53,9985466003418"
\\PIAF\PKN Orlen\PI Vision\PKN Orlen\ZAKŁAD PRODUKCYJNY PŁOCK\RAFINERIA\PR03 BLOK PRZEROBU ROPY\DRW-IV|DR4.FC43354_SQR.PV;"2026-07-17 15:53:18,182007";"54,2386474609375"
\\PIAF\PKN Orlen\PI Vision\PKN Orlen\ZAKŁAD PRODUKCYJNY PŁOCK\RAFINERIA\PR03 BLOK PRZEROBU ROPY\DRW-IV|DR4.FC43354_SQR.PV;"2026-07-17 15:57:28,213012";"54,5370140075684"
\\PIAF\PKN Orlen\PI Vision\PKN Orlen\ZAKŁAD PRODUKCYJNY PŁOCK\RAFINERIA\PR03 BLOK PRZEROBU ROPY\DRW-IV|DR4.FC43354_SQR.PV;"2026-07-17 16:01:43,198013";"53,9300003051758"
\\PIAF\PKN Orlen\PI Vision\PKN Orlen\ZAKŁAD PRODUKCYJNY PŁOCK\RAFINERIA\PR03 BLOK PRZEROBU ROPY\DRW-IV|DR4.FC43354_SQR.PV;"2026-07-17 16:07:58,182007";"54,1954956054688"
\\PIAF\PKN Orlen\PI Vision\PKN Orlen\ZAKŁAD PRODUKCYJNY PŁOCK\RAFINERIA\PR03 BLOK PRZEROBU ROPY\DRW-IV|DR4.FC43354_SQR.PV;"2026-07-17 16:11:13,24501";"54,5143127441406"
\\PIAF\PKN Orlen\PI Vision\PKN Orlen\ZAKŁAD PRODUKCYJNY PŁOCK\RAFINERIA\PR03 BLOK PRZEROBU ROPY\DRW-IV|DR4.FC43354_SQR.PV;"2026-07-17 16:16:23,13501";"54,0815658569336"
\\PIAF\PKN Orlen\PI Vision\PKN Orlen\ZAKŁAD PRODUKCYJNY PŁOCK\RAFINERIA\PR03 BLOK PRZEROBU ROPY\DRW-IV|DR4.FC43354_SQR.PV;"2026-07-17 16:19:43,198013";"53,7876281738281"
\\PIAF\PKN Orlen\PI Vision\PKN Orlen\ZAKŁAD PRODUKCYJNY PŁOCK\RAFINERIA\PR03 BLOK PRZEROBU ROPY\DRW-IV|DR4.FC43354_SQR.PV;"2026-07-17 16:27:08,166";"54,4933776855469"
\\PIAF\PKN Orlen\PI Vision\PKN Orlen\ZAKŁAD PRODUKCYJNY PŁOCK\RAFINERIA\PR03 BLOK PRZEROBU ROPY\DRW-IV|DR4.FC43354_SQR.PV;"2026-07-17 16:42:38,182007";"54,0255279541016"
\\PIAF\PKN Orlen\PI Vision\PKN Orlen\ZAKŁAD PRODUKCYJNY PŁOCK\RAFINERIA\PR03 BLOK PRZEROBU ROPY\DRW-IV|DR4.FC43354_SQR.PV;"2026-07-17 16:57:33,13501";"54,0524368286133"
\\PIAF\PKN Orlen\PI Vision\PKN Orlen\ZAKŁAD PRODUKCYJNY PŁOCK\RAFINERIA\PR03 BLOK PRZEROBU ROPY\DRW-IV|DR4.FC43354_SQR.PV;"2026-07-17 17:02:28,151001";"53,682933807373"
\\PIAF\PKN Orlen\PI Vision\PKN Orlen\ZAKŁAD PRODUKCYJNY PŁOCK\RAFINERIA\PR03 BLOK PRZEROBU ROPY\DRW-IV|DR4.FC43354_SQR.PV;"2026-07-17 17:06:53,166";"54,422248840332"
\\PIAF\PKN Orlen\PI Vision\PKN Orlen\ZAKŁAD PRODUKCYJNY PŁOCK\RAFINERIA\PR03 BLOK PRZEROBU ROPY\DRW-IV|DR4.FC43354_SQR.PV;"2026-07-17 17:08:43,213012";"54,8575325012207"
\\PIAF\PKN Orlen\PI Vision\PKN Orlen\ZAKŁAD PRODUKCYJNY PŁOCK\RAFINERIA\PR03 BLOK PRZEROBU ROPY\DRW-IV|DR4.FC43354_SQR.PV;"2026-07-17 17:11:58,13501";"54,3176727294922"
\\PIAF\PKN Orlen\PI Vision\PKN Orlen\ZAKŁAD PRODUKCYJNY PŁOCK\RAFINERIA\PR03 BLOK PRZEROBU ROPY\DRW-IV|DR4.FC43354_SQR.PV;"2026-07-17 17:14:33,198013";"53,8585395812988"
\\PIAF\PKN Orlen\PI Vision\PKN Orlen\ZAKŁAD PRODUKCYJNY PŁOCK\RAFINERIA\PR03 BLOK PRZEROBU ROPY\DRW-IV|DR4.FC43354_SQR.PV;"2026-07-17 17:22:18,151001";"54,6697807312012"
\\PIAF\PKN Orlen\PI Vision\PKN Orlen\ZAKŁAD PRODUKCYJNY PŁOCK\RAFINERIA\PR03 BLOK PRZEROBU ROPY\DRW-IV|DR4.FC43354_SQR.PV;"2026-07-17 17:26:23,166";"54,593074798584"
\\PIAF\PKN Orlen\PI Vision\PKN Orlen\ZAKŁAD PRODUKCYJNY PŁOCK\RAFINERIA\PR03 BLOK PRZEROBU ROPY\DRW-IV|DR4.FC43354_SQR.PV;"2026-07-17 17:29:53,198013";"54,0107154846191"
\\PIAF\PKN Orlen\PI Vision\PKN Orlen\ZAKŁAD PRODUKCYJNY PŁOCK\RAFINERIA\PR03 BLOK PRZEROBU ROPY\DRW-IV|DR4.FC43354_SQR.PV;"2026-07-17 17:34:23,151001";"54,3368988037109"
\\PIAF\PKN Orlen\PI Vision\PKN Orlen\ZAKŁAD PRODUKCYJNY PŁOCK\RAFINERIA\PR03 BLOK PRZEROBU ROPY\DRW-IV|DR4.FC43354_SQR.PV;"2026-07-17 17:40:18,12001";"54,5511131286621"
\\PIAF\PKN Orlen\PI Vision\PKN Orlen\ZAKŁAD PRODUKCYJNY PŁOCK\RAFINERIA\PR03 BLOK PRZEROBU ROPY\DRW-IV|DR4.FC43354_SQR.PV;"2026-07-17 17:44:58,13501";"53,9611282348633"
\\PIAF\PKN Orlen\PI Vision\PKN Orlen\ZAKŁAD PRODUKCYJNY PŁOCK\RAFINERIA\PR03 BLOK PRZEROBU ROPY\DRW-IV|DR4.FC43354_SQR.PV;"2026-07-17 17:54:23,182007";"54,3908729553223"
\\PIAF\PKN Orlen\PI Vision\PKN Orlen\ZAKŁAD PRODUKCYJNY PŁOCK\RAFINERIA\PR03 BLOK PRZEROBU ROPY\DRW-IV|DR4.FC43354_SQR.PV;"2026-07-17 17:56:58,182007";"54,5758628845215"
\\PIAF\PKN Orlen\PI Vision\PKN Orlen\ZAKŁAD PRODUKCYJNY PŁOCK\RAFINERIA\PR03 BLOK PRZEROBU ROPY\DRW-IV|DR4.FC43354_SQR.PV;"2026-07-17 18:00:43,182007";"54,0216293334961"
\\PIAF\PKN Orlen\PI Vision\PKN Orlen\ZAKŁAD PRODUKCYJNY PŁOCK\RAFINERIA\PR03 BLOK PRZEROBU ROPY\DRW-IV|DR4.FC43354_SQR.PV;"2026-07-17 18:15:03,182007";"54,3721237182617"
\\PIAF\PKN Orlen\PI Vision\PKN Orlen\ZAKŁAD PRODUKCYJNY PŁOCK\RAFINERIA\PR03 BLOK PRZEROBU ROPY\DRW-IV|DR4.FC43354_SQR.PV;"2026-07-17 18:22:08,13501";"53,6902618408203"
\\PIAF\PKN Orlen\PI Vision\PKN Orlen\ZAKŁAD PRODUKCYJNY PŁOCK\RAFINERIA\PR03 BLOK PRZEROBU ROPY\DRW-IV|DR4.FC43354_SQR.PV;"2026-07-17 18:30:38,104004";"54,0408096313477"
\\PIAF\PKN Orlen\PI Vision\PKN Orlen\ZAKŁAD PRODUKCYJNY PŁOCK\RAFINERIA\PR03 BLOK PRZEROBU ROPY\DRW-IV|DR4.FC43354_SQR.PV;"2026-07-17 18:34:58,12001";"53,8278388977051"
\\PIAF\PKN Orlen\PI Vision\PKN Orlen\ZAKŁAD PRODUKCYJNY PŁOCK\RAFINERIA\PR03 BLOK PRZEROBU ROPY\DRW-IV|DR4.FC43354_SQR.PV;"2026-07-17 18:55:48,198013";"53,7224197387695"
\\PIAF\PKN Orlen\PI Vision\PKN Orlen\ZAKŁAD PRODUKCYJNY PŁOCK\RAFINERIA\PR03 BLOK PRZEROBU ROPY\DRW-IV|DR4.FC43354_SQR.PV;"2026-07-17 19:07:53,12001";"53,9890174865723"
\\PIAF\PKN Orlen\PI Vision\PKN Orlen\ZAKŁAD PRODUKCYJNY PŁOCK\RAFINERIA\PR03 BLOK PRZEROBU ROPY\DRW-IV|DR4.FC43354_SQR.PV;"2026-07-17 19:17:28,151001";"53,5661888122559"
\\PIAF\PKN Orlen\PI Vision\PKN Orlen\ZAKŁAD PRODUKCYJNY PŁOCK\RAFINERIA\PR03 BLOK PRZEROBU ROPY\DRW-IV|DR4.FC43354_SQR.PV;"2026-07-17 19:27:13,12001";"53,8031730651855"
\\PIAF\PKN Orlen\PI Vision\PKN Orlen\ZAKŁAD PRODUKCYJNY PŁOCK\RAFINERIA\PR03 BLOK PRZEROBU ROPY\DRW-IV|DR4.FC43354_SQR.PV;"2026-07-17 19:33:03,104004";"53,8270454406738"
\\PIAF\PKN Orlen\PI Vision\PKN Orlen\ZAKŁAD PRODUKCYJNY PŁOCK\RAFINERIA\PR03 BLOK PRZEROBU ROPY\DRW-IV|DR4.FC43354_SQR.PV;"2026-07-17 19:41:58,12001";"54,0095596313477"
\\PIAF\PKN Orlen\PI Vision\PKN Orlen\ZAKŁAD PRODUKCYJNY PŁOCK\RAFINERIA\PR03 BLOK PRZEROBU ROPY\DRW-IV|DR4.FC43354_SQR.PV;"2026-07-17 19:47:33,166";"53,9117088317871"
\\PIAF\PKN Orlen\PI Vision\PKN Orlen\ZAKŁAD PRODUKCYJNY PŁOCK\RAFINERIA\PR03 BLOK PRZEROBU ROPY\DRW-IV|DR4.FC43354_SQR.PV;"2026-07-17 19:57:38,182007";"54,2117958068848"
\\PIAF\PKN Orlen\PI Vision\PKN Orlen\ZAKŁAD PRODUKCYJNY PŁOCK\RAFINERIA\PR03 BLOK PRZEROBU ROPY\DRW-IV|DR4.FC43354_SQR.PV;"2026-07-17 20:02:53,13501";"53,7551155090332"
\\PIAF\PKN Orlen\PI Vision\PKN Orlen\ZAKŁAD PRODUKCYJNY PŁOCK\RAFINERIA\PR03 BLOK PRZEROBU ROPY\DRW-IV|DR4.FC43354_SQR.PV;"2026-07-17 20:13:18,151001";"54,1267623901367"
\\PIAF\PKN Orlen\PI Vision\PKN Orlen\ZAKŁAD PRODUKCYJNY PŁOCK\RAFINERIA\PR03 BLOK PRZEROBU ROPY\DRW-IV|DR4.FC43354_SQR.PV;"2026-07-17 20:17:08,088012";"53,562816619873"
\\PIAF\PKN Orlen\PI Vision\PKN Orlen\ZAKŁAD PRODUKCYJNY PŁOCK\RAFINERIA\PR03 BLOK PRZEROBU ROPY\DRW-IV|DR4.FC43354_SQR.PV;"2026-07-17 20:26:28,166016";"54,0108947753906"
\\PIAF\PKN Orlen\PI Vision\PKN Orlen\ZAKŁAD PRODUKCYJNY PŁOCK\RAFINERIA\PR03 BLOK PRZEROBU ROPY\DRW-IV|DR4.FC43354_SQR.PV;"2026-07-17 20:32:23,151001";"53,7230491638184"
\\PIAF\PKN Orlen\PI Vision\PKN Orlen\ZAKŁAD PRODUKCYJNY PŁOCK\RAFINERIA\PR03 BLOK PRZEROBU ROPY\DRW-IV|DR4.FC43354_SQR.PV;"2026-07-17 20:46:28,166";"53,7903938293457"
\\PIAF\PKN Orlen\PI Vision\PKN Orlen\ZAKŁAD PRODUKCYJNY PŁOCK\RAFINERIA\PR03 BLOK PRZEROBU ROPY\DRW-IV|DR4.FC43354_SQR.PV;"2026-07-17 20:54:38,151001";"53,1967086791992"
\\PIAF\PKN Orlen\PI Vision\PKN Orlen\ZAKŁAD PRODUKCYJNY PŁOCK\RAFINERIA\PR03 BLOK PRZEROBU ROPY\DRW-IV|DR4.FC43354_SQR.PV;"2026-07-17 21:01:53,104004";"53,5859413146973"
\\PIAF\PKN Orlen\PI Vision\PKN Orlen\ZAKŁAD PRODUKCYJNY PŁOCK\RAFINERIA\PR03 BLOK PRZEROBU ROPY\DRW-IV|DR4.FC43354_SQR.PV;"2026-07-17 21:06:38,13501";"53,2841949462891"
\\PIAF\PKN Orlen\PI Vision\PKN Orlen\ZAKŁAD PRODUKCYJNY PŁOCK\RAFINERIA\PR03 BLOK PRZEROBU ROPY\DRW-IV|DR4.FC43354_SQR.PV;"2026-07-17 21:11:23,088012";"53,0529251098633"
\\PIAF\PKN Orlen\PI Vision\PKN Orlen\ZAKŁAD PRODUKCYJNY PŁOCK\RAFINERIA\PR03 BLOK PRZEROBU ROPY\DRW-IV|DR4.FC43354_SQR.PV;"2026-07-17 21:20:03,104004";"53,5494804382324"
\\PIAF\PKN Orlen\PI Vision\PKN Orlen\ZAKŁAD PRODUKCYJNY PŁOCK\RAFINERIA\PR03 BLOK PRZEROBU ROPY\DRW-IV|DR4.FC43354_SQR.PV;"2026-07-17 21:26:38,12001";"53,2150344848633"
\\PIAF\PKN Orlen\PI Vision\PKN Orlen\ZAKŁAD PRODUKCYJNY PŁOCK\RAFINERIA\PR03 BLOK PRZEROBU ROPY\DRW-IV|DR4.FC43354_SQR.PV;"2026-07-17 21:32:03,13501";"53,5014610290527"
\\PIAF\PKN Orlen\PI Vision\PKN Orlen\ZAKŁAD PRODUKCYJNY PŁOCK\RAFINERIA\PR03 BLOK PRZEROBU ROPY\DRW-IV|DR4.FC43354_SQR.PV;"2026-07-17 21:40:23,173004";"53,1789627075195"
\\PIAF\PKN Orlen\PI Vision\PKN Orlen\ZAKŁAD PRODUKCYJNY PŁOCK\RAFINERIA\PR03 BLOK PRZEROBU ROPY\DRW-IV|DR4.FC43354_SQR.PV;"2026-07-17 21:46:53,151001";"53,6382179260254"
\\PIAF\PKN Orlen\PI Vision\PKN Orlen\ZAKŁAD PRODUKCYJNY PŁOCK\RAFINERIA\PR03 BLOK PRZEROBU ROPY\DRW-IV|DR4.FC43354_SQR.PV;"2026-07-17 21:54:48,13501";"53,3584403991699"
\\PIAF\PKN Orlen\PI Vision\PKN Orlen\ZAKŁAD PRODUKCYJNY PŁOCK\RAFINERIA\PR03 BLOK PRZEROBU ROPY\DRW-IV|DR4.FC43354_SQR.PV;"2026-07-17 22:02:58,073013";"53,5549278259277"
\\PIAF\PKN Orlen\PI Vision\PKN Orlen\ZAKŁAD PRODUKCYJNY PŁOCK\RAFINERIA\PR03 BLOK PRZEROBU ROPY\DRW-IV|DR4.FC43354_SQR.PV;"2026-07-17 22:06:38,235001";"53,3056526184082"
\\PIAF\PKN Orlen\PI Vision\PKN Orlen\ZAKŁAD PRODUKCYJNY PŁOCK\RAFINERIA\PR03 BLOK PRZEROBU ROPY\DRW-IV|DR4.FC43354_SQR.PV;"2026-07-17 22:16:08,220001";"53,6072196960449"
\\PIAF\PKN Orlen\PI Vision\PKN Orlen\ZAKŁAD PRODUKCYJNY PŁOCK\RAFINERIA\PR03 BLOK PRZEROBU ROPY\DRW-IV|DR4.FC43354_SQR.PV;"2026-07-17 22:17:18,220001";"53,8999938964844"
\\PIAF\PKN Orlen\PI Vision\PKN Orlen\ZAKŁAD PRODUKCYJNY PŁOCK\RAFINERIA\PR03 BLOK PRZEROBU ROPY\DRW-IV|DR4.FC43354_SQR.PV;"2026-07-17 22:24:13,235001";"53,9933700561523"
\\PIAF\PKN Orlen\PI Vision\PKN Orlen\ZAKŁAD PRODUKCYJNY PŁOCK\RAFINERIA\PR03 BLOK PRZEROBU ROPY\DRW-IV|DR4.FC43354_SQR.PV;"2026-07-17 22:26:58,188004";"53,8849792480469"
\\PIAF\PKN Orlen\PI Vision\PKN Orlen\ZAKŁAD PRODUKCYJNY PŁOCK\RAFINERIA\PR03 BLOK PRZEROBU ROPY\DRW-IV|DR4.FC43354_SQR.PV;"2026-07-17 22:32:53,235001";"55,0404167175293"
\\PIAF\PKN Orlen\PI Vision\PKN Orlen\ZAKŁAD PRODUKCYJNY PŁOCK\RAFINERIA\PR03 BLOK PRZEROBU ROPY\DRW-IV|DR4.FC43354_SQR.PV;"2026-07-17 22:37:28,235016";"54,7583045959473"
\\PIAF\PKN Orlen\PI Vision\PKN Orlen\ZAKŁAD PRODUKCYJNY PŁOCK\RAFINERIA\PR03 BLOK PRZEROBU ROPY\DRW-IV|DR4.FC43354_SQR.PV;"2026-07-17 22:42:43,188004";"53,9169692993164"
\\PIAF\PKN Orlen\PI Vision\PKN Orlen\ZAKŁAD PRODUKCYJNY PŁOCK\RAFINERIA\PR03 BLOK PRZEROBU ROPY\DRW-IV|DR4.FC43354_SQR.PV;"2026-07-17 22:54:38,251007";"54,3401870727539"
\\PIAF\PKN Orlen\PI Vision\PKN Orlen\ZAKŁAD PRODUKCYJNY PŁOCK\RAFINERIA\PR03 BLOK PRZEROBU ROPY\DRW-IV|DR4.FC43354_SQR.PV;"2026-07-17 23:02:13,251007";"54,2702178955078"
\\PIAF\PKN Orlen\PI Vision\PKN Orlen\ZAKŁAD PRODUKCYJNY PŁOCK\RAFINERIA\PR03 BLOK PRZEROBU ROPY\DRW-IV|DR4.FC43354_SQR.PV;"2026-07-17 23:05:53,157013";"54,2380332946777"
\\PIAF\PKN Orlen\PI Vision\PKN Orlen\ZAKŁAD PRODUKCYJNY PŁOCK\RAFINERIA\PR03 BLOK PRZEROBU ROPY\DRW-IV|DR4.FC43354_SQR.PV;"2026-07-17 23:10:28,173004";"53,6837310791016"
\\PIAF\PKN Orlen\PI Vision\PKN Orlen\ZAKŁAD PRODUKCYJNY PŁOCK\RAFINERIA\PR03 BLOK PRZEROBU ROPY\DRW-IV|DR4.FC43354_SQR.PV;"2026-07-17 23:19:13,220001";"54,4497718811035"
\\PIAF\PKN Orlen\PI Vision\PKN Orlen\ZAKŁAD PRODUKCYJNY PŁOCK\RAFINERIA\PR03 BLOK PRZEROBU ROPY\DRW-IV|DR4.FC43354_SQR.PV;"2026-07-17 23:21:43,188004";"53,9688758850098"
\\PIAF\PKN Orlen\PI Vision\PKN Orlen\ZAKŁAD PRODUKCYJNY PŁOCK\RAFINERIA\PR03 BLOK PRZEROBU ROPY\DRW-IV|DR4.FC43354_SQR.PV;"2026-07-17 23:32:18,188004";"53,9198532104492"
\\PIAF\PKN Orlen\PI Vision\PKN Orlen\ZAKŁAD PRODUKCYJNY PŁOCK\RAFINERIA\PR03 BLOK PRZEROBU ROPY\DRW-IV|DR4.FC43354_SQR.PV;"2026-07-17 23:40:03,235016";"53,8772888183594"
\\PIAF\PKN Orlen\PI Vision\PKN Orlen\ZAKŁAD PRODUKCYJNY PŁOCK\RAFINERIA\PR03 BLOK PRZEROBU ROPY\DRW-IV|DR4.FC43354_SQR.PV;"2026-07-17 23:46:48,20401";"53,9132461547852"
\\PIAF\PKN Orlen\PI Vision\PKN Orlen\ZAKŁAD PRODUKCYJNY PŁOCK\RAFINERIA\PR03 BLOK PRZEROBU ROPY\DRW-IV|DR4.FC43354_SQR.PV;"2026-07-17 23:52:58,235001";"54,0787467956543"
\\PIAF\PKN Orlen\PI Vision\PKN Orlen\ZAKŁAD PRODUKCYJNY PŁOCK\RAFINERIA\PR03 BLOK PRZEROBU ROPY\DRW-IV|DR4.FC43354_SQR.PV;"2026-07-17 23:58:28,157013";"53,4526634216309"
\\PIAF\PKN Orlen\PI Vision\PKN Orlen\ZAKŁAD PRODUKCYJNY PŁOCK\RAFINERIA\PR03 BLOK PRZEROBU ROPY\DRW-IV|DR4.FC43354_SQR.PV;"2026-07-18 00:03:23,188004";"54,2264785766602"
\\PIAF\PKN Orlen\PI Vision\PKN Orlen\ZAKŁAD PRODUKCYJNY PŁOCK\RAFINERIA\PR03 BLOK PRZEROBU ROPY\DRW-IV|DR4.FC43354_SQR.PV;"2026-07-18 00:09:58,188004";"53,690975189209"
\\PIAF\PKN Orlen\PI Vision\PKN Orlen\ZAKŁAD PRODUKCYJNY PŁOCK\RAFINERIA\PR03 BLOK PRZEROBU ROPY\DRW-IV|DR4.FC43354_SQR.PV;"2026-07-18 00:15:28,20401";"54,1200218200684"
\\PIAF\PKN Orlen\PI Vision\PKN Orlen\ZAKŁAD PRODUKCYJNY PŁOCK\RAFINERIA\PR03 BLOK PRZEROBU ROPY\DRW-IV|DR4.FC43354_SQR.PV;"2026-07-18 00:19:23,188004";"54,1676406860352"
\\PIAF\PKN Orlen\PI Vision\PKN Orlen\ZAKŁAD PRODUKCYJNY PŁOCK\RAFINERIA\PR03 BLOK PRZEROBU ROPY\DRW-IV|DR4.FC43354_SQR.PV;"2026-07-18 00:22:03,126007";"53,8524208068848"
\\PIAF\PKN Orlen\PI Vision\PKN Orlen\ZAKŁAD PRODUKCYJNY PŁOCK\RAFINERIA\PR03 BLOK PRZEROBU ROPY\DRW-IV|DR4.FC43354_SQR.PV;"2026-07-18 00:28:33,157013";"54,3227729797363"
\\PIAF\PKN Orlen\PI Vision\PKN Orlen\ZAKŁAD PRODUKCYJNY PŁOCK\RAFINERIA\PR03 BLOK PRZEROBU ROPY\DRW-IV|DR4.FC43354_SQR.PV;"2026-07-18 00:33:43,220001";"54,5519905090332"
\\PIAF\PKN Orlen\PI Vision\PKN Orlen\ZAKŁAD PRODUKCYJNY PŁOCK\RAFINERIA\PR03 BLOK PRZEROBU ROPY\DRW-IV|DR4.FC43354_SQR.PV;"2026-07-18 00:38:03,141006";"54,0144729614258"
\\PIAF\PKN Orlen\PI Vision\PKN Orlen\ZAKŁAD PRODUKCYJNY PŁOCK\RAFINERIA\PR03 BLOK PRZEROBU ROPY\DRW-IV|DR4.FC43354_SQR.PV;"2026-07-18 00:39:53,235001";"53,763542175293"
\\PIAF\PKN Orlen\PI Vision\PKN Orlen\ZAKŁAD PRODUKCYJNY PŁOCK\RAFINERIA\PR03 BLOK PRZEROBU ROPY\DRW-IV|DR4.FC43354_SQR.PV;"2026-07-18 00:44:28,220001";"54,0493965148926"
\\PIAF\PKN Orlen\PI Vision\PKN Orlen\ZAKŁAD PRODUKCYJNY PŁOCK\RAFINERIA\PR03 BLOK PRZEROBU ROPY\DRW-IV|DR4.FC43354_SQR.PV;"2026-07-18 00:48:03,173004";"54,5569267272949"
\\PIAF\PKN Orlen\PI Vision\PKN Orlen\ZAKŁAD PRODUKCYJNY PŁOCK\RAFINERIA\PR03 BLOK PRZEROBU ROPY\DRW-IV|DR4.FC43354_SQR.PV;"2026-07-18 00:53:53,141006";"53,6750221252441"
\\PIAF\PKN Orlen\PI Vision\PKN Orlen\ZAKŁAD PRODUKCYJNY PŁOCK\RAFINERIA\PR03 BLOK PRZEROBU ROPY\DRW-IV|DR4.FC43354_SQR.PV;"2026-07-18 01:01:53,20401";"54,3798179626465"
\\PIAF\PKN Orlen\PI Vision\PKN Orlen\ZAKŁAD PRODUKCYJNY PŁOCK\RAFINERIA\PR03 BLOK PRZEROBU ROPY\DRW-IV|DR4.FC43354_SQR.PV;"2026-07-18 01:09:53,188004";"54,0627555847168"
\\PIAF\PKN Orlen\PI Vision\PKN Orlen\ZAKŁAD PRODUKCYJNY PŁOCK\RAFINERIA\PR03 BLOK PRZEROBU ROPY\DRW-IV|DR4.FC43354_SQR.PV;"2026-07-18 01:13:58,20401";"54,6840438842773"
\\PIAF\PKN Orlen\PI Vision\PKN Orlen\ZAKŁAD PRODUKCYJNY PŁOCK\RAFINERIA\PR03 BLOK PRZEROBU ROPY\DRW-IV|DR4.FC43354_SQR.PV;"2026-07-18 01:19:43,20401";"54,3415641784668"
\\PIAF\PKN Orlen\PI Vision\PKN Orlen\ZAKŁAD PRODUKCYJNY PŁOCK\RAFINERIA\PR03 BLOK PRZEROBU ROPY\DRW-IV|DR4.FC43354_SQR.PV;"2026-07-18 01:22:28,157013";"54,2567520141602"
\\PIAF\PKN Orlen\PI Vision\PKN Orlen\ZAKŁAD PRODUKCYJNY PŁOCK\RAFINERIA\PR03 BLOK PRZEROBU ROPY\DRW-IV|DR4.FC43354_SQR.PV;"2026-07-18 01:27:03,188004";"54,6672401428223"
\\PIAF\PKN Orlen\PI Vision\PKN Orlen\ZAKŁAD PRODUKCYJNY PŁOCK\RAFINERIA\PR03 BLOK PRZEROBU ROPY\DRW-IV|DR4.FC43354_SQR.PV;"2026-07-18 01:30:33,20401";"53,994930267334"
\\PIAF\PKN Orlen\PI Vision\PKN Orlen\ZAKŁAD PRODUKCYJNY PŁOCK\RAFINERIA\PR03 BLOK PRZEROBU ROPY\DRW-IV|DR4.FC43354_SQR.PV;"2026-07-18 01:35:08,188004";"53,7762870788574"
\\PIAF\PKN Orlen\PI Vision\PKN Orlen\ZAKŁAD PRODUKCYJNY PŁOCK\RAFINERIA\PR03 BLOK PRZEROBU ROPY\DRW-IV|DR4.FC43354_SQR.PV;"2026-07-18 01:42:08,235001";"54,421070098877"
\\PIAF\PKN Orlen\PI Vision\PKN Orlen\ZAKŁAD PRODUKCYJNY PŁOCK\RAFINERIA\PR03 BLOK PRZEROBU ROPY\DRW-IV|DR4.FC43354_SQR.PV;"2026-07-18 01:52:53,173004";"54,5500640869141"
\\PIAF\PKN Orlen\PI Vision\PKN Orlen\ZAKŁAD PRODUKCYJNY PŁOCK\RAFINERIA\PR03 BLOK PRZEROBU ROPY\DRW-IV|DR4.FC43354_SQR.PV;"2026-07-18 01:56:58,20401";"54,8152389526367"
\\PIAF\PKN Orlen\PI Vision\PKN Orlen\ZAKŁAD PRODUKCYJNY PŁOCK\RAFINERIA\PR03 BLOK PRZEROBU ROPY\DRW-IV|DR4.FC43354_SQR.PV;"2026-07-18 02:03:03,188004";"54,5636825561523"
\\PIAF\PKN Orlen\PI Vision\PKN Orlen\ZAKŁAD PRODUKCYJNY PŁOCK\RAFINERIA\PR03 BLOK PRZEROBU ROPY\DRW-IV|DR4.FC43354_SQR.PV;"2026-07-18 02:14:08,126007";"54,3623352050781"
\\PIAF\PKN Orlen\PI Vision\PKN Orlen\ZAKŁAD PRODUKCYJNY PŁOCK\RAFINERIA\PR03 BLOK PRZEROBU ROPY\DRW-IV|DR4.FC43354_SQR.PV;"2026-07-18 02:17:38,220001";"54,0740547180176"
\\PIAF\PKN Orlen\PI Vision\PKN Orlen\ZAKŁAD PRODUKCYJNY PŁOCK\RAFINERIA\PR03 BLOK PRZEROBU ROPY\DRW-IV|DR4.FC43354_SQR.PV;"2026-07-18 02:25:48,110001";"54,9234619140625"
\\PIAF\PKN Orlen\PI Vision\PKN Orlen\ZAKŁAD PRODUKCYJNY PŁOCK\RAFINERIA\PR03 BLOK PRZEROBU ROPY\DRW-IV|DR4.FC43354_SQR.PV;"2026-07-18 02:32:13,173004";"55,0054550170898"
\\PIAF\PKN Orlen\PI Vision\PKN Orlen\ZAKŁAD PRODUKCYJNY PŁOCK\RAFINERIA\PR03 BLOK PRZEROBU ROPY\DRW-IV|DR4.FC43354_SQR.PV;"2026-07-18 02:38:58,235001";"54,8304977416992"
\\PIAF\PKN Orlen\PI Vision\PKN Orlen\ZAKŁAD PRODUKCYJNY PŁOCK\RAFINERIA\PR03 BLOK PRZEROBU ROPY\DRW-IV|DR4.FC43354_SQR.PV;"2026-07-18 02:47:43,220001";"55,2268142700195"
\\PIAF\PKN Orlen\PI Vision\PKN Orlen\ZAKŁAD PRODUKCYJNY PŁOCK\RAFINERIA\PR03 BLOK PRZEROBU ROPY\DRW-IV|DR4.FC43354_SQR.PV;"2026-07-18 02:52:43,220001";"55,142951965332"
\\PIAF\PKN Orlen\PI Vision\PKN Orlen\ZAKŁAD PRODUKCYJNY PŁOCK\RAFINERIA\PR03 BLOK PRZEROBU ROPY\DRW-IV|DR4.FC43354_SQR.PV;"2026-07-18 02:56:33,173004";"55,5208282470703"
\\PIAF\PKN Orlen\PI Vision\PKN Orlen\ZAKŁAD PRODUKCYJNY PŁOCK\RAFINERIA\PR03 BLOK PRZEROBU ROPY\DRW-IV|DR4.FC43354_SQR.PV;"2026-07-18 03:03:28,126007";"55,1250228881836"
\\PIAF\PKN Orlen\PI Vision\PKN Orlen\ZAKŁAD PRODUKCYJNY PŁOCK\RAFINERIA\PR03 BLOK PRZEROBU ROPY\DRW-IV|DR4.FC43354_SQR.PV;"2026-07-18 03:15:58,20401";"54,6335258483887"
\\PIAF\PKN Orlen\PI Vision\PKN Orlen\ZAKŁAD PRODUKCYJNY PŁOCK\RAFINERIA\PR03 BLOK PRZEROBU ROPY\DRW-IV|DR4.FC43354_SQR.PV;"2026-07-18 03:29:38,157013";"54,2473564147949"
\\PIAF\PKN Orlen\PI Vision\PKN Orlen\ZAKŁAD PRODUKCYJNY PŁOCK\RAFINERIA\PR03 BLOK PRZEROBU ROPY\DRW-IV|DR4.FC43354_SQR.PV;"2026-07-18 03:34:33,173004";"55,2018165588379"
\\PIAF\PKN Orlen\PI Vision\PKN Orlen\ZAKŁAD PRODUKCYJNY PŁOCK\RAFINERIA\PR03 BLOK PRZEROBU ROPY\DRW-IV|DR4.FC43354_SQR.PV;"2026-07-18 03:37:38,157013";"55,3581733703613"
\\PIAF\PKN Orlen\PI Vision\PKN Orlen\ZAKŁAD PRODUKCYJNY PŁOCK\RAFINERIA\PR03 BLOK PRZEROBU ROPY\DRW-IV|DR4.FC43354_SQR.PV;"2026-07-18 03:42:43,141006";"54,9061889648438"
\\PIAF\PKN Orlen\PI Vision\PKN Orlen\ZAKŁAD PRODUKCYJNY PŁOCK\RAFINERIA\PR03 BLOK PRZEROBU ROPY\DRW-IV|DR4.FC43354_SQR.PV;"2026-07-18 03:50:28,188004";"55,4171447753906"
\\PIAF\PKN Orlen\PI Vision\PKN Orlen\ZAKŁAD PRODUKCYJNY PŁOCK\RAFINERIA\PR03 BLOK PRZEROBU ROPY\DRW-IV|DR4.FC43354_SQR.PV;"2026-07-18 03:53:43,141006";"55,2604026794434"
\\PIAF\PKN Orlen\PI Vision\PKN Orlen\ZAKŁAD PRODUKCYJNY PŁOCK\RAFINERIA\PR03 BLOK PRZEROBU ROPY\DRW-IV|DR4.FC43354_SQR.PV;"2026-07-18 03:59:13,157013";"54,6843566894531"
\\PIAF\PKN Orlen\PI Vision\PKN Orlen\ZAKŁAD PRODUKCYJNY PŁOCK\RAFINERIA\PR03 BLOK PRZEROBU ROPY\DRW-IV|DR4.FC43354_SQR.PV;"2026-07-18 04:01:58,110001";"55,0271873474121"
\\PIAF\PKN Orlen\PI Vision\PKN Orlen\ZAKŁAD PRODUKCYJNY PŁOCK\RAFINERIA\PR03 BLOK PRZEROBU ROPY\DRW-IV|DR4.FC43354_SQR.PV;"2026-07-18 04:06:18,20401";"55,5626220703125"
\\PIAF\PKN Orlen\PI Vision\PKN Orlen\ZAKŁAD PRODUKCYJNY PŁOCK\RAFINERIA\PR03 BLOK PRZEROBU ROPY\DRW-IV|DR4.FC43354_SQR.PV;"2026-07-18 04:12:58,141006";"55,0769309997559"
\\PIAF\PKN Orlen\PI Vision\PKN Orlen\ZAKŁAD PRODUKCYJNY PŁOCK\RAFINERIA\PR03 BLOK PRZEROBU ROPY\DRW-IV|DR4.FC43354_SQR.PV;"2026-07-18 04:19:48,141006";"55,1029739379883"
\\PIAF\PKN Orlen\PI Vision\PKN Orlen\ZAKŁAD PRODUKCYJNY PŁOCK\RAFINERIA\PR03 BLOK PRZEROBU ROPY\DRW-IV|DR4.FC43354_SQR.PV;"2026-07-18 04:25:33,173004";"55,1617584228516"
\\PIAF\PKN Orlen\PI Vision\PKN Orlen\ZAKŁAD PRODUKCYJNY PŁOCK\RAFINERIA\PR03 BLOK PRZEROBU ROPY\DRW-IV|DR4.FC43354_SQR.PV;"2026-07-18 04:30:53,110016";"54,6870765686035"
\\PIAF\PKN Orlen\PI Vision\PKN Orlen\ZAKŁAD PRODUKCYJNY PŁOCK\RAFINERIA\PR03 BLOK PRZEROBU ROPY\DRW-IV|DR4.FC43354_SQR.PV;"2026-07-18 04:34:13,157013";"54,5313911437988"
\\PIAF\PKN Orlen\PI Vision\PKN Orlen\ZAKŁAD PRODUKCYJNY PŁOCK\RAFINERIA\PR03 BLOK PRZEROBU ROPY\DRW-IV|DR4.FC43354_SQR.PV;"2026-07-18 04:41:13,110001";"55,0629081726074"
\\PIAF\PKN Orlen\PI Vision\PKN Orlen\ZAKŁAD PRODUKCYJNY PŁOCK\RAFINERIA\PR03 BLOK PRZEROBU ROPY\DRW-IV|DR4.FC43354_SQR.PV;"2026-07-18 04:57:58,095001";"54,5066413879395"
\\PIAF\PKN Orlen\PI Vision\PKN Orlen\ZAKŁAD PRODUKCYJNY PŁOCK\RAFINERIA\PR03 BLOK PRZEROBU ROPY\DRW-IV|DR4.FC43354_SQR.PV;"2026-07-18 05:01:33,173004";"54,5048637390137"
\\PIAF\PKN Orlen\PI Vision\PKN Orlen\ZAKŁAD PRODUKCYJNY PŁOCK\RAFINERIA\PR03 BLOK PRZEROBU ROPY\DRW-IV|DR4.FC43354_SQR.PV;"2026-07-18 05:02:48,126007";"53,6593170166016"
\\PIAF\PKN Orlen\PI Vision\PKN Orlen\ZAKŁAD PRODUKCYJNY PŁOCK\RAFINERIA\PR03 BLOK PRZEROBU ROPY\DRW-IV|DR4.FC43354_SQR.PV;"2026-07-18 05:04:43,07901";"53,4782752990723"
\\PIAF\PKN Orlen\PI Vision\PKN Orlen\ZAKŁAD PRODUKCYJNY PŁOCK\RAFINERIA\PR03 BLOK PRZEROBU ROPY\DRW-IV|DR4.FC43354_SQR.PV;"2026-07-18 05:07:53,095001";"53,8855934143066"
\\PIAF\PKN Orlen\PI Vision\PKN Orlen\ZAKŁAD PRODUKCYJNY PŁOCK\RAFINERIA\PR03 BLOK PRZEROBU ROPY\DRW-IV|DR4.FC43354_SQR.PV;"2026-07-18 05:11:08,095001";"54,6367874145508"
\\PIAF\PKN Orlen\PI Vision\PKN Orlen\ZAKŁAD PRODUKCYJNY PŁOCK\RAFINERIA\PR03 BLOK PRZEROBU ROPY\DRW-IV|DR4.FC43354_SQR.PV;"2026-07-18 05:15:48,141006";"54,463737487793"
\\PIAF\PKN Orlen\PI Vision\PKN Orlen\ZAKŁAD PRODUKCYJNY PŁOCK\RAFINERIA\PR03 BLOK PRZEROBU ROPY\DRW-IV|DR4.FC43354_SQR.PV;"2026-07-18 05:23:13,20401";"54,2353324890137"
\\PIAF\PKN Orlen\PI Vision\PKN Orlen\ZAKŁAD PRODUKCYJNY PŁOCK\RAFINERIA\PR03 BLOK PRZEROBU ROPY\DRW-IV|DR4.FC43354_SQR.PV;"2026-07-18 05:30:08,141006";"54,3661689758301"
\\PIAF\PKN Orlen\PI Vision\PKN Orlen\ZAKŁAD PRODUKCYJNY PŁOCK\RAFINERIA\PR03 BLOK PRZEROBU ROPY\DRW-IV|DR4.FC43354_SQR.PV;"2026-07-18 05:32:53,095001";"53,9324836730957"
\\PIAF\PKN Orlen\PI Vision\PKN Orlen\ZAKŁAD PRODUKCYJNY PŁOCK\RAFINERIA\PR03 BLOK PRZEROBU ROPY\DRW-IV|DR4.FC43354_SQR.PV;"2026-07-18 05:40:33,07901";"53,8716888427734"
\\PIAF\PKN Orlen\PI Vision\PKN Orlen\ZAKŁAD PRODUKCYJNY PŁOCK\RAFINERIA\PR03 BLOK PRZEROBU ROPY\DRW-IV|DR4.FC43354_SQR.PV;"2026-07-18 05:48:53,157013";"53,6614227294922"
\\PIAF\PKN Orlen\PI Vision\PKN Orlen\ZAKŁAD PRODUKCYJNY PŁOCK\RAFINERIA\PR03 BLOK PRZEROBU ROPY\DRW-IV|DR4.FC43354_SQR.PV;"2026-07-18 05:54:28,110001";"54,1141052246094"
\\PIAF\PKN Orlen\PI Vision\PKN Orlen\ZAKŁAD PRODUKCYJNY PŁOCK\RAFINERIA\PR03 BLOK PRZEROBU ROPY\DRW-IV|DR4.FC43354_SQR.PV;"2026-07-18 05:59:28,157013";"53,8167686462402"
\\PIAF\PKN Orlen\PI Vision\PKN Orlen\ZAKŁAD PRODUKCYJNY PŁOCK\RAFINERIA\PR03 BLOK PRZEROBU ROPY\DRW-IV|DR4.FC43354_SQR.PV;"2026-07-18 06:05:48,126007";"53,2164268493652"
\\PIAF\PKN Orlen\PI Vision\PKN Orlen\ZAKŁAD PRODUKCYJNY PŁOCK\RAFINERIA\PR03 BLOK PRZEROBU ROPY\DRW-IV|DR4.FC43354_SQR.PV;"2026-07-18 06:11:23,141006";"53,2222290039063"
\\PIAF\PKN Orlen\PI Vision\PKN Orlen\ZAKŁAD PRODUKCYJNY PŁOCK\RAFINERIA\PR03 BLOK PRZEROBU ROPY\DRW-IV|DR4.FC43354_SQR.PV;"2026-07-18 06:20:13,095001";"53,3644905090332"
\\PIAF\PKN Orlen\PI Vision\PKN Orlen\ZAKŁAD PRODUKCYJNY PŁOCK\RAFINERIA\PR03 BLOK PRZEROBU ROPY\DRW-IV|DR4.FC43354_SQR.PV;"2026-07-18 06:24:03,173004";"53,2093963623047"
\\PIAF\PKN Orlen\PI Vision\PKN Orlen\ZAKŁAD PRODUKCYJNY PŁOCK\RAFINERIA\PR03 BLOK PRZEROBU ROPY\DRW-IV|DR4.FC43354_SQR.PV;"2026-07-18 06:29:03,235016";"53,3016128540039"
\\PIAF\PKN Orlen\PI Vision\PKN Orlen\ZAKŁAD PRODUKCYJNY PŁOCK\RAFINERIA\PR03 BLOK PRZEROBU ROPY\DRW-IV|DR4.FC43354_SQR.PV;"2026-07-18 06:52:18,157013";"52,8342742919922"
\\PIAF\PKN Orlen\PI Vision\PKN Orlen\ZAKŁAD PRODUKCYJNY PŁOCK\RAFINERIA\PR03 BLOK PRZEROBU ROPY\DRW-IV|DR4.FC43354_SQR.PV;"2026-07-18 06:55:53,110001";"52,9527740478516"
\\PIAF\PKN Orlen\PI Vision\PKN Orlen\ZAKŁAD PRODUKCYJNY PŁOCK\RAFINERIA\PR03 BLOK PRZEROBU ROPY\DRW-IV|DR4.FC43354_SQR.PV;"2026-07-18 07:02:28,241012";"52,1329193115234"
\\PIAF\PKN Orlen\PI Vision\PKN Orlen\ZAKŁAD PRODUKCYJNY PŁOCK\RAFINERIA\PR03 BLOK PRZEROBU ROPY\DRW-IV|DR4.FC43354_SQR.PV;"2026-07-18 07:07:58,163009";"52,9646759033203"
\\PIAF\PKN Orlen\PI Vision\PKN Orlen\ZAKŁAD PRODUKCYJNY PŁOCK\RAFINERIA\PR03 BLOK PRZEROBU ROPY\DRW-IV|DR4.FC43354_SQR.PV;"2026-07-18 07:09:48,210007";"53,3001937866211"
\\PIAF\PKN Orlen\PI Vision\PKN Orlen\ZAKŁAD PRODUKCYJNY PŁOCK\RAFINERIA\PR03 BLOK PRZEROBU ROPY\DRW-IV|DR4.FC43354_SQR.PV;"2026-07-18 07:14:23,210007";"52,6214790344238"
\\PIAF\PKN Orlen\PI Vision\PKN Orlen\ZAKŁAD PRODUKCYJNY PŁOCK\RAFINERIA\PR03 BLOK PRZEROBU ROPY\DRW-IV|DR4.FC43354_SQR.PV;"2026-07-18 07:15:43,179001";"52,2772827148438"
\\PIAF\PKN Orlen\PI Vision\PKN Orlen\ZAKŁAD PRODUKCYJNY PŁOCK\RAFINERIA\PR03 BLOK PRZEROBU ROPY\DRW-IV|DR4.FC43354_SQR.PV;"2026-07-18 07:20:48,27301";"52,8692016601563"
\\PIAF\PKN Orlen\PI Vision\PKN Orlen\ZAKŁAD PRODUKCYJNY PŁOCK\RAFINERIA\PR03 BLOK PRZEROBU ROPY\DRW-IV|DR4.FC43354_SQR.PV;"2026-07-18 07:22:23,210007";"53,3871040344238"
\\PIAF\PKN Orlen\PI Vision\PKN Orlen\ZAKŁAD PRODUKCYJNY PŁOCK\RAFINERIA\PR03 BLOK PRZEROBU ROPY\DRW-IV|DR4.FC43354_SQR.PV;"2026-07-18 07:26:38,095001";"53,4988136291504"
\\PIAF\PKN Orlen\PI Vision\PKN Orlen\ZAKŁAD PRODUKCYJNY PŁOCK\RAFINERIA\PR03 BLOK PRZEROBU ROPY\DRW-IV|DR4.FC43354_SQR.PV;"2026-07-18 07:30:53,07901";"52,49658203125"
\\PIAF\PKN Orlen\PI Vision\PKN Orlen\ZAKŁAD PRODUKCYJNY PŁOCK\RAFINERIA\PR03 BLOK PRZEROBU ROPY\DRW-IV|DR4.FC43354_SQR.PV;"2026-07-18 07:33:13,126007";"52,1114044189453"
\\PIAF\PKN Orlen\PI Vision\PKN Orlen\ZAKŁAD PRODUKCYJNY PŁOCK\RAFINERIA\PR03 BLOK PRZEROBU ROPY\DRW-IV|DR4.FC43354_SQR.PV;"2026-07-18 07:40:58,163009";"52,7860488891602"
\\PIAF\PKN Orlen\PI Vision\PKN Orlen\ZAKŁAD PRODUKCYJNY PŁOCK\RAFINERIA\PR03 BLOK PRZEROBU ROPY\DRW-IV|DR4.FC43354_SQR.PV;"2026-07-18 07:43:48,257004";"53,0833015441895"
\\PIAF\PKN Orlen\PI Vision\PKN Orlen\ZAKŁAD PRODUKCYJNY PŁOCK\RAFINERIA\PR03 BLOK PRZEROBU ROPY\DRW-IV|DR4.FC43354_SQR.PV;"2026-07-18 07:55:43,241012";"52,8433494567871"
\\PIAF\PKN Orlen\PI Vision\PKN Orlen\ZAKŁAD PRODUKCYJNY PŁOCK\RAFINERIA\PR03 BLOK PRZEROBU ROPY\DRW-IV|DR4.FC43354_SQR.PV;"2026-07-18 07:57:53,179001";"53,2118110656738"
\\PIAF\PKN Orlen\PI Vision\PKN Orlen\ZAKŁAD PRODUKCYJNY PŁOCK\RAFINERIA\PR03 BLOK PRZEROBU ROPY\DRW-IV|DR4.FC43354_SQR.PV;"2026-07-18 08:07:03,163009";"53,421947479248"
\\PIAF\PKN Orlen\PI Vision\PKN Orlen\ZAKŁAD PRODUKCYJNY PŁOCK\RAFINERIA\PR03 BLOK PRZEROBU ROPY\DRW-IV|DR4.FC43354_SQR.PV;"2026-07-18 08:11:03,163009";"53,4106025695801"
\\PIAF\PKN Orlen\PI Vision\PKN Orlen\ZAKŁAD PRODUKCYJNY PŁOCK\RAFINERIA\PR03 BLOK PRZEROBU ROPY\DRW-IV|DR4.FC43354_SQR.PV;"2026-07-18 08:15:38,257004";"53,0270690917969"
\\PIAF\PKN Orlen\PI Vision\PKN Orlen\ZAKŁAD PRODUKCYJNY PŁOCK\RAFINERIA\PR03 BLOK PRZEROBU ROPY\DRW-IV|DR4.FC43354_SQR.PV;"2026-07-18 08:23:23,179001";"53,2135467529297"
\\PIAF\PKN Orlen\PI Vision\PKN Orlen\ZAKŁAD PRODUKCYJNY PŁOCK\RAFINERIA\PR03 BLOK PRZEROBU ROPY\DRW-IV|DR4.FC43354_SQR.PV;"2026-07-18 08:30:58,210007";"53,1132583618164"
\\PIAF\PKN Orlen\PI Vision\PKN Orlen\ZAKŁAD PRODUKCYJNY PŁOCK\RAFINERIA\PR03 BLOK PRZEROBU ROPY\DRW-IV|DR4.FC43354_SQR.PV;"2026-07-18 08:38:33,14801";"53,4189796447754"
\\PIAF\PKN Orlen\PI Vision\PKN Orlen\ZAKŁAD PRODUKCYJNY PŁOCK\RAFINERIA\PR03 BLOK PRZEROBU ROPY\DRW-IV|DR4.FC43354_SQR.PV;"2026-07-18 08:46:33,14801";"53,388053894043"
\\PIAF\PKN Orlen\PI Vision\PKN Orlen\ZAKŁAD PRODUKCYJNY PŁOCK\RAFINERIA\PR03 BLOK PRZEROBU ROPY\DRW-IV|DR4.FC43354_SQR.PV;"2026-07-18 08:48:53,226013";"53,8446807861328"
\\PIAF\PKN Orlen\PI Vision\PKN Orlen\ZAKŁAD PRODUKCYJNY PŁOCK\RAFINERIA\PR03 BLOK PRZEROBU ROPY\DRW-IV|DR4.FC43354_SQR.PV;"2026-07-18 08:54:43,163009";"53,4820861816406"
\\PIAF\PKN Orlen\PI Vision\PKN Orlen\ZAKŁAD PRODUKCYJNY PŁOCK\RAFINERIA\PR03 BLOK PRZEROBU ROPY\DRW-IV|DR4.FC43354_SQR.PV;"2026-07-18 08:58:03,163009";"53,2913246154785"
\\PIAF\PKN Orlen\PI Vision\PKN Orlen\ZAKŁAD PRODUKCYJNY PŁOCK\RAFINERIA\PR03 BLOK PRZEROBU ROPY\DRW-IV|DR4.FC43354_SQR.PV;"2026-07-18 09:07:28,14801";"53,2400131225586"
\\PIAF\PKN Orlen\PI Vision\PKN Orlen\ZAKŁAD PRODUKCYJNY PŁOCK\RAFINERIA\PR03 BLOK PRZEROBU ROPY\DRW-IV|DR4.FC43354_SQR.PV;"2026-07-18 09:16:08,257004";"53,6128921508789"
\\PIAF\PKN Orlen\PI Vision\PKN Orlen\ZAKŁAD PRODUKCYJNY PŁOCK\RAFINERIA\PR03 BLOK PRZEROBU ROPY\DRW-IV|DR4.FC43354_SQR.PV;"2026-07-18 09:21:28,257004";"53,5261535644531"
\\PIAF\PKN Orlen\PI Vision\PKN Orlen\ZAKŁAD PRODUKCYJNY PŁOCK\RAFINERIA\PR03 BLOK PRZEROBU ROPY\DRW-IV|DR4.FC43354_SQR.PV;"2026-07-18 09:25:53,163009";"53,4468803405762"
\\PIAF\PKN Orlen\PI Vision\PKN Orlen\ZAKŁAD PRODUKCYJNY PŁOCK\RAFINERIA\PR03 BLOK PRZEROBU ROPY\DRW-IV|DR4.FC43354_SQR.PV;"2026-07-18 09:32:33,195007";"53,7323112487793"
\\PIAF\PKN Orlen\PI Vision\PKN Orlen\ZAKŁAD PRODUKCYJNY PŁOCK\RAFINERIA\PR03 BLOK PRZEROBU ROPY\DRW-IV|DR4.FC43354_SQR.PV;"2026-07-18 09:39:53,179016";"53,3817253112793"
\\PIAF\PKN Orlen\PI Vision\PKN Orlen\ZAKŁAD PRODUKCYJNY PŁOCK\RAFINERIA\PR03 BLOK PRZEROBU ROPY\DRW-IV|DR4.FC43354_SQR.PV;"2026-07-18 09:45:43,226013";"53,5971221923828"
\\PIAF\PKN Orlen\PI Vision\PKN Orlen\ZAKŁAD PRODUKCYJNY PŁOCK\RAFINERIA\PR03 BLOK PRZEROBU ROPY\DRW-IV|DR4.FC43354_SQR.PV;"2026-07-18 09:56:13,179001";"53,6396179199219"
\\PIAF\PKN Orlen\PI Vision\PKN Orlen\ZAKŁAD PRODUKCYJNY PŁOCK\RAFINERIA\PR03 BLOK PRZEROBU ROPY\DRW-IV|DR4.FC43354_SQR.PV;"2026-07-18 10:04:43,195007";"53,4337844848633"
\\PIAF\PKN Orlen\PI Vision\PKN Orlen\ZAKŁAD PRODUKCYJNY PŁOCK\RAFINERIA\PR03 BLOK PRZEROBU ROPY\DRW-IV|DR4.FC43354_SQR.PV;"2026-07-18 10:09:28,163009";"53,3348083496094"
\\PIAF\PKN Orlen\PI Vision\PKN Orlen\ZAKŁAD PRODUKCYJNY PŁOCK\RAFINERIA\PR03 BLOK PRZEROBU ROPY\DRW-IV|DR4.FC43354_SQR.PV;"2026-07-18 10:19:28,163009";"53,7980422973633"
\\PIAF\PKN Orlen\PI Vision\PKN Orlen\ZAKŁAD PRODUKCYJNY PŁOCK\RAFINERIA\PR03 BLOK PRZEROBU ROPY\DRW-IV|DR4.FC43354_SQR.PV;"2026-07-18 10:31:08,179001";"53,2654495239258"
\\PIAF\PKN Orlen\PI Vision\PKN Orlen\ZAKŁAD PRODUKCYJNY PŁOCK\RAFINERIA\PR03 BLOK PRZEROBU ROPY\DRW-IV|DR4.FC43354_SQR.PV;"2026-07-18 10:35:38,14801";"53,8941459655762"
\\PIAF\PKN Orlen\PI Vision\PKN Orlen\ZAKŁAD PRODUKCYJNY PŁOCK\RAFINERIA\PR03 BLOK PRZEROBU ROPY\DRW-IV|DR4.FC43354_SQR.PV;"2026-07-18 10:41:53,14801";"53,6210517883301"
\\PIAF\PKN Orlen\PI Vision\PKN Orlen\ZAKŁAD PRODUKCYJNY PŁOCK\RAFINERIA\PR03 BLOK PRZEROBU ROPY\DRW-IV|DR4.FC43354_SQR.PV;"2026-07-18 10:51:53,14801";"53,7139320373535"
\\PIAF\PKN Orlen\PI Vision\PKN Orlen\ZAKŁAD PRODUKCYJNY PŁOCK\RAFINERIA\PR03 BLOK PRZEROBU ROPY\DRW-IV|DR4.FC43354_SQR.PV;"2026-07-18 10:57:48,132004";"53,669361114502"
\\PIAF\PKN Orlen\PI Vision\PKN Orlen\ZAKŁAD PRODUKCYJNY PŁOCK\RAFINERIA\PR03 BLOK PRZEROBU ROPY\DRW-IV|DR4.FC43354_SQR.PV;"2026-07-18 11:09:53,14801";"53,4169616699219"
\\PIAF\PKN Orlen\PI Vision\PKN Orlen\ZAKŁAD PRODUKCYJNY PŁOCK\RAFINERIA\PR03 BLOK PRZEROBU ROPY\DRW-IV|DR4.FC43354_SQR.PV;"2026-07-18 11:21:53,14801";"53,556812286377"
\\PIAF\PKN Orlen\PI Vision\PKN Orlen\ZAKŁAD PRODUKCYJNY PŁOCK\RAFINERIA\PR03 BLOK PRZEROBU ROPY\DRW-IV|DR4.FC43354_SQR.PV;"2026-07-18 11:27:38,163009";"53,4631729125977"
\\PIAF\PKN Orlen\PI Vision\PKN Orlen\ZAKŁAD PRODUKCYJNY PŁOCK\RAFINERIA\PR03 BLOK PRZEROBU ROPY\DRW-IV|DR4.FC43354_SQR.PV;"2026-07-18 11:34:43,132004";"53,6222114562988"
\\PIAF\PKN Orlen\PI Vision\PKN Orlen\ZAKŁAD PRODUKCYJNY PŁOCK\RAFINERIA\PR03 BLOK PRZEROBU ROPY\DRW-IV|DR4.FC43354_SQR.PV;"2026-07-18 11:42:03,116012";"53,435432434082"
\\PIAF\PKN Orlen\PI Vision\PKN Orlen\ZAKŁAD PRODUKCYJNY PŁOCK\RAFINERIA\PR03 BLOK PRZEROBU ROPY\DRW-IV|DR4.FC43354_SQR.PV;"2026-07-18 11:43:03,163009";"53,6691513061523"
\\PIAF\PKN Orlen\PI Vision\PKN Orlen\ZAKŁAD PRODUKCYJNY PŁOCK\RAFINERIA\PR03 BLOK PRZEROBU ROPY\DRW-IV|DR4.FC43354_SQR.PV;"2026-07-18 11:50:38,116012";"54,160945892334"
\\PIAF\PKN Orlen\PI Vision\PKN Orlen\ZAKŁAD PRODUKCYJNY PŁOCK\RAFINERIA\PR03 BLOK PRZEROBU ROPY\DRW-IV|DR4.FC43354_SQR.PV;"2026-07-18 11:56:03,163009";"53,8949356079102"
\\PIAF\PKN Orlen\PI Vision\PKN Orlen\ZAKŁAD PRODUKCYJNY PŁOCK\RAFINERIA\PR03 BLOK PRZEROBU ROPY\DRW-IV|DR4.FC43354_SQR.PV;"2026-07-18 12:04:48,163009";"53,494083404541"
\\PIAF\PKN Orlen\PI Vision\PKN Orlen\ZAKŁAD PRODUKCYJNY PŁOCK\RAFINERIA\PR03 BLOK PRZEROBU ROPY\DRW-IV|DR4.FC43354_SQR.PV;"2026-07-18 12:08:28,116012";"52,9364471435547"
\\PIAF\PKN Orlen\PI Vision\PKN Orlen\ZAKŁAD PRODUKCYJNY PŁOCK\RAFINERIA\PR03 BLOK PRZEROBU ROPY\DRW-IV|DR4.FC43354_SQR.PV;"2026-07-18 12:13:48,179016";"53,0518188476563"
\\PIAF\PKN Orlen\PI Vision\PKN Orlen\ZAKŁAD PRODUKCYJNY PŁOCK\RAFINERIA\PR03 BLOK PRZEROBU ROPY\DRW-IV|DR4.FC43354_SQR.PV;"2026-07-18 12:17:18,210007";"53,6158065795898"
\\PIAF\PKN Orlen\PI Vision\PKN Orlen\ZAKŁAD PRODUKCYJNY PŁOCK\RAFINERIA\PR03 BLOK PRZEROBU ROPY\DRW-IV|DR4.FC43354_SQR.PV;"2026-07-18 12:23:13,226013";"53,4278259277344"
\\PIAF\PKN Orlen\PI Vision\PKN Orlen\ZAKŁAD PRODUKCYJNY PŁOCK\RAFINERIA\PR03 BLOK PRZEROBU ROPY\DRW-IV|DR4.FC43354_SQR.PV;"2026-07-18 12:30:43,195007";"53,4678955078125"
\\PIAF\PKN Orlen\PI Vision\PKN Orlen\ZAKŁAD PRODUKCYJNY PŁOCK\RAFINERIA\PR03 BLOK PRZEROBU ROPY\DRW-IV|DR4.FC43354_SQR.PV;"2026-07-18 12:36:58,163009";"53,577091217041"
\\PIAF\PKN Orlen\PI Vision\PKN Orlen\ZAKŁAD PRODUKCYJNY PŁOCK\RAFINERIA\PR03 BLOK PRZEROBU ROPY\DRW-IV|DR4.FC43354_SQR.PV;"2026-07-18 12:39:53,179016";"53,484447479248"
\\PIAF\PKN Orlen\PI Vision\PKN Orlen\ZAKŁAD PRODUKCYJNY PŁOCK\RAFINERIA\PR03 BLOK PRZEROBU ROPY\DRW-IV|DR4.FC43354_SQR.PV;"2026-07-18 12:46:18,132004";"53,6381225585938"
\\PIAF\PKN Orlen\PI Vision\PKN Orlen\ZAKŁAD PRODUKCYJNY PŁOCK\RAFINERIA\PR03 BLOK PRZEROBU ROPY\DRW-IV|DR4.FC43354_SQR.PV;"2026-07-18 12:50:23,179001";"53,1591911315918"
\\PIAF\PKN Orlen\PI Vision\PKN Orlen\ZAKŁAD PRODUKCYJNY PŁOCK\RAFINERIA\PR03 BLOK PRZEROBU ROPY\DRW-IV|DR4.FC43354_SQR.PV;"2026-07-18 12:57:33,163009";"53,5986976623535"
\\PIAF\PKN Orlen\PI Vision\PKN Orlen\ZAKŁAD PRODUKCYJNY PŁOCK\RAFINERIA\PR03 BLOK PRZEROBU ROPY\DRW-IV|DR4.FC43354_SQR.PV;"2026-07-18 13:06:58,132004";"53,0032806396484"
\\PIAF\PKN Orlen\PI Vision\PKN Orlen\ZAKŁAD PRODUKCYJNY PŁOCK\RAFINERIA\PR03 BLOK PRZEROBU ROPY\DRW-IV|DR4.FC43354_SQR.PV;"2026-07-18 13:10:03,195007";"53,5261993408203"
\\PIAF\PKN Orlen\PI Vision\PKN Orlen\ZAKŁAD PRODUKCYJNY PŁOCK\RAFINERIA\PR03 BLOK PRZEROBU ROPY\DRW-IV|DR4.FC43354_SQR.PV;"2026-07-18 13:15:18,195007";"53,4348640441895"
\\PIAF\PKN Orlen\PI Vision\PKN Orlen\ZAKŁAD PRODUKCYJNY PŁOCK\RAFINERIA\PR03 BLOK PRZEROBU ROPY\DRW-IV|DR4.FC43354_SQR.PV;"2026-07-18 13:20:33,179001";"52,8813056945801"
\\PIAF\PKN Orlen\PI Vision\PKN Orlen\ZAKŁAD PRODUKCYJNY PŁOCK\RAFINERIA\PR03 BLOK PRZEROBU ROPY\DRW-IV|DR4.FC43354_SQR.PV;"2026-07-18 13:26:23,132004";"52,8460273742676"
\\PIAF\PKN Orlen\PI Vision\PKN Orlen\ZAKŁAD PRODUKCYJNY PŁOCK\RAFINERIA\PR03 BLOK PRZEROBU ROPY\DRW-IV|DR4.FC43354_SQR.PV;"2026-07-18 13:36:53,226013";"53,0361709594727"
\\PIAF\PKN Orlen\PI Vision\PKN Orlen\ZAKŁAD PRODUKCYJNY PŁOCK\RAFINERIA\PR03 BLOK PRZEROBU ROPY\DRW-IV|DR4.FC43354_SQR.PV;"2026-07-18 13:41:43,132004";"53,7737350463867"
\\PIAF\PKN Orlen\PI Vision\PKN Orlen\ZAKŁAD PRODUKCYJNY PŁOCK\RAFINERIA\PR03 BLOK PRZEROBU ROPY\DRW-IV|DR4.FC43354_SQR.PV;"2026-07-18 13:53:43,179016";"53,3633689880371"
\\PIAF\PKN Orlen\PI Vision\PKN Orlen\ZAKŁAD PRODUKCYJNY PŁOCK\RAFINERIA\PR03 BLOK PRZEROBU ROPY\DRW-IV|DR4.FC43354_SQR.PV;"2026-07-18 13:57:38,163009";"53,9315643310547"
\\PIAF\PKN Orlen\PI Vision\PKN Orlen\ZAKŁAD PRODUKCYJNY PŁOCK\RAFINERIA\PR03 BLOK PRZEROBU ROPY\DRW-IV|DR4.FC43354_SQR.PV;"2026-07-18 14:04:03,132004";"53,7098731994629"
\\PIAF\PKN Orlen\PI Vision\PKN Orlen\ZAKŁAD PRODUKCYJNY PŁOCK\RAFINERIA\PR03 BLOK PRZEROBU ROPY\DRW-IV|DR4.FC43354_SQR.PV;"2026-07-18 14:14:08,116012";"53,1235733032227"
\\PIAF\PKN Orlen\PI Vision\PKN Orlen\ZAKŁAD PRODUKCYJNY PŁOCK\RAFINERIA\PR03 BLOK PRZEROBU ROPY\DRW-IV|DR4.FC43354_SQR.PV;"2026-07-18 14:18:48,132004";"53,4654884338379"
\\PIAF\PKN Orlen\PI Vision\PKN Orlen\ZAKŁAD PRODUKCYJNY PŁOCK\RAFINERIA\PR03 BLOK PRZEROBU ROPY\DRW-IV|DR4.FC43354_SQR.PV;"2026-07-18 14:23:13,210007";"53,3777923583984"
\\PIAF\PKN Orlen\PI Vision\PKN Orlen\ZAKŁAD PRODUKCYJNY PŁOCK\RAFINERIA\PR03 BLOK PRZEROBU ROPY\DRW-IV|DR4.FC43354_SQR.PV;"2026-07-18 14:26:58,101013";"53,433723449707"
\\PIAF\PKN Orlen\PI Vision\PKN Orlen\ZAKŁAD PRODUKCYJNY PŁOCK\RAFINERIA\PR03 BLOK PRZEROBU ROPY\DRW-IV|DR4.FC43354_SQR.PV;"2026-07-18 14:31:13,195007";"52,6864280700684"
\\PIAF\PKN Orlen\PI Vision\PKN Orlen\ZAKŁAD PRODUKCYJNY PŁOCK\RAFINERIA\PR03 BLOK PRZEROBU ROPY\DRW-IV|DR4.FC43354_SQR.PV;"2026-07-18 14:44:08,14801";"53,1205749511719"
\\PIAF\PKN Orlen\PI Vision\PKN Orlen\ZAKŁAD PRODUKCYJNY PŁOCK\RAFINERIA\PR03 BLOK PRZEROBU ROPY\DRW-IV|DR4.FC43354_SQR.PV;"2026-07-18 14:49:38,085007";"52,8599052429199"
\\PIAF\PKN Orlen\PI Vision\PKN Orlen\ZAKŁAD PRODUKCYJNY PŁOCK\RAFINERIA\PR03 BLOK PRZEROBU ROPY\DRW-IV|DR4.FC43354_SQR.PV;"2026-07-18 14:53:13,179016";"53,0657348632813"
\\PIAF\PKN Orlen\PI Vision\PKN Orlen\ZAKŁAD PRODUKCYJNY PŁOCK\RAFINERIA\PR03 BLOK PRZEROBU ROPY\DRW-IV|DR4.FC43354_SQR.PV;"2026-07-18 14:54:28,116012";"52,7973861694336"
\\PIAF\PKN Orlen\PI Vision\PKN Orlen\ZAKŁAD PRODUKCYJNY PŁOCK\RAFINERIA\PR03 BLOK PRZEROBU ROPY\DRW-IV|DR4.FC43354_SQR.PV;"2026-07-18 15:00:23,132004";"52,4916343688965"
\\PIAF\PKN Orlen\PI Vision\PKN Orlen\ZAKŁAD PRODUKCYJNY PŁOCK\RAFINERIA\PR03 BLOK PRZEROBU ROPY\DRW-IV|DR4.FC43354_SQR.PV;"2026-07-18 15:12:03,101013";"52,936824798584"
\\PIAF\PKN Orlen\PI Vision\PKN Orlen\ZAKŁAD PRODUKCYJNY PŁOCK\RAFINERIA\PR03 BLOK PRZEROBU ROPY\DRW-IV|DR4.FC43354_SQR.PV;"2026-07-18 15:16:03,116012";"52,6201515197754"
\\PIAF\PKN Orlen\PI Vision\PKN Orlen\ZAKŁAD PRODUKCYJNY PŁOCK\RAFINERIA\PR03 BLOK PRZEROBU ROPY\DRW-IV|DR4.FC43354_SQR.PV;"2026-07-18 15:18:18,101013";"52,2701416015625"
\\PIAF\PKN Orlen\PI Vision\PKN Orlen\ZAKŁAD PRODUKCYJNY PŁOCK\RAFINERIA\PR03 BLOK PRZEROBU ROPY\DRW-IV|DR4.FC43354_SQR.PV;"2026-07-18 15:24:43,195007";"52,7574615478516"
\\PIAF\PKN Orlen\PI Vision\PKN Orlen\ZAKŁAD PRODUKCYJNY PŁOCK\RAFINERIA\PR03 BLOK PRZEROBU ROPY\DRW-IV|DR4.FC43354_SQR.PV;"2026-07-18 15:30:33,14801";"52,5587348937988"
\\PIAF\PKN Orlen\PI Vision\PKN Orlen\ZAKŁAD PRODUKCYJNY PŁOCK\RAFINERIA\PR03 BLOK PRZEROBU ROPY\DRW-IV|DR4.FC43354_SQR.PV;"2026-07-18 15:33:23,116012";"52,4796485900879"
\\PIAF\PKN Orlen\PI Vision\PKN Orlen\ZAKŁAD PRODUKCYJNY PŁOCK\RAFINERIA\PR03 BLOK PRZEROBU ROPY\DRW-IV|DR4.FC43354_SQR.PV;"2026-07-18 15:39:28,132004";"53,0963973999023"
\\PIAF\PKN Orlen\PI Vision\PKN Orlen\ZAKŁAD PRODUKCYJNY PŁOCK\RAFINERIA\PR03 BLOK PRZEROBU ROPY\DRW-IV|DR4.FC43354_SQR.PV;"2026-07-18 15:42:48,070007";"53,5323829650879"
\\PIAF\PKN Orlen\PI Vision\PKN Orlen\ZAKŁAD PRODUKCYJNY PŁOCK\RAFINERIA\PR03 BLOK PRZEROBU ROPY\DRW-IV|DR4.FC43354_SQR.PV;"2026-07-18 15:48:08,163009";"52,9624443054199"
\\PIAF\PKN Orlen\PI Vision\PKN Orlen\ZAKŁAD PRODUKCYJNY PŁOCK\RAFINERIA\PR03 BLOK PRZEROBU ROPY\DRW-IV|DR4.FC43354_SQR.PV;"2026-07-18 15:51:13,116012";"52,8588104248047"
\\PIAF\PKN Orlen\PI Vision\PKN Orlen\ZAKŁAD PRODUKCYJNY PŁOCK\RAFINERIA\PR03 BLOK PRZEROBU ROPY\DRW-IV|DR4.FC43354_SQR.PV;"2026-07-18 15:56:38,132004";"53,4972038269043"
\\PIAF\PKN Orlen\PI Vision\PKN Orlen\ZAKŁAD PRODUKCYJNY PŁOCK\RAFINERIA\PR03 BLOK PRZEROBU ROPY\DRW-IV|DR4.FC43354_SQR.PV;"2026-07-18 16:00:53,116012";"53,1411209106445"
\\PIAF\PKN Orlen\PI Vision\PKN Orlen\ZAKŁAD PRODUKCYJNY PŁOCK\RAFINERIA\PR03 BLOK PRZEROBU ROPY\DRW-IV|DR4.FC43354_SQR.PV;"2026-07-18 16:03:08,116012";"52,5682640075684"
\\PIAF\PKN Orlen\PI Vision\PKN Orlen\ZAKŁAD PRODUKCYJNY PŁOCK\RAFINERIA\PR03 BLOK PRZEROBU ROPY\DRW-IV|DR4.FC43354_SQR.PV;"2026-07-18 16:07:18,070007";"52,6695365905762"
\\PIAF\PKN Orlen\PI Vision\PKN Orlen\ZAKŁAD PRODUKCYJNY PŁOCK\RAFINERIA\PR03 BLOK PRZEROBU ROPY\DRW-IV|DR4.FC43354_SQR.PV;"2026-07-18 16:09:23,101013";"53,1596527099609"
\\PIAF\PKN Orlen\PI Vision\PKN Orlen\ZAKŁAD PRODUKCYJNY PŁOCK\RAFINERIA\PR03 BLOK PRZEROBU ROPY\DRW-IV|DR4.FC43354_SQR.PV;"2026-07-18 16:11:58,101013";"53,3677062988281"
\\PIAF\PKN Orlen\PI Vision\PKN Orlen\ZAKŁAD PRODUKCYJNY PŁOCK\RAFINERIA\PR03 BLOK PRZEROBU ROPY\DRW-IV|DR4.FC43354_SQR.PV;"2026-07-18 16:19:18,132004";"52,4457702636719"
\\PIAF\PKN Orlen\PI Vision\PKN Orlen\ZAKŁAD PRODUKCYJNY PŁOCK\RAFINERIA\PR03 BLOK PRZEROBU ROPY\DRW-IV|DR4.FC43354_SQR.PV;"2026-07-18 16:24:18,185013";"52,8056602478027"
\\PIAF\PKN Orlen\PI Vision\PKN Orlen\ZAKŁAD PRODUKCYJNY PŁOCK\RAFINERIA\PR03 BLOK PRZEROBU ROPY\DRW-IV|DR4.FC43354_SQR.PV;"2026-07-18 16:29:38,263";"53,464958190918"
\\PIAF\PKN Orlen\PI Vision\PKN Orlen\ZAKŁAD PRODUKCYJNY PŁOCK\RAFINERIA\PR03 BLOK PRZEROBU ROPY\DRW-IV|DR4.FC43354_SQR.PV;"2026-07-18 16:40:03,216003";"52,6745643615723"
\\PIAF\PKN Orlen\PI Vision\PKN Orlen\ZAKŁAD PRODUKCYJNY PŁOCK\RAFINERIA\PR03 BLOK PRZEROBU ROPY\DRW-IV|DR4.FC43354_SQR.PV;"2026-07-18 16:44:43,185013";"53,0629463195801"
\\PIAF\PKN Orlen\PI Vision\PKN Orlen\ZAKŁAD PRODUKCYJNY PŁOCK\RAFINERIA\PR03 BLOK PRZEROBU ROPY\DRW-IV|DR4.FC43354_SQR.PV;"2026-07-18 16:51:03,170013";"52,8126487731934"
\\PIAF\PKN Orlen\PI Vision\PKN Orlen\ZAKŁAD PRODUKCYJNY PŁOCK\RAFINERIA\PR03 BLOK PRZEROBU ROPY\DRW-IV|DR4.FC43354_SQR.PV;"2026-07-18 17:01:33,201004";"52,9231834411621"
\\PIAF\PKN Orlen\PI Vision\PKN Orlen\ZAKŁAD PRODUKCYJNY PŁOCK\RAFINERIA\PR03 BLOK PRZEROBU ROPY\DRW-IV|DR4.FC43354_SQR.PV;"2026-07-18 17:10:33,263";"52,8890228271484"
\\PIAF\PKN Orlen\PI Vision\PKN Orlen\ZAKŁAD PRODUKCYJNY PŁOCK\RAFINERIA\PR03 BLOK PRZEROBU ROPY\DRW-IV|DR4.FC43354_SQR.PV;"2026-07-18 17:15:18,201004";"53,0450057983398"
\\PIAF\PKN Orlen\PI Vision\PKN Orlen\ZAKŁAD PRODUKCYJNY PŁOCK\RAFINERIA\PR03 BLOK PRZEROBU ROPY\DRW-IV|DR4.FC43354_SQR.PV;"2026-07-18 17:23:03,23201";"53,0910568237305"
\\PIAF\PKN Orlen\PI Vision\PKN Orlen\ZAKŁAD PRODUKCYJNY PŁOCK\RAFINERIA\PR03 BLOK PRZEROBU ROPY\DRW-IV|DR4.FC43354_SQR.PV;"2026-07-18 17:24:58,216003";"53,2602043151855"
\\PIAF\PKN Orlen\PI Vision\PKN Orlen\ZAKŁAD PRODUKCYJNY PŁOCK\RAFINERIA\PR03 BLOK PRZEROBU ROPY\DRW-IV|DR4.FC43354_SQR.PV;"2026-07-18 17:29:58,279007";"52,904541015625"
\\PIAF\PKN Orlen\PI Vision\PKN Orlen\ZAKŁAD PRODUKCYJNY PŁOCK\RAFINERIA\PR03 BLOK PRZEROBU ROPY\DRW-IV|DR4.FC43354_SQR.PV;"2026-07-18 17:33:08,170013";"52,3424034118652"
\\PIAF\PKN Orlen\PI Vision\PKN Orlen\ZAKŁAD PRODUKCYJNY PŁOCK\RAFINERIA\PR03 BLOK PRZEROBU ROPY\DRW-IV|DR4.FC43354_SQR.PV;"2026-07-18 17:39:38,170013";"53,1764221191406"
\\PIAF\PKN Orlen\PI Vision\PKN Orlen\ZAKŁAD PRODUKCYJNY PŁOCK\RAFINERIA\PR03 BLOK PRZEROBU ROPY\DRW-IV|DR4.FC43354_SQR.PV;"2026-07-18 17:43:43,216003";"53,1933403015137"
\\PIAF\PKN Orlen\PI Vision\PKN Orlen\ZAKŁAD PRODUKCYJNY PŁOCK\RAFINERIA\PR03 BLOK PRZEROBU ROPY\DRW-IV|DR4.FC43354_SQR.PV;"2026-07-18 17:49:43,185013";"52,404613494873"
\\PIAF\PKN Orlen\PI Vision\PKN Orlen\ZAKŁAD PRODUKCYJNY PŁOCK\RAFINERIA\PR03 BLOK PRZEROBU ROPY\DRW-IV|DR4.FC43354_SQR.PV;"2026-07-18 17:56:28,138";"52,8841743469238"
\\PIAF\PKN Orlen\PI Vision\PKN Orlen\ZAKŁAD PRODUKCYJNY PŁOCK\RAFINERIA\PR03 BLOK PRZEROBU ROPY\DRW-IV|DR4.FC43354_SQR.PV;"2026-07-18 18:04:53,248001";"53,1682662963867"
\\PIAF\PKN Orlen\PI Vision\PKN Orlen\ZAKŁAD PRODUKCYJNY PŁOCK\RAFINERIA\PR03 BLOK PRZEROBU ROPY\DRW-IV|DR4.FC43354_SQR.PV;"2026-07-18 18:13:48,185013";"52,6499137878418"
\\PIAF\PKN Orlen\PI Vision\PKN Orlen\ZAKŁAD PRODUKCYJNY PŁOCK\RAFINERIA\PR03 BLOK PRZEROBU ROPY\DRW-IV|DR4.FC43354_SQR.PV;"2026-07-18 18:20:23,201004";"53,0121765136719"
\\PIAF\PKN Orlen\PI Vision\PKN Orlen\ZAKŁAD PRODUKCYJNY PŁOCK\RAFINERIA\PR03 BLOK PRZEROBU ROPY\DRW-IV|DR4.FC43354_SQR.PV;"2026-07-18 18:27:03,216003";"52,9506568908691"
\\PIAF\PKN Orlen\PI Vision\PKN Orlen\ZAKŁAD PRODUKCYJNY PŁOCK\RAFINERIA\PR03 BLOK PRZEROBU ROPY\DRW-IV|DR4.FC43354_SQR.PV;"2026-07-18 18:32:33,185013";"53,0459671020508"
\\PIAF\PKN Orlen\PI Vision\PKN Orlen\ZAKŁAD PRODUKCYJNY PŁOCK\RAFINERIA\PR03 BLOK PRZEROBU ROPY\DRW-IV|DR4.FC43354_SQR.PV;"2026-07-18 18:44:03,23201";"52,7035713195801"
\\PIAF\PKN Orlen\PI Vision\PKN Orlen\ZAKŁAD PRODUKCYJNY PŁOCK\RAFINERIA\PR03 BLOK PRZEROBU ROPY\DRW-IV|DR4.FC43354_SQR.PV;"2026-07-18 18:49:58,216003";"52,8443412780762"
\\PIAF\PKN Orlen\PI Vision\PKN Orlen\ZAKŁAD PRODUKCYJNY PŁOCK\RAFINERIA\PR03 BLOK PRZEROBU ROPY\DRW-IV|DR4.FC43354_SQR.PV;"2026-07-18 18:58:13,170013";"52,5063781738281"
\\PIAF\PKN Orlen\PI Vision\PKN Orlen\ZAKŁAD PRODUKCYJNY PŁOCK\RAFINERIA\PR03 BLOK PRZEROBU ROPY\DRW-IV|DR4.FC43354_SQR.PV;"2026-07-18 19:11:18,170013";"52,9187889099121"
\\PIAF\PKN Orlen\PI Vision\PKN Orlen\ZAKŁAD PRODUKCYJNY PŁOCK\RAFINERIA\PR03 BLOK PRZEROBU ROPY\DRW-IV|DR4.FC43354_SQR.PV;"2026-07-18 19:17:18,154007";"52,3210792541504"
\\PIAF\PKN Orlen\PI Vision\PKN Orlen\ZAKŁAD PRODUKCYJNY PŁOCK\RAFINERIA\PR03 BLOK PRZEROBU ROPY\DRW-IV|DR4.FC43354_SQR.PV;"2026-07-18 19:23:43,23201";"52,667594909668"
\\PIAF\PKN Orlen\PI Vision\PKN Orlen\ZAKŁAD PRODUKCYJNY PŁOCK\RAFINERIA\PR03 BLOK PRZEROBU ROPY\DRW-IV|DR4.FC43354_SQR.PV;"2026-07-18 19:27:58,216003";"52,2524032592773"
\\PIAF\PKN Orlen\PI Vision\PKN Orlen\ZAKŁAD PRODUKCYJNY PŁOCK\RAFINERIA\PR03 BLOK PRZEROBU ROPY\DRW-IV|DR4.FC43354_SQR.PV;"2026-07-18 19:37:38,201004";"52,4364356994629"
\\PIAF\PKN Orlen\PI Vision\PKN Orlen\ZAKŁAD PRODUKCYJNY PŁOCK\RAFINERIA\PR03 BLOK PRZEROBU ROPY\DRW-IV|DR4.FC43354_SQR.PV;"2026-07-18 19:41:03,123001";"52,6267166137695"
\\PIAF\PKN Orlen\PI Vision\PKN Orlen\ZAKŁAD PRODUKCYJNY PŁOCK\RAFINERIA\PR03 BLOK PRZEROBU ROPY\DRW-IV|DR4.FC43354_SQR.PV;"2026-07-18 19:43:53,23201";"52,234016418457"
\\PIAF\PKN Orlen\PI Vision\PKN Orlen\ZAKŁAD PRODUKCYJNY PŁOCK\RAFINERIA\PR03 BLOK PRZEROBU ROPY\DRW-IV|DR4.FC43354_SQR.PV;"2026-07-18 19:49:38,154007";"52,1060638427734"
\\PIAF\PKN Orlen\PI Vision\PKN Orlen\ZAKŁAD PRODUKCYJNY PŁOCK\RAFINERIA\PR03 BLOK PRZEROBU ROPY\DRW-IV|DR4.FC43354_SQR.PV;"2026-07-18 19:54:18,216003";"52,6334686279297"
\\PIAF\PKN Orlen\PI Vision\PKN Orlen\ZAKŁAD PRODUKCYJNY PŁOCK\RAFINERIA\PR03 BLOK PRZEROBU ROPY\DRW-IV|DR4.FC43354_SQR.PV;"2026-07-18 19:59:28,216003";"52,190055847168"
\\PIAF\PKN Orlen\PI Vision\PKN Orlen\ZAKŁAD PRODUKCYJNY PŁOCK\RAFINERIA\PR03 BLOK PRZEROBU ROPY\DRW-IV|DR4.FC43354_SQR.PV;"2026-07-18 20:05:08,138";"52,595817565918"
\\PIAF\PKN Orlen\PI Vision\PKN Orlen\ZAKŁAD PRODUKCYJNY PŁOCK\RAFINERIA\PR03 BLOK PRZEROBU ROPY\DRW-IV|DR4.FC43354_SQR.PV;"2026-07-18 20:08:48,216003";"53,2518310546875"
\\PIAF\PKN Orlen\PI Vision\PKN Orlen\ZAKŁAD PRODUKCYJNY PŁOCK\RAFINERIA\PR03 BLOK PRZEROBU ROPY\DRW-IV|DR4.FC43354_SQR.PV;"2026-07-18 20:17:38,23201";"52,316577911377"
\\PIAF\PKN Orlen\PI Vision\PKN Orlen\ZAKŁAD PRODUKCYJNY PŁOCK\RAFINERIA\PR03 BLOK PRZEROBU ROPY\DRW-IV|DR4.FC43354_SQR.PV;"2026-07-18 20:22:53,201004";"53,022346496582"
\\PIAF\PKN Orlen\PI Vision\PKN Orlen\ZAKŁAD PRODUKCYJNY PŁOCK\RAFINERIA\PR03 BLOK PRZEROBU ROPY\DRW-IV|DR4.FC43354_SQR.PV;"2026-07-18 20:28:33,185013";"52,5835380554199"
\\PIAF\PKN Orlen\PI Vision\PKN Orlen\ZAKŁAD PRODUKCYJNY PŁOCK\RAFINERIA\PR03 BLOK PRZEROBU ROPY\DRW-IV|DR4.FC43354_SQR.PV;"2026-07-18 20:34:08,154007";"53,0525970458984"
\\PIAF\PKN Orlen\PI Vision\PKN Orlen\ZAKŁAD PRODUKCYJNY PŁOCK\RAFINERIA\PR03 BLOK PRZEROBU ROPY\DRW-IV|DR4.FC43354_SQR.PV;"2026-07-18 20:37:08,185013";"53,2606468200684"
\\PIAF\PKN Orlen\PI Vision\PKN Orlen\ZAKŁAD PRODUKCYJNY PŁOCK\RAFINERIA\PR03 BLOK PRZEROBU ROPY\DRW-IV|DR4.FC43354_SQR.PV;"2026-07-18 20:40:58,23201";"53,0014801025391"
\\PIAF\PKN Orlen\PI Vision\PKN Orlen\ZAKŁAD PRODUKCYJNY PŁOCK\RAFINERIA\PR03 BLOK PRZEROBU ROPY\DRW-IV|DR4.FC43354_SQR.PV;"2026-07-18 20:42:58,123001";"52,5951728820801"
\\PIAF\PKN Orlen\PI Vision\PKN Orlen\ZAKŁAD PRODUKCYJNY PŁOCK\RAFINERIA\PR03 BLOK PRZEROBU ROPY\DRW-IV|DR4.FC43354_SQR.PV;"2026-07-18 20:48:43,154007";"52,8538970947266"
\\PIAF\PKN Orlen\PI Vision\PKN Orlen\ZAKŁAD PRODUKCYJNY PŁOCK\RAFINERIA\PR03 BLOK PRZEROBU ROPY\DRW-IV|DR4.FC43354_SQR.PV;"2026-07-18 20:52:43,185013";"53,2080039978027"
\\PIAF\PKN Orlen\PI Vision\PKN Orlen\ZAKŁAD PRODUKCYJNY PŁOCK\RAFINERIA\PR03 BLOK PRZEROBU ROPY\DRW-IV|DR4.FC43354_SQR.PV;"2026-07-18 21:03:28,138";"52,831901550293"
\\PIAF\PKN Orlen\PI Vision\PKN Orlen\ZAKŁAD PRODUKCYJNY PŁOCK\RAFINERIA\PR03 BLOK PRZEROBU ROPY\DRW-IV|DR4.FC43354_SQR.PV;"2026-07-18 21:07:53,185013";"53,2644882202148"
\\PIAF\PKN Orlen\PI Vision\PKN Orlen\ZAKŁAD PRODUKCYJNY PŁOCK\RAFINERIA\PR03 BLOK PRZEROBU ROPY\DRW-IV|DR4.FC43354_SQR.PV;"2026-07-18 21:12:33,138";"53,0922775268555"
\\PIAF\PKN Orlen\PI Vision\PKN Orlen\ZAKŁAD PRODUKCYJNY PŁOCK\RAFINERIA\PR03 BLOK PRZEROBU ROPY\DRW-IV|DR4.FC43354_SQR.PV;"2026-07-18 21:23:38,170013";"52,7117729187012"
\\PIAF\PKN Orlen\PI Vision\PKN Orlen\ZAKŁAD PRODUKCYJNY PŁOCK\RAFINERIA\PR03 BLOK PRZEROBU ROPY\DRW-IV|DR4.FC43354_SQR.PV;"2026-07-18 21:36:58,10701";"53,1961441040039"
\\PIAF\PKN Orlen\PI Vision\PKN Orlen\ZAKŁAD PRODUKCYJNY PŁOCK\RAFINERIA\PR03 BLOK PRZEROBU ROPY\DRW-IV|DR4.FC43354_SQR.PV;"2026-07-18 21:51:23,123001";"52,9880256652832"
\\PIAF\PKN Orlen\PI Vision\PKN Orlen\ZAKŁAD PRODUKCYJNY PŁOCK\RAFINERIA\PR03 BLOK PRZEROBU ROPY\DRW-IV|DR4.FC43354_SQR.PV;"2026-07-18 22:02:28,123001";"53,0930290222168"
\\PIAF\PKN Orlen\PI Vision\PKN Orlen\ZAKŁAD PRODUKCYJNY PŁOCK\RAFINERIA\PR03 BLOK PRZEROBU ROPY\DRW-IV|DR4.FC43354_SQR.PV;"2026-07-18 22:11:03,138";"53,0078430175781"
\\PIAF\PKN Orlen\PI Vision\PKN Orlen\ZAKŁAD PRODUKCYJNY PŁOCK\RAFINERIA\PR03 BLOK PRZEROBU ROPY\DRW-IV|DR4.FC43354_SQR.PV;"2026-07-18 22:16:08,154007";"53,5977592468262"
\\PIAF\PKN Orlen\PI Vision\PKN Orlen\ZAKŁAD PRODUKCYJNY PŁOCK\RAFINERIA\PR03 BLOK PRZEROBU ROPY\DRW-IV|DR4.FC43354_SQR.PV;"2026-07-18 22:21:58,185013";"52,9781150817871"
\\PIAF\PKN Orlen\PI Vision\PKN Orlen\ZAKŁAD PRODUKCYJNY PŁOCK\RAFINERIA\PR03 BLOK PRZEROBU ROPY\DRW-IV|DR4.FC43354_SQR.PV;"2026-07-18 22:30:08,138";"53,0588188171387"
\\PIAF\PKN Orlen\PI Vision\PKN Orlen\ZAKŁAD PRODUKCYJNY PŁOCK\RAFINERIA\PR03 BLOK PRZEROBU ROPY\DRW-IV|DR4.FC43354_SQR.PV;"2026-07-18 22:37:03,10701";"52,8626823425293"
\\PIAF\PKN Orlen\PI Vision\PKN Orlen\ZAKŁAD PRODUKCYJNY PŁOCK\RAFINERIA\PR03 BLOK PRZEROBU ROPY\DRW-IV|DR4.FC43354_SQR.PV;"2026-07-18 22:48:33,138";"53,0987739562988"
\\PIAF\PKN Orlen\PI Vision\PKN Orlen\ZAKŁAD PRODUKCYJNY PŁOCK\RAFINERIA\PR03 BLOK PRZEROBU ROPY\DRW-IV|DR4.FC43354_SQR.PV;"2026-07-18 22:56:43,169006";"52,9391403198242"
\\PIAF\PKN Orlen\PI Vision\PKN Orlen\ZAKŁAD PRODUKCYJNY PŁOCK\RAFINERIA\PR03 BLOK PRZEROBU ROPY\DRW-IV|DR4.FC43354_SQR.PV;"2026-07-18 23:03:23,091003";"52,8526000976563"
\\PIAF\PKN Orlen\PI Vision\PKN Orlen\ZAKŁAD PRODUKCYJNY PŁOCK\RAFINERIA\PR03 BLOK PRZEROBU ROPY\DRW-IV|DR4.FC43354_SQR.PV;"2026-07-18 23:10:43,154007";"52,5352745056152"
\\PIAF\PKN Orlen\PI Vision\PKN Orlen\ZAKŁAD PRODUKCYJNY PŁOCK\RAFINERIA\PR03 BLOK PRZEROBU ROPY\DRW-IV|DR4.FC43354_SQR.PV;"2026-07-18 23:12:18,10701";"52,7302665710449"
\\PIAF\PKN Orlen\PI Vision\PKN Orlen\ZAKŁAD PRODUKCYJNY PŁOCK\RAFINERIA\PR03 BLOK PRZEROBU ROPY\DRW-IV|DR4.FC43354_SQR.PV;"2026-07-18 23:26:48,123001";"52,6634101867676"
\\PIAF\PKN Orlen\PI Vision\PKN Orlen\ZAKŁAD PRODUKCYJNY PŁOCK\RAFINERIA\PR03 BLOK PRZEROBU ROPY\DRW-IV|DR4.FC43354_SQR.PV;"2026-07-18 23:33:33,154007";"52,8292121887207"
\\PIAF\PKN Orlen\PI Vision\PKN Orlen\ZAKŁAD PRODUKCYJNY PŁOCK\RAFINERIA\PR03 BLOK PRZEROBU ROPY\DRW-IV|DR4.FC43354_SQR.PV;"2026-07-18 23:39:28,138";"52,4946022033691"
\\PIAF\PKN Orlen\PI Vision\PKN Orlen\ZAKŁAD PRODUKCYJNY PŁOCK\RAFINERIA\PR03 BLOK PRZEROBU ROPY\DRW-IV|DR4.FC43354_SQR.PV;"2026-07-18 23:45:28,076004";"52,8212356567383"
\\PIAF\PKN Orlen\PI Vision\PKN Orlen\ZAKŁAD PRODUKCYJNY PŁOCK\RAFINERIA\PR03 BLOK PRZEROBU ROPY\DRW-IV|DR4.FC43354_SQR.PV;"2026-07-18 23:53:38,169006";"52,4549674987793"
\\PIAF\PKN Orlen\PI Vision\PKN Orlen\ZAKŁAD PRODUKCYJNY PŁOCK\RAFINERIA\PR03 BLOK PRZEROBU ROPY\DRW-IV|DR4.FC43354_SQR.PV;"2026-07-19 00:01:33,091003";"52,6304702758789"
\\PIAF\PKN Orlen\PI Vision\PKN Orlen\ZAKŁAD PRODUKCYJNY PŁOCK\RAFINERIA\PR03 BLOK PRZEROBU ROPY\DRW-IV|DR4.FC43354_SQR.PV;"2026-07-19 00:03:48,170013";"52,8112449645996"
\\PIAF\PKN Orlen\PI Vision\PKN Orlen\ZAKŁAD PRODUKCYJNY PŁOCK\RAFINERIA\PR03 BLOK PRZEROBU ROPY\DRW-IV|DR4.FC43354_SQR.PV;"2026-07-19 00:09:13,091003";"52,4277954101563"
\\PIAF\PKN Orlen\PI Vision\PKN Orlen\ZAKŁAD PRODUKCYJNY PŁOCK\RAFINERIA\PR03 BLOK PRZEROBU ROPY\DRW-IV|DR4.FC43354_SQR.PV;"2026-07-19 00:11:38,154007";"52,5522346496582"
\\PIAF\PKN Orlen\PI Vision\PKN Orlen\ZAKŁAD PRODUKCYJNY PŁOCK\RAFINERIA\PR03 BLOK PRZEROBU ROPY\DRW-IV|DR4.FC43354_SQR.PV;"2026-07-19 00:15:03,170013";"52,6471900939941"
\\PIAF\PKN Orlen\PI Vision\PKN Orlen\ZAKŁAD PRODUKCYJNY PŁOCK\RAFINERIA\PR03 BLOK PRZEROBU ROPY\DRW-IV|DR4.FC43354_SQR.PV;"2026-07-19 00:17:48,10701";"52,7495422363281"
\\PIAF\PKN Orlen\PI Vision\PKN Orlen\ZAKŁAD PRODUKCYJNY PŁOCK\RAFINERIA\PR03 BLOK PRZEROBU ROPY\DRW-IV|DR4.FC43354_SQR.PV;"2026-07-19 00:24:43,10701";"52,0853500366211"
\\PIAF\PKN Orlen\PI Vision\PKN Orlen\ZAKŁAD PRODUKCYJNY PŁOCK\RAFINERIA\PR03 BLOK PRZEROBU ROPY\DRW-IV|DR4.FC43354_SQR.PV;"2026-07-19 00:35:43,10701";"52,516357421875"
\\PIAF\PKN Orlen\PI Vision\PKN Orlen\ZAKŁAD PRODUKCYJNY PŁOCK\RAFINERIA\PR03 BLOK PRZEROBU ROPY\DRW-IV|DR4.FC43354_SQR.PV;"2026-07-19 00:44:48,123001";"52,2457504272461"
\\PIAF\PKN Orlen\PI Vision\PKN Orlen\ZAKŁAD PRODUKCYJNY PŁOCK\RAFINERIA\PR03 BLOK PRZEROBU ROPY\DRW-IV|DR4.FC43354_SQR.PV;"2026-07-19 00:53:03,10701";"52,3145713806152"
\\PIAF\PKN Orlen\PI Vision\PKN Orlen\ZAKŁAD PRODUKCYJNY PŁOCK\RAFINERIA\PR03 BLOK PRZEROBU ROPY\DRW-IV|DR4.FC43354_SQR.PV;"2026-07-19 00:57:48,154007";"52,0224418640137"
\\PIAF\PKN Orlen\PI Vision\PKN Orlen\ZAKŁAD PRODUKCYJNY PŁOCK\RAFINERIA\PR03 BLOK PRZEROBU ROPY\DRW-IV|DR4.FC43354_SQR.PV;"2026-07-19 01:07:23,154007";"52,3760986328125"
\\PIAF\PKN Orlen\PI Vision\PKN Orlen\ZAKŁAD PRODUKCYJNY PŁOCK\RAFINERIA\PR03 BLOK PRZEROBU ROPY\DRW-IV|DR4.FC43354_SQR.PV;"2026-07-19 01:12:43,123001";"51,819019317627"
\\PIAF\PKN Orlen\PI Vision\PKN Orlen\ZAKŁAD PRODUKCYJNY PŁOCK\RAFINERIA\PR03 BLOK PRZEROBU ROPY\DRW-IV|DR4.FC43354_SQR.PV;"2026-07-19 01:18:18,169006";"52,1342430114746"
\\PIAF\PKN Orlen\PI Vision\PKN Orlen\ZAKŁAD PRODUKCYJNY PŁOCK\RAFINERIA\PR03 BLOK PRZEROBU ROPY\DRW-IV|DR4.FC43354_SQR.PV;"2026-07-19 01:21:03,207001";"52,2596702575684"
\\PIAF\PKN Orlen\PI Vision\PKN Orlen\ZAKŁAD PRODUKCYJNY PŁOCK\RAFINERIA\PR03 BLOK PRZEROBU ROPY\DRW-IV|DR4.FC43354_SQR.PV;"2026-07-19 01:26:23,170013";"51,8070373535156"
\\PIAF\PKN Orlen\PI Vision\PKN Orlen\ZAKŁAD PRODUKCYJNY PŁOCK\RAFINERIA\PR03 BLOK PRZEROBU ROPY\DRW-IV|DR4.FC43354_SQR.PV;"2026-07-19 01:30:38,254013";"52,1957359313965"
\\PIAF\PKN Orlen\PI Vision\PKN Orlen\ZAKŁAD PRODUKCYJNY PŁOCK\RAFINERIA\PR03 BLOK PRZEROBU ROPY\DRW-IV|DR4.FC43354_SQR.PV;"2026-07-19 01:38:33,207001";"51,9668350219727"
\\PIAF\PKN Orlen\PI Vision\PKN Orlen\ZAKŁAD PRODUKCYJNY PŁOCK\RAFINERIA\PR03 BLOK PRZEROBU ROPY\DRW-IV|DR4.FC43354_SQR.PV;"2026-07-19 01:44:23,17601";"51,7733345031738"
\\PIAF\PKN Orlen\PI Vision\PKN Orlen\ZAKŁAD PRODUKCYJNY PŁOCK\RAFINERIA\PR03 BLOK PRZEROBU ROPY\DRW-IV|DR4.FC43354_SQR.PV;"2026-07-19 01:46:23,207001";"51,6427345275879"
\\PIAF\PKN Orlen\PI Vision\PKN Orlen\ZAKŁAD PRODUKCYJNY PŁOCK\RAFINERIA\PR03 BLOK PRZEROBU ROPY\DRW-IV|DR4.FC43354_SQR.PV;"2026-07-19 01:51:03,223007";"52,1415634155273"
\\PIAF\PKN Orlen\PI Vision\PKN Orlen\ZAKŁAD PRODUKCYJNY PŁOCK\RAFINERIA\PR03 BLOK PRZEROBU ROPY\DRW-IV|DR4.FC43354_SQR.PV;"2026-07-19 01:58:08,223007";"51,524772644043"
\\PIAF\PKN Orlen\PI Vision\PKN Orlen\ZAKŁAD PRODUKCYJNY PŁOCK\RAFINERIA\PR03 BLOK PRZEROBU ROPY\DRW-IV|DR4.FC43354_SQR.PV;"2026-07-19 02:03:38,254013";"51,9108963012695"
\\PIAF\PKN Orlen\PI Vision\PKN Orlen\ZAKŁAD PRODUKCYJNY PŁOCK\RAFINERIA\PR03 BLOK PRZEROBU ROPY\DRW-IV|DR4.FC43354_SQR.PV;"2026-07-19 02:06:03,19101";"52,123420715332"
\\PIAF\PKN Orlen\PI Vision\PKN Orlen\ZAKŁAD PRODUKCYJNY PŁOCK\RAFINERIA\PR03 BLOK PRZEROBU ROPY\DRW-IV|DR4.FC43354_SQR.PV;"2026-07-19 02:10:13,17601";"51,4695358276367"
\\PIAF\PKN Orlen\PI Vision\PKN Orlen\ZAKŁAD PRODUKCYJNY PŁOCK\RAFINERIA\PR03 BLOK PRZEROBU ROPY\DRW-IV|DR4.FC43354_SQR.PV;"2026-07-19 02:16:13,145004";"51,7728958129883"
\\PIAF\PKN Orlen\PI Vision\PKN Orlen\ZAKŁAD PRODUKCYJNY PŁOCK\RAFINERIA\PR03 BLOK PRZEROBU ROPY\DRW-IV|DR4.FC43354_SQR.PV;"2026-07-19 02:28:48,223007";"51,5112724304199"
\\PIAF\PKN Orlen\PI Vision\PKN Orlen\ZAKŁAD PRODUKCYJNY PŁOCK\RAFINERIA\PR03 BLOK PRZEROBU ROPY\DRW-IV|DR4.FC43354_SQR.PV;"2026-07-19 02:34:03,238006";"51,8802528381348"
\\PIAF\PKN Orlen\PI Vision\PKN Orlen\ZAKŁAD PRODUKCYJNY PŁOCK\RAFINERIA\PR03 BLOK PRZEROBU ROPY\DRW-IV|DR4.FC43354_SQR.PV;"2026-07-19 02:36:48,19101";"51,6216316223145"
\\PIAF\PKN Orlen\PI Vision\PKN Orlen\ZAKŁAD PRODUKCYJNY PŁOCK\RAFINERIA\PR03 BLOK PRZEROBU ROPY\DRW-IV|DR4.FC43354_SQR.PV;"2026-07-19 02:40:53,254013";"51,3674507141113"
\\PIAF\PKN Orlen\PI Vision\PKN Orlen\ZAKŁAD PRODUKCYJNY PŁOCK\RAFINERIA\PR03 BLOK PRZEROBU ROPY\DRW-IV|DR4.FC43354_SQR.PV;"2026-07-19 02:45:03,19101";"51,7547912597656"
\\PIAF\PKN Orlen\PI Vision\PKN Orlen\ZAKŁAD PRODUKCYJNY PŁOCK\RAFINERIA\PR03 BLOK PRZEROBU ROPY\DRW-IV|DR4.FC43354_SQR.PV;"2026-07-19 02:49:58,19101";"52,1078643798828"
\\PIAF\PKN Orlen\PI Vision\PKN Orlen\ZAKŁAD PRODUKCYJNY PŁOCK\RAFINERIA\PR03 BLOK PRZEROBU ROPY\DRW-IV|DR4.FC43354_SQR.PV;"2026-07-19 02:54:48,17601";"51,7864303588867"
\\PIAF\PKN Orlen\PI Vision\PKN Orlen\ZAKŁAD PRODUKCYJNY PŁOCK\RAFINERIA\PR03 BLOK PRZEROBU ROPY\DRW-IV|DR4.FC43354_SQR.PV;"2026-07-19 02:58:38,145004";"51,6722412109375"
\\PIAF\PKN Orlen\PI Vision\PKN Orlen\ZAKŁAD PRODUKCYJNY PŁOCK\RAFINERIA\PR03 BLOK PRZEROBU ROPY\DRW-IV|DR4.FC43354_SQR.PV;"2026-07-19 02:59:43,145004";"51,8856773376465"
\\PIAF\PKN Orlen\PI Vision\PKN Orlen\ZAKŁAD PRODUKCYJNY PŁOCK\RAFINERIA\PR03 BLOK PRZEROBU ROPY\DRW-IV|DR4.FC43354_SQR.PV;"2026-07-19 03:07:48,207001";"51,4671821594238"
\\PIAF\PKN Orlen\PI Vision\PKN Orlen\ZAKŁAD PRODUKCYJNY PŁOCK\RAFINERIA\PR03 BLOK PRZEROBU ROPY\DRW-IV|DR4.FC43354_SQR.PV;"2026-07-19 03:10:58,228012";"50,8355140686035"
\\PIAF\PKN Orlen\PI Vision\PKN Orlen\ZAKŁAD PRODUKCYJNY PŁOCK\RAFINERIA\PR03 BLOK PRZEROBU ROPY\DRW-IV|DR4.FC43354_SQR.PV;"2026-07-19 03:16:08,259002";"51,4158210754395"
\\PIAF\PKN Orlen\PI Vision\PKN Orlen\ZAKŁAD PRODUKCYJNY PŁOCK\RAFINERIA\PR03 BLOK PRZEROBU ROPY\DRW-IV|DR4.FC43354_SQR.PV;"2026-07-19 03:18:23,243011";"52,015697479248"
\\PIAF\PKN Orlen\PI Vision\PKN Orlen\ZAKŁAD PRODUKCYJNY PŁOCK\RAFINERIA\PR03 BLOK PRZEROBU ROPY\DRW-IV|DR4.FC43354_SQR.PV;"2026-07-19 03:23:53,190002";"51,4695091247559"
\\PIAF\PKN Orlen\PI Vision\PKN Orlen\ZAKŁAD PRODUKCYJNY PŁOCK\RAFINERIA\PR03 BLOK PRZEROBU ROPY\DRW-IV|DR4.FC43354_SQR.PV;"2026-07-19 03:31:48,128006";"51,6758766174316"
\\PIAF\PKN Orlen\PI Vision\PKN Orlen\ZAKŁAD PRODUKCYJNY PŁOCK\RAFINERIA\PR03 BLOK PRZEROBU ROPY\DRW-IV|DR4.FC43354_SQR.PV;"2026-07-19 03:42:38,206009";"51,7833824157715"
\\PIAF\PKN Orlen\PI Vision\PKN Orlen\ZAKŁAD PRODUKCYJNY PŁOCK\RAFINERIA\PR03 BLOK PRZEROBU ROPY\DRW-IV|DR4.FC43354_SQR.PV;"2026-07-19 03:59:23,206009";"52,0857849121094"
\\PIAF\PKN Orlen\PI Vision\PKN Orlen\ZAKŁAD PRODUKCYJNY PŁOCK\RAFINERIA\PR03 BLOK PRZEROBU ROPY\DRW-IV|DR4.FC43354_SQR.PV;"2026-07-19 04:00:38,128006";"52,3742332458496"
\\PIAF\PKN Orlen\PI Vision\PKN Orlen\ZAKŁAD PRODUKCYJNY PŁOCK\RAFINERIA\PR03 BLOK PRZEROBU ROPY\DRW-IV|DR4.FC43354_SQR.PV;"2026-07-19 04:08:48,128006";"51,645336151123"
\\PIAF\PKN Orlen\PI Vision\PKN Orlen\ZAKŁAD PRODUKCYJNY PŁOCK\RAFINERIA\PR03 BLOK PRZEROBU ROPY\DRW-IV|DR4.FC43354_SQR.PV;"2026-07-19 04:12:33,143005";"52,2586250305176"
\\PIAF\PKN Orlen\PI Vision\PKN Orlen\ZAKŁAD PRODUKCYJNY PŁOCK\RAFINERIA\PR03 BLOK PRZEROBU ROPY\DRW-IV|DR4.FC43354_SQR.PV;"2026-07-19 04:15:53,206009";"52,8038444519043"
\\PIAF\PKN Orlen\PI Vision\PKN Orlen\ZAKŁAD PRODUKCYJNY PŁOCK\RAFINERIA\PR03 BLOK PRZEROBU ROPY\DRW-IV|DR4.FC43354_SQR.PV;"2026-07-19 04:18:33,221008";"52,5522651672363"
\\PIAF\PKN Orlen\PI Vision\PKN Orlen\ZAKŁAD PRODUKCYJNY PŁOCK\RAFINERIA\PR03 BLOK PRZEROBU ROPY\DRW-IV|DR4.FC43354_SQR.PV;"2026-07-19 04:22:33,112";"51,7248153686523"
\\PIAF\PKN Orlen\PI Vision\PKN Orlen\ZAKŁAD PRODUKCYJNY PŁOCK\RAFINERIA\PR03 BLOK PRZEROBU ROPY\DRW-IV|DR4.FC43354_SQR.PV;"2026-07-19 04:28:08,143005";"51,7967300415039"
\\PIAF\PKN Orlen\PI Vision\PKN Orlen\ZAKŁAD PRODUKCYJNY PŁOCK\RAFINERIA\PR03 BLOK PRZEROBU ROPY\DRW-IV|DR4.FC43354_SQR.PV;"2026-07-19 04:30:53,190002";"52,2719459533691"
\\PIAF\PKN Orlen\PI Vision\PKN Orlen\ZAKŁAD PRODUKCYJNY PŁOCK\RAFINERIA\PR03 BLOK PRZEROBU ROPY\DRW-IV|DR4.FC43354_SQR.PV;"2026-07-19 04:34:28,159012";"52,1519165039063"
\\PIAF\PKN Orlen\PI Vision\PKN Orlen\ZAKŁAD PRODUKCYJNY PŁOCK\RAFINERIA\PR03 BLOK PRZEROBU ROPY\DRW-IV|DR4.FC43354_SQR.PV;"2026-07-19 04:41:03,174011";"52,6067504882813"
\\PIAF\PKN Orlen\PI Vision\PKN Orlen\ZAKŁAD PRODUKCYJNY PŁOCK\RAFINERIA\PR03 BLOK PRZEROBU ROPY\DRW-IV|DR4.FC43354_SQR.PV;"2026-07-19 04:44:03,112015";"52,8115997314453"
\\PIAF\PKN Orlen\PI Vision\PKN Orlen\ZAKŁAD PRODUKCYJNY PŁOCK\RAFINERIA\PR03 BLOK PRZEROBU ROPY\DRW-IV|DR4.FC43354_SQR.PV;"2026-07-19 04:46:28,174011";"52,1475143432617"
\\PIAF\PKN Orlen\PI Vision\PKN Orlen\ZAKŁAD PRODUKCYJNY PŁOCK\RAFINERIA\PR03 BLOK PRZEROBU ROPY\DRW-IV|DR4.FC43354_SQR.PV;"2026-07-19 04:49:23,206009";"50,909008026123"
\\PIAF\PKN Orlen\PI Vision\PKN Orlen\ZAKŁAD PRODUKCYJNY PŁOCK\RAFINERIA\PR03 BLOK PRZEROBU ROPY\DRW-IV|DR4.FC43354_SQR.PV;"2026-07-19 04:52:58,190002";"51,2057266235352"
\\PIAF\PKN Orlen\PI Vision\PKN Orlen\ZAKŁAD PRODUKCYJNY PŁOCK\RAFINERIA\PR03 BLOK PRZEROBU ROPY\DRW-IV|DR4.FC43354_SQR.PV;"2026-07-19 04:57:58,128006";"53,3472747802734"
\\PIAF\PKN Orlen\PI Vision\PKN Orlen\ZAKŁAD PRODUKCYJNY PŁOCK\RAFINERIA\PR03 BLOK PRZEROBU ROPY\DRW-IV|DR4.FC43354_SQR.PV;"2026-07-19 05:01:38,112";"53,4180450439453"
\\PIAF\PKN Orlen\PI Vision\PKN Orlen\ZAKŁAD PRODUKCYJNY PŁOCK\RAFINERIA\PR03 BLOK PRZEROBU ROPY\DRW-IV|DR4.FC43354_SQR.PV;"2026-07-19 05:09:23,112015";"52,35400390625"
\\PIAF\PKN Orlen\PI Vision\PKN Orlen\ZAKŁAD PRODUKCYJNY PŁOCK\RAFINERIA\PR03 BLOK PRZEROBU ROPY\DRW-IV|DR4.FC43354_SQR.PV;"2026-07-19 05:12:53,128006";"52,0046348571777"
\\PIAF\PKN Orlen\PI Vision\PKN Orlen\ZAKŁAD PRODUKCYJNY PŁOCK\RAFINERIA\PR03 BLOK PRZEROBU ROPY\DRW-IV|DR4.FC43354_SQR.PV;"2026-07-19 05:17:58,096008";"52,683235168457"
\\PIAF\PKN Orlen\PI Vision\PKN Orlen\ZAKŁAD PRODUKCYJNY PŁOCK\RAFINERIA\PR03 BLOK PRZEROBU ROPY\DRW-IV|DR4.FC43354_SQR.PV;"2026-07-19 05:20:33,081009";"52,9786415100098"
\\PIAF\PKN Orlen\PI Vision\PKN Orlen\ZAKŁAD PRODUKCYJNY PŁOCK\RAFINERIA\PR03 BLOK PRZEROBU ROPY\DRW-IV|DR4.FC43354_SQR.PV;"2026-07-19 05:27:13,174011";"52,4755020141602"
\\PIAF\PKN Orlen\PI Vision\PKN Orlen\ZAKŁAD PRODUKCYJNY PŁOCK\RAFINERIA\PR03 BLOK PRZEROBU ROPY\DRW-IV|DR4.FC43354_SQR.PV;"2026-07-19 05:31:33,174011";"52,0473823547363"
\\PIAF\PKN Orlen\PI Vision\PKN Orlen\ZAKŁAD PRODUKCYJNY PŁOCK\RAFINERIA\PR03 BLOK PRZEROBU ROPY\DRW-IV|DR4.FC43354_SQR.PV;"2026-07-19 05:35:43,112";"52,4639167785645"
\\PIAF\PKN Orlen\PI Vision\PKN Orlen\ZAKŁAD PRODUKCYJNY PŁOCK\RAFINERIA\PR03 BLOK PRZEROBU ROPY\DRW-IV|DR4.FC43354_SQR.PV;"2026-07-19 05:39:23,096008";"53,4568824768066"
\\PIAF\PKN Orlen\PI Vision\PKN Orlen\ZAKŁAD PRODUKCYJNY PŁOCK\RAFINERIA\PR03 BLOK PRZEROBU ROPY\DRW-IV|DR4.FC43354_SQR.PV;"2026-07-19 05:42:03,128006";"53,2606239318848"
\\PIAF\PKN Orlen\PI Vision\PKN Orlen\ZAKŁAD PRODUKCYJNY PŁOCK\RAFINERIA\PR03 BLOK PRZEROBU ROPY\DRW-IV|DR4.FC43354_SQR.PV;"2026-07-19 05:44:58,159012";"52,8853759765625"
\\PIAF\PKN Orlen\PI Vision\PKN Orlen\ZAKŁAD PRODUKCYJNY PŁOCK\RAFINERIA\PR03 BLOK PRZEROBU ROPY\DRW-IV|DR4.FC43354_SQR.PV;"2026-07-19 05:48:03,128006";"52,7177124023438"
\\PIAF\PKN Orlen\PI Vision\PKN Orlen\ZAKŁAD PRODUKCYJNY PŁOCK\RAFINERIA\PR03 BLOK PRZEROBU ROPY\DRW-IV|DR4.FC43354_SQR.PV;"2026-07-19 05:53:08,190002";"53,4973258972168"
\\PIAF\PKN Orlen\PI Vision\PKN Orlen\ZAKŁAD PRODUKCYJNY PŁOCK\RAFINERIA\PR03 BLOK PRZEROBU ROPY\DRW-IV|DR4.FC43354_SQR.PV;"2026-07-19 05:56:58,143005";"52,9382781982422"
\\PIAF\PKN Orlen\PI Vision\PKN Orlen\ZAKŁAD PRODUKCYJNY PŁOCK\RAFINERIA\PR03 BLOK PRZEROBU ROPY\DRW-IV|DR4.FC43354_SQR.PV;"2026-07-19 06:00:28,143005";"51,9146499633789"
\\PIAF\PKN Orlen\PI Vision\PKN Orlen\ZAKŁAD PRODUKCYJNY PŁOCK\RAFINERIA\PR03 BLOK PRZEROBU ROPY\DRW-IV|DR4.FC43354_SQR.PV;"2026-07-19 06:04:33,143005";"52,1588325500488"
\\PIAF\PKN Orlen\PI Vision\PKN Orlen\ZAKŁAD PRODUKCYJNY PŁOCK\RAFINERIA\PR03 BLOK PRZEROBU ROPY\DRW-IV|DR4.FC43354_SQR.PV;"2026-07-19 06:07:58,112";"53,0347633361816"
\\PIAF\PKN Orlen\PI Vision\PKN Orlen\ZAKŁAD PRODUKCYJNY PŁOCK\RAFINERIA\PR03 BLOK PRZEROBU ROPY\DRW-IV|DR4.FC43354_SQR.PV;"2026-07-19 06:20:53,159012";"52,6090507507324"
\\PIAF\PKN Orlen\PI Vision\PKN Orlen\ZAKŁAD PRODUKCYJNY PŁOCK\RAFINERIA\PR03 BLOK PRZEROBU ROPY\DRW-IV|DR4.FC43354_SQR.PV;"2026-07-19 06:24:48,206009";"53,1683692932129"
\\PIAF\PKN Orlen\PI Vision\PKN Orlen\ZAKŁAD PRODUKCYJNY PŁOCK\RAFINERIA\PR03 BLOK PRZEROBU ROPY\DRW-IV|DR4.FC43354_SQR.PV;"2026-07-19 06:28:48,190002";"53,0587158203125"
\\PIAF\PKN Orlen\PI Vision\PKN Orlen\ZAKŁAD PRODUKCYJNY PŁOCK\RAFINERIA\PR03 BLOK PRZEROBU ROPY\DRW-IV|DR4.FC43354_SQR.PV;"2026-07-19 06:35:13,206009";"52,4618530273438"
\\PIAF\PKN Orlen\PI Vision\PKN Orlen\ZAKŁAD PRODUKCYJNY PŁOCK\RAFINERIA\PR03 BLOK PRZEROBU ROPY\DRW-IV|DR4.FC43354_SQR.PV;"2026-07-19 06:43:18,206009";"52,6850280761719"
\\PIAF\PKN Orlen\PI Vision\PKN Orlen\ZAKŁAD PRODUKCYJNY PŁOCK\RAFINERIA\PR03 BLOK PRZEROBU ROPY\DRW-IV|DR4.FC43354_SQR.PV;"2026-07-19 06:47:53,190002";"52,586856842041"
\\PIAF\PKN Orlen\PI Vision\PKN Orlen\ZAKŁAD PRODUKCYJNY PŁOCK\RAFINERIA\PR03 BLOK PRZEROBU ROPY\DRW-IV|DR4.FC43354_SQR.PV;"2026-07-19 07:02:13,174011";"52,7525177001953"
\\PIAF\PKN Orlen\PI Vision\PKN Orlen\ZAKŁAD PRODUKCYJNY PŁOCK\RAFINERIA\PR03 BLOK PRZEROBU ROPY\DRW-IV|DR4.FC43354_SQR.PV;"2026-07-19 07:07:28,112";"52,3591995239258"
\\PIAF\PKN Orlen\PI Vision\PKN Orlen\ZAKŁAD PRODUKCYJNY PŁOCK\RAFINERIA\PR03 BLOK PRZEROBU ROPY\DRW-IV|DR4.FC43354_SQR.PV;"2026-07-19 07:14:03,175003";"52,7621688842773"
\\PIAF\PKN Orlen\PI Vision\PKN Orlen\ZAKŁAD PRODUKCYJNY PŁOCK\RAFINERIA\PR03 BLOK PRZEROBU ROPY\DRW-IV|DR4.FC43354_SQR.PV;"2026-07-19 07:24:08,175003";"52,4116249084473"
\\PIAF\PKN Orlen\PI Vision\PKN Orlen\ZAKŁAD PRODUKCYJNY PŁOCK\RAFINERIA\PR03 BLOK PRZEROBU ROPY\DRW-IV|DR4.FC43354_SQR.PV;"2026-07-19 07:29:08,081009";"52,8873825073242"
\\PIAF\PKN Orlen\PI Vision\PKN Orlen\ZAKŁAD PRODUKCYJNY PŁOCK\RAFINERIA\PR03 BLOK PRZEROBU ROPY\DRW-IV|DR4.FC43354_SQR.PV;"2026-07-19 07:34:03,112";"52,8305397033691"
\\PIAF\PKN Orlen\PI Vision\PKN Orlen\ZAKŁAD PRODUKCYJNY PŁOCK\RAFINERIA\PR03 BLOK PRZEROBU ROPY\DRW-IV|DR4.FC43354_SQR.PV;"2026-07-19 07:39:33,143005";"52,4927673339844"
\\PIAF\PKN Orlen\PI Vision\PKN Orlen\ZAKŁAD PRODUKCYJNY PŁOCK\RAFINERIA\PR03 BLOK PRZEROBU ROPY\DRW-IV|DR4.FC43354_SQR.PV;"2026-07-19 07:44:38,206009";"53,0794715881348"
\\PIAF\PKN Orlen\PI Vision\PKN Orlen\ZAKŁAD PRODUKCYJNY PŁOCK\RAFINERIA\PR03 BLOK PRZEROBU ROPY\DRW-IV|DR4.FC43354_SQR.PV;"2026-07-19 07:52:08,096008";"52,9649620056152"
\\PIAF\PKN Orlen\PI Vision\PKN Orlen\ZAKŁAD PRODUKCYJNY PŁOCK\RAFINERIA\PR03 BLOK PRZEROBU ROPY\DRW-IV|DR4.FC43354_SQR.PV;"2026-07-19 07:59:18,190002";"53,1679763793945"
\\PIAF\PKN Orlen\PI Vision\PKN Orlen\ZAKŁAD PRODUKCYJNY PŁOCK\RAFINERIA\PR03 BLOK PRZEROBU ROPY\DRW-IV|DR4.FC43354_SQR.PV;"2026-07-19 08:03:28,112";"52,2525444030762"
\\PIAF\PKN Orlen\PI Vision\PKN Orlen\ZAKŁAD PRODUKCYJNY PŁOCK\RAFINERIA\PR03 BLOK PRZEROBU ROPY\DRW-IV|DR4.FC43354_SQR.PV;"2026-07-19 08:09:33,112";"52,6084403991699"
\\PIAF\PKN Orlen\PI Vision\PKN Orlen\ZAKŁAD PRODUKCYJNY PŁOCK\RAFINERIA\PR03 BLOK PRZEROBU ROPY\DRW-IV|DR4.FC43354_SQR.PV;"2026-07-19 08:12:33,143005";"52,9854202270508"
\\PIAF\PKN Orlen\PI Vision\PKN Orlen\ZAKŁAD PRODUKCYJNY PŁOCK\RAFINERIA\PR03 BLOK PRZEROBU ROPY\DRW-IV|DR4.FC43354_SQR.PV;"2026-07-19 08:25:48,174011";"52,721622467041"
\\PIAF\PKN Orlen\PI Vision\PKN Orlen\ZAKŁAD PRODUKCYJNY PŁOCK\RAFINERIA\PR03 BLOK PRZEROBU ROPY\DRW-IV|DR4.FC43354_SQR.PV;"2026-07-19 08:35:33,243011";"52,8040580749512"
\\PIAF\PKN Orlen\PI Vision\PKN Orlen\ZAKŁAD PRODUKCYJNY PŁOCK\RAFINERIA\PR03 BLOK PRZEROBU ROPY\DRW-IV|DR4.FC43354_SQR.PV;"2026-07-19 08:40:08,128006";"52,5620956420898"
\\PIAF\PKN Orlen\PI Vision\PKN Orlen\ZAKŁAD PRODUKCYJNY PŁOCK\RAFINERIA\PR03 BLOK PRZEROBU ROPY\DRW-IV|DR4.FC43354_SQR.PV;"2026-07-19 08:48:33,228012";"53,0498046875"
\\PIAF\PKN Orlen\PI Vision\PKN Orlen\ZAKŁAD PRODUKCYJNY PŁOCK\RAFINERIA\PR03 BLOK PRZEROBU ROPY\DRW-IV|DR4.FC43354_SQR.PV;"2026-07-19 08:55:53,243011";"52,4868659973145"
\\PIAF\PKN Orlen\PI Vision\PKN Orlen\ZAKŁAD PRODUKCYJNY PŁOCK\RAFINERIA\PR03 BLOK PRZEROBU ROPY\DRW-IV|DR4.FC43354_SQR.PV;"2026-07-19 09:03:18,228012";"53,1073226928711"
\\PIAF\PKN Orlen\PI Vision\PKN Orlen\ZAKŁAD PRODUKCYJNY PŁOCK\RAFINERIA\PR03 BLOK PRZEROBU ROPY\DRW-IV|DR4.FC43354_SQR.PV;"2026-07-19 09:08:53,196014";"52,5793991088867"
\\PIAF\PKN Orlen\PI Vision\PKN Orlen\ZAKŁAD PRODUKCYJNY PŁOCK\RAFINERIA\PR03 BLOK PRZEROBU ROPY\DRW-IV|DR4.FC43354_SQR.PV;"2026-07-19 09:16:43,243011";"52,8949012756348"
\\PIAF\PKN Orlen\PI Vision\PKN Orlen\ZAKŁAD PRODUKCYJNY PŁOCK\RAFINERIA\PR03 BLOK PRZEROBU ROPY\DRW-IV|DR4.FC43354_SQR.PV;"2026-07-19 09:22:23,228012";"52,3255233764648"
\\PIAF\PKN Orlen\PI Vision\PKN Orlen\ZAKŁAD PRODUKCYJNY PŁOCK\RAFINERIA\PR03 BLOK PRZEROBU ROPY\DRW-IV|DR4.FC43354_SQR.PV;"2026-07-19 09:30:58,228012";"52,7496147155762"
\\PIAF\PKN Orlen\PI Vision\PKN Orlen\ZAKŁAD PRODUKCYJNY PŁOCK\RAFINERIA\PR03 BLOK PRZEROBU ROPY\DRW-IV|DR4.FC43354_SQR.PV;"2026-07-19 09:37:48,165008";"52,7278938293457"
\\PIAF\PKN Orlen\PI Vision\PKN Orlen\ZAKŁAD PRODUKCYJNY PŁOCK\RAFINERIA\PR03 BLOK PRZEROBU ROPY\DRW-IV|DR4.FC43354_SQR.PV;"2026-07-19 09:41:43,212006";"52,6540641784668"
\\PIAF\PKN Orlen\PI Vision\PKN Orlen\ZAKŁAD PRODUKCYJNY PŁOCK\RAFINERIA\PR03 BLOK PRZEROBU ROPY\DRW-IV|DR4.FC43354_SQR.PV;"2026-07-19 09:48:28,259002";"53,5366058349609"
\\PIAF\PKN Orlen\PI Vision\PKN Orlen\ZAKŁAD PRODUKCYJNY PŁOCK\RAFINERIA\PR03 BLOK PRZEROBU ROPY\DRW-IV|DR4.FC43354_SQR.PV;"2026-07-19 09:53:13,195999";"52,7102203369141"
\\PIAF\PKN Orlen\PI Vision\PKN Orlen\ZAKŁAD PRODUKCYJNY PŁOCK\RAFINERIA\PR03 BLOK PRZEROBU ROPY\DRW-IV|DR4.FC43354_SQR.PV;"2026-07-19 09:55:03,228012";"52,2039489746094"
\\PIAF\PKN Orlen\PI Vision\PKN Orlen\ZAKŁAD PRODUKCYJNY PŁOCK\RAFINERIA\PR03 BLOK PRZEROBU ROPY\DRW-IV|DR4.FC43354_SQR.PV;"2026-07-19 09:59:18,228012";"52,3330230712891"
\\PIAF\PKN Orlen\PI Vision\PKN Orlen\ZAKŁAD PRODUKCYJNY PŁOCK\RAFINERIA\PR03 BLOK PRZEROBU ROPY\DRW-IV|DR4.FC43354_SQR.PV;"2026-07-19 10:04:03,259002";"52,9438133239746"
\\PIAF\PKN Orlen\PI Vision\PKN Orlen\ZAKŁAD PRODUKCYJNY PŁOCK\RAFINERIA\PR03 BLOK PRZEROBU ROPY\DRW-IV|DR4.FC43354_SQR.PV;"2026-07-19 10:09:58,149002";"52,5592308044434"
\\PIAF\PKN Orlen\PI Vision\PKN Orlen\ZAKŁAD PRODUKCYJNY PŁOCK\RAFINERIA\PR03 BLOK PRZEROBU ROPY\DRW-IV|DR4.FC43354_SQR.PV;"2026-07-19 10:18:08,243011";"52,7380828857422"
\\PIAF\PKN Orlen\PI Vision\PKN Orlen\ZAKŁAD PRODUKCYJNY PŁOCK\RAFINERIA\PR03 BLOK PRZEROBU ROPY\DRW-IV|DR4.FC43354_SQR.PV;"2026-07-19 10:27:08,228012";"52,5335845947266"
\\PIAF\PKN Orlen\PI Vision\PKN Orlen\ZAKŁAD PRODUKCYJNY PŁOCK\RAFINERIA\PR03 BLOK PRZEROBU ROPY\DRW-IV|DR4.FC43354_SQR.PV;"2026-07-19 10:29:38,181";"52,7714881896973"
\\PIAF\PKN Orlen\PI Vision\PKN Orlen\ZAKŁAD PRODUKCYJNY PŁOCK\RAFINERIA\PR03 BLOK PRZEROBU ROPY\DRW-IV|DR4.FC43354_SQR.PV;"2026-07-19 10:36:18,228012";"52,4745903015137"
\\PIAF\PKN Orlen\PI Vision\PKN Orlen\ZAKŁAD PRODUKCYJNY PŁOCK\RAFINERIA\PR03 BLOK PRZEROBU ROPY\DRW-IV|DR4.FC43354_SQR.PV;"2026-07-19 10:41:53,259002";"52,5733222961426"
\\PIAF\PKN Orlen\PI Vision\PKN Orlen\ZAKŁAD PRODUKCYJNY PŁOCK\RAFINERIA\PR03 BLOK PRZEROBU ROPY\DRW-IV|DR4.FC43354_SQR.PV;"2026-07-19 10:44:48,149002";"52,9074745178223"
\\PIAF\PKN Orlen\PI Vision\PKN Orlen\ZAKŁAD PRODUKCYJNY PŁOCK\RAFINERIA\PR03 BLOK PRZEROBU ROPY\DRW-IV|DR4.FC43354_SQR.PV;"2026-07-19 10:57:18,196014";"52,725658416748"
\\PIAF\PKN Orlen\PI Vision\PKN Orlen\ZAKŁAD PRODUKCYJNY PŁOCK\RAFINERIA\PR03 BLOK PRZEROBU ROPY\DRW-IV|DR4.FC43354_SQR.PV;"2026-07-19 11:05:13,134002";"52,7669067382813"
\\PIAF\PKN Orlen\PI Vision\PKN Orlen\ZAKŁAD PRODUKCYJNY PŁOCK\RAFINERIA\PR03 BLOK PRZEROBU ROPY\DRW-IV|DR4.FC43354_SQR.PV;"2026-07-19 11:10:38,212006";"52,7383422851563"
\\PIAF\PKN Orlen\PI Vision\PKN Orlen\ZAKŁAD PRODUKCYJNY PŁOCK\RAFINERIA\PR03 BLOK PRZEROBU ROPY\DRW-IV|DR4.FC43354_SQR.PV;"2026-07-19 11:15:33,134002";"53,0795593261719"
\\PIAF\PKN Orlen\PI Vision\PKN Orlen\ZAKŁAD PRODUKCYJNY PŁOCK\RAFINERIA\PR03 BLOK PRZEROBU ROPY\DRW-IV|DR4.FC43354_SQR.PV;"2026-07-19 11:21:08,196014";"52,519645690918"
\\PIAF\PKN Orlen\PI Vision\PKN Orlen\ZAKŁAD PRODUKCYJNY PŁOCK\RAFINERIA\PR03 BLOK PRZEROBU ROPY\DRW-IV|DR4.FC43354_SQR.PV;"2026-07-19 11:28:53,181015";"52,9599113464355"
\\PIAF\PKN Orlen\PI Vision\PKN Orlen\ZAKŁAD PRODUKCYJNY PŁOCK\RAFINERIA\PR03 BLOK PRZEROBU ROPY\DRW-IV|DR4.FC43354_SQR.PV;"2026-07-19 11:32:08,212006";"53,3590278625488"
\\PIAF\PKN Orlen\PI Vision\PKN Orlen\ZAKŁAD PRODUKCYJNY PŁOCK\RAFINERIA\PR03 BLOK PRZEROBU ROPY\DRW-IV|DR4.FC43354_SQR.PV;"2026-07-19 11:39:03,212006";"52,7087821960449"
\\PIAF\PKN Orlen\PI Vision\PKN Orlen\ZAKŁAD PRODUKCYJNY PŁOCK\RAFINERIA\PR03 BLOK PRZEROBU ROPY\DRW-IV|DR4.FC43354_SQR.PV;"2026-07-19 11:43:43,149002";"52,9780731201172"
\\PIAF\PKN Orlen\PI Vision\PKN Orlen\ZAKŁAD PRODUKCYJNY PŁOCK\RAFINERIA\PR03 BLOK PRZEROBU ROPY\DRW-IV|DR4.FC43354_SQR.PV;"2026-07-19 11:48:18,149002";"53,5987396240234"
\\PIAF\PKN Orlen\PI Vision\PKN Orlen\ZAKŁAD PRODUKCYJNY PŁOCK\RAFINERIA\PR03 BLOK PRZEROBU ROPY\DRW-IV|DR4.FC43354_SQR.PV;"2026-07-19 11:52:43,274002";"52,9192924499512"
\\PIAF\PKN Orlen\PI Vision\PKN Orlen\ZAKŁAD PRODUKCYJNY PŁOCK\RAFINERIA\PR03 BLOK PRZEROBU ROPY\DRW-IV|DR4.FC43354_SQR.PV;"2026-07-19 11:55:23,181015";"52,3609924316406"
\\PIAF\PKN Orlen\PI Vision\PKN Orlen\ZAKŁAD PRODUKCYJNY PŁOCK\RAFINERIA\PR03 BLOK PRZEROBU ROPY\DRW-IV|DR4.FC43354_SQR.PV;"2026-07-19 12:03:48,228012";"53,3139266967773"
\\PIAF\PKN Orlen\PI Vision\PKN Orlen\ZAKŁAD PRODUKCYJNY PŁOCK\RAFINERIA\PR03 BLOK PRZEROBU ROPY\DRW-IV|DR4.FC43354_SQR.PV;"2026-07-19 12:07:08,195999";"53,128719329834"
\\PIAF\PKN Orlen\PI Vision\PKN Orlen\ZAKŁAD PRODUKCYJNY PŁOCK\RAFINERIA\PR03 BLOK PRZEROBU ROPY\DRW-IV|DR4.FC43354_SQR.PV;"2026-07-19 12:09:23,195999";"52,7653160095215"
\\PIAF\PKN Orlen\PI Vision\PKN Orlen\ZAKŁAD PRODUKCYJNY PŁOCK\RAFINERIA\PR03 BLOK PRZEROBU ROPY\DRW-IV|DR4.FC43354_SQR.PV;"2026-07-19 12:14:48,149002";"53,0953674316406"
\\PIAF\PKN Orlen\PI Vision\PKN Orlen\ZAKŁAD PRODUKCYJNY PŁOCK\RAFINERIA\PR03 BLOK PRZEROBU ROPY\DRW-IV|DR4.FC43354_SQR.PV;"2026-07-19 12:17:33,196014";"53,5042457580566"
\\PIAF\PKN Orlen\PI Vision\PKN Orlen\ZAKŁAD PRODUKCYJNY PŁOCK\RAFINERIA\PR03 BLOK PRZEROBU ROPY\DRW-IV|DR4.FC43354_SQR.PV;"2026-07-19 12:30:53,134002";"52,9530792236328"
\\PIAF\PKN Orlen\PI Vision\PKN Orlen\ZAKŁAD PRODUKCYJNY PŁOCK\RAFINERIA\PR03 BLOK PRZEROBU ROPY\DRW-IV|DR4.FC43354_SQR.PV;"2026-07-19 12:34:03,228012";"53,0242691040039"
\\PIAF\PKN Orlen\PI Vision\PKN Orlen\ZAKŁAD PRODUKCYJNY PŁOCK\RAFINERIA\PR03 BLOK PRZEROBU ROPY\DRW-IV|DR4.FC43354_SQR.PV;"2026-07-19 12:40:48,165008";"52,8526000976563"
\\PIAF\PKN Orlen\PI Vision\PKN Orlen\ZAKŁAD PRODUKCYJNY PŁOCK\RAFINERIA\PR03 BLOK PRZEROBU ROPY\DRW-IV|DR4.FC43354_SQR.PV;"2026-07-19 12:45:28,212006";"53,3644256591797"
\\PIAF\PKN Orlen\PI Vision\PKN Orlen\ZAKŁAD PRODUKCYJNY PŁOCK\RAFINERIA\PR03 BLOK PRZEROBU ROPY\DRW-IV|DR4.FC43354_SQR.PV;"2026-07-19 12:47:03,149002";"53,7041282653809"
\\PIAF\PKN Orlen\PI Vision\PKN Orlen\ZAKŁAD PRODUKCYJNY PŁOCK\RAFINERIA\PR03 BLOK PRZEROBU ROPY\DRW-IV|DR4.FC43354_SQR.PV;"2026-07-19 12:50:53,165008";"53,4352149963379"
\\PIAF\PKN Orlen\PI Vision\PKN Orlen\ZAKŁAD PRODUKCYJNY PŁOCK\RAFINERIA\PR03 BLOK PRZEROBU ROPY\DRW-IV|DR4.FC43354_SQR.PV;"2026-07-19 12:55:28,149002";"53,0148277282715"
\\PIAF\PKN Orlen\PI Vision\PKN Orlen\ZAKŁAD PRODUKCYJNY PŁOCK\RAFINERIA\PR03 BLOK PRZEROBU ROPY\DRW-IV|DR4.FC43354_SQR.PV;"2026-07-19 12:59:38,181";"52,9814987182617"
\\PIAF\PKN Orlen\PI Vision\PKN Orlen\ZAKŁAD PRODUKCYJNY PŁOCK\RAFINERIA\PR03 BLOK PRZEROBU ROPY\DRW-IV|DR4.FC43354_SQR.PV;"2026-07-19 13:06:58,195999";"52,7362022399902"
\\PIAF\PKN Orlen\PI Vision\PKN Orlen\ZAKŁAD PRODUKCYJNY PŁOCK\RAFINERIA\PR03 BLOK PRZEROBU ROPY\DRW-IV|DR4.FC43354_SQR.PV;"2026-07-19 13:12:33,134002";"52,9835739135742"
\\PIAF\PKN Orlen\PI Vision\PKN Orlen\ZAKŁAD PRODUKCYJNY PŁOCK\RAFINERIA\PR03 BLOK PRZEROBU ROPY\DRW-IV|DR4.FC43354_SQR.PV;"2026-07-19 13:16:38,134002";"52,9887428283691"
\\PIAF\PKN Orlen\PI Vision\PKN Orlen\ZAKŁAD PRODUKCYJNY PŁOCK\RAFINERIA\PR03 BLOK PRZEROBU ROPY\DRW-IV|DR4.FC43354_SQR.PV;"2026-07-19 13:20:38,118011";"52,5783042907715"
\\PIAF\PKN Orlen\PI Vision\PKN Orlen\ZAKŁAD PRODUKCYJNY PŁOCK\RAFINERIA\PR03 BLOK PRZEROBU ROPY\DRW-IV|DR4.FC43354_SQR.PV;"2026-07-19 13:27:58,134002";"52,9863166809082"
\\PIAF\PKN Orlen\PI Vision\PKN Orlen\ZAKŁAD PRODUKCYJNY PŁOCK\RAFINERIA\PR03 BLOK PRZEROBU ROPY\DRW-IV|DR4.FC43354_SQR.PV;"2026-07-19 13:35:48,149002";"52,7068405151367"
\\PIAF\PKN Orlen\PI Vision\PKN Orlen\ZAKŁAD PRODUKCYJNY PŁOCK\RAFINERIA\PR03 BLOK PRZEROBU ROPY\DRW-IV|DR4.FC43354_SQR.PV;"2026-07-19 13:42:08,118011";"52,9094886779785"
\\PIAF\PKN Orlen\PI Vision\PKN Orlen\ZAKŁAD PRODUKCYJNY PŁOCK\RAFINERIA\PR03 BLOK PRZEROBU ROPY\DRW-IV|DR4.FC43354_SQR.PV;"2026-07-19 13:43:18,118011";"53,1098861694336"
\\PIAF\PKN Orlen\PI Vision\PKN Orlen\ZAKŁAD PRODUKCYJNY PŁOCK\RAFINERIA\PR03 BLOK PRZEROBU ROPY\DRW-IV|DR4.FC43354_SQR.PV;"2026-07-19 13:49:08,118011";"52,8068771362305"
\\PIAF\PKN Orlen\PI Vision\PKN Orlen\ZAKŁAD PRODUKCYJNY PŁOCK\RAFINERIA\PR03 BLOK PRZEROBU ROPY\DRW-IV|DR4.FC43354_SQR.PV;"2026-07-19 13:55:33,134002";"52,4744186401367"
\\PIAF\PKN Orlen\PI Vision\PKN Orlen\ZAKŁAD PRODUKCYJNY PŁOCK\RAFINERIA\PR03 BLOK PRZEROBU ROPY\DRW-IV|DR4.FC43354_SQR.PV;"2026-07-19 14:00:53,181";"52,969367980957"
\\PIAF\PKN Orlen\PI Vision\PKN Orlen\ZAKŁAD PRODUKCYJNY PŁOCK\RAFINERIA\PR03 BLOK PRZEROBU ROPY\DRW-IV|DR4.FC43354_SQR.PV;"2026-07-19 14:06:28,134002";"52,5276718139648"
\\PIAF\PKN Orlen\PI Vision\PKN Orlen\ZAKŁAD PRODUKCYJNY PŁOCK\RAFINERIA\PR03 BLOK PRZEROBU ROPY\DRW-IV|DR4.FC43354_SQR.PV;"2026-07-19 14:11:28,196014";"52,3872299194336"
\\PIAF\PKN Orlen\PI Vision\PKN Orlen\ZAKŁAD PRODUKCYJNY PŁOCK\RAFINERIA\PR03 BLOK PRZEROBU ROPY\DRW-IV|DR4.FC43354_SQR.PV;"2026-07-19 14:18:28,134002";"52,981761932373"
\\PIAF\PKN Orlen\PI Vision\PKN Orlen\ZAKŁAD PRODUKCYJNY PŁOCK\RAFINERIA\PR03 BLOK PRZEROBU ROPY\DRW-IV|DR4.FC43354_SQR.PV;"2026-07-19 14:24:18,165008";"52,8783226013184"
\\PIAF\PKN Orlen\PI Vision\PKN Orlen\ZAKŁAD PRODUKCYJNY PŁOCK\RAFINERIA\PR03 BLOK PRZEROBU ROPY\DRW-IV|DR4.FC43354_SQR.PV;"2026-07-19 14:28:18,181015";"52,2110481262207"
\\PIAF\PKN Orlen\PI Vision\PKN Orlen\ZAKŁAD PRODUKCYJNY PŁOCK\RAFINERIA\PR03 BLOK PRZEROBU ROPY\DRW-IV|DR4.FC43354_SQR.PV;"2026-07-19 14:33:08,150009";"52,0977325439453"
\\PIAF\PKN Orlen\PI Vision\PKN Orlen\ZAKŁAD PRODUKCYJNY PŁOCK\RAFINERIA\PR03 BLOK PRZEROBU ROPY\DRW-IV|DR4.FC43354_SQR.PV;"2026-07-19 14:37:33,212006";"52,9371681213379"
\\PIAF\PKN Orlen\PI Vision\PKN Orlen\ZAKŁAD PRODUKCYJNY PŁOCK\RAFINERIA\PR03 BLOK PRZEROBU ROPY\DRW-IV|DR4.FC43354_SQR.PV;"2026-07-19 14:41:58,103012";"52,4467887878418"
\\PIAF\PKN Orlen\PI Vision\PKN Orlen\ZAKŁAD PRODUKCYJNY PŁOCK\RAFINERIA\PR03 BLOK PRZEROBU ROPY\DRW-IV|DR4.FC43354_SQR.PV;"2026-07-19 14:46:13,228012";"51,3848762512207"
\\PIAF\PKN Orlen\PI Vision\PKN Orlen\ZAKŁAD PRODUKCYJNY PŁOCK\RAFINERIA\PR03 BLOK PRZEROBU ROPY\DRW-IV|DR4.FC43354_SQR.PV;"2026-07-19 14:49:28,134002";"51,784252166748"
\\PIAF\PKN Orlen\PI Vision\PKN Orlen\ZAKŁAD PRODUKCYJNY PŁOCK\RAFINERIA\PR03 BLOK PRZEROBU ROPY\DRW-IV|DR4.FC43354_SQR.PV;"2026-07-19 14:52:53,118011";"52,7207450866699"
\\PIAF\PKN Orlen\PI Vision\PKN Orlen\ZAKŁAD PRODUKCYJNY PŁOCK\RAFINERIA\PR03 BLOK PRZEROBU ROPY\DRW-IV|DR4.FC43354_SQR.PV;"2026-07-19 14:56:33,212006";"52,4967880249023"
\\PIAF\PKN Orlen\PI Vision\PKN Orlen\ZAKŁAD PRODUKCYJNY PŁOCK\RAFINERIA\PR03 BLOK PRZEROBU ROPY\DRW-IV|DR4.FC43354_SQR.PV;"2026-07-19 15:00:28,165008";"51,7930870056152"
\\PIAF\PKN Orlen\PI Vision\PKN Orlen\ZAKŁAD PRODUKCYJNY PŁOCK\RAFINERIA\PR03 BLOK PRZEROBU ROPY\DRW-IV|DR4.FC43354_SQR.PV;"2026-07-19 15:04:33,165008";"52,1712455749512"
\\PIAF\PKN Orlen\PI Vision\PKN Orlen\ZAKŁAD PRODUKCYJNY PŁOCK\RAFINERIA\PR03 BLOK PRZEROBU ROPY\DRW-IV|DR4.FC43354_SQR.PV;"2026-07-19 15:06:58,103012";"52,432559967041"
\\PIAF\PKN Orlen\PI Vision\PKN Orlen\ZAKŁAD PRODUKCYJNY PŁOCK\RAFINERIA\PR03 BLOK PRZEROBU ROPY\DRW-IV|DR4.FC43354_SQR.PV;"2026-07-19 15:13:13,181";"52,2224273681641"
\\PIAF\PKN Orlen\PI Vision\PKN Orlen\ZAKŁAD PRODUKCYJNY PŁOCK\RAFINERIA\PR03 BLOK PRZEROBU ROPY\DRW-IV|DR4.FC43354_SQR.PV;"2026-07-19 15:17:33,181";"52,0477561950684"
\\PIAF\PKN Orlen\PI Vision\PKN Orlen\ZAKŁAD PRODUKCYJNY PŁOCK\RAFINERIA\PR03 BLOK PRZEROBU ROPY\DRW-IV|DR4.FC43354_SQR.PV;"2026-07-19 15:27:08,103012";"52,2985382080078"
\\PIAF\PKN Orlen\PI Vision\PKN Orlen\ZAKŁAD PRODUKCYJNY PŁOCK\RAFINERIA\PR03 BLOK PRZEROBU ROPY\DRW-IV|DR4.FC43354_SQR.PV;"2026-07-19 15:35:48,118011";"52,0168075561523"
\\PIAF\PKN Orlen\PI Vision\PKN Orlen\ZAKŁAD PRODUKCYJNY PŁOCK\RAFINERIA\PR03 BLOK PRZEROBU ROPY\DRW-IV|DR4.FC43354_SQR.PV;"2026-07-19 15:40:53,181";"52,5465240478516"
\\PIAF\PKN Orlen\PI Vision\PKN Orlen\ZAKŁAD PRODUKCYJNY PŁOCK\RAFINERIA\PR03 BLOK PRZEROBU ROPY\DRW-IV|DR4.FC43354_SQR.PV;"2026-07-19 15:53:28,103012";"51,9749946594238"
\\PIAF\PKN Orlen\PI Vision\PKN Orlen\ZAKŁAD PRODUKCYJNY PŁOCK\RAFINERIA\PR03 BLOK PRZEROBU ROPY\DRW-IV|DR4.FC43354_SQR.PV;"2026-07-19 16:00:13,149002";"52,3841133117676"
\\PIAF\PKN Orlen\PI Vision\PKN Orlen\ZAKŁAD PRODUKCYJNY PŁOCK\RAFINERIA\PR03 BLOK PRZEROBU ROPY\DRW-IV|DR4.FC43354_SQR.PV;"2026-07-19 16:15:08,118011";"52,4916381835938"
\\PIAF\PKN Orlen\PI Vision\PKN Orlen\ZAKŁAD PRODUKCYJNY PŁOCK\RAFINERIA\PR03 BLOK PRZEROBU ROPY\DRW-IV|DR4.FC43354_SQR.PV;"2026-07-19 16:21:38,103012";"51,9917335510254"
\\PIAF\PKN Orlen\PI Vision\PKN Orlen\ZAKŁAD PRODUKCYJNY PŁOCK\RAFINERIA\PR03 BLOK PRZEROBU ROPY\DRW-IV|DR4.FC43354_SQR.PV;"2026-07-19 16:26:18,118011";"52,2836837768555"
\\PIAF\PKN Orlen\PI Vision\PKN Orlen\ZAKŁAD PRODUKCYJNY PŁOCK\RAFINERIA\PR03 BLOK PRZEROBU ROPY\DRW-IV|DR4.FC43354_SQR.PV;"2026-07-19 16:29:33,165008";"52,4545860290527"
\\PIAF\PKN Orlen\PI Vision\PKN Orlen\ZAKŁAD PRODUKCYJNY PŁOCK\RAFINERIA\PR03 BLOK PRZEROBU ROPY\DRW-IV|DR4.FC43354_SQR.PV;"2026-07-19 16:35:58,118011";"51,9341850280762"
\\PIAF\PKN Orlen\PI Vision\PKN Orlen\ZAKŁAD PRODUKCYJNY PŁOCK\RAFINERIA\PR03 BLOK PRZEROBU ROPY\DRW-IV|DR4.FC43354_SQR.PV;"2026-07-19 16:40:38,165008";"52,3061065673828"
\\PIAF\PKN Orlen\PI Vision\PKN Orlen\ZAKŁAD PRODUKCYJNY PŁOCK\RAFINERIA\PR03 BLOK PRZEROBU ROPY\DRW-IV|DR4.FC43354_SQR.PV;"2026-07-19 16:44:08,103012";"52,9659080505371"
\\PIAF\PKN Orlen\PI Vision\PKN Orlen\ZAKŁAD PRODUKCYJNY PŁOCK\RAFINERIA\PR03 BLOK PRZEROBU ROPY\DRW-IV|DR4.FC43354_SQR.PV;"2026-07-19 16:51:48,134002";"52,0148849487305"
\\PIAF\PKN Orlen\PI Vision\PKN Orlen\ZAKŁAD PRODUKCYJNY PŁOCK\RAFINERIA\PR03 BLOK PRZEROBU ROPY\DRW-IV|DR4.FC43354_SQR.PV;"2026-07-19 17:00:38,070999";"52,6596603393555"
\\PIAF\PKN Orlen\PI Vision\PKN Orlen\ZAKŁAD PRODUKCYJNY PŁOCK\RAFINERIA\PR03 BLOK PRZEROBU ROPY\DRW-IV|DR4.FC43354_SQR.PV;"2026-07-19 17:07:28,165008";"52,229305267334"
\\PIAF\PKN Orlen\PI Vision\PKN Orlen\ZAKŁAD PRODUKCYJNY PŁOCK\RAFINERIA\PR03 BLOK PRZEROBU ROPY\DRW-IV|DR4.FC43354_SQR.PV;"2026-07-19 17:12:03,149002";"52,4891967773438"
\\PIAF\PKN Orlen\PI Vision\PKN Orlen\ZAKŁAD PRODUKCYJNY PŁOCK\RAFINERIA\PR03 BLOK PRZEROBU ROPY\DRW-IV|DR4.FC43354_SQR.PV;"2026-07-19 17:19:18,087006";"52,1459426879883"
\\PIAF\PKN Orlen\PI Vision\PKN Orlen\ZAKŁAD PRODUKCYJNY PŁOCK\RAFINERIA\PR03 BLOK PRZEROBU ROPY\DRW-IV|DR4.FC43354_SQR.PV;"2026-07-19 17:26:18,118011";"52,7041664123535"
\\PIAF\PKN Orlen\PI Vision\PKN Orlen\ZAKŁAD PRODUKCYJNY PŁOCK\RAFINERIA\PR03 BLOK PRZEROBU ROPY\DRW-IV|DR4.FC43354_SQR.PV;"2026-07-19 17:31:23,281006";"52,3902206420898"
\\PIAF\PKN Orlen\PI Vision\PKN Orlen\ZAKŁAD PRODUKCYJNY PŁOCK\RAFINERIA\PR03 BLOK PRZEROBU ROPY\DRW-IV|DR4.FC43354_SQR.PV;"2026-07-19 17:34:18,181";"52,2705688476563"
\\PIAF\PKN Orlen\PI Vision\PKN Orlen\ZAKŁAD PRODUKCYJNY PŁOCK\RAFINERIA\PR03 BLOK PRZEROBU ROPY\DRW-IV|DR4.FC43354_SQR.PV;"2026-07-19 17:38:28,150009";"52,645923614502"
\\PIAF\PKN Orlen\PI Vision\PKN Orlen\ZAKŁAD PRODUKCYJNY PŁOCK\RAFINERIA\PR03 BLOK PRZEROBU ROPY\DRW-IV|DR4.FC43354_SQR.PV;"2026-07-19 17:44:18,296005";"52,1391067504883"
\\PIAF\PKN Orlen\PI Vision\PKN Orlen\ZAKŁAD PRODUKCYJNY PŁOCK\RAFINERIA\PR03 BLOK PRZEROBU ROPY\DRW-IV|DR4.FC43354_SQR.PV;"2026-07-19 17:47:18,118011";"51,6903419494629"
\\PIAF\PKN Orlen\PI Vision\PKN Orlen\ZAKŁAD PRODUKCYJNY PŁOCK\RAFINERIA\PR03 BLOK PRZEROBU ROPY\DRW-IV|DR4.FC43354_SQR.PV;"2026-07-19 17:52:23,187011";"52,0808525085449"
\\PIAF\PKN Orlen\PI Vision\PKN Orlen\ZAKŁAD PRODUKCYJNY PŁOCK\RAFINERIA\PR03 BLOK PRZEROBU ROPY\DRW-IV|DR4.FC43354_SQR.PV;"2026-07-19 17:55:48,187011";"52,6276893615723"
\\PIAF\PKN Orlen\PI Vision\PKN Orlen\ZAKŁAD PRODUKCYJNY PŁOCK\RAFINERIA\PR03 BLOK PRZEROBU ROPY\DRW-IV|DR4.FC43354_SQR.PV;"2026-07-19 18:02:48,156006";"52,1443061828613"
\\PIAF\PKN Orlen\PI Vision\PKN Orlen\ZAKŁAD PRODUKCYJNY PŁOCK\RAFINERIA\PR03 BLOK PRZEROBU ROPY\DRW-IV|DR4.FC43354_SQR.PV;"2026-07-19 18:07:28,187011";"52,7856864929199"
\\PIAF\PKN Orlen\PI Vision\PKN Orlen\ZAKŁAD PRODUKCYJNY PŁOCK\RAFINERIA\PR03 BLOK PRZEROBU ROPY\DRW-IV|DR4.FC43354_SQR.PV;"2026-07-19 18:10:33,171005";"52,8724021911621"
\\PIAF\PKN Orlen\PI Vision\PKN Orlen\ZAKŁAD PRODUKCYJNY PŁOCK\RAFINERIA\PR03 BLOK PRZEROBU ROPY\DRW-IV|DR4.FC43354_SQR.PV;"2026-07-19 18:13:13,187011";"52,4941596984863"
\\PIAF\PKN Orlen\PI Vision\PKN Orlen\ZAKŁAD PRODUKCYJNY PŁOCK\RAFINERIA\PR03 BLOK PRZEROBU ROPY\DRW-IV|DR4.FC43354_SQR.PV;"2026-07-19 18:16:18,187011";"51,7228622436523"
\\PIAF\PKN Orlen\PI Vision\PKN Orlen\ZAKŁAD PRODUKCYJNY PŁOCK\RAFINERIA\PR03 BLOK PRZEROBU ROPY\DRW-IV|DR4.FC43354_SQR.PV;"2026-07-19 18:19:13,203003";"51,918758392334"
\\PIAF\PKN Orlen\PI Vision\PKN Orlen\ZAKŁAD PRODUKCYJNY PŁOCK\RAFINERIA\PR03 BLOK PRZEROBU ROPY\DRW-IV|DR4.FC43354_SQR.PV;"2026-07-19 18:23:48,249008";"53,2453269958496"
\\PIAF\PKN Orlen\PI Vision\PKN Orlen\ZAKŁAD PRODUKCYJNY PŁOCK\RAFINERIA\PR03 BLOK PRZEROBU ROPY\DRW-IV|DR4.FC43354_SQR.PV;"2026-07-19 18:28:38,249008";"53,3564643859863"
\\PIAF\PKN Orlen\PI Vision\PKN Orlen\ZAKŁAD PRODUKCYJNY PŁOCK\RAFINERIA\PR03 BLOK PRZEROBU ROPY\DRW-IV|DR4.FC43354_SQR.PV;"2026-07-19 18:37:18,187011";"53,1233711242676"
\\PIAF\PKN Orlen\PI Vision\PKN Orlen\ZAKŁAD PRODUKCYJNY PŁOCK\RAFINERIA\PR03 BLOK PRZEROBU ROPY\DRW-IV|DR4.FC43354_SQR.PV;"2026-07-19 18:40:28,187011";"52,7012825012207"
\\PIAF\PKN Orlen\PI Vision\PKN Orlen\ZAKŁAD PRODUKCYJNY PŁOCK\RAFINERIA\PR03 BLOK PRZEROBU ROPY\DRW-IV|DR4.FC43354_SQR.PV;"2026-07-19 18:48:28,171005";"53,2885055541992"
\\PIAF\PKN Orlen\PI Vision\PKN Orlen\ZAKŁAD PRODUKCYJNY PŁOCK\RAFINERIA\PR03 BLOK PRZEROBU ROPY\DRW-IV|DR4.FC43354_SQR.PV;"2026-07-19 18:52:18,187011";"54,0890731811523"
\\PIAF\PKN Orlen\PI Vision\PKN Orlen\ZAKŁAD PRODUKCYJNY PŁOCK\RAFINERIA\PR03 BLOK PRZEROBU ROPY\DRW-IV|DR4.FC43354_SQR.PV;"2026-07-19 18:59:53,234009";"54,0185356140137"
\\PIAF\PKN Orlen\PI Vision\PKN Orlen\ZAKŁAD PRODUKCYJNY PŁOCK\RAFINERIA\PR03 BLOK PRZEROBU ROPY\DRW-IV|DR4.FC43354_SQR.PV;"2026-07-19 19:03:58,234009";"53,592472076416"
\\PIAF\PKN Orlen\PI Vision\PKN Orlen\ZAKŁAD PRODUKCYJNY PŁOCK\RAFINERIA\PR03 BLOK PRZEROBU ROPY\DRW-IV|DR4.FC43354_SQR.PV;"2026-07-19 19:10:03,140014";"54,0281066894531"
\\PIAF\PKN Orlen\PI Vision\PKN Orlen\ZAKŁAD PRODUKCYJNY PŁOCK\RAFINERIA\PR03 BLOK PRZEROBU ROPY\DRW-IV|DR4.FC43354_SQR.PV;"2026-07-19 19:17:08,234009";"53,6401634216309"
\\PIAF\PKN Orlen\PI Vision\PKN Orlen\ZAKŁAD PRODUKCYJNY PŁOCK\RAFINERIA\PR03 BLOK PRZEROBU ROPY\DRW-IV|DR4.FC43354_SQR.PV;"2026-07-19 19:28:28,171005";"53,2478218078613"
\\PIAF\PKN Orlen\PI Vision\PKN Orlen\ZAKŁAD PRODUKCYJNY PŁOCK\RAFINERIA\PR03 BLOK PRZEROBU ROPY\DRW-IV|DR4.FC43354_SQR.PV;"2026-07-19 19:37:13,218002";"53,0014305114746"
\\PIAF\PKN Orlen\PI Vision\PKN Orlen\ZAKŁAD PRODUKCYJNY PŁOCK\RAFINERIA\PR03 BLOK PRZEROBU ROPY\DRW-IV|DR4.FC43354_SQR.PV;"2026-07-19 19:47:13,203003";"52,6928749084473"
\\PIAF\PKN Orlen\PI Vision\PKN Orlen\ZAKŁAD PRODUKCYJNY PŁOCK\RAFINERIA\PR03 BLOK PRZEROBU ROPY\DRW-IV|DR4.FC43354_SQR.PV;"2026-07-19 19:50:58,139999";"52,5721588134766"
\\PIAF\PKN Orlen\PI Vision\PKN Orlen\ZAKŁAD PRODUKCYJNY PŁOCK\RAFINERIA\PR03 BLOK PRZEROBU ROPY\DRW-IV|DR4.FC43354_SQR.PV;"2026-07-19 20:02:43,218002";"53,2822685241699"
\\PIAF\PKN Orlen\PI Vision\PKN Orlen\ZAKŁAD PRODUKCYJNY PŁOCK\RAFINERIA\PR03 BLOK PRZEROBU ROPY\DRW-IV|DR4.FC43354_SQR.PV;"2026-07-19 20:06:08,218002";"53,1862030029297"
\\PIAF\PKN Orlen\PI Vision\PKN Orlen\ZAKŁAD PRODUKCYJNY PŁOCK\RAFINERIA\PR03 BLOK PRZEROBU ROPY\DRW-IV|DR4.FC43354_SQR.PV;"2026-07-19 20:08:23,203003";"53,1272468566895"
\\PIAF\PKN Orlen\PI Vision\PKN Orlen\ZAKŁAD PRODUKCYJNY PŁOCK\RAFINERIA\PR03 BLOK PRZEROBU ROPY\DRW-IV|DR4.FC43354_SQR.PV;"2026-07-19 20:10:43,218002";"53,0058135986328"
\\PIAF\PKN Orlen\PI Vision\PKN Orlen\ZAKŁAD PRODUKCYJNY PŁOCK\RAFINERIA\PR03 BLOK PRZEROBU ROPY\DRW-IV|DR4.FC43354_SQR.PV;"2026-07-19 20:15:18,218002";"52,287166595459"
\\PIAF\PKN Orlen\PI Vision\PKN Orlen\ZAKŁAD PRODUKCYJNY PŁOCK\RAFINERIA\PR03 BLOK PRZEROBU ROPY\DRW-IV|DR4.FC43354_SQR.PV;"2026-07-19 20:25:43,203003";"52,7250175476074"
\\PIAF\PKN Orlen\PI Vision\PKN Orlen\ZAKŁAD PRODUKCYJNY PŁOCK\RAFINERIA\PR03 BLOK PRZEROBU ROPY\DRW-IV|DR4.FC43354_SQR.PV;"2026-07-19 20:29:58,171005";"52,2347755432129"
\\PIAF\PKN Orlen\PI Vision\PKN Orlen\ZAKŁAD PRODUKCYJNY PŁOCK\RAFINERIA\PR03 BLOK PRZEROBU ROPY\DRW-IV|DR4.FC43354_SQR.PV;"2026-07-19 20:35:23,156006";"52,4405059814453"
\\PIAF\PKN Orlen\PI Vision\PKN Orlen\ZAKŁAD PRODUKCYJNY PŁOCK\RAFINERIA\PR03 BLOK PRZEROBU ROPY\DRW-IV|DR4.FC43354_SQR.PV;"2026-07-19 20:45:18,234009";"52,2876205444336"
\\PIAF\PKN Orlen\PI Vision\PKN Orlen\ZAKŁAD PRODUKCYJNY PŁOCK\RAFINERIA\PR03 BLOK PRZEROBU ROPY\DRW-IV|DR4.FC43354_SQR.PV;"2026-07-19 20:49:28,203003";"52,031909942627"
\\PIAF\PKN Orlen\PI Vision\PKN Orlen\ZAKŁAD PRODUKCYJNY PŁOCK\RAFINERIA\PR03 BLOK PRZEROBU ROPY\DRW-IV|DR4.FC43354_SQR.PV;"2026-07-19 20:55:38,203003";"52,4502372741699"
\\PIAF\PKN Orlen\PI Vision\PKN Orlen\ZAKŁAD PRODUKCYJNY PŁOCK\RAFINERIA\PR03 BLOK PRZEROBU ROPY\DRW-IV|DR4.FC43354_SQR.PV;"2026-07-19 21:05:13,109009";"52,0898551940918"
\\PIAF\PKN Orlen\PI Vision\PKN Orlen\ZAKŁAD PRODUKCYJNY PŁOCK\RAFINERIA\PR03 BLOK PRZEROBU ROPY\DRW-IV|DR4.FC43354_SQR.PV;"2026-07-19 21:14:48,187011";"51,9331245422363"
\\PIAF\PKN Orlen\PI Vision\PKN Orlen\ZAKŁAD PRODUKCYJNY PŁOCK\RAFINERIA\PR03 BLOK PRZEROBU ROPY\DRW-IV|DR4.FC43354_SQR.PV;"2026-07-19 21:26:13,171005";"51,9139289855957"
\\PIAF\PKN Orlen\PI Vision\PKN Orlen\ZAKŁAD PRODUKCYJNY PŁOCK\RAFINERIA\PR03 BLOK PRZEROBU ROPY\DRW-IV|DR4.FC43354_SQR.PV;"2026-07-19 21:30:03,156006";"51,639045715332"
\\PIAF\PKN Orlen\PI Vision\PKN Orlen\ZAKŁAD PRODUKCYJNY PŁOCK\RAFINERIA\PR03 BLOK PRZEROBU ROPY\DRW-IV|DR4.FC43354_SQR.PV;"2026-07-19 21:37:28,218002";"51,731559753418"
\\PIAF\PKN Orlen\PI Vision\PKN Orlen\ZAKŁAD PRODUKCYJNY PŁOCK\RAFINERIA\PR03 BLOK PRZEROBU ROPY\DRW-IV|DR4.FC43354_SQR.PV;"2026-07-19 21:47:28,156006";"51,967227935791"
\\PIAF\PKN Orlen\PI Vision\PKN Orlen\ZAKŁAD PRODUKCYJNY PŁOCK\RAFINERIA\PR03 BLOK PRZEROBU ROPY\DRW-IV|DR4.FC43354_SQR.PV;"2026-07-19 21:51:53,203003";"52,3775367736816"
\\PIAF\PKN Orlen\PI Vision\PKN Orlen\ZAKŁAD PRODUKCYJNY PŁOCK\RAFINERIA\PR03 BLOK PRZEROBU ROPY\DRW-IV|DR4.FC43354_SQR.PV;"2026-07-19 22:00:33,124008";"51,6576232910156"
\\PIAF\PKN Orlen\PI Vision\PKN Orlen\ZAKŁAD PRODUKCYJNY PŁOCK\RAFINERIA\PR03 BLOK PRZEROBU ROPY\DRW-IV|DR4.FC43354_SQR.PV;"2026-07-19 22:08:58,187011";"51,9714508056641"
\\PIAF\PKN Orlen\PI Vision\PKN Orlen\ZAKŁAD PRODUKCYJNY PŁOCK\RAFINERIA\PR03 BLOK PRZEROBU ROPY\DRW-IV|DR4.FC43354_SQR.PV;"2026-07-19 22:11:48,156006";"52,3650169372559"
\\PIAF\PKN Orlen\PI Vision\PKN Orlen\ZAKŁAD PRODUKCYJNY PŁOCK\RAFINERIA\PR03 BLOK PRZEROBU ROPY\DRW-IV|DR4.FC43354_SQR.PV;"2026-07-19 22:19:13,109009";"52,1875"
\\PIAF\PKN Orlen\PI Vision\PKN Orlen\ZAKŁAD PRODUKCYJNY PŁOCK\RAFINERIA\PR03 BLOK PRZEROBU ROPY\DRW-IV|DR4.FC43354_SQR.PV;"2026-07-19 22:23:58,171005";"51,5873336791992"
\\PIAF\PKN Orlen\PI Vision\PKN Orlen\ZAKŁAD PRODUKCYJNY PŁOCK\RAFINERIA\PR03 BLOK PRZEROBU ROPY\DRW-IV|DR4.FC43354_SQR.PV;"2026-07-19 22:27:43,171005";"51,9512367248535"
\\PIAF\PKN Orlen\PI Vision\PKN Orlen\ZAKŁAD PRODUKCYJNY PŁOCK\RAFINERIA\PR03 BLOK PRZEROBU ROPY\DRW-IV|DR4.FC43354_SQR.PV;"2026-07-19 22:31:48,203003";"52,980770111084"
\\PIAF\PKN Orlen\PI Vision\PKN Orlen\ZAKŁAD PRODUKCYJNY PŁOCK\RAFINERIA\PR03 BLOK PRZEROBU ROPY\DRW-IV|DR4.FC43354_SQR.PV;"2026-07-19 22:34:43,109009";"52,5727424621582"
\\PIAF\PKN Orlen\PI Vision\PKN Orlen\ZAKŁAD PRODUKCYJNY PŁOCK\RAFINERIA\PR03 BLOK PRZEROBU ROPY\DRW-IV|DR4.FC43354_SQR.PV;"2026-07-19 22:38:48,171005";"51,0937309265137"
\\PIAF\PKN Orlen\PI Vision\PKN Orlen\ZAKŁAD PRODUKCYJNY PŁOCK\RAFINERIA\PR03 BLOK PRZEROBU ROPY\DRW-IV|DR4.FC43354_SQR.PV;"2026-07-19 22:41:58,171005";"51,0972442626953"
\\PIAF\PKN Orlen\PI Vision\PKN Orlen\ZAKŁAD PRODUKCYJNY PŁOCK\RAFINERIA\PR03 BLOK PRZEROBU ROPY\DRW-IV|DR4.FC43354_SQR.PV;"2026-07-19 22:45:13,218002";"52,0617752075195"
\\PIAF\PKN Orlen\PI Vision\PKN Orlen\ZAKŁAD PRODUKCYJNY PŁOCK\RAFINERIA\PR03 BLOK PRZEROBU ROPY\DRW-IV|DR4.FC43354_SQR.PV;"2026-07-19 22:47:58,156006";"52,6196365356445"
\\PIAF\PKN Orlen\PI Vision\PKN Orlen\ZAKŁAD PRODUKCYJNY PŁOCK\RAFINERIA\PR03 BLOK PRZEROBU ROPY\DRW-IV|DR4.FC43354_SQR.PV;"2026-07-19 22:51:08,171005";"52,1277656555176"
\\PIAF\PKN Orlen\PI Vision\PKN Orlen\ZAKŁAD PRODUKCYJNY PŁOCK\RAFINERIA\PR03 BLOK PRZEROBU ROPY\DRW-IV|DR4.FC43354_SQR.PV;"2026-07-19 22:55:43,171005";"51,0318946838379"
\\PIAF\PKN Orlen\PI Vision\PKN Orlen\ZAKŁAD PRODUKCYJNY PŁOCK\RAFINERIA\PR03 BLOK PRZEROBU ROPY\DRW-IV|DR4.FC43354_SQR.PV;"2026-07-19 23:05:13,203003";"51,4103355407715"
\\PIAF\PKN Orlen\PI Vision\PKN Orlen\ZAKŁAD PRODUKCYJNY PŁOCK\RAFINERIA\PR03 BLOK PRZEROBU ROPY\DRW-IV|DR4.FC43354_SQR.PV;"2026-07-19 23:15:08,140014";"51,2959480285645"
\\PIAF\PKN Orlen\PI Vision\PKN Orlen\ZAKŁAD PRODUKCYJNY PŁOCK\RAFINERIA\PR03 BLOK PRZEROBU ROPY\DRW-IV|DR4.FC43354_SQR.PV;"2026-07-19 23:21:13,171005";"52,3856925964355"
\\PIAF\PKN Orlen\PI Vision\PKN Orlen\ZAKŁAD PRODUKCYJNY PŁOCK\RAFINERIA\PR03 BLOK PRZEROBU ROPY\DRW-IV|DR4.FC43354_SQR.PV;"2026-07-19 23:29:08,203003";"52,052978515625"
\\PIAF\PKN Orlen\PI Vision\PKN Orlen\ZAKŁAD PRODUKCYJNY PŁOCK\RAFINERIA\PR03 BLOK PRZEROBU ROPY\DRW-IV|DR4.FC43354_SQR.PV;"2026-07-19 23:35:03,156006";"50,9568252563477"
\\PIAF\PKN Orlen\PI Vision\PKN Orlen\ZAKŁAD PRODUKCYJNY PŁOCK\RAFINERIA\PR03 BLOK PRZEROBU ROPY\DRW-IV|DR4.FC43354_SQR.PV;"2026-07-19 23:38:18,187011";"51,285816192627"
\\PIAF\PKN Orlen\PI Vision\PKN Orlen\ZAKŁAD PRODUKCYJNY PŁOCK\RAFINERIA\PR03 BLOK PRZEROBU ROPY\DRW-IV|DR4.FC43354_SQR.PV;"2026-07-19 23:43:13,124008";"52,6836547851563"
\\PIAF\PKN Orlen\PI Vision\PKN Orlen\ZAKŁAD PRODUKCYJNY PŁOCK\RAFINERIA\PR03 BLOK PRZEROBU ROPY\DRW-IV|DR4.FC43354_SQR.PV;"2026-07-19 23:48:08,124008";"52,488151550293"
\\PIAF\PKN Orlen\PI Vision\PKN Orlen\ZAKŁAD PRODUKCYJNY PŁOCK\RAFINERIA\PR03 BLOK PRZEROBU ROPY\DRW-IV|DR4.FC43354_SQR.PV;"2026-07-19 23:54:48,156006";"51,1939849853516"
\\PIAF\PKN Orlen\PI Vision\PKN Orlen\ZAKŁAD PRODUKCYJNY PŁOCK\RAFINERIA\PR03 BLOK PRZEROBU ROPY\DRW-IV|DR4.FC43354_SQR.PV;"2026-07-19 23:58:13,156006";"51,7471504211426"
\\PIAF\PKN Orlen\PI Vision\PKN Orlen\ZAKŁAD PRODUKCYJNY PŁOCK\RAFINERIA\PR03 BLOK PRZEROBU ROPY\DRW-IV|DR4.FC43354_SQR.PV;"2026-07-19 23:59:28,203003";"52,1201286315918"
\\PIAF\PKN Orlen\PI Vision\PKN Orlen\ZAKŁAD PRODUKCYJNY PŁOCK\RAFINERIA\PR03 BLOK PRZEROBU ROPY\DRW-IV|DR4.FC43354_SQR.PV;"2026-07-20 00:03:23,156006";"52,7368240356445"
\\PIAF\PKN Orlen\PI Vision\PKN Orlen\ZAKŁAD PRODUKCYJNY PŁOCK\RAFINERIA\PR03 BLOK PRZEROBU ROPY\DRW-IV|DR4.FC43354_SQR.PV;"2026-07-20 00:07:33,171005";"52,2307090759277"
\\PIAF\PKN Orlen\PI Vision\PKN Orlen\ZAKŁAD PRODUKCYJNY PŁOCK\RAFINERIA\PR03 BLOK PRZEROBU ROPY\DRW-IV|DR4.FC43354_SQR.PV;"2026-07-20 00:11:43,156006";"50,9801597595215"
\\PIAF\PKN Orlen\PI Vision\PKN Orlen\ZAKŁAD PRODUKCYJNY PŁOCK\RAFINERIA\PR03 BLOK PRZEROBU ROPY\DRW-IV|DR4.FC43354_SQR.PV;"2026-07-20 00:15:13,078003";"51,3617706298828"
\\PIAF\PKN Orlen\PI Vision\PKN Orlen\ZAKŁAD PRODUKCYJNY PŁOCK\RAFINERIA\PR03 BLOK PRZEROBU ROPY\DRW-IV|DR4.FC43354_SQR.PV;"2026-07-20 00:18:28,109009";"52,3072814941406"
\\PIAF\PKN Orlen\PI Vision\PKN Orlen\ZAKŁAD PRODUKCYJNY PŁOCK\RAFINERIA\PR03 BLOK PRZEROBU ROPY\DRW-IV|DR4.FC43354_SQR.PV;"2026-07-20 00:21:43,171005";"52,1046562194824"
\\PIAF\PKN Orlen\PI Vision\PKN Orlen\ZAKŁAD PRODUKCYJNY PŁOCK\RAFINERIA\PR03 BLOK PRZEROBU ROPY\DRW-IV|DR4.FC43354_SQR.PV;"2026-07-20 00:26:13,139999";"51,6645965576172"
\\PIAF\PKN Orlen\PI Vision\PKN Orlen\ZAKŁAD PRODUKCYJNY PŁOCK\RAFINERIA\PR03 BLOK PRZEROBU ROPY\DRW-IV|DR4.FC43354_SQR.PV;"2026-07-20 00:33:03,109009";"52,1807823181152"
\\PIAF\PKN Orlen\PI Vision\PKN Orlen\ZAKŁAD PRODUKCYJNY PŁOCK\RAFINERIA\PR03 BLOK PRZEROBU ROPY\DRW-IV|DR4.FC43354_SQR.PV;"2026-07-20 00:37:28,093002";"52,1253433227539"
\\PIAF\PKN Orlen\PI Vision\PKN Orlen\ZAKŁAD PRODUKCYJNY PŁOCK\RAFINERIA\PR03 BLOK PRZEROBU ROPY\DRW-IV|DR4.FC43354_SQR.PV;"2026-07-20 00:44:23,171005";"51,287956237793"
\\PIAF\PKN Orlen\PI Vision\PKN Orlen\ZAKŁAD PRODUKCYJNY PŁOCK\RAFINERIA\PR03 BLOK PRZEROBU ROPY\DRW-IV|DR4.FC43354_SQR.PV;"2026-07-20 00:48:43,156006";"51,5666732788086"
\\PIAF\PKN Orlen\PI Vision\PKN Orlen\ZAKŁAD PRODUKCYJNY PŁOCK\RAFINERIA\PR03 BLOK PRZEROBU ROPY\DRW-IV|DR4.FC43354_SQR.PV;"2026-07-20 00:51:43,124008";"52,1703338623047"
\\PIAF\PKN Orlen\PI Vision\PKN Orlen\ZAKŁAD PRODUKCYJNY PŁOCK\RAFINERIA\PR03 BLOK PRZEROBU ROPY\DRW-IV|DR4.FC43354_SQR.PV;"2026-07-20 00:57:58,093002";"51,9094886779785"
\\PIAF\PKN Orlen\PI Vision\PKN Orlen\ZAKŁAD PRODUKCYJNY PŁOCK\RAFINERIA\PR03 BLOK PRZEROBU ROPY\DRW-IV|DR4.FC43354_SQR.PV;"2026-07-20 01:01:28,171005";"51,3067016601563"
\\PIAF\PKN Orlen\PI Vision\PKN Orlen\ZAKŁAD PRODUKCYJNY PŁOCK\RAFINERIA\PR03 BLOK PRZEROBU ROPY\DRW-IV|DR4.FC43354_SQR.PV;"2026-07-20 01:05:23,140014";"51,5709381103516"
\\PIAF\PKN Orlen\PI Vision\PKN Orlen\ZAKŁAD PRODUKCYJNY PŁOCK\RAFINERIA\PR03 BLOK PRZEROBU ROPY\DRW-IV|DR4.FC43354_SQR.PV;"2026-07-20 01:09:18,187011";"52,0889015197754"
\\PIAF\PKN Orlen\PI Vision\PKN Orlen\ZAKŁAD PRODUKCYJNY PŁOCK\RAFINERIA\PR03 BLOK PRZEROBU ROPY\DRW-IV|DR4.FC43354_SQR.PV;"2026-07-20 01:17:58,171005";"51,4929847717285"
\\PIAF\PKN Orlen\PI Vision\PKN Orlen\ZAKŁAD PRODUKCYJNY PŁOCK\RAFINERIA\PR03 BLOK PRZEROBU ROPY\DRW-IV|DR4.FC43354_SQR.PV;"2026-07-20 01:23:28,187011";"51,9936332702637"
\\PIAF\PKN Orlen\PI Vision\PKN Orlen\ZAKŁAD PRODUKCYJNY PŁOCK\RAFINERIA\PR03 BLOK PRZEROBU ROPY\DRW-IV|DR4.FC43354_SQR.PV;"2026-07-20 01:27:33,140014";"51,5259284973145"
\\PIAF\PKN Orlen\PI Vision\PKN Orlen\ZAKŁAD PRODUKCYJNY PŁOCK\RAFINERIA\PR03 BLOK PRZEROBU ROPY\DRW-IV|DR4.FC43354_SQR.PV;"2026-07-20 01:30:53,187011";"51,3893394470215"
\\PIAF\PKN Orlen\PI Vision\PKN Orlen\ZAKŁAD PRODUKCYJNY PŁOCK\RAFINERIA\PR03 BLOK PRZEROBU ROPY\DRW-IV|DR4.FC43354_SQR.PV;"2026-07-20 01:36:58,187011";"52,1122741699219"
\\PIAF\PKN Orlen\PI Vision\PKN Orlen\ZAKŁAD PRODUKCYJNY PŁOCK\RAFINERIA\PR03 BLOK PRZEROBU ROPY\DRW-IV|DR4.FC43354_SQR.PV;"2026-07-20 01:40:33,156006";"52,2058753967285"
\\PIAF\PKN Orlen\PI Vision\PKN Orlen\ZAKŁAD PRODUKCYJNY PŁOCK\RAFINERIA\PR03 BLOK PRZEROBU ROPY\DRW-IV|DR4.FC43354_SQR.PV;"2026-07-20 01:45:58,139999";"51,2282218933105"
\\PIAF\PKN Orlen\PI Vision\PKN Orlen\ZAKŁAD PRODUKCYJNY PŁOCK\RAFINERIA\PR03 BLOK PRZEROBU ROPY\DRW-IV|DR4.FC43354_SQR.PV;"2026-07-20 01:50:53,109009";"51,5295448303223"
\\PIAF\PKN Orlen\PI Vision\PKN Orlen\ZAKŁAD PRODUKCYJNY PŁOCK\RAFINERIA\PR03 BLOK PRZEROBU ROPY\DRW-IV|DR4.FC43354_SQR.PV;"2026-07-20 01:55:03,156006";"52,1349906921387"
\\PIAF\PKN Orlen\PI Vision\PKN Orlen\ZAKŁAD PRODUKCYJNY PŁOCK\RAFINERIA\PR03 BLOK PRZEROBU ROPY\DRW-IV|DR4.FC43354_SQR.PV;"2026-07-20 02:00:18,093002";"51,6824417114258"
\\PIAF\PKN Orlen\PI Vision\PKN Orlen\ZAKŁAD PRODUKCYJNY PŁOCK\RAFINERIA\PR03 BLOK PRZEROBU ROPY\DRW-IV|DR4.FC43354_SQR.PV;"2026-07-20 02:25:08,140014";"52,5179176330566"
\\PIAF\PKN Orlen\PI Vision\PKN Orlen\ZAKŁAD PRODUKCYJNY PŁOCK\RAFINERIA\PR03 BLOK PRZEROBU ROPY\DRW-IV|DR4.FC43354_SQR.PV;"2026-07-20 02:31:13,171005";"52,2286720275879"
\\PIAF\PKN Orlen\PI Vision\PKN Orlen\ZAKŁAD PRODUKCYJNY PŁOCK\RAFINERIA\PR03 BLOK PRZEROBU ROPY\DRW-IV|DR4.FC43354_SQR.PV;"2026-07-20 02:41:13,124008";"52,2372550964355"
\\PIAF\PKN Orlen\PI Vision\PKN Orlen\ZAKŁAD PRODUKCYJNY PŁOCK\RAFINERIA\PR03 BLOK PRZEROBU ROPY\DRW-IV|DR4.FC43354_SQR.PV;"2026-07-20 02:51:18,124008";"52,2586784362793"
\\PIAF\PKN Orlen\PI Vision\PKN Orlen\ZAKŁAD PRODUKCYJNY PŁOCK\RAFINERIA\PR03 BLOK PRZEROBU ROPY\DRW-IV|DR4.FC43354_SQR.PV;"2026-07-20 02:53:13,078003";"52,5684013366699"
\\PIAF\PKN Orlen\PI Vision\PKN Orlen\ZAKŁAD PRODUKCYJNY PŁOCK\RAFINERIA\PR03 BLOK PRZEROBU ROPY\DRW-IV|DR4.FC43354_SQR.PV;"2026-07-20 02:59:08,156006";"52,2396774291992"
\\PIAF\PKN Orlen\PI Vision\PKN Orlen\ZAKŁAD PRODUKCYJNY PŁOCK\RAFINERIA\PR03 BLOK PRZEROBU ROPY\DRW-IV|DR4.FC43354_SQR.PV;"2026-07-20 03:03:33,125";"51,8420867919922"
\\PIAF\PKN Orlen\PI Vision\PKN Orlen\ZAKŁAD PRODUKCYJNY PŁOCK\RAFINERIA\PR03 BLOK PRZEROBU ROPY\DRW-IV|DR4.FC43354_SQR.PV;"2026-07-20 03:11:18,093002";"52,2572822570801"
\\PIAF\PKN Orlen\PI Vision\PKN Orlen\ZAKŁAD PRODUKCYJNY PŁOCK\RAFINERIA\PR03 BLOK PRZEROBU ROPY\DRW-IV|DR4.FC43354_SQR.PV;"2026-07-20 03:16:13,193008";"51,6773376464844"
\\PIAF\PKN Orlen\PI Vision\PKN Orlen\ZAKŁAD PRODUKCYJNY PŁOCK\RAFINERIA\PR03 BLOK PRZEROBU ROPY\DRW-IV|DR4.FC43354_SQR.PV;"2026-07-20 03:21:33,225006";"51,9641914367676"
\\PIAF\PKN Orlen\PI Vision\PKN Orlen\ZAKŁAD PRODUKCYJNY PŁOCK\RAFINERIA\PR03 BLOK PRZEROBU ROPY\DRW-IV|DR4.FC43354_SQR.PV;"2026-07-20 03:23:38,162002";"52,2818412780762"
\\PIAF\PKN Orlen\PI Vision\PKN Orlen\ZAKŁAD PRODUKCYJNY PŁOCK\RAFINERIA\PR03 BLOK PRZEROBU ROPY\DRW-IV|DR4.FC43354_SQR.PV;"2026-07-20 03:32:43,271011";"51,8013877868652"
\\PIAF\PKN Orlen\PI Vision\PKN Orlen\ZAKŁAD PRODUKCYJNY PŁOCK\RAFINERIA\PR03 BLOK PRZEROBU ROPY\DRW-IV|DR4.FC43354_SQR.PV;"2026-07-20 03:41:33,178009";"52,1822166442871"
\\PIAF\PKN Orlen\PI Vision\PKN Orlen\ZAKŁAD PRODUKCYJNY PŁOCK\RAFINERIA\PR03 BLOK PRZEROBU ROPY\DRW-IV|DR4.FC43354_SQR.PV;"2026-07-20 03:46:08,178009";"51,8111038208008"
\\PIAF\PKN Orlen\PI Vision\PKN Orlen\ZAKŁAD PRODUKCYJNY PŁOCK\RAFINERIA\PR03 BLOK PRZEROBU ROPY\DRW-IV|DR4.FC43354_SQR.PV;"2026-07-20 03:51:03,193008";"51,984317779541"
\\PIAF\PKN Orlen\PI Vision\PKN Orlen\ZAKŁAD PRODUKCYJNY PŁOCK\RAFINERIA\PR03 BLOK PRZEROBU ROPY\DRW-IV|DR4.FC43354_SQR.PV;"2026-07-20 03:56:18,225006";"52,7632484436035"
\\PIAF\PKN Orlen\PI Vision\PKN Orlen\ZAKŁAD PRODUKCYJNY PŁOCK\RAFINERIA\PR03 BLOK PRZEROBU ROPY\DRW-IV|DR4.FC43354_SQR.PV;"2026-07-20 04:00:48,209";"52,4461364746094"
\\PIAF\PKN Orlen\PI Vision\PKN Orlen\ZAKŁAD PRODUKCYJNY PŁOCK\RAFINERIA\PR03 BLOK PRZEROBU ROPY\DRW-IV|DR4.FC43354_SQR.PV;"2026-07-20 04:06:28,224014";"51,8526573181152"
\\PIAF\PKN Orlen\PI Vision\PKN Orlen\ZAKŁAD PRODUKCYJNY PŁOCK\RAFINERIA\PR03 BLOK PRZEROBU ROPY\DRW-IV|DR4.FC43354_SQR.PV;"2026-07-20 04:14:08,225006";"51,6170883178711"
\\PIAF\PKN Orlen\PI Vision\PKN Orlen\ZAKŁAD PRODUKCYJNY PŁOCK\RAFINERIA\PR03 BLOK PRZEROBU ROPY\DRW-IV|DR4.FC43354_SQR.PV;"2026-07-20 04:17:58,287002";"51,8754997253418"
\\PIAF\PKN Orlen\PI Vision\PKN Orlen\ZAKŁAD PRODUKCYJNY PŁOCK\RAFINERIA\PR03 BLOK PRZEROBU ROPY\DRW-IV|DR4.FC43354_SQR.PV;"2026-07-20 04:20:58,271011";"52,3653678894043"
\\PIAF\PKN Orlen\PI Vision\PKN Orlen\ZAKŁAD PRODUKCYJNY PŁOCK\RAFINERIA\PR03 BLOK PRZEROBU ROPY\DRW-IV|DR4.FC43354_SQR.PV;"2026-07-20 04:24:53,256012";"52,1193161010742"
\\PIAF\PKN Orlen\PI Vision\PKN Orlen\ZAKŁAD PRODUKCYJNY PŁOCK\RAFINERIA\PR03 BLOK PRZEROBU ROPY\DRW-IV|DR4.FC43354_SQR.PV;"2026-07-20 04:27:18,256012";"51,6643257141113"
\\PIAF\PKN Orlen\PI Vision\PKN Orlen\ZAKŁAD PRODUKCYJNY PŁOCK\RAFINERIA\PR03 BLOK PRZEROBU ROPY\DRW-IV|DR4.FC43354_SQR.PV;"2026-07-20 04:37:33,225006";"51,7406768798828"
\\PIAF\PKN Orlen\PI Vision\PKN Orlen\ZAKŁAD PRODUKCYJNY PŁOCK\RAFINERIA\PR03 BLOK PRZEROBU ROPY\DRW-IV|DR4.FC43354_SQR.PV;"2026-07-20 04:40:18,224014";"51,7723579406738"
\\PIAF\PKN Orlen\PI Vision\PKN Orlen\ZAKŁAD PRODUKCYJNY PŁOCK\RAFINERIA\PR03 BLOK PRZEROBU ROPY\DRW-IV|DR4.FC43354_SQR.PV;"2026-07-20 04:47:18,193008";"51,5573959350586"
\\PIAF\PKN Orlen\PI Vision\PKN Orlen\ZAKŁAD PRODUKCYJNY PŁOCK\RAFINERIA\PR03 BLOK PRZEROBU ROPY\DRW-IV|DR4.FC43354_SQR.PV;"2026-07-20 04:57:38,225006";"51,6261291503906"
\\PIAF\PKN Orlen\PI Vision\PKN Orlen\ZAKŁAD PRODUKCYJNY PŁOCK\RAFINERIA\PR03 BLOK PRZEROBU ROPY\DRW-IV|DR4.FC43354_SQR.PV;"2026-07-20 05:05:33,209015";"51,4402961730957"
\\PIAF\PKN Orlen\PI Vision\PKN Orlen\ZAKŁAD PRODUKCYJNY PŁOCK\RAFINERIA\PR03 BLOK PRZEROBU ROPY\DRW-IV|DR4.FC43354_SQR.PV;"2026-07-20 05:08:58,162002";"51,5662689208984"
\\PIAF\PKN Orlen\PI Vision\PKN Orlen\ZAKŁAD PRODUKCYJNY PŁOCK\RAFINERIA\PR03 BLOK PRZEROBU ROPY\DRW-IV|DR4.FC43354_SQR.PV;"2026-07-20 05:13:03,178009";"51,202766418457"
\\PIAF\PKN Orlen\PI Vision\PKN Orlen\ZAKŁAD PRODUKCYJNY PŁOCK\RAFINERIA\PR03 BLOK PRZEROBU ROPY\DRW-IV|DR4.FC43354_SQR.PV;"2026-07-20 05:17:58,193008";"51,0150413513184"
\\PIAF\PKN Orlen\PI Vision\PKN Orlen\ZAKŁAD PRODUKCYJNY PŁOCK\RAFINERIA\PR03 BLOK PRZEROBU ROPY\DRW-IV|DR4.FC43354_SQR.PV;"2026-07-20 05:23:08,209015";"51,6171379089355"
\\PIAF\PKN Orlen\PI Vision\PKN Orlen\ZAKŁAD PRODUKCYJNY PŁOCK\RAFINERIA\PR03 BLOK PRZEROBU ROPY\DRW-IV|DR4.FC43354_SQR.PV;"2026-07-20 05:31:48,240005";"51,073844909668"
\\PIAF\PKN Orlen\PI Vision\PKN Orlen\ZAKŁAD PRODUKCYJNY PŁOCK\RAFINERIA\PR03 BLOK PRZEROBU ROPY\DRW-IV|DR4.FC43354_SQR.PV;"2026-07-20 05:35:33,146011";"51,0322265625"
\\PIAF\PKN Orlen\PI Vision\PKN Orlen\ZAKŁAD PRODUKCYJNY PŁOCK\RAFINERIA\PR03 BLOK PRZEROBU ROPY\DRW-IV|DR4.FC43354_SQR.PV;"2026-07-20 05:39:38,162002";"51,4978446960449"
\\PIAF\PKN Orlen\PI Vision\PKN Orlen\ZAKŁAD PRODUKCYJNY PŁOCK\RAFINERIA\PR03 BLOK PRZEROBU ROPY\DRW-IV|DR4.FC43354_SQR.PV;"2026-07-20 05:47:38,209015";"50,8704147338867"
\\PIAF\PKN Orlen\PI Vision\PKN Orlen\ZAKŁAD PRODUKCYJNY PŁOCK\RAFINERIA\PR03 BLOK PRZEROBU ROPY\DRW-IV|DR4.FC43354_SQR.PV;"2026-07-20 05:52:18,178009";"51,2967224121094"
\\PIAF\PKN Orlen\PI Vision\PKN Orlen\ZAKŁAD PRODUKCYJNY PŁOCK\RAFINERIA\PR03 BLOK PRZEROBU ROPY\DRW-IV|DR4.FC43354_SQR.PV;"2026-07-20 05:56:43,256012";"51,299690246582"
\\PIAF\PKN Orlen\PI Vision\PKN Orlen\ZAKŁAD PRODUKCYJNY PŁOCK\RAFINERIA\PR03 BLOK PRZEROBU ROPY\DRW-IV|DR4.FC43354_SQR.PV;"2026-07-20 06:02:08,146011";"50,5847358703613"
\\PIAF\PKN Orlen\PI Vision\PKN Orlen\ZAKŁAD PRODUKCYJNY PŁOCK\RAFINERIA\PR03 BLOK PRZEROBU ROPY\DRW-IV|DR4.FC43354_SQR.PV;"2026-07-20 06:08:18,162002";"51,2191200256348"
\\PIAF\PKN Orlen\PI Vision\PKN Orlen\ZAKŁAD PRODUKCYJNY PŁOCK\RAFINERIA\PR03 BLOK PRZEROBU ROPY\DRW-IV|DR4.FC43354_SQR.PV;"2026-07-20 06:16:23,162002";"51,043041229248"
\\PIAF\PKN Orlen\PI Vision\PKN Orlen\ZAKŁAD PRODUKCYJNY PŁOCK\RAFINERIA\PR03 BLOK PRZEROBU ROPY\DRW-IV|DR4.FC43354_SQR.PV;"2026-07-20 06:33:38,178009";"51,1574554443359"
\\PIAF\PKN Orlen\PI Vision\PKN Orlen\ZAKŁAD PRODUKCYJNY PŁOCK\RAFINERIA\PR03 BLOK PRZEROBU ROPY\DRW-IV|DR4.FC43354_SQR.PV;"2026-07-20 06:41:18,162002";"51,1632843017578"
\\PIAF\PKN Orlen\PI Vision\PKN Orlen\ZAKŁAD PRODUKCYJNY PŁOCK\RAFINERIA\PR03 BLOK PRZEROBU ROPY\DRW-IV|DR4.FC43354_SQR.PV;"2026-07-20 06:46:18,146011";"51,0988998413086"
\\PIAF\PKN Orlen\PI Vision\PKN Orlen\ZAKŁAD PRODUKCYJNY PŁOCK\RAFINERIA\PR03 BLOK PRZEROBU ROPY\DRW-IV|DR4.FC43354_SQR.PV;"2026-07-20 06:55:43,209015";"51,735294342041"
\\PIAF\PKN Orlen\PI Vision\PKN Orlen\ZAKŁAD PRODUKCYJNY PŁOCK\RAFINERIA\PR03 BLOK PRZEROBU ROPY\DRW-IV|DR4.FC43354_SQR.PV;"2026-07-20 07:02:23,146011";"51,0335884094238"
\\PIAF\PKN Orlen\PI Vision\PKN Orlen\ZAKŁAD PRODUKCYJNY PŁOCK\RAFINERIA\PR03 BLOK PRZEROBU ROPY\DRW-IV|DR4.FC43354_SQR.PV;"2026-07-20 07:07:13,131012";"51,4600410461426"
\\PIAF\PKN Orlen\PI Vision\PKN Orlen\ZAKŁAD PRODUKCYJNY PŁOCK\RAFINERIA\PR03 BLOK PRZEROBU ROPY\DRW-IV|DR4.FC43354_SQR.PV;"2026-07-20 07:09:48,224014";"51,5824432373047"
\\PIAF\PKN Orlen\PI Vision\PKN Orlen\ZAKŁAD PRODUKCYJNY PŁOCK\RAFINERIA\PR03 BLOK PRZEROBU ROPY\DRW-IV|DR4.FC43354_SQR.PV;"2026-07-20 07:21:43,224014";"51,2340927124023"
\\PIAF\PKN Orlen\PI Vision\PKN Orlen\ZAKŁAD PRODUKCYJNY PŁOCK\RAFINERIA\PR03 BLOK PRZEROBU ROPY\DRW-IV|DR4.FC43354_SQR.PV;"2026-07-20 07:25:03,209015";"51,0388107299805"
\\PIAF\PKN Orlen\PI Vision\PKN Orlen\ZAKŁAD PRODUKCYJNY PŁOCK\RAFINERIA\PR03 BLOK PRZEROBU ROPY\DRW-IV|DR4.FC43354_SQR.PV;"2026-07-20 07:29:18,193008";"51,5423164367676"
\\PIAF\PKN Orlen\PI Vision\PKN Orlen\ZAKŁAD PRODUKCYJNY PŁOCK\RAFINERIA\PR03 BLOK PRZEROBU ROPY\DRW-IV|DR4.FC43354_SQR.PV;"2026-07-20 07:31:58,131012";"52,0917282104492"
\\PIAF\PKN Orlen\PI Vision\PKN Orlen\ZAKŁAD PRODUKCYJNY PŁOCK\RAFINERIA\PR03 BLOK PRZEROBU ROPY\DRW-IV|DR4.FC43354_SQR.PV;"2026-07-20 07:34:38,162002";"51,6153144836426"
\\PIAF\PKN Orlen\PI Vision\PKN Orlen\ZAKŁAD PRODUKCYJNY PŁOCK\RAFINERIA\PR03 BLOK PRZEROBU ROPY\DRW-IV|DR4.FC43354_SQR.PV;"2026-07-20 07:37:48,193008";"50,9403915405273"
\\PIAF\PKN Orlen\PI Vision\PKN Orlen\ZAKŁAD PRODUKCYJNY PŁOCK\RAFINERIA\PR03 BLOK PRZEROBU ROPY\DRW-IV|DR4.FC43354_SQR.PV;"2026-07-20 07:42:13,209015";"51,4382820129395"
\\PIAF\PKN Orlen\PI Vision\PKN Orlen\ZAKŁAD PRODUKCYJNY PŁOCK\RAFINERIA\PR03 BLOK PRZEROBU ROPY\DRW-IV|DR4.FC43354_SQR.PV;"2026-07-20 07:44:53,131012";"51,8354263305664"
\\PIAF\PKN Orlen\PI Vision\PKN Orlen\ZAKŁAD PRODUKCYJNY PŁOCK\RAFINERIA\PR03 BLOK PRZEROBU ROPY\DRW-IV|DR4.FC43354_SQR.PV;"2026-07-20 07:49:13,162002";"51,4921607971191"
\\PIAF\PKN Orlen\PI Vision\PKN Orlen\ZAKŁAD PRODUKCYJNY PŁOCK\RAFINERIA\PR03 BLOK PRZEROBU ROPY\DRW-IV|DR4.FC43354_SQR.PV;"2026-07-20 07:51:48,209015";"50,8945083618164"
\\PIAF\PKN Orlen\PI Vision\PKN Orlen\ZAKŁAD PRODUKCYJNY PŁOCK\RAFINERIA\PR03 BLOK PRZEROBU ROPY\DRW-IV|DR4.FC43354_SQR.PV;"2026-07-20 07:54:28,224014";"50,9759674072266"
\\PIAF\PKN Orlen\PI Vision\PKN Orlen\ZAKŁAD PRODUKCYJNY PŁOCK\RAFINERIA\PR03 BLOK PRZEROBU ROPY\DRW-IV|DR4.FC43354_SQR.PV;"2026-07-20 07:57:33,209015";"51,5471229553223"
\\PIAF\PKN Orlen\PI Vision\PKN Orlen\ZAKŁAD PRODUKCYJNY PŁOCK\RAFINERIA\PR03 BLOK PRZEROBU ROPY\DRW-IV|DR4.FC43354_SQR.PV;"2026-07-20 08:02:43,209015";"51,615177154541"
\\PIAF\PKN Orlen\PI Vision\PKN Orlen\ZAKŁAD PRODUKCYJNY PŁOCK\RAFINERIA\PR03 BLOK PRZEROBU ROPY\DRW-IV|DR4.FC43354_SQR.PV;"2026-07-20 08:05:43,240005";"51,2118682861328"
\\PIAF\PKN Orlen\PI Vision\PKN Orlen\ZAKŁAD PRODUKCYJNY PŁOCK\RAFINERIA\PR03 BLOK PRZEROBU ROPY\DRW-IV|DR4.FC43354_SQR.PV;"2026-07-20 08:18:58,146011";"51,6108131408691"
\\PIAF\PKN Orlen\PI Vision\PKN Orlen\ZAKŁAD PRODUKCYJNY PŁOCK\RAFINERIA\PR03 BLOK PRZEROBU ROPY\DRW-IV|DR4.FC43354_SQR.PV;"2026-07-20 08:20:58,146011";"51,8561058044434"
\\PIAF\PKN Orlen\PI Vision\PKN Orlen\ZAKŁAD PRODUKCYJNY PŁOCK\RAFINERIA\PR03 BLOK PRZEROBU ROPY\DRW-IV|DR4.FC43354_SQR.PV;"2026-07-20 08:27:28,193008";"51,6661796569824"
\\PIAF\PKN Orlen\PI Vision\PKN Orlen\ZAKŁAD PRODUKCYJNY PŁOCK\RAFINERIA\PR03 BLOK PRZEROBU ROPY\DRW-IV|DR4.FC43354_SQR.PV;"2026-07-20 08:32:28,131012";"51,7443618774414"
\\PIAF\PKN Orlen\PI Vision\PKN Orlen\ZAKŁAD PRODUKCYJNY PŁOCK\RAFINERIA\PR03 BLOK PRZEROBU ROPY\DRW-IV|DR4.FC43354_SQR.PV;"2026-07-20 08:35:38,115005";"51,2126502990723"
\\PIAF\PKN Orlen\PI Vision\PKN Orlen\ZAKŁAD PRODUKCYJNY PŁOCK\RAFINERIA\PR03 BLOK PRZEROBU ROPY\DRW-IV|DR4.FC43354_SQR.PV;"2026-07-20 08:38:38,209015";"50,976261138916"
\\PIAF\PKN Orlen\PI Vision\PKN Orlen\ZAKŁAD PRODUKCYJNY PŁOCK\RAFINERIA\PR03 BLOK PRZEROBU ROPY\DRW-IV|DR4.FC43354_SQR.PV;"2026-07-20 08:46:58,162002";"51,8751945495605"
\\PIAF\PKN Orlen\PI Vision\PKN Orlen\ZAKŁAD PRODUKCYJNY PŁOCK\RAFINERIA\PR03 BLOK PRZEROBU ROPY\DRW-IV|DR4.FC43354_SQR.PV;"2026-07-20 08:54:53,193008";"51,2124443054199"
\\PIAF\PKN Orlen\PI Vision\PKN Orlen\ZAKŁAD PRODUKCYJNY PŁOCK\RAFINERIA\PR03 BLOK PRZEROBU ROPY\DRW-IV|DR4.FC43354_SQR.PV;"2026-07-20 08:57:48,146011";"51,6509819030762"
\\PIAF\PKN Orlen\PI Vision\PKN Orlen\ZAKŁAD PRODUKCYJNY PŁOCK\RAFINERIA\PR03 BLOK PRZEROBU ROPY\DRW-IV|DR4.FC43354_SQR.PV;"2026-07-20 09:01:58,099014";"52,5351295471191"
\\PIAF\PKN Orlen\PI Vision\PKN Orlen\ZAKŁAD PRODUKCYJNY PŁOCK\RAFINERIA\PR03 BLOK PRZEROBU ROPY\DRW-IV|DR4.FC43354_SQR.PV;"2026-07-20 09:05:08,193008";"52,0173721313477"
\\PIAF\PKN Orlen\PI Vision\PKN Orlen\ZAKŁAD PRODUKCYJNY PŁOCK\RAFINERIA\PR03 BLOK PRZEROBU ROPY\DRW-IV|DR4.FC43354_SQR.PV;"2026-07-20 09:09:38,131012";"51,1432418823242"
\\PIAF\PKN Orlen\PI Vision\PKN Orlen\ZAKŁAD PRODUKCYJNY PŁOCK\RAFINERIA\PR03 BLOK PRZEROBU ROPY\DRW-IV|DR4.FC43354_SQR.PV;"2026-07-20 09:17:13,146011";"51,2945137023926"
\\PIAF\PKN Orlen\PI Vision\PKN Orlen\ZAKŁAD PRODUKCYJNY PŁOCK\RAFINERIA\PR03 BLOK PRZEROBU ROPY\DRW-IV|DR4.FC43354_SQR.PV;"2026-07-20 09:21:03,178009";"52,2898559570313"
\\PIAF\PKN Orlen\PI Vision\PKN Orlen\ZAKŁAD PRODUKCYJNY PŁOCK\RAFINERIA\PR03 BLOK PRZEROBU ROPY\DRW-IV|DR4.FC43354_SQR.PV;"2026-07-20 09:24:03,099014";"52,8025512695313"
\\PIAF\PKN Orlen\PI Vision\PKN Orlen\ZAKŁAD PRODUKCYJNY PŁOCK\RAFINERIA\PR03 BLOK PRZEROBU ROPY\DRW-IV|DR4.FC43354_SQR.PV;"2026-07-20 09:28:48,162002";"51,9505233764648"
\\PIAF\PKN Orlen\PI Vision\PKN Orlen\ZAKŁAD PRODUKCYJNY PŁOCK\RAFINERIA\PR03 BLOK PRZEROBU ROPY\DRW-IV|DR4.FC43354_SQR.PV;"2026-07-20 09:32:08,178009";"51,8620223999023"
\\PIAF\PKN Orlen\PI Vision\PKN Orlen\ZAKŁAD PRODUKCYJNY PŁOCK\RAFINERIA\PR03 BLOK PRZEROBU ROPY\DRW-IV|DR4.FC43354_SQR.PV;"2026-07-20 09:36:08,100006";"52,4046478271484"
\\PIAF\PKN Orlen\PI Vision\PKN Orlen\ZAKŁAD PRODUKCYJNY PŁOCK\RAFINERIA\PR03 BLOK PRZEROBU ROPY\DRW-IV|DR4.FC43354_SQR.PV;"2026-07-20 09:43:48,084015";"51,9088020324707"
\\PIAF\PKN Orlen\PI Vision\PKN Orlen\ZAKŁAD PRODUKCYJNY PŁOCK\RAFINERIA\PR03 BLOK PRZEROBU ROPY\DRW-IV|DR4.FC43354_SQR.PV;"2026-07-20 09:47:18,131012";"52,430347442627"
\\PIAF\PKN Orlen\PI Vision\PKN Orlen\ZAKŁAD PRODUKCYJNY PŁOCK\RAFINERIA\PR03 BLOK PRZEROBU ROPY\DRW-IV|DR4.FC43354_SQR.PV;"2026-07-20 09:52:33,146011";"52,2740707397461"
\\PIAF\PKN Orlen\PI Vision\PKN Orlen\ZAKŁAD PRODUKCYJNY PŁOCK\RAFINERIA\PR03 BLOK PRZEROBU ROPY\DRW-IV|DR4.FC43354_SQR.PV;"2026-07-20 09:55:18,100006";"51,8670234680176"
\\PIAF\PKN Orlen\PI Vision\PKN Orlen\ZAKŁAD PRODUKCYJNY PŁOCK\RAFINERIA\PR03 BLOK PRZEROBU ROPY\DRW-IV|DR4.FC43354_SQR.PV;"2026-07-20 09:58:48,146011";"51,7890205383301"
\\PIAF\PKN Orlen\PI Vision\PKN Orlen\ZAKŁAD PRODUKCYJNY PŁOCK\RAFINERIA\PR03 BLOK PRZEROBU ROPY\DRW-IV|DR4.FC43354_SQR.PV;"2026-07-20 10:03:38,131012";"52,523021697998"
\\PIAF\PKN Orlen\PI Vision\PKN Orlen\ZAKŁAD PRODUKCYJNY PŁOCK\RAFINERIA\PR03 BLOK PRZEROBU ROPY\DRW-IV|DR4.FC43354_SQR.PV;"2026-07-20 10:06:48,131012";"52,3295707702637"
\\PIAF\PKN Orlen\PI Vision\PKN Orlen\ZAKŁAD PRODUKCYJNY PŁOCK\RAFINERIA\PR03 BLOK PRZEROBU ROPY\DRW-IV|DR4.FC43354_SQR.PV;"2026-07-20 10:11:53,099014";"51,507740020752"
\\PIAF\PKN Orlen\PI Vision\PKN Orlen\ZAKŁAD PRODUKCYJNY PŁOCK\RAFINERIA\PR03 BLOK PRZEROBU ROPY\DRW-IV|DR4.FC43354_SQR.PV;"2026-07-20 10:17:38,146011";"52,5345840454102"
\\PIAF\PKN Orlen\PI Vision\PKN Orlen\ZAKŁAD PRODUKCYJNY PŁOCK\RAFINERIA\PR03 BLOK PRZEROBU ROPY\DRW-IV|DR4.FC43354_SQR.PV;"2026-07-20 10:19:28,178009";"52,9197578430176"
\\PIAF\PKN Orlen\PI Vision\PKN Orlen\ZAKŁAD PRODUKCYJNY PŁOCK\RAFINERIA\PR03 BLOK PRZEROBU ROPY\DRW-IV|DR4.FC43354_SQR.PV;"2026-07-20 10:25:03,146011";"52,4492607116699"
\\PIAF\PKN Orlen\PI Vision\PKN Orlen\ZAKŁAD PRODUKCYJNY PŁOCK\RAFINERIA\PR03 BLOK PRZEROBU ROPY\DRW-IV|DR4.FC43354_SQR.PV;"2026-07-20 10:29:43,146011";"51,5895652770996"
\\PIAF\PKN Orlen\PI Vision\PKN Orlen\ZAKŁAD PRODUKCYJNY PŁOCK\RAFINERIA\PR03 BLOK PRZEROBU ROPY\DRW-IV|DR4.FC43354_SQR.PV;"2026-07-20 10:33:08,162002";"51,779655456543"
\\PIAF\PKN Orlen\PI Vision\PKN Orlen\ZAKŁAD PRODUKCYJNY PŁOCK\RAFINERIA\PR03 BLOK PRZEROBU ROPY\DRW-IV|DR4.FC43354_SQR.PV;"2026-07-20 10:35:18,146011";"52,0935363769531"
\\PIAF\PKN Orlen\PI Vision\PKN Orlen\ZAKŁAD PRODUKCYJNY PŁOCK\RAFINERIA\PR03 BLOK PRZEROBU ROPY\DRW-IV|DR4.FC43354_SQR.PV;"2026-07-20 10:41:18,068008";"51,8956718444824"
\\PIAF\PKN Orlen\PI Vision\PKN Orlen\ZAKŁAD PRODUKCYJNY PŁOCK\RAFINERIA\PR03 BLOK PRZEROBU ROPY\DRW-IV|DR4.FC43354_SQR.PV;"2026-07-20 10:47:33,162002";"52,3644256591797"
\\PIAF\PKN Orlen\PI Vision\PKN Orlen\ZAKŁAD PRODUKCYJNY PŁOCK\RAFINERIA\PR03 BLOK PRZEROBU ROPY\DRW-IV|DR4.FC43354_SQR.PV;"2026-07-20 10:50:23,131012";"52,8872909545898"
\\PIAF\PKN Orlen\PI Vision\PKN Orlen\ZAKŁAD PRODUKCYJNY PŁOCK\RAFINERIA\PR03 BLOK PRZEROBU ROPY\DRW-IV|DR4.FC43354_SQR.PV;"2026-07-20 10:56:08,146011";"52,4657325744629"
\\PIAF\PKN Orlen\PI Vision\PKN Orlen\ZAKŁAD PRODUKCYJNY PŁOCK\RAFINERIA\PR03 BLOK PRZEROBU ROPY\DRW-IV|DR4.FC43354_SQR.PV;"2026-07-20 11:02:03,100006";"51,6012802124023"
\\PIAF\PKN Orlen\PI Vision\PKN Orlen\ZAKŁAD PRODUKCYJNY PŁOCK\RAFINERIA\PR03 BLOK PRZEROBU ROPY\DRW-IV|DR4.FC43354_SQR.PV;"2026-07-20 11:08:43,115005";"51,829044342041"
\\PIAF\PKN Orlen\PI Vision\PKN Orlen\ZAKŁAD PRODUKCYJNY PŁOCK\RAFINERIA\PR03 BLOK PRZEROBU ROPY\DRW-IV|DR4.FC43354_SQR.PV;"2026-07-20 11:16:08,084015";"51,9540367126465"
\\PIAF\PKN Orlen\PI Vision\PKN Orlen\ZAKŁAD PRODUKCYJNY PŁOCK\RAFINERIA\PR03 BLOK PRZEROBU ROPY\DRW-IV|DR4.FC43354_SQR.PV;"2026-07-20 11:18:13,115005";"52,0784187316895"
\\PIAF\PKN Orlen\PI Vision\PKN Orlen\ZAKŁAD PRODUKCYJNY PŁOCK\RAFINERIA\PR03 BLOK PRZEROBU ROPY\DRW-IV|DR4.FC43354_SQR.PV;"2026-07-20 11:26:08,053009";"51,8939933776855"
\\PIAF\PKN Orlen\PI Vision\PKN Orlen\ZAKŁAD PRODUKCYJNY PŁOCK\RAFINERIA\PR03 BLOK PRZEROBU ROPY\DRW-IV|DR4.FC43354_SQR.PV;"2026-07-20 11:32:08,178009";"52,8055992126465"
\\PIAF\PKN Orlen\PI Vision\PKN Orlen\ZAKŁAD PRODUKCYJNY PŁOCK\RAFINERIA\PR03 BLOK PRZEROBU ROPY\DRW-IV|DR4.FC43354_SQR.PV;"2026-07-20 11:38:58,162002";"51,8563079833984"
\\PIAF\PKN Orlen\PI Vision\PKN Orlen\ZAKŁAD PRODUKCYJNY PŁOCK\RAFINERIA\PR03 BLOK PRZEROBU ROPY\DRW-IV|DR4.FC43354_SQR.PV;"2026-07-20 11:43:28,115005";"51,5146560668945"
\\PIAF\PKN Orlen\PI Vision\PKN Orlen\ZAKŁAD PRODUKCYJNY PŁOCK\RAFINERIA\PR03 BLOK PRZEROBU ROPY\DRW-IV|DR4.FC43354_SQR.PV;"2026-07-20 11:49:48,099014";"52,3363456726074"
\\PIAF\PKN Orlen\PI Vision\PKN Orlen\ZAKŁAD PRODUKCYJNY PŁOCK\RAFINERIA\PR03 BLOK PRZEROBU ROPY\DRW-IV|DR4.FC43354_SQR.PV;"2026-07-20 11:56:08,084015";"51,9770736694336"
\\PIAF\PKN Orlen\PI Vision\PKN Orlen\ZAKŁAD PRODUKCYJNY PŁOCK\RAFINERIA\PR03 BLOK PRZEROBU ROPY\DRW-IV|DR4.FC43354_SQR.PV;"2026-07-20 11:59:28,084015";"51,5466918945313"
\\PIAF\PKN Orlen\PI Vision\PKN Orlen\ZAKŁAD PRODUKCYJNY PŁOCK\RAFINERIA\PR03 BLOK PRZEROBU ROPY\DRW-IV|DR4.FC43354_SQR.PV;"2026-07-20 12:04:08,146011";"51,6370735168457"
\\PIAF\PKN Orlen\PI Vision\PKN Orlen\ZAKŁAD PRODUKCYJNY PŁOCK\RAFINERIA\PR03 BLOK PRZEROBU ROPY\DRW-IV|DR4.FC43354_SQR.PV;"2026-07-20 12:06:33,068008";"51,965145111084"
\\PIAF\PKN Orlen\PI Vision\PKN Orlen\ZAKŁAD PRODUKCYJNY PŁOCK\RAFINERIA\PR03 BLOK PRZEROBU ROPY\DRW-IV|DR4.FC43354_SQR.PV;"2026-07-20 12:11:23,068008";"51,5354194641113"
\\PIAF\PKN Orlen\PI Vision\PKN Orlen\ZAKŁAD PRODUKCYJNY PŁOCK\RAFINERIA\PR03 BLOK PRZEROBU ROPY\DRW-IV|DR4.FC43354_SQR.PV;"2026-07-20 12:14:58,287002";"50,8513336181641"
\\PIAF\PKN Orlen\PI Vision\PKN Orlen\ZAKŁAD PRODUKCYJNY PŁOCK\RAFINERIA\PR03 BLOK PRZEROBU ROPY\DRW-IV|DR4.FC43354_SQR.PV;"2026-07-20 12:20:48,131012";"52,1516647338867"
\\PIAF\PKN Orlen\PI Vision\PKN Orlen\ZAKŁAD PRODUKCYJNY PŁOCK\RAFINERIA\PR03 BLOK PRZEROBU ROPY\DRW-IV|DR4.FC43354_SQR.PV;"2026-07-20 12:24:08,100006";"52,1545486450195"
\\PIAF\PKN Orlen\PI Vision\PKN Orlen\ZAKŁAD PRODUKCYJNY PŁOCK\RAFINERIA\PR03 BLOK PRZEROBU ROPY\DRW-IV|DR4.FC43354_SQR.PV;"2026-07-20 12:28:23,100006";"51,0993118286133"
\\PIAF\PKN Orlen\PI Vision\PKN Orlen\ZAKŁAD PRODUKCYJNY PŁOCK\RAFINERIA\PR03 BLOK PRZEROBU ROPY\DRW-IV|DR4.FC43354_SQR.PV;"2026-07-20 12:32:23,200012";"50,6823692321777"
\\PIAF\PKN Orlen\PI Vision\PKN Orlen\ZAKŁAD PRODUKCYJNY PŁOCK\RAFINERIA\PR03 BLOK PRZEROBU ROPY\DRW-IV|DR4.FC43354_SQR.PV;"2026-07-20 12:35:48,115005";"51,0232849121094"
\\PIAF\PKN Orlen\PI Vision\PKN Orlen\ZAKŁAD PRODUKCYJNY PŁOCK\RAFINERIA\PR03 BLOK PRZEROBU ROPY\DRW-IV|DR4.FC43354_SQR.PV;"2026-07-20 12:39:58,262008";"52,1253051757813"
\\PIAF\PKN Orlen\PI Vision\PKN Orlen\ZAKŁAD PRODUKCYJNY PŁOCK\RAFINERIA\PR03 BLOK PRZEROBU ROPY\DRW-IV|DR4.FC43354_SQR.PV;"2026-07-20 12:56:03,199005";"51,6168937683105"
\\PIAF\PKN Orlen\PI Vision\PKN Orlen\ZAKŁAD PRODUKCYJNY PŁOCK\RAFINERIA\PR03 BLOK PRZEROBU ROPY\DRW-IV|DR4.FC43354_SQR.PV;"2026-07-20 12:59:18,215012";"51,9646873474121"
\\PIAF\PKN Orlen\PI Vision\PKN Orlen\ZAKŁAD PRODUKCYJNY PŁOCK\RAFINERIA\PR03 BLOK PRZEROBU ROPY\DRW-IV|DR4.FC43354_SQR.PV;"2026-07-20 13:03:28,246002";"51,6336708068848"
\\PIAF\PKN Orlen\PI Vision\PKN Orlen\ZAKŁAD PRODUKCYJNY PŁOCK\RAFINERIA\PR03 BLOK PRZEROBU ROPY\DRW-IV|DR4.FC43354_SQR.PV;"2026-07-20 13:06:53,246002";"50,9208068847656"
\\PIAF\PKN Orlen\PI Vision\PKN Orlen\ZAKŁAD PRODUKCYJNY PŁOCK\RAFINERIA\PR03 BLOK PRZEROBU ROPY\DRW-IV|DR4.FC43354_SQR.PV;"2026-07-20 13:11:33,278015";"51,3606910705566"
\\PIAF\PKN Orlen\PI Vision\PKN Orlen\ZAKŁAD PRODUKCYJNY PŁOCK\RAFINERIA\PR03 BLOK PRZEROBU ROPY\DRW-IV|DR4.FC43354_SQR.PV;"2026-07-20 13:13:33,278015";"51,6414413452148"
\\PIAF\PKN Orlen\PI Vision\PKN Orlen\ZAKŁAD PRODUKCYJNY PŁOCK\RAFINERIA\PR03 BLOK PRZEROBU ROPY\DRW-IV|DR4.FC43354_SQR.PV;"2026-07-20 13:17:33,184005";"51,358097076416"
\\PIAF\PKN Orlen\PI Vision\PKN Orlen\ZAKŁAD PRODUKCYJNY PŁOCK\RAFINERIA\PR03 BLOK PRZEROBU ROPY\DRW-IV|DR4.FC43354_SQR.PV;"2026-07-20 13:20:38,153015";"50,8438987731934"
\\PIAF\PKN Orlen\PI Vision\PKN Orlen\ZAKŁAD PRODUKCYJNY PŁOCK\RAFINERIA\PR03 BLOK PRZEROBU ROPY\DRW-IV|DR4.FC43354_SQR.PV;"2026-07-20 13:26:08,168014";"50,9196624755859"
\\PIAF\PKN Orlen\PI Vision\PKN Orlen\ZAKŁAD PRODUKCYJNY PŁOCK\RAFINERIA\PR03 BLOK PRZEROBU ROPY\DRW-IV|DR4.FC43354_SQR.PV;"2026-07-20 13:31:08,215012";"50,5929489135742"
\\PIAF\PKN Orlen\PI Vision\PKN Orlen\ZAKŁAD PRODUKCYJNY PŁOCK\RAFINERIA\PR03 BLOK PRZEROBU ROPY\DRW-IV|DR4.FC43354_SQR.PV;"2026-07-20 13:39:03,184005";"50,7534370422363"
\\PIAF\PKN Orlen\PI Vision\PKN Orlen\ZAKŁAD PRODUKCYJNY PŁOCK\RAFINERIA\PR03 BLOK PRZEROBU ROPY\DRW-IV|DR4.FC43354_SQR.PV;"2026-07-20 13:47:43,231003";"50,9247856140137"
\\PIAF\PKN Orlen\PI Vision\PKN Orlen\ZAKŁAD PRODUKCYJNY PŁOCK\RAFINERIA\PR03 BLOK PRZEROBU ROPY\DRW-IV|DR4.FC43354_SQR.PV;"2026-07-20 13:50:38,137008";"51,405517578125"
\\PIAF\PKN Orlen\PI Vision\PKN Orlen\ZAKŁAD PRODUKCYJNY PŁOCK\RAFINERIA\PR03 BLOK PRZEROBU ROPY\DRW-IV|DR4.FC43354_SQR.PV;"2026-07-20 13:59:18,231003";"51,0159378051758"
\\PIAF\PKN Orlen\PI Vision\PKN Orlen\ZAKŁAD PRODUKCYJNY PŁOCK\RAFINERIA\PR03 BLOK PRZEROBU ROPY\DRW-IV|DR4.FC43354_SQR.PV;"2026-07-20 14:03:33,231003";"51,1727333068848"
\\PIAF\PKN Orlen\PI Vision\PKN Orlen\ZAKŁAD PRODUKCYJNY PŁOCK\RAFINERIA\PR03 BLOK PRZEROBU ROPY\DRW-IV|DR4.FC43354_SQR.PV;"2026-07-20 14:09:18,231003";"50,4373245239258"
\\PIAF\PKN Orlen\PI Vision\PKN Orlen\ZAKŁAD PRODUKCYJNY PŁOCK\RAFINERIA\PR03 BLOK PRZEROBU ROPY\DRW-IV|DR4.FC43354_SQR.PV;"2026-07-20 14:11:18,246002";"50,0364990234375"
\\PIAF\PKN Orlen\PI Vision\PKN Orlen\ZAKŁAD PRODUKCYJNY PŁOCK\RAFINERIA\PR03 BLOK PRZEROBU ROPY\DRW-IV|DR4.FC43354_SQR.PV;"2026-07-20 14:16:58,215012";"50,7311592102051"
\\PIAF\PKN Orlen\PI Vision\PKN Orlen\ZAKŁAD PRODUKCYJNY PŁOCK\RAFINERIA\PR03 BLOK PRZEROBU ROPY\DRW-IV|DR4.FC43354_SQR.PV;"2026-07-20 14:28:48,215012";"51,3026924133301"
\\PIAF\PKN Orlen\PI Vision\PKN Orlen\ZAKŁAD PRODUKCYJNY PŁOCK\RAFINERIA\PR03 BLOK PRZEROBU ROPY\DRW-IV|DR4.FC43354_SQR.PV;"2026-07-20 14:34:28,153015";"51,257884979248"
\\PIAF\PKN Orlen\PI Vision\PKN Orlen\ZAKŁAD PRODUKCYJNY PŁOCK\RAFINERIA\PR03 BLOK PRZEROBU ROPY\DRW-IV|DR4.FC43354_SQR.PV;"2026-07-20 14:39:03,184005";"51,0951309204102"
\\PIAF\PKN Orlen\PI Vision\PKN Orlen\ZAKŁAD PRODUKCYJNY PŁOCK\RAFINERIA\PR03 BLOK PRZEROBU ROPY\DRW-IV|DR4.FC43354_SQR.PV;"2026-07-20 14:47:03,153015";"51,7731857299805"
\\PIAF\PKN Orlen\PI Vision\PKN Orlen\ZAKŁAD PRODUKCYJNY PŁOCK\RAFINERIA\PR03 BLOK PRZEROBU ROPY\DRW-IV|DR4.FC43354_SQR.PV;"2026-07-20 14:51:28,215012";"51,3794250488281"
\\PIAF\PKN Orlen\PI Vision\PKN Orlen\ZAKŁAD PRODUKCYJNY PŁOCK\RAFINERIA\PR03 BLOK PRZEROBU ROPY\DRW-IV|DR4.FC43354_SQR.PV;"2026-07-20 14:54:33,215012";"50,9456062316895"
\\PIAF\PKN Orlen\PI Vision\PKN Orlen\ZAKŁAD PRODUKCYJNY PŁOCK\RAFINERIA\PR03 BLOK PRZEROBU ROPY\DRW-IV|DR4.FC43354_SQR.PV;"2026-07-20 15:01:33,137008";"51,5762596130371"
\\PIAF\PKN Orlen\PI Vision\PKN Orlen\ZAKŁAD PRODUKCYJNY PŁOCK\RAFINERIA\PR03 BLOK PRZEROBU ROPY\DRW-IV|DR4.FC43354_SQR.PV;"2026-07-20 15:05:43,199005";"51,3227996826172"
\\PIAF\PKN Orlen\PI Vision\PKN Orlen\ZAKŁAD PRODUKCYJNY PŁOCK\RAFINERIA\PR03 BLOK PRZEROBU ROPY\DRW-IV|DR4.FC43354_SQR.PV;"2026-07-20 15:08:43,262008";"50,8715515136719"
\\PIAF\PKN Orlen\PI Vision\PKN Orlen\ZAKŁAD PRODUKCYJNY PŁOCK\RAFINERIA\PR03 BLOK PRZEROBU ROPY\DRW-IV|DR4.FC43354_SQR.PV;"2026-07-20 15:15:38,168014";"51,5737075805664"
\\PIAF\PKN Orlen\PI Vision\PKN Orlen\ZAKŁAD PRODUKCYJNY PŁOCK\RAFINERIA\PR03 BLOK PRZEROBU ROPY\DRW-IV|DR4.FC43354_SQR.PV;"2026-07-20 15:25:38,168014";"51,4072685241699"
\\PIAF\PKN Orlen\PI Vision\PKN Orlen\ZAKŁAD PRODUKCYJNY PŁOCK\RAFINERIA\PR03 BLOK PRZEROBU ROPY\DRW-IV|DR4.FC43354_SQR.PV;"2026-07-20 15:34:13,184005";"52,1467781066895"
\\PIAF\PKN Orlen\PI Vision\PKN Orlen\ZAKŁAD PRODUKCYJNY PŁOCK\RAFINERIA\PR03 BLOK PRZEROBU ROPY\DRW-IV|DR4.FC43354_SQR.PV;"2026-07-20 15:40:48,215012";"52,9067993164063"
\\PIAF\PKN Orlen\PI Vision\PKN Orlen\ZAKŁAD PRODUKCYJNY PŁOCK\RAFINERIA\PR03 BLOK PRZEROBU ROPY\DRW-IV|DR4.FC43354_SQR.PV;"2026-07-20 15:46:03,215012";"52,5896186828613"
\\PIAF\PKN Orlen\PI Vision\PKN Orlen\ZAKŁAD PRODUKCYJNY PŁOCK\RAFINERIA\PR03 BLOK PRZEROBU ROPY\DRW-IV|DR4.FC43354_SQR.PV;"2026-07-20 15:50:08,153015";"51,9208946228027"
\\PIAF\PKN Orlen\PI Vision\PKN Orlen\ZAKŁAD PRODUKCYJNY PŁOCK\RAFINERIA\PR03 BLOK PRZEROBU ROPY\DRW-IV|DR4.FC43354_SQR.PV;"2026-07-20 15:58:03,200012";"52,0001068115234"
\\PIAF\PKN Orlen\PI Vision\PKN Orlen\ZAKŁAD PRODUKCYJNY PŁOCK\RAFINERIA\PR03 BLOK PRZEROBU ROPY\DRW-IV|DR4.FC43354_SQR.PV;"2026-07-20 16:03:53,153015";"51,5287895202637"
\\PIAF\PKN Orlen\PI Vision\PKN Orlen\ZAKŁAD PRODUKCYJNY PŁOCK\RAFINERIA\PR03 BLOK PRZEROBU ROPY\DRW-IV|DR4.FC43354_SQR.PV;"2026-07-20 16:10:18,200012";"51,6503295898438"
\\PIAF\PKN Orlen\PI Vision\PKN Orlen\ZAKŁAD PRODUKCYJNY PŁOCK\RAFINERIA\PR03 BLOK PRZEROBU ROPY\DRW-IV|DR4.FC43354_SQR.PV;"2026-07-20 16:15:43,200012";"50,9376373291016"
\\PIAF\PKN Orlen\PI Vision\PKN Orlen\ZAKŁAD PRODUKCYJNY PŁOCK\RAFINERIA\PR03 BLOK PRZEROBU ROPY\DRW-IV|DR4.FC43354_SQR.PV;"2026-07-20 16:20:38,215012";"51,2678413391113"
\\PIAF\PKN Orlen\PI Vision\PKN Orlen\ZAKŁAD PRODUKCYJNY PŁOCK\RAFINERIA\PR03 BLOK PRZEROBU ROPY\DRW-IV|DR4.FC43354_SQR.PV;"2026-07-20 16:26:33,184005";"51,8764839172363"
\\PIAF\PKN Orlen\PI Vision\PKN Orlen\ZAKŁAD PRODUKCYJNY PŁOCK\RAFINERIA\PR03 BLOK PRZEROBU ROPY\DRW-IV|DR4.FC43354_SQR.PV;"2026-07-20 16:30:18,184005";"51,6032752990723"
\\PIAF\PKN Orlen\PI Vision\PKN Orlen\ZAKŁAD PRODUKCYJNY PŁOCK\RAFINERIA\PR03 BLOK PRZEROBU ROPY\DRW-IV|DR4.FC43354_SQR.PV;"2026-07-20 16:33:23,137008";"50,9914588928223"
\\PIAF\PKN Orlen\PI Vision\PKN Orlen\ZAKŁAD PRODUKCYJNY PŁOCK\RAFINERIA\PR03 BLOK PRZEROBU ROPY\DRW-IV|DR4.FC43354_SQR.PV;"2026-07-20 16:38:58,168014";"51,6078834533691"
\\PIAF\PKN Orlen\PI Vision\PKN Orlen\ZAKŁAD PRODUKCYJNY PŁOCK\RAFINERIA\PR03 BLOK PRZEROBU ROPY\DRW-IV|DR4.FC43354_SQR.PV;"2026-07-20 16:41:48,168014";"51,7310981750488"
\\PIAF\PKN Orlen\PI Vision\PKN Orlen\ZAKŁAD PRODUKCYJNY PŁOCK\RAFINERIA\PR03 BLOK PRZEROBU ROPY\DRW-IV|DR4.FC43354_SQR.PV;"2026-07-20 16:47:33,215012";"51,205135345459"
\\PIAF\PKN Orlen\PI Vision\PKN Orlen\ZAKŁAD PRODUKCYJNY PŁOCK\RAFINERIA\PR03 BLOK PRZEROBU ROPY\DRW-IV|DR4.FC43354_SQR.PV;"2026-07-20 16:55:13,215012";"52,0481986999512"
\\PIAF\PKN Orlen\PI Vision\PKN Orlen\ZAKŁAD PRODUKCYJNY PŁOCK\RAFINERIA\PR03 BLOK PRZEROBU ROPY\DRW-IV|DR4.FC43354_SQR.PV;"2026-07-20 16:59:53,168014";"51,8165016174316"
\\PIAF\PKN Orlen\PI Vision\PKN Orlen\ZAKŁAD PRODUKCYJNY PŁOCK\RAFINERIA\PR03 BLOK PRZEROBU ROPY\DRW-IV|DR4.FC43354_SQR.PV;"2026-07-20 17:06:13,199005";"51,9258804321289"
\\PIAF\PKN Orlen\PI Vision\PKN Orlen\ZAKŁAD PRODUKCYJNY PŁOCK\RAFINERIA\PR03 BLOK PRZEROBU ROPY\DRW-IV|DR4.FC43354_SQR.PV;"2026-07-20 17:10:03,262008";"52,2063102722168"
\\PIAF\PKN Orlen\PI Vision\PKN Orlen\ZAKŁAD PRODUKCYJNY PŁOCK\RAFINERIA\PR03 BLOK PRZEROBU ROPY\DRW-IV|DR4.FC43354_SQR.PV;"2026-07-20 17:16:03,184005";"51,8206939697266"
\\PIAF\PKN Orlen\PI Vision\PKN Orlen\ZAKŁAD PRODUKCYJNY PŁOCK\RAFINERIA\PR03 BLOK PRZEROBU ROPY\DRW-IV|DR4.FC43354_SQR.PV;"2026-07-20 17:19:53,215012";"51,5032615661621"
\\PIAF\PKN Orlen\PI Vision\PKN Orlen\ZAKŁAD PRODUKCYJNY PŁOCK\RAFINERIA\PR03 BLOK PRZEROBU ROPY\DRW-IV|DR4.FC43354_SQR.PV;"2026-07-20 17:29:33,168014";"51,7284660339355"
\\PIAF\PKN Orlen\PI Vision\PKN Orlen\ZAKŁAD PRODUKCYJNY PŁOCK\RAFINERIA\PR03 BLOK PRZEROBU ROPY\DRW-IV|DR4.FC43354_SQR.PV;"2026-07-20 17:34:48,168014";"51,1825714111328"
\\PIAF\PKN Orlen\PI Vision\PKN Orlen\ZAKŁAD PRODUKCYJNY PŁOCK\RAFINERIA\PR03 BLOK PRZEROBU ROPY\DRW-IV|DR4.FC43354_SQR.PV;"2026-07-20 17:37:53,137008";"51,5942535400391"
\\PIAF\PKN Orlen\PI Vision\PKN Orlen\ZAKŁAD PRODUKCYJNY PŁOCK\RAFINERIA\PR03 BLOK PRZEROBU ROPY\DRW-IV|DR4.FC43354_SQR.PV;"2026-07-20 17:41:48,215012";"52,2417755126953"
\\PIAF\PKN Orlen\PI Vision\PKN Orlen\ZAKŁAD PRODUKCYJNY PŁOCK\RAFINERIA\PR03 BLOK PRZEROBU ROPY\DRW-IV|DR4.FC43354_SQR.PV;"2026-07-20 17:46:23,215012";"51,663272857666"
\\PIAF\PKN Orlen\PI Vision\PKN Orlen\ZAKŁAD PRODUKCYJNY PŁOCK\RAFINERIA\PR03 BLOK PRZEROBU ROPY\DRW-IV|DR4.FC43354_SQR.PV;"2026-07-20 17:49:03,121002";"51,4243125915527"
\\PIAF\PKN Orlen\PI Vision\PKN Orlen\ZAKŁAD PRODUKCYJNY PŁOCK\RAFINERIA\PR03 BLOK PRZEROBU ROPY\DRW-IV|DR4.FC43354_SQR.PV;"2026-07-20 17:57:23,106003";"51,8780059814453"
\\PIAF\PKN Orlen\PI Vision\PKN Orlen\ZAKŁAD PRODUKCYJNY PŁOCK\RAFINERIA\PR03 BLOK PRZEROBU ROPY\DRW-IV|DR4.FC43354_SQR.PV;"2026-07-20 18:04:03,137008";"51,5151786804199"
\\PIAF\PKN Orlen\PI Vision\PKN Orlen\ZAKŁAD PRODUKCYJNY PŁOCK\RAFINERIA\PR03 BLOK PRZEROBU ROPY\DRW-IV|DR4.FC43354_SQR.PV;"2026-07-20 18:09:18,168014";"51,9807167053223"
\\PIAF\PKN Orlen\PI Vision\PKN Orlen\ZAKŁAD PRODUKCYJNY PŁOCK\RAFINERIA\PR03 BLOK PRZEROBU ROPY\DRW-IV|DR4.FC43354_SQR.PV;"2026-07-20 18:16:28,215012";"50,9625511169434"
\\PIAF\PKN Orlen\PI Vision\PKN Orlen\ZAKŁAD PRODUKCYJNY PŁOCK\RAFINERIA\PR03 BLOK PRZEROBU ROPY\DRW-IV|DR4.FC43354_SQR.PV;"2026-07-20 18:20:43,184005";"50,3667449951172"
\\PIAF\PKN Orlen\PI Vision\PKN Orlen\ZAKŁAD PRODUKCYJNY PŁOCK\RAFINERIA\PR03 BLOK PRZEROBU ROPY\DRW-IV|DR4.FC43354_SQR.PV;"2026-07-20 18:25:38,106003";"50,1607475280762"
\\PIAF\PKN Orlen\PI Vision\PKN Orlen\ZAKŁAD PRODUKCYJNY PŁOCK\RAFINERIA\PR03 BLOK PRZEROBU ROPY\DRW-IV|DR4.FC43354_SQR.PV;"2026-07-20 18:32:53,106003";"50,5086135864258"
\\PIAF\PKN Orlen\PI Vision\PKN Orlen\ZAKŁAD PRODUKCYJNY PŁOCK\RAFINERIA\PR03 BLOK PRZEROBU ROPY\DRW-IV|DR4.FC43354_SQR.PV;"2026-07-20 18:37:58,121002";"50,6325531005859"
\\PIAF\PKN Orlen\PI Vision\PKN Orlen\ZAKŁAD PRODUKCYJNY PŁOCK\RAFINERIA\PR03 BLOK PRZEROBU ROPY\DRW-IV|DR4.FC43354_SQR.PV;"2026-07-20 18:43:08,200012";"51,4707908630371"
\\PIAF\PKN Orlen\PI Vision\PKN Orlen\ZAKŁAD PRODUKCYJNY PŁOCK\RAFINERIA\PR03 BLOK PRZEROBU ROPY\DRW-IV|DR4.FC43354_SQR.PV;"2026-07-20 18:49:08,153015";"51,1592102050781"
\\PIAF\PKN Orlen\PI Vision\PKN Orlen\ZAKŁAD PRODUKCYJNY PŁOCK\RAFINERIA\PR03 BLOK PRZEROBU ROPY\DRW-IV|DR4.FC43354_SQR.PV;"2026-07-20 18:54:53,121002";"51,5184326171875"
\\PIAF\PKN Orlen\PI Vision\PKN Orlen\ZAKŁAD PRODUKCYJNY PŁOCK\RAFINERIA\PR03 BLOK PRZEROBU ROPY\DRW-IV|DR4.FC43354_SQR.PV;"2026-07-20 18:59:03,168014";"51,3476715087891"
\\PIAF\PKN Orlen\PI Vision\PKN Orlen\ZAKŁAD PRODUKCYJNY PŁOCK\RAFINERIA\PR03 BLOK PRZEROBU ROPY\DRW-IV|DR4.FC43354_SQR.PV;"2026-07-20 19:04:03,106003";"50,6955833435059"
\\PIAF\PKN Orlen\PI Vision\PKN Orlen\ZAKŁAD PRODUKCYJNY PŁOCK\RAFINERIA\PR03 BLOK PRZEROBU ROPY\DRW-IV|DR4.FC43354_SQR.PV;"2026-07-20 19:10:18,184005";"51,573429107666"
\\PIAF\PKN Orlen\PI Vision\PKN Orlen\ZAKŁAD PRODUKCYJNY PŁOCK\RAFINERIA\PR03 BLOK PRZEROBU ROPY\DRW-IV|DR4.FC43354_SQR.PV;"2026-07-20 19:16:33,121002";"51,1091156005859"
\\PIAF\PKN Orlen\PI Vision\PKN Orlen\ZAKŁAD PRODUKCYJNY PŁOCK\RAFINERIA\PR03 BLOK PRZEROBU ROPY\DRW-IV|DR4.FC43354_SQR.PV;"2026-07-20 19:22:38,121002";"51,4459190368652"
\\PIAF\PKN Orlen\PI Vision\PKN Orlen\ZAKŁAD PRODUKCYJNY PŁOCK\RAFINERIA\PR03 BLOK PRZEROBU ROPY\DRW-IV|DR4.FC43354_SQR.PV;"2026-07-20 19:24:43,153015";"51,6047515869141"
\\PIAF\PKN Orlen\PI Vision\PKN Orlen\ZAKŁAD PRODUKCYJNY PŁOCK\RAFINERIA\PR03 BLOK PRZEROBU ROPY\DRW-IV|DR4.FC43354_SQR.PV;"2026-07-20 19:30:08,106003";"51,2377281188965"
\\PIAF\PKN Orlen\PI Vision\PKN Orlen\ZAKŁAD PRODUKCYJNY PŁOCK\RAFINERIA\PR03 BLOK PRZEROBU ROPY\DRW-IV|DR4.FC43354_SQR.PV;"2026-07-20 19:36:23,199005";"51,3250732421875"
\\PIAF\PKN Orlen\PI Vision\PKN Orlen\ZAKŁAD PRODUKCYJNY PŁOCK\RAFINERIA\PR03 BLOK PRZEROBU ROPY\DRW-IV|DR4.FC43354_SQR.PV;"2026-07-20 19:42:23,074005";"51,3166847229004"
\\PIAF\PKN Orlen\PI Vision\PKN Orlen\ZAKŁAD PRODUKCYJNY PŁOCK\RAFINERIA\PR03 BLOK PRZEROBU ROPY\DRW-IV|DR4.FC43354_SQR.PV;"2026-07-20 19:51:28,121002";"51,5927772521973"
\\PIAF\PKN Orlen\PI Vision\PKN Orlen\ZAKŁAD PRODUKCYJNY PŁOCK\RAFINERIA\PR03 BLOK PRZEROBU ROPY\DRW-IV|DR4.FC43354_SQR.PV;"2026-07-20 19:55:08,090012";"51,9084815979004"
\\PIAF\PKN Orlen\PI Vision\PKN Orlen\ZAKŁAD PRODUKCYJNY PŁOCK\RAFINERIA\PR03 BLOK PRZEROBU ROPY\DRW-IV|DR4.FC43354_SQR.PV;"2026-07-20 19:59:18,137008";"51,6772346496582"
\\PIAF\PKN Orlen\PI Vision\PKN Orlen\ZAKŁAD PRODUKCYJNY PŁOCK\RAFINERIA\PR03 BLOK PRZEROBU ROPY\DRW-IV|DR4.FC43354_SQR.PV;"2026-07-20 20:01:18,121002";"51,2631797790527"
\\PIAF\PKN Orlen\PI Vision\PKN Orlen\ZAKŁAD PRODUKCYJNY PŁOCK\RAFINERIA\PR03 BLOK PRZEROBU ROPY\DRW-IV|DR4.FC43354_SQR.PV;"2026-07-20 20:08:23,168014";"51,607063293457"
\\PIAF\PKN Orlen\PI Vision\PKN Orlen\ZAKŁAD PRODUKCYJNY PŁOCK\RAFINERIA\PR03 BLOK PRZEROBU ROPY\DRW-IV|DR4.FC43354_SQR.PV;"2026-07-20 20:16:03,153";"51,1963500976563"
\\PIAF\PKN Orlen\PI Vision\PKN Orlen\ZAKŁAD PRODUKCYJNY PŁOCK\RAFINERIA\PR03 BLOK PRZEROBU ROPY\DRW-IV|DR4.FC43354_SQR.PV;"2026-07-20 20:18:53,121002";"51,009147644043"
\\PIAF\PKN Orlen\PI Vision\PKN Orlen\ZAKŁAD PRODUKCYJNY PŁOCK\RAFINERIA\PR03 BLOK PRZEROBU ROPY\DRW-IV|DR4.FC43354_SQR.PV;"2026-07-20 20:28:53,121002";"51,0948944091797"
\\PIAF\PKN Orlen\PI Vision\PKN Orlen\ZAKŁAD PRODUKCYJNY PŁOCK\RAFINERIA\PR03 BLOK PRZEROBU ROPY\DRW-IV|DR4.FC43354_SQR.PV;"2026-07-20 20:33:33,153015";"51,0037727355957"
\\PIAF\PKN Orlen\PI Vision\PKN Orlen\ZAKŁAD PRODUKCYJNY PŁOCK\RAFINERIA\PR03 BLOK PRZEROBU ROPY\DRW-IV|DR4.FC43354_SQR.PV;"2026-07-20 20:36:13,168014";"51,4560317993164"
\\PIAF\PKN Orlen\PI Vision\PKN Orlen\ZAKŁAD PRODUKCYJNY PŁOCK\RAFINERIA\PR03 BLOK PRZEROBU ROPY\DRW-IV|DR4.FC43354_SQR.PV;"2026-07-20 20:40:03,184005";"51,1277542114258"
\\PIAF\PKN Orlen\PI Vision\PKN Orlen\ZAKŁAD PRODUKCYJNY PŁOCK\RAFINERIA\PR03 BLOK PRZEROBU ROPY\DRW-IV|DR4.FC43354_SQR.PV;"2026-07-20 20:43:53,106003";"50,7450065612793"
\\PIAF\PKN Orlen\PI Vision\PKN Orlen\ZAKŁAD PRODUKCYJNY PŁOCK\RAFINERIA\PR03 BLOK PRZEROBU ROPY\DRW-IV|DR4.FC43354_SQR.PV;"2026-07-20 20:47:43,153015";"50,4557037353516"
\\PIAF\PKN Orlen\PI Vision\PKN Orlen\ZAKŁAD PRODUKCYJNY PŁOCK\RAFINERIA\PR03 BLOK PRZEROBU ROPY\DRW-IV|DR4.FC43354_SQR.PV;"2026-07-20 20:50:48,121002";"50,5500869750977"
\\PIAF\PKN Orlen\PI Vision\PKN Orlen\ZAKŁAD PRODUKCYJNY PŁOCK\RAFINERIA\PR03 BLOK PRZEROBU ROPY\DRW-IV|DR4.FC43354_SQR.PV;"2026-07-20 20:53:13,153015";"50,926383972168"
\\PIAF\PKN Orlen\PI Vision\PKN Orlen\ZAKŁAD PRODUKCYJNY PŁOCK\RAFINERIA\PR03 BLOK PRZEROBU ROPY\DRW-IV|DR4.FC43354_SQR.PV;"2026-07-20 20:57:38,184005";"50,6876487731934"
\\PIAF\PKN Orlen\PI Vision\PKN Orlen\ZAKŁAD PRODUKCYJNY PŁOCK\RAFINERIA\PR03 BLOK PRZEROBU ROPY\DRW-IV|DR4.FC43354_SQR.PV;"2026-07-20 21:03:08,168014";"50,0572624206543"
\\PIAF\PKN Orlen\PI Vision\PKN Orlen\ZAKŁAD PRODUKCYJNY PŁOCK\RAFINERIA\PR03 BLOK PRZEROBU ROPY\DRW-IV|DR4.FC43354_SQR.PV;"2026-07-20 21:11:13,106003";"50,4850730895996"
\\PIAF\PKN Orlen\PI Vision\PKN Orlen\ZAKŁAD PRODUKCYJNY PŁOCK\RAFINERIA\PR03 BLOK PRZEROBU ROPY\DRW-IV|DR4.FC43354_SQR.PV;"2026-07-20 21:16:08,106003";"49,9369735717773"
\\PIAF\PKN Orlen\PI Vision\PKN Orlen\ZAKŁAD PRODUKCYJNY PŁOCK\RAFINERIA\PR03 BLOK PRZEROBU ROPY\DRW-IV|DR4.FC43354_SQR.PV;"2026-07-20 21:21:18,090012";"50,2243766784668"
\\PIAF\PKN Orlen\PI Vision\PKN Orlen\ZAKŁAD PRODUKCYJNY PŁOCK\RAFINERIA\PR03 BLOK PRZEROBU ROPY\DRW-IV|DR4.FC43354_SQR.PV;"2026-07-20 21:26:53,106003";"50,3338012695313"
\\PIAF\PKN Orlen\PI Vision\PKN Orlen\ZAKŁAD PRODUKCYJNY PŁOCK\RAFINERIA\PR03 BLOK PRZEROBU ROPY\DRW-IV|DR4.FC43354_SQR.PV;"2026-07-20 21:31:08,090012";"50,0669021606445"
\\PIAF\PKN Orlen\PI Vision\PKN Orlen\ZAKŁAD PRODUKCYJNY PŁOCK\RAFINERIA\PR03 BLOK PRZEROBU ROPY\DRW-IV|DR4.FC43354_SQR.PV;"2026-07-20 21:37:38,153015";"50,1853790283203"
\\PIAF\PKN Orlen\PI Vision\PKN Orlen\ZAKŁAD PRODUKCYJNY PŁOCK\RAFINERIA\PR03 BLOK PRZEROBU ROPY\DRW-IV|DR4.FC43354_SQR.PV;"2026-07-20 21:44:48,121002";"50,0826644897461"
\\PIAF\PKN Orlen\PI Vision\PKN Orlen\ZAKŁAD PRODUKCYJNY PŁOCK\RAFINERIA\PR03 BLOK PRZEROBU ROPY\DRW-IV|DR4.FC43354_SQR.PV;"2026-07-20 21:51:13,106003";"49,790096282959"
\\PIAF\PKN Orlen\PI Vision\PKN Orlen\ZAKŁAD PRODUKCYJNY PŁOCK\RAFINERIA\PR03 BLOK PRZEROBU ROPY\DRW-IV|DR4.FC43354_SQR.PV;"2026-07-20 21:59:28,253006";"49,3264007568359"
\\PIAF\PKN Orlen\PI Vision\PKN Orlen\ZAKŁAD PRODUKCYJNY PŁOCK\RAFINERIA\PR03 BLOK PRZEROBU ROPY\DRW-IV|DR4.FC43354_SQR.PV;"2026-07-20 22:02:23,268005";"49,7523345947266"
\\PIAF\PKN Orlen\PI Vision\PKN Orlen\ZAKŁAD PRODUKCYJNY PŁOCK\RAFINERIA\PR03 BLOK PRZEROBU ROPY\DRW-IV|DR4.FC43354_SQR.PV;"2026-07-20 22:06:53,253006";"50,6654052734375"
\\PIAF\PKN Orlen\PI Vision\PKN Orlen\ZAKŁAD PRODUKCYJNY PŁOCK\RAFINERIA\PR03 BLOK PRZEROBU ROPY\DRW-IV|DR4.FC43354_SQR.PV;"2026-07-20 22:14:18,106003";"50,9389038085938"
\\PIAF\PKN Orlen\PI Vision\PKN Orlen\ZAKŁAD PRODUKCYJNY PŁOCK\RAFINERIA\PR03 BLOK PRZEROBU ROPY\DRW-IV|DR4.FC43354_SQR.PV;"2026-07-20 22:18:48,190002";"50,5730972290039"
\\PIAF\PKN Orlen\PI Vision\PKN Orlen\ZAKŁAD PRODUKCYJNY PŁOCK\RAFINERIA\PR03 BLOK PRZEROBU ROPY\DRW-IV|DR4.FC43354_SQR.PV;"2026-07-20 22:21:38,190002";"50,4166717529297"
\\PIAF\PKN Orlen\PI Vision\PKN Orlen\ZAKŁAD PRODUKCYJNY PŁOCK\RAFINERIA\PR03 BLOK PRZEROBU ROPY\DRW-IV|DR4.FC43354_SQR.PV;"2026-07-20 22:28:08,299011";"50,3581390380859"
\\PIAF\PKN Orlen\PI Vision\PKN Orlen\ZAKŁAD PRODUKCYJNY PŁOCK\RAFINERIA\PR03 BLOK PRZEROBU ROPY\DRW-IV|DR4.FC43354_SQR.PV;"2026-07-20 22:34:58,143005";"49,8818550109863"
\\PIAF\PKN Orlen\PI Vision\PKN Orlen\ZAKŁAD PRODUKCYJNY PŁOCK\RAFINERIA\PR03 BLOK PRZEROBU ROPY\DRW-IV|DR4.FC43354_SQR.PV;"2026-07-20 22:37:53,159012";"51,0506820678711"
\\PIAF\PKN Orlen\PI Vision\PKN Orlen\ZAKŁAD PRODUKCYJNY PŁOCK\RAFINERIA\PR03 BLOK PRZEROBU ROPY\DRW-IV|DR4.FC43354_SQR.PV;"2026-07-20 22:39:33,253006";"51,2782173156738"
\\PIAF\PKN Orlen\PI Vision\PKN Orlen\ZAKŁAD PRODUKCYJNY PŁOCK\RAFINERIA\PR03 BLOK PRZEROBU ROPY\DRW-IV|DR4.FC43354_SQR.PV;"2026-07-20 22:45:28,190002";"50,3514442443848"
\\PIAF\PKN Orlen\PI Vision\PKN Orlen\ZAKŁAD PRODUKCYJNY PŁOCK\RAFINERIA\PR03 BLOK PRZEROBU ROPY\DRW-IV|DR4.FC43354_SQR.PV;"2026-07-20 22:53:53,237015";"50,9008979797363"
\\PIAF\PKN Orlen\PI Vision\PKN Orlen\ZAKŁAD PRODUKCYJNY PŁOCK\RAFINERIA\PR03 BLOK PRZEROBU ROPY\DRW-IV|DR4.FC43354_SQR.PV;"2026-07-20 22:59:23,159012";"50,7193031311035"
\\PIAF\PKN Orlen\PI Vision\PKN Orlen\ZAKŁAD PRODUKCYJNY PŁOCK\RAFINERIA\PR03 BLOK PRZEROBU ROPY\DRW-IV|DR4.FC43354_SQR.PV;"2026-07-20 23:04:23,206009";"51,4381904602051"
\\PIAF\PKN Orlen\PI Vision\PKN Orlen\ZAKŁAD PRODUKCYJNY PŁOCK\RAFINERIA\PR03 BLOK PRZEROBU ROPY\DRW-IV|DR4.FC43354_SQR.PV;"2026-07-20 23:08:23,221008";"51,1842842102051"
\\PIAF\PKN Orlen\PI Vision\PKN Orlen\ZAKŁAD PRODUKCYJNY PŁOCK\RAFINERIA\PR03 BLOK PRZEROBU ROPY\DRW-IV|DR4.FC43354_SQR.PV;"2026-07-20 23:12:53,174011";"50,1107749938965"
\\PIAF\PKN Orlen\PI Vision\PKN Orlen\ZAKŁAD PRODUKCYJNY PŁOCK\RAFINERIA\PR03 BLOK PRZEROBU ROPY\DRW-IV|DR4.FC43354_SQR.PV;"2026-07-20 23:16:48,253006";"50,3024063110352"
\\PIAF\PKN Orlen\PI Vision\PKN Orlen\ZAKŁAD PRODUKCYJNY PŁOCK\RAFINERIA\PR03 BLOK PRZEROBU ROPY\DRW-IV|DR4.FC43354_SQR.PV;"2026-07-20 23:24:08,190002";"50,6051483154297"
\\PIAF\PKN Orlen\PI Vision\PKN Orlen\ZAKŁAD PRODUKCYJNY PŁOCK\RAFINERIA\PR03 BLOK PRZEROBU ROPY\DRW-IV|DR4.FC43354_SQR.PV;"2026-07-20 23:31:03,174011";"50,2064743041992"
\\PIAF\PKN Orlen\PI Vision\PKN Orlen\ZAKŁAD PRODUKCYJNY PŁOCK\RAFINERIA\PR03 BLOK PRZEROBU ROPY\DRW-IV|DR4.FC43354_SQR.PV;"2026-07-20 23:38:23,190002";"50,7504615783691"
\\PIAF\PKN Orlen\PI Vision\PKN Orlen\ZAKŁAD PRODUKCYJNY PŁOCK\RAFINERIA\PR03 BLOK PRZEROBU ROPY\DRW-IV|DR4.FC43354_SQR.PV;"2026-07-20 23:47:33,206009";"50,4854965209961"
\\PIAF\PKN Orlen\PI Vision\PKN Orlen\ZAKŁAD PRODUKCYJNY PŁOCK\RAFINERIA\PR03 BLOK PRZEROBU ROPY\DRW-IV|DR4.FC43354_SQR.PV;"2026-07-20 23:53:03,159012";"50,3830337524414"
\\PIAF\PKN Orlen\PI Vision\PKN Orlen\ZAKŁAD PRODUKCYJNY PŁOCK\RAFINERIA\PR03 BLOK PRZEROBU ROPY\DRW-IV|DR4.FC43354_SQR.PV;"2026-07-20 23:56:18,190002";"49,8224830627441"
\\PIAF\PKN Orlen\PI Vision\PKN Orlen\ZAKŁAD PRODUKCYJNY PŁOCK\RAFINERIA\PR03 BLOK PRZEROBU ROPY\DRW-IV|DR4.FC43354_SQR.PV;"2026-07-21 00:02:08,221008";"50,2151412963867"
\\PIAF\PKN Orlen\PI Vision\PKN Orlen\ZAKŁAD PRODUKCYJNY PŁOCK\RAFINERIA\PR03 BLOK PRZEROBU ROPY\DRW-IV|DR4.FC43354_SQR.PV;"2026-07-21 00:08:08,174011";"49,6929550170898"
\\PIAF\PKN Orlen\PI Vision\PKN Orlen\ZAKŁAD PRODUKCYJNY PŁOCK\RAFINERIA\PR03 BLOK PRZEROBU ROPY\DRW-IV|DR4.FC43354_SQR.PV;"2026-07-21 00:17:28,206009";"50,1151466369629"
\\PIAF\PKN Orlen\PI Vision\PKN Orlen\ZAKŁAD PRODUKCYJNY PŁOCK\RAFINERIA\PR03 BLOK PRZEROBU ROPY\DRW-IV|DR4.FC43354_SQR.PV;"2026-07-21 00:21:13,206009";"49,9702796936035"
\\PIAF\PKN Orlen\PI Vision\PKN Orlen\ZAKŁAD PRODUKCYJNY PŁOCK\RAFINERIA\PR03 BLOK PRZEROBU ROPY\DRW-IV|DR4.FC43354_SQR.PV;"2026-07-21 00:23:33,206009";"49,6586837768555"
\\PIAF\PKN Orlen\PI Vision\PKN Orlen\ZAKŁAD PRODUKCYJNY PŁOCK\RAFINERIA\PR03 BLOK PRZEROBU ROPY\DRW-IV|DR4.FC43354_SQR.PV;"2026-07-21 00:30:13,253006";"49,7068290710449"
\\PIAF\PKN Orlen\PI Vision\PKN Orlen\ZAKŁAD PRODUKCYJNY PŁOCK\RAFINERIA\PR03 BLOK PRZEROBU ROPY\DRW-IV|DR4.FC43354_SQR.PV;"2026-07-21 00:45:03,143005";"49,4417686462402"
\\PIAF\PKN Orlen\PI Vision\PKN Orlen\ZAKŁAD PRODUKCYJNY PŁOCK\RAFINERIA\PR03 BLOK PRZEROBU ROPY\DRW-IV|DR4.FC43354_SQR.PV;"2026-07-21 00:50:43,206009";"49,3539695739746"
\\PIAF\PKN Orlen\PI Vision\PKN Orlen\ZAKŁAD PRODUKCYJNY PŁOCK\RAFINERIA\PR03 BLOK PRZEROBU ROPY\DRW-IV|DR4.FC43354_SQR.PV;"2026-07-21 00:56:18,237";"49,1641387939453"
\\PIAF\PKN Orlen\PI Vision\PKN Orlen\ZAKŁAD PRODUKCYJNY PŁOCK\RAFINERIA\PR03 BLOK PRZEROBU ROPY\DRW-IV|DR4.FC43354_SQR.PV;"2026-07-21 01:09:13,206009";"48,9728584289551"
\\PIAF\PKN Orlen\PI Vision\PKN Orlen\ZAKŁAD PRODUKCYJNY PŁOCK\RAFINERIA\PR03 BLOK PRZEROBU ROPY\DRW-IV|DR4.FC43354_SQR.PV;"2026-07-21 01:22:13,162002";"48,5878105163574"
\\PIAF\PKN Orlen\PI Vision\PKN Orlen\ZAKŁAD PRODUKCYJNY PŁOCK\RAFINERIA\PR03 BLOK PRZEROBU ROPY\DRW-IV|DR4.FC43354_SQR.PV;"2026-07-21 01:26:48,131012";"48,3359184265137"
\\PIAF\PKN Orlen\PI Vision\PKN Orlen\ZAKŁAD PRODUKCYJNY PŁOCK\RAFINERIA\PR03 BLOK PRZEROBU ROPY\DRW-IV|DR4.FC43354_SQR.PV;"2026-07-21 01:33:08,071014";"48,8936920166016"
\\PIAF\PKN Orlen\PI Vision\PKN Orlen\ZAKŁAD PRODUKCYJNY PŁOCK\RAFINERIA\PR03 BLOK PRZEROBU ROPY\DRW-IV|DR4.FC43354_SQR.PV;"2026-07-21 01:42:13,195999";"48,856086730957"
\\PIAF\PKN Orlen\PI Vision\PKN Orlen\ZAKŁAD PRODUKCYJNY PŁOCK\RAFINERIA\PR03 BLOK PRZEROBU ROPY\DRW-IV|DR4.FC43354_SQR.PV;"2026-07-21 01:51:48,118011";"48,9538688659668"
\\PIAF\PKN Orlen\PI Vision\PKN Orlen\ZAKŁAD PRODUKCYJNY PŁOCK\RAFINERIA\PR03 BLOK PRZEROBU ROPY\DRW-IV|DR4.FC43354_SQR.PV;"2026-07-21 01:56:18,103012";"48,6820983886719"
\\PIAF\PKN Orlen\PI Vision\PKN Orlen\ZAKŁAD PRODUKCYJNY PŁOCK\RAFINERIA\PR03 BLOK PRZEROBU ROPY\DRW-IV|DR4.FC43354_SQR.PV;"2026-07-21 02:02:58,140014";"49,1510124206543"
\\PIAF\PKN Orlen\PI Vision\PKN Orlen\ZAKŁAD PRODUKCYJNY PŁOCK\RAFINERIA\PR03 BLOK PRZEROBU ROPY\DRW-IV|DR4.FC43354_SQR.PV;"2026-07-21 02:11:53,156006";"48,9452247619629"
\\PIAF\PKN Orlen\PI Vision\PKN Orlen\ZAKŁAD PRODUKCYJNY PŁOCK\RAFINERIA\PR03 BLOK PRZEROBU ROPY\DRW-IV|DR4.FC43354_SQR.PV;"2026-07-21 02:15:33,171005";"49,3432426452637"
\\PIAF\PKN Orlen\PI Vision\PKN Orlen\ZAKŁAD PRODUKCYJNY PŁOCK\RAFINERIA\PR03 BLOK PRZEROBU ROPY\DRW-IV|DR4.FC43354_SQR.PV;"2026-07-21 02:28:23,209015";"49,0728874206543"
\\PIAF\PKN Orlen\PI Vision\PKN Orlen\ZAKŁAD PRODUKCYJNY PŁOCK\RAFINERIA\PR03 BLOK PRZEROBU ROPY\DRW-IV|DR4.FC43354_SQR.PV;"2026-07-21 02:55:03,153015";"49,1889724731445"
\\PIAF\PKN Orlen\PI Vision\PKN Orlen\ZAKŁAD PRODUKCYJNY PŁOCK\RAFINERIA\PR03 BLOK PRZEROBU ROPY\DRW-IV|DR4.FC43354_SQR.PV;"2026-07-21 02:59:23,090012";"49,5665435791016"
\\PIAF\PKN Orlen\PI Vision\PKN Orlen\ZAKŁAD PRODUKCYJNY PŁOCK\RAFINERIA\PR03 BLOK PRZEROBU ROPY\DRW-IV|DR4.FC43354_SQR.PV;"2026-07-21 03:04:53,268005";"48,711856842041"
\\PIAF\PKN Orlen\PI Vision\PKN Orlen\ZAKŁAD PRODUKCYJNY PŁOCK\RAFINERIA\PR03 BLOK PRZEROBU ROPY\DRW-IV|DR4.FC43354_SQR.PV;"2026-07-21 03:07:53,190002";"49,0935821533203"
\\PIAF\PKN Orlen\PI Vision\PKN Orlen\ZAKŁAD PRODUKCYJNY PŁOCK\RAFINERIA\PR03 BLOK PRZEROBU ROPY\DRW-IV|DR4.FC43354_SQR.PV;"2026-07-21 03:10:58,206009";"49,7832908630371"
\\PIAF\PKN Orlen\PI Vision\PKN Orlen\ZAKŁAD PRODUKCYJNY PŁOCK\RAFINERIA\PR03 BLOK PRZEROBU ROPY\DRW-IV|DR4.FC43354_SQR.PV;"2026-07-21 03:15:33,143005";"49,3359489440918"
\\PIAF\PKN Orlen\PI Vision\PKN Orlen\ZAKŁAD PRODUKCYJNY PŁOCK\RAFINERIA\PR03 BLOK PRZEROBU ROPY\DRW-IV|DR4.FC43354_SQR.PV;"2026-07-21 03:20:48,143005";"49,1161117553711"
\\PIAF\PKN Orlen\PI Vision\PKN Orlen\ZAKŁAD PRODUKCYJNY PŁOCK\RAFINERIA\PR03 BLOK PRZEROBU ROPY\DRW-IV|DR4.FC43354_SQR.PV;"2026-07-21 03:23:03,112015";"49,4755744934082"
\\PIAF\PKN Orlen\PI Vision\PKN Orlen\ZAKŁAD PRODUKCYJNY PŁOCK\RAFINERIA\PR03 BLOK PRZEROBU ROPY\DRW-IV|DR4.FC43354_SQR.PV;"2026-07-21 03:31:08,143005";"49,3233985900879"
\\PIAF\PKN Orlen\PI Vision\PKN Orlen\ZAKŁAD PRODUKCYJNY PŁOCK\RAFINERIA\PR03 BLOK PRZEROBU ROPY\DRW-IV|DR4.FC43354_SQR.PV;"2026-07-21 03:36:23,081009";"49,562427520752"
\\PIAF\PKN Orlen\PI Vision\PKN Orlen\ZAKŁAD PRODUKCYJNY PŁOCK\RAFINERIA\PR03 BLOK PRZEROBU ROPY\DRW-IV|DR4.FC43354_SQR.PV;"2026-07-21 03:41:58,212006";"48,9832954406738"
\\PIAF\PKN Orlen\PI Vision\PKN Orlen\ZAKŁAD PRODUKCYJNY PŁOCK\RAFINERIA\PR03 BLOK PRZEROBU ROPY\DRW-IV|DR4.FC43354_SQR.PV;"2026-07-21 03:50:58,196014";"49,3192481994629"
\\PIAF\PKN Orlen\PI Vision\PKN Orlen\ZAKŁAD PRODUKCYJNY PŁOCK\RAFINERIA\PR03 BLOK PRZEROBU ROPY\DRW-IV|DR4.FC43354_SQR.PV;"2026-07-21 03:59:43,212006";"49,0576858520508"
\\PIAF\PKN Orlen\PI Vision\PKN Orlen\ZAKŁAD PRODUKCYJNY PŁOCK\RAFINERIA\PR03 BLOK PRZEROBU ROPY\DRW-IV|DR4.FC43354_SQR.PV;"2026-07-21 04:05:38,165008";"49,1389465332031"
\\PIAF\PKN Orlen\PI Vision\PKN Orlen\ZAKŁAD PRODUKCYJNY PŁOCK\RAFINERIA\PR03 BLOK PRZEROBU ROPY\DRW-IV|DR4.FC43354_SQR.PV;"2026-07-21 04:12:53,150009";"48,9616661071777"
\\PIAF\PKN Orlen\PI Vision\PKN Orlen\ZAKŁAD PRODUKCYJNY PŁOCK\RAFINERIA\PR03 BLOK PRZEROBU ROPY\DRW-IV|DR4.FC43354_SQR.PV;"2026-07-21 04:18:18,228012";"49,3920097351074"
\\PIAF\PKN Orlen\PI Vision\PKN Orlen\ZAKŁAD PRODUKCYJNY PŁOCK\RAFINERIA\PR03 BLOK PRZEROBU ROPY\DRW-IV|DR4.FC43354_SQR.PV;"2026-07-21 04:27:38,181";"48,9792976379395"
\\PIAF\PKN Orlen\PI Vision\PKN Orlen\ZAKŁAD PRODUKCYJNY PŁOCK\RAFINERIA\PR03 BLOK PRZEROBU ROPY\DRW-IV|DR4.FC43354_SQR.PV;"2026-07-21 04:38:28,118011";"49,1129188537598"
\\PIAF\PKN Orlen\PI Vision\PKN Orlen\ZAKŁAD PRODUKCYJNY PŁOCK\RAFINERIA\PR03 BLOK PRZEROBU ROPY\DRW-IV|DR4.FC43354_SQR.PV;"2026-07-21 04:50:08,212006";"48,9780464172363"
\\PIAF\PKN Orlen\PI Vision\PKN Orlen\ZAKŁAD PRODUKCYJNY PŁOCK\RAFINERIA\PR03 BLOK PRZEROBU ROPY\DRW-IV|DR4.FC43354_SQR.PV;"2026-07-21 04:54:38,181";"48,5199127197266"
\\PIAF\PKN Orlen\PI Vision\PKN Orlen\ZAKŁAD PRODUKCYJNY PŁOCK\RAFINERIA\PR03 BLOK PRZEROBU ROPY\DRW-IV|DR4.FC43354_SQR.PV;"2026-07-21 04:58:33,228012";"48,9174308776855"
\\PIAF\PKN Orlen\PI Vision\PKN Orlen\ZAKŁAD PRODUKCYJNY PŁOCK\RAFINERIA\PR03 BLOK PRZEROBU ROPY\DRW-IV|DR4.FC43354_SQR.PV;"2026-07-21 05:02:13,181015";"49,6081352233887"
\\PIAF\PKN Orlen\PI Vision\PKN Orlen\ZAKŁAD PRODUKCYJNY PŁOCK\RAFINERIA\PR03 BLOK PRZEROBU ROPY\DRW-IV|DR4.FC43354_SQR.PV;"2026-07-21 05:07:38,150009";"49,0032958984375"
\\PIAF\PKN Orlen\PI Vision\PKN Orlen\ZAKŁAD PRODUKCYJNY PŁOCK\RAFINERIA\PR03 BLOK PRZEROBU ROPY\DRW-IV|DR4.FC43354_SQR.PV;"2026-07-21 05:10:58,212006";"48,542121887207"
\\PIAF\PKN Orlen\PI Vision\PKN Orlen\ZAKŁAD PRODUKCYJNY PŁOCK\RAFINERIA\PR03 BLOK PRZEROBU ROPY\DRW-IV|DR4.FC43354_SQR.PV;"2026-07-21 05:15:53,134002";"49,1666221618652"
\\PIAF\PKN Orlen\PI Vision\PKN Orlen\ZAKŁAD PRODUKCYJNY PŁOCK\RAFINERIA\PR03 BLOK PRZEROBU ROPY\DRW-IV|DR4.FC43354_SQR.PV;"2026-07-21 05:17:28,196014";"49,5313873291016"
\\PIAF\PKN Orlen\PI Vision\PKN Orlen\ZAKŁAD PRODUKCYJNY PŁOCK\RAFINERIA\PR03 BLOK PRZEROBU ROPY\DRW-IV|DR4.FC43354_SQR.PV;"2026-07-21 05:20:28,149002";"49,3881797790527"
\\PIAF\PKN Orlen\PI Vision\PKN Orlen\ZAKŁAD PRODUKCYJNY PŁOCK\RAFINERIA\PR03 BLOK PRZEROBU ROPY\DRW-IV|DR4.FC43354_SQR.PV;"2026-07-21 05:24:33,181";"48,5066070556641"
\\PIAF\PKN Orlen\PI Vision\PKN Orlen\ZAKŁAD PRODUKCYJNY PŁOCK\RAFINERIA\PR03 BLOK PRZEROBU ROPY\DRW-IV|DR4.FC43354_SQR.PV;"2026-07-21 05:27:48,118011";"48,4830360412598"
\\PIAF\PKN Orlen\PI Vision\PKN Orlen\ZAKŁAD PRODUKCYJNY PŁOCK\RAFINERIA\PR03 BLOK PRZEROBU ROPY\DRW-IV|DR4.FC43354_SQR.PV;"2026-07-21 05:31:33,103012";"49,1428871154785"
\\PIAF\PKN Orlen\PI Vision\PKN Orlen\ZAKŁAD PRODUKCYJNY PŁOCK\RAFINERIA\PR03 BLOK PRZEROBU ROPY\DRW-IV|DR4.FC43354_SQR.PV;"2026-07-21 05:37:53,118011";"49,0300445556641"
\\PIAF\PKN Orlen\PI Vision\PKN Orlen\ZAKŁAD PRODUKCYJNY PŁOCK\RAFINERIA\PR03 BLOK PRZEROBU ROPY\DRW-IV|DR4.FC43354_SQR.PV;"2026-07-21 05:40:53,150009";"48,7474365234375"
\\PIAF\PKN Orlen\PI Vision\PKN Orlen\ZAKŁAD PRODUKCYJNY PŁOCK\RAFINERIA\PR03 BLOK PRZEROBU ROPY\DRW-IV|DR4.FC43354_SQR.PV;"2026-07-21 05:46:23,181";"49,013240814209"
\\PIAF\PKN Orlen\PI Vision\PKN Orlen\ZAKŁAD PRODUKCYJNY PŁOCK\RAFINERIA\PR03 BLOK PRZEROBU ROPY\DRW-IV|DR4.FC43354_SQR.PV;"2026-07-21 05:48:03,150009";"49,2136116027832"
\\PIAF\PKN Orlen\PI Vision\PKN Orlen\ZAKŁAD PRODUKCYJNY PŁOCK\RAFINERIA\PR03 BLOK PRZEROBU ROPY\DRW-IV|DR4.FC43354_SQR.PV;"2026-07-21 05:53:43,134002";"48,9265098571777"
\\PIAF\PKN Orlen\PI Vision\PKN Orlen\ZAKŁAD PRODUKCYJNY PŁOCK\RAFINERIA\PR03 BLOK PRZEROBU ROPY\DRW-IV|DR4.FC43354_SQR.PV;"2026-07-21 05:58:48,181015";"48,385082244873"
\\PIAF\PKN Orlen\PI Vision\PKN Orlen\ZAKŁAD PRODUKCYJNY PŁOCK\RAFINERIA\PR03 BLOK PRZEROBU ROPY\DRW-IV|DR4.FC43354_SQR.PV;"2026-07-21 06:08:28,149002";"48,4938316345215"
\\PIAF\PKN Orlen\PI Vision\PKN Orlen\ZAKŁAD PRODUKCYJNY PŁOCK\RAFINERIA\PR03 BLOK PRZEROBU ROPY\DRW-IV|DR4.FC43354_SQR.PV;"2026-07-21 06:09:58,165008";"48,6951484680176"
\\PIAF\PKN Orlen\PI Vision\PKN Orlen\ZAKŁAD PRODUKCYJNY PŁOCK\RAFINERIA\PR03 BLOK PRZEROBU ROPY\DRW-IV|DR4.FC43354_SQR.PV;"2026-07-21 06:17:33,103012";"48,6209144592285"
\\PIAF\PKN Orlen\PI Vision\PKN Orlen\ZAKŁAD PRODUKCYJNY PŁOCK\RAFINERIA\PR03 BLOK PRZEROBU ROPY\DRW-IV|DR4.FC43354_SQR.PV;"2026-07-21 06:29:18,165008";"48,4921531677246"
\\PIAF\PKN Orlen\PI Vision\PKN Orlen\ZAKŁAD PRODUKCYJNY PŁOCK\RAFINERIA\PR03 BLOK PRZEROBU ROPY\DRW-IV|DR4.FC43354_SQR.PV;"2026-07-21 06:36:33,103012";"48,4493293762207"
\\PIAF\PKN Orlen\PI Vision\PKN Orlen\ZAKŁAD PRODUKCYJNY PŁOCK\RAFINERIA\PR03 BLOK PRZEROBU ROPY\DRW-IV|DR4.FC43354_SQR.PV;"2026-07-21 06:51:13,165008";"48,0465126037598"
\\PIAF\PKN Orlen\PI Vision\PKN Orlen\ZAKŁAD PRODUKCYJNY PŁOCK\RAFINERIA\PR03 BLOK PRZEROBU ROPY\DRW-IV|DR4.FC43354_SQR.PV;"2026-07-21 07:00:58,149002";"47,5554847717285"
\\PIAF\PKN Orlen\PI Vision\PKN Orlen\ZAKŁAD PRODUKCYJNY PŁOCK\RAFINERIA\PR03 BLOK PRZEROBU ROPY\DRW-IV|DR4.FC43354_SQR.PV;"2026-07-21 07:03:33,165008";"47,4546813964844"
\\PIAF\PKN Orlen\PI Vision\PKN Orlen\ZAKŁAD PRODUKCYJNY PŁOCK\RAFINERIA\PR03 BLOK PRZEROBU ROPY\DRW-IV|DR4.FC43354_SQR.PV;"2026-07-21 07:10:08,181";"48,0688705444336"
\\PIAF\PKN Orlen\PI Vision\PKN Orlen\ZAKŁAD PRODUKCYJNY PŁOCK\RAFINERIA\PR03 BLOK PRZEROBU ROPY\DRW-IV|DR4.FC43354_SQR.PV;"2026-07-21 07:13:53,181";"48,1872711181641"
\\PIAF\PKN Orlen\PI Vision\PKN Orlen\ZAKŁAD PRODUKCYJNY PŁOCK\RAFINERIA\PR03 BLOK PRZEROBU ROPY\DRW-IV|DR4.FC43354_SQR.PV;"2026-07-21 07:26:03,118011";"47,9837760925293"
\\PIAF\PKN Orlen\PI Vision\PKN Orlen\ZAKŁAD PRODUKCYJNY PŁOCK\RAFINERIA\PR03 BLOK PRZEROBU ROPY\DRW-IV|DR4.FC43354_SQR.PV;"2026-07-21 07:36:28,181015";"48,1755142211914"
\\PIAF\PKN Orlen\PI Vision\PKN Orlen\ZAKŁAD PRODUKCYJNY PŁOCK\RAFINERIA\PR03 BLOK PRZEROBU ROPY\DRW-IV|DR4.FC43354_SQR.PV;"2026-07-21 07:40:28,181";"47,8826866149902"
\\PIAF\PKN Orlen\PI Vision\PKN Orlen\ZAKŁAD PRODUKCYJNY PŁOCK\RAFINERIA\PR03 BLOK PRZEROBU ROPY\DRW-IV|DR4.FC43354_SQR.PV;"2026-07-21 07:44:13,134002";"48,2453460693359"
\\PIAF\PKN Orlen\PI Vision\PKN Orlen\ZAKŁAD PRODUKCYJNY PŁOCK\RAFINERIA\PR03 BLOK PRZEROBU ROPY\DRW-IV|DR4.FC43354_SQR.PV;"2026-07-21 07:47:03,181";"48,6569595336914"
\\PIAF\PKN Orlen\PI Vision\PKN Orlen\ZAKŁAD PRODUKCYJNY PŁOCK\RAFINERIA\PR03 BLOK PRZEROBU ROPY\DRW-IV|DR4.FC43354_SQR.PV;"2026-07-21 07:56:18,196014";"48,0731582641602"
\\PIAF\PKN Orlen\PI Vision\PKN Orlen\ZAKŁAD PRODUKCYJNY PŁOCK\RAFINERIA\PR03 BLOK PRZEROBU ROPY\DRW-IV|DR4.FC43354_SQR.PV;"2026-07-21 08:03:33,134002";"48,2224922180176"
\\PIAF\PKN Orlen\PI Vision\PKN Orlen\ZAKŁAD PRODUKCYJNY PŁOCK\RAFINERIA\PR03 BLOK PRZEROBU ROPY\DRW-IV|DR4.FC43354_SQR.PV;"2026-07-21 08:16:03,165008";"48,5251693725586"
\\PIAF\PKN Orlen\PI Vision\PKN Orlen\ZAKŁAD PRODUKCYJNY PŁOCK\RAFINERIA\PR03 BLOK PRZEROBU ROPY\DRW-IV|DR4.FC43354_SQR.PV;"2026-07-21 08:23:33,134002";"48,2190284729004"
\\PIAF\PKN Orlen\PI Vision\PKN Orlen\ZAKŁAD PRODUKCYJNY PŁOCK\RAFINERIA\PR03 BLOK PRZEROBU ROPY\DRW-IV|DR4.FC43354_SQR.PV;"2026-07-21 08:24:43,134002";"47,9969062805176"
\\PIAF\PKN Orlen\PI Vision\PKN Orlen\ZAKŁAD PRODUKCYJNY PŁOCK\RAFINERIA\PR03 BLOK PRZEROBU ROPY\DRW-IV|DR4.FC43354_SQR.PV;"2026-07-21 08:26:03,196014";"47,7221870422363"
\\PIAF\PKN Orlen\PI Vision\PKN Orlen\ZAKŁAD PRODUKCYJNY PŁOCK\RAFINERIA\PR03 BLOK PRZEROBU ROPY\DRW-IV|DR4.FC43354_SQR.PV;"2026-07-21 08:30:48,149002";"48,9339599609375"
\\PIAF\PKN Orlen\PI Vision\PKN Orlen\ZAKŁAD PRODUKCYJNY PŁOCK\RAFINERIA\PR03 BLOK PRZEROBU ROPY\DRW-IV|DR4.FC43354_SQR.PV;"2026-07-21 08:36:08,212006";"48,5591163635254"
\\PIAF\PKN Orlen\PI Vision\PKN Orlen\ZAKŁAD PRODUKCYJNY PŁOCK\RAFINERIA\PR03 BLOK PRZEROBU ROPY\DRW-IV|DR4.FC43354_SQR.PV;"2026-07-21 08:41:33,149002";"48,0355567932129"
\\PIAF\PKN Orlen\PI Vision\PKN Orlen\ZAKŁAD PRODUKCYJNY PŁOCK\RAFINERIA\PR03 BLOK PRZEROBU ROPY\DRW-IV|DR4.FC43354_SQR.PV;"2026-07-21 08:47:53,087006";"48,2030067443848"
\\PIAF\PKN Orlen\PI Vision\PKN Orlen\ZAKŁAD PRODUKCYJNY PŁOCK\RAFINERIA\PR03 BLOK PRZEROBU ROPY\DRW-IV|DR4.FC43354_SQR.PV;"2026-07-21 08:55:13,149002";"47,6779670715332"
\\PIAF\PKN Orlen\PI Vision\PKN Orlen\ZAKŁAD PRODUKCYJNY PŁOCK\RAFINERIA\PR03 BLOK PRZEROBU ROPY\DRW-IV|DR4.FC43354_SQR.PV;"2026-07-21 09:00:48,181";"48,1214828491211"
\\PIAF\PKN Orlen\PI Vision\PKN Orlen\ZAKŁAD PRODUKCYJNY PŁOCK\RAFINERIA\PR03 BLOK PRZEROBU ROPY\DRW-IV|DR4.FC43354_SQR.PV;"2026-07-21 09:04:28,165008";"48,1804656982422"
\\PIAF\PKN Orlen\PI Vision\PKN Orlen\ZAKŁAD PRODUKCYJNY PŁOCK\RAFINERIA\PR03 BLOK PRZEROBU ROPY\DRW-IV|DR4.FC43354_SQR.PV;"2026-07-21 09:09:13,118011";"47,6414527893066"
\\PIAF\PKN Orlen\PI Vision\PKN Orlen\ZAKŁAD PRODUKCYJNY PŁOCK\RAFINERIA\PR03 BLOK PRZEROBU ROPY\DRW-IV|DR4.FC43354_SQR.PV;"2026-07-21 09:15:43,196014";"48,2254104614258"
\\PIAF\PKN Orlen\PI Vision\PKN Orlen\ZAKŁAD PRODUKCYJNY PŁOCK\RAFINERIA\PR03 BLOK PRZEROBU ROPY\DRW-IV|DR4.FC43354_SQR.PV;"2026-07-21 09:21:08,181";"47,9578514099121"
\\PIAF\PKN Orlen\PI Vision\PKN Orlen\ZAKŁAD PRODUKCYJNY PŁOCK\RAFINERIA\PR03 BLOK PRZEROBU ROPY\DRW-IV|DR4.FC43354_SQR.PV;"2026-07-21 09:32:18,196014";"48,0397415161133"
\\PIAF\PKN Orlen\PI Vision\PKN Orlen\ZAKŁAD PRODUKCYJNY PŁOCK\RAFINERIA\PR03 BLOK PRZEROBU ROPY\DRW-IV|DR4.FC43354_SQR.PV;"2026-07-21 09:35:58,149002";"47,5399703979492"
\\PIAF\PKN Orlen\PI Vision\PKN Orlen\ZAKŁAD PRODUKCYJNY PŁOCK\RAFINERIA\PR03 BLOK PRZEROBU ROPY\DRW-IV|DR4.FC43354_SQR.PV;"2026-07-21 09:37:23,134002";"47,2609519958496"
\\PIAF\PKN Orlen\PI Vision\PKN Orlen\ZAKŁAD PRODUKCYJNY PŁOCK\RAFINERIA\PR03 BLOK PRZEROBU ROPY\DRW-IV|DR4.FC43354_SQR.PV;"2026-07-21 09:42:43,118011";"47,7403755187988"
\\PIAF\PKN Orlen\PI Vision\PKN Orlen\ZAKŁAD PRODUKCYJNY PŁOCK\RAFINERIA\PR03 BLOK PRZEROBU ROPY\DRW-IV|DR4.FC43354_SQR.PV;"2026-07-21 09:43:48,196014";"47,8299217224121"
\\PIAF\PKN Orlen\PI Vision\PKN Orlen\ZAKŁAD PRODUKCYJNY PŁOCK\RAFINERIA\PR03 BLOK PRZEROBU ROPY\DRW-IV|DR4.FC43354_SQR.PV;"2026-07-21 09:46:38,103012";"47,9976119995117"
\\PIAF\PKN Orlen\PI Vision\PKN Orlen\ZAKŁAD PRODUKCYJNY PŁOCK\RAFINERIA\PR03 BLOK PRZEROBU ROPY\DRW-IV|DR4.FC43354_SQR.PV;"2026-07-21 09:51:03,134002";"47,9267196655273"
\\PIAF\PKN Orlen\PI Vision\PKN Orlen\ZAKŁAD PRODUKCYJNY PŁOCK\RAFINERIA\PR03 BLOK PRZEROBU ROPY\DRW-IV|DR4.FC43354_SQR.PV;"2026-07-21 09:55:28,165008";"47,3101501464844"
\\PIAF\PKN Orlen\PI Vision\PKN Orlen\ZAKŁAD PRODUKCYJNY PŁOCK\RAFINERIA\PR03 BLOK PRZEROBU ROPY\DRW-IV|DR4.FC43354_SQR.PV;"2026-07-21 10:01:58,103012";"47,8798446655273"
\\PIAF\PKN Orlen\PI Vision\PKN Orlen\ZAKŁAD PRODUKCYJNY PŁOCK\RAFINERIA\PR03 BLOK PRZEROBU ROPY\DRW-IV|DR4.FC43354_SQR.PV;"2026-07-21 10:07:08,195999";"47,4516983032227"
\\PIAF\PKN Orlen\PI Vision\PKN Orlen\ZAKŁAD PRODUKCYJNY PŁOCK\RAFINERIA\PR03 BLOK PRZEROBU ROPY\DRW-IV|DR4.FC43354_SQR.PV;"2026-07-21 10:16:48,150009";"47,9412002563477"
\\PIAF\PKN Orlen\PI Vision\PKN Orlen\ZAKŁAD PRODUKCYJNY PŁOCK\RAFINERIA\PR03 BLOK PRZEROBU ROPY\DRW-IV|DR4.FC43354_SQR.PV;"2026-07-21 10:35:38,118011";"47,4550666809082"
\\PIAF\PKN Orlen\PI Vision\PKN Orlen\ZAKŁAD PRODUKCYJNY PŁOCK\RAFINERIA\PR03 BLOK PRZEROBU ROPY\DRW-IV|DR4.FC43354_SQR.PV;"2026-07-21 10:38:23,103012";"47,0665588378906"
\\PIAF\PKN Orlen\PI Vision\PKN Orlen\ZAKŁAD PRODUKCYJNY PŁOCK\RAFINERIA\PR03 BLOK PRZEROBU ROPY\DRW-IV|DR4.FC43354_SQR.PV;"2026-07-21 10:43:58,150009";"47,5805244445801"
\\PIAF\PKN Orlen\PI Vision\PKN Orlen\ZAKŁAD PRODUKCYJNY PŁOCK\RAFINERIA\PR03 BLOK PRZEROBU ROPY\DRW-IV|DR4.FC43354_SQR.PV;"2026-07-21 10:48:23,195999";"47,2983551025391"
\\PIAF\PKN Orlen\PI Vision\PKN Orlen\ZAKŁAD PRODUKCYJNY PŁOCK\RAFINERIA\PR03 BLOK PRZEROBU ROPY\DRW-IV|DR4.FC43354_SQR.PV;"2026-07-21 10:51:43,134002";"47,2164916992188"
\\PIAF\PKN Orlen\PI Vision\PKN Orlen\ZAKŁAD PRODUKCYJNY PŁOCK\RAFINERIA\PR03 BLOK PRZEROBU ROPY\DRW-IV|DR4.FC43354_SQR.PV;"2026-07-21 10:59:38,134002";"47,4571380615234"
\\PIAF\PKN Orlen\PI Vision\PKN Orlen\ZAKŁAD PRODUKCYJNY PŁOCK\RAFINERIA\PR03 BLOK PRZEROBU ROPY\DRW-IV|DR4.FC43354_SQR.PV;"2026-07-21 11:03:18,118011";"47,3200912475586"
\\PIAF\PKN Orlen\PI Vision\PKN Orlen\ZAKŁAD PRODUKCYJNY PŁOCK\RAFINERIA\PR03 BLOK PRZEROBU ROPY\DRW-IV|DR4.FC43354_SQR.PV;"2026-07-21 11:09:38,087006";"47,4601516723633"
\\PIAF\PKN Orlen\PI Vision\PKN Orlen\ZAKŁAD PRODUKCYJNY PŁOCK\RAFINERIA\PR03 BLOK PRZEROBU ROPY\DRW-IV|DR4.FC43354_SQR.PV;"2026-07-21 11:12:28,165008";"47,101318359375"
\\PIAF\PKN Orlen\PI Vision\PKN Orlen\ZAKŁAD PRODUKCYJNY PŁOCK\RAFINERIA\PR03 BLOK PRZEROBU ROPY\DRW-IV|DR4.FC43354_SQR.PV;"2026-07-21 11:18:43,149002";"47,5145378112793"
\\PIAF\PKN Orlen\PI Vision\PKN Orlen\ZAKŁAD PRODUKCYJNY PŁOCK\RAFINERIA\PR03 BLOK PRZEROBU ROPY\DRW-IV|DR4.FC43354_SQR.PV;"2026-07-21 11:30:08,103012";"47,4769172668457"
\\PIAF\PKN Orlen\PI Vision\PKN Orlen\ZAKŁAD PRODUKCYJNY PŁOCK\RAFINERIA\PR03 BLOK PRZEROBU ROPY\DRW-IV|DR4.FC43354_SQR.PV;"2026-07-21 11:33:13,181015";"47,5049057006836"
\\PIAF\PKN Orlen\PI Vision\PKN Orlen\ZAKŁAD PRODUKCYJNY PŁOCK\RAFINERIA\PR03 BLOK PRZEROBU ROPY\DRW-IV|DR4.FC43354_SQR.PV;"2026-07-21 11:34:58,118011";"47,7927131652832"
\\PIAF\PKN Orlen\PI Vision\PKN Orlen\ZAKŁAD PRODUKCYJNY PŁOCK\RAFINERIA\PR03 BLOK PRZEROBU ROPY\DRW-IV|DR4.FC43354_SQR.PV;"2026-07-21 11:47:48,181";"47,8949165344238"
\\PIAF\PKN Orlen\PI Vision\PKN Orlen\ZAKŁAD PRODUKCYJNY PŁOCK\RAFINERIA\PR03 BLOK PRZEROBU ROPY\DRW-IV|DR4.FC43354_SQR.PV;"2026-07-21 11:53:43,181015";"47,7225570678711"
\\PIAF\PKN Orlen\PI Vision\PKN Orlen\ZAKŁAD PRODUKCYJNY PŁOCK\RAFINERIA\PR03 BLOK PRZEROBU ROPY\DRW-IV|DR4.FC43354_SQR.PV;"2026-07-21 12:04:18,071014";"47,9363403320313"
\\PIAF\PKN Orlen\PI Vision\PKN Orlen\ZAKŁAD PRODUKCYJNY PŁOCK\RAFINERIA\PR03 BLOK PRZEROBU ROPY\DRW-IV|DR4.FC43354_SQR.PV;"2026-07-21 12:09:38,071014";"47,4379615783691"
\\PIAF\PKN Orlen\PI Vision\PKN Orlen\ZAKŁAD PRODUKCYJNY PŁOCK\RAFINERIA\PR03 BLOK PRZEROBU ROPY\DRW-IV|DR4.FC43354_SQR.PV;"2026-07-21 12:16:13,181";"47,6501159667969"
\\PIAF\PKN Orlen\PI Vision\PKN Orlen\ZAKŁAD PRODUKCYJNY PŁOCK\RAFINERIA\PR03 BLOK PRZEROBU ROPY\DRW-IV|DR4.FC43354_SQR.PV;"2026-07-21 12:20:08,118011";"47,8251571655273"
\\PIAF\PKN Orlen\PI Vision\PKN Orlen\ZAKŁAD PRODUKCYJNY PŁOCK\RAFINERIA\PR03 BLOK PRZEROBU ROPY\DRW-IV|DR4.FC43354_SQR.PV;"2026-07-21 12:22:48,165008";"47,6250038146973"
\\PIAF\PKN Orlen\PI Vision\PKN Orlen\ZAKŁAD PRODUKCYJNY PŁOCK\RAFINERIA\PR03 BLOK PRZEROBU ROPY\DRW-IV|DR4.FC43354_SQR.PV;"2026-07-21 12:26:58,087006";"47,5654182434082"
\\PIAF\PKN Orlen\PI Vision\PKN Orlen\ZAKŁAD PRODUKCYJNY PŁOCK\RAFINERIA\PR03 BLOK PRZEROBU ROPY\DRW-IV|DR4.FC43354_SQR.PV;"2026-07-21 12:33:08,165008";"47,4500198364258"
\\PIAF\PKN Orlen\PI Vision\PKN Orlen\ZAKŁAD PRODUKCYJNY PŁOCK\RAFINERIA\PR03 BLOK PRZEROBU ROPY\DRW-IV|DR4.FC43354_SQR.PV;"2026-07-21 12:36:53,165008";"47,5495109558105"
\\PIAF\PKN Orlen\PI Vision\PKN Orlen\ZAKŁAD PRODUKCYJNY PŁOCK\RAFINERIA\PR03 BLOK PRZEROBU ROPY\DRW-IV|DR4.FC43354_SQR.PV;"2026-07-21 12:42:53,181";"47,6352119445801"
\\PIAF\PKN Orlen\PI Vision\PKN Orlen\ZAKŁAD PRODUKCYJNY PŁOCK\RAFINERIA\PR03 BLOK PRZEROBU ROPY\DRW-IV|DR4.FC43354_SQR.PV;"2026-07-21 12:52:43,212006";"47,0440826416016"
\\PIAF\PKN Orlen\PI Vision\PKN Orlen\ZAKŁAD PRODUKCYJNY PŁOCK\RAFINERIA\PR03 BLOK PRZEROBU ROPY\DRW-IV|DR4.FC43354_SQR.PV;"2026-07-21 12:59:33,134002";"47,88720703125"
\\PIAF\PKN Orlen\PI Vision\PKN Orlen\ZAKŁAD PRODUKCYJNY PŁOCK\RAFINERIA\PR03 BLOK PRZEROBU ROPY\DRW-IV|DR4.FC43354_SQR.PV;"2026-07-21 13:04:13,165008";"47,5588798522949"
\\PIAF\PKN Orlen\PI Vision\PKN Orlen\ZAKŁAD PRODUKCYJNY PŁOCK\RAFINERIA\PR03 BLOK PRZEROBU ROPY\DRW-IV|DR4.FC43354_SQR.PV;"2026-07-21 13:07:43,165008";"47,098949432373"
\\PIAF\PKN Orlen\PI Vision\PKN Orlen\ZAKŁAD PRODUKCYJNY PŁOCK\RAFINERIA\PR03 BLOK PRZEROBU ROPY\DRW-IV|DR4.FC43354_SQR.PV;"2026-07-21 13:10:48,228012";"47,3828620910645"
\\PIAF\PKN Orlen\PI Vision\PKN Orlen\ZAKŁAD PRODUKCYJNY PŁOCK\RAFINERIA\PR03 BLOK PRZEROBU ROPY\DRW-IV|DR4.FC43354_SQR.PV;"2026-07-21 13:13:28,165008";"47,837833404541"
\\PIAF\PKN Orlen\PI Vision\PKN Orlen\ZAKŁAD PRODUKCYJNY PŁOCK\RAFINERIA\PR03 BLOK PRZEROBU ROPY\DRW-IV|DR4.FC43354_SQR.PV;"2026-07-21 13:19:18,165008";"47,5951652526855"
\\PIAF\PKN Orlen\PI Vision\PKN Orlen\ZAKŁAD PRODUKCYJNY PŁOCK\RAFINERIA\PR03 BLOK PRZEROBU ROPY\DRW-IV|DR4.FC43354_SQR.PV;"2026-07-21 13:22:48,165008";"47,7957420349121"
\\PIAF\PKN Orlen\PI Vision\PKN Orlen\ZAKŁAD PRODUKCYJNY PŁOCK\RAFINERIA\PR03 BLOK PRZEROBU ROPY\DRW-IV|DR4.FC43354_SQR.PV;"2026-07-21 13:26:53,181015";"47,9205627441406"
\\PIAF\PKN Orlen\PI Vision\PKN Orlen\ZAKŁAD PRODUKCYJNY PŁOCK\RAFINERIA\PR03 BLOK PRZEROBU ROPY\DRW-IV|DR4.FC43354_SQR.PV;"2026-07-21 13:32:48,134002";"47,5719337463379"
\\PIAF\PKN Orlen\PI Vision\PKN Orlen\ZAKŁAD PRODUKCYJNY PŁOCK\RAFINERIA\PR03 BLOK PRZEROBU ROPY\DRW-IV|DR4.FC43354_SQR.PV;"2026-07-21 13:37:03,118011";"48,0406837463379"
\\PIAF\PKN Orlen\PI Vision\PKN Orlen\ZAKŁAD PRODUKCYJNY PŁOCK\RAFINERIA\PR03 BLOK PRZEROBU ROPY\DRW-IV|DR4.FC43354_SQR.PV;"2026-07-21 13:43:13,181015";"47,6353912353516"
\\PIAF\PKN Orlen\PI Vision\PKN Orlen\ZAKŁAD PRODUKCYJNY PŁOCK\RAFINERIA\PR03 BLOK PRZEROBU ROPY\DRW-IV|DR4.FC43354_SQR.PV;"2026-07-21 13:46:08,181015";"47,9973106384277"
\\PIAF\PKN Orlen\PI Vision\PKN Orlen\ZAKŁAD PRODUKCYJNY PŁOCK\RAFINERIA\PR03 BLOK PRZEROBU ROPY\DRW-IV|DR4.FC43354_SQR.PV;"2026-07-21 13:51:38,181";"47,9096870422363"
\\PIAF\PKN Orlen\PI Vision\PKN Orlen\ZAKŁAD PRODUKCYJNY PŁOCK\RAFINERIA\PR03 BLOK PRZEROBU ROPY\DRW-IV|DR4.FC43354_SQR.PV;"2026-07-21 13:57:33,149002";"47,5456962585449"
\\PIAF\PKN Orlen\PI Vision\PKN Orlen\ZAKŁAD PRODUKCYJNY PŁOCK\RAFINERIA\PR03 BLOK PRZEROBU ROPY\DRW-IV|DR4.FC43354_SQR.PV;"2026-07-21 14:02:23,134002";"47,9215393066406"
\\PIAF\PKN Orlen\PI Vision\PKN Orlen\ZAKŁAD PRODUKCYJNY PŁOCK\RAFINERIA\PR03 BLOK PRZEROBU ROPY\DRW-IV|DR4.FC43354_SQR.PV;"2026-07-21 14:04:33,181015";"47,5835723876953"
\\PIAF\PKN Orlen\PI Vision\PKN Orlen\ZAKŁAD PRODUKCYJNY PŁOCK\RAFINERIA\PR03 BLOK PRZEROBU ROPY\DRW-IV|DR4.FC43354_SQR.PV;"2026-07-21 14:13:38,212006";"47,4207878112793"
\\PIAF\PKN Orlen\PI Vision\PKN Orlen\ZAKŁAD PRODUKCYJNY PŁOCK\RAFINERIA\PR03 BLOK PRZEROBU ROPY\DRW-IV|DR4.FC43354_SQR.PV;"2026-07-21 14:18:53,103012";"47,4394264221191"
\\PIAF\PKN Orlen\PI Vision\PKN Orlen\ZAKŁAD PRODUKCYJNY PŁOCK\RAFINERIA\PR03 BLOK PRZEROBU ROPY\DRW-IV|DR4.FC43354_SQR.PV;"2026-07-21 14:28:13,103012";"47,7358741760254"
\\PIAF\PKN Orlen\PI Vision\PKN Orlen\ZAKŁAD PRODUKCYJNY PŁOCK\RAFINERIA\PR03 BLOK PRZEROBU ROPY\DRW-IV|DR4.FC43354_SQR.PV;"2026-07-21 14:34:13,103012";"47,3167724609375"
\\PIAF\PKN Orlen\PI Vision\PKN Orlen\ZAKŁAD PRODUKCYJNY PŁOCK\RAFINERIA\PR03 BLOK PRZEROBU ROPY\DRW-IV|DR4.FC43354_SQR.PV;"2026-07-21 14:41:18,103012";"47,2008399963379"
\\PIAF\PKN Orlen\PI Vision\PKN Orlen\ZAKŁAD PRODUKCYJNY PŁOCK\RAFINERIA\PR03 BLOK PRZEROBU ROPY\DRW-IV|DR4.FC43354_SQR.PV;"2026-07-21 14:49:08,234009";"46,9703750610352"
\\PIAF\PKN Orlen\PI Vision\PKN Orlen\ZAKŁAD PRODUKCYJNY PŁOCK\RAFINERIA\PR03 BLOK PRZEROBU ROPY\DRW-IV|DR4.FC43354_SQR.PV;"2026-07-21 14:59:18,234009";"47,485710144043"
\\PIAF\PKN Orlen\PI Vision\PKN Orlen\ZAKŁAD PRODUKCYJNY PŁOCK\RAFINERIA\PR03 BLOK PRZEROBU ROPY\DRW-IV|DR4.FC43354_SQR.PV;"2026-07-21 15:05:43,218002";"47,3825454711914"
\\PIAF\PKN Orlen\PI Vision\PKN Orlen\ZAKŁAD PRODUKCYJNY PŁOCK\RAFINERIA\PR03 BLOK PRZEROBU ROPY\DRW-IV|DR4.FC43354_SQR.PV;"2026-07-21 15:09:03,265014";"46,860050201416"
\\PIAF\PKN Orlen\PI Vision\PKN Orlen\ZAKŁAD PRODUKCYJNY PŁOCK\RAFINERIA\PR03 BLOK PRZEROBU ROPY\DRW-IV|DR4.FC43354_SQR.PV;"2026-07-21 15:19:53,249008";"47,2308692932129"
\\PIAF\PKN Orlen\PI Vision\PKN Orlen\ZAKŁAD PRODUKCYJNY PŁOCK\RAFINERIA\PR03 BLOK PRZEROBU ROPY\DRW-IV|DR4.FC43354_SQR.PV;"2026-07-21 15:27:08,171005";"47,1447944641113"
\\PIAF\PKN Orlen\PI Vision\PKN Orlen\ZAKŁAD PRODUKCYJNY PŁOCK\RAFINERIA\PR03 BLOK PRZEROBU ROPY\DRW-IV|DR4.FC43354_SQR.PV;"2026-07-21 15:34:53,234009";"46,947021484375"
\\PIAF\PKN Orlen\PI Vision\PKN Orlen\ZAKŁAD PRODUKCYJNY PŁOCK\RAFINERIA\PR03 BLOK PRZEROBU ROPY\DRW-IV|DR4.FC43354_SQR.PV;"2026-07-21 15:40:08,156006";"47,6006736755371"
\\PIAF\PKN Orlen\PI Vision\PKN Orlen\ZAKŁAD PRODUKCYJNY PŁOCK\RAFINERIA\PR03 BLOK PRZEROBU ROPY\DRW-IV|DR4.FC43354_SQR.PV;"2026-07-21 15:42:48,187011";"47,2399444580078"
\\PIAF\PKN Orlen\PI Vision\PKN Orlen\ZAKŁAD PRODUKCYJNY PŁOCK\RAFINERIA\PR03 BLOK PRZEROBU ROPY\DRW-IV|DR4.FC43354_SQR.PV;"2026-07-21 15:51:28,296005";"47,323429107666"
\\PIAF\PKN Orlen\PI Vision\PKN Orlen\ZAKŁAD PRODUKCYJNY PŁOCK\RAFINERIA\PR03 BLOK PRZEROBU ROPY\DRW-IV|DR4.FC43354_SQR.PV;"2026-07-21 15:57:03,234009";"46,6334533691406"
\\PIAF\PKN Orlen\PI Vision\PKN Orlen\ZAKŁAD PRODUKCYJNY PŁOCK\RAFINERIA\PR03 BLOK PRZEROBU ROPY\DRW-IV|DR4.FC43354_SQR.PV;"2026-07-21 16:02:28,187011";"46,0147476196289"
\\PIAF\PKN Orlen\PI Vision\PKN Orlen\ZAKŁAD PRODUKCYJNY PŁOCK\RAFINERIA\PR03 BLOK PRZEROBU ROPY\DRW-IV|DR4.FC43354_SQR.PV;"2026-07-21 16:08:38,249008";"46,0300712585449"
\\PIAF\PKN Orlen\PI Vision\PKN Orlen\ZAKŁAD PRODUKCYJNY PŁOCK\RAFINERIA\PR03 BLOK PRZEROBU ROPY\DRW-IV|DR4.FC43354_SQR.PV;"2026-07-21 16:10:58,171005";"46,2486953735352"
\\PIAF\PKN Orlen\PI Vision\PKN Orlen\ZAKŁAD PRODUKCYJNY PŁOCK\RAFINERIA\PR03 BLOK PRZEROBU ROPY\DRW-IV|DR4.FC43354_SQR.PV;"2026-07-21 16:12:43,203003";"46,3389892578125"
\\PIAF\PKN Orlen\PI Vision\PKN Orlen\ZAKŁAD PRODUKCYJNY PŁOCK\RAFINERIA\PR03 BLOK PRZEROBU ROPY\DRW-IV|DR4.FC43354_SQR.PV;"2026-07-21 16:27:28,249008";"46,879524230957"
\\PIAF\PKN Orlen\PI Vision\PKN Orlen\ZAKŁAD PRODUKCYJNY PŁOCK\RAFINERIA\PR03 BLOK PRZEROBU ROPY\DRW-IV|DR4.FC43354_SQR.PV;"2026-07-21 16:30:23,156006";"47,1145973205566"
\\PIAF\PKN Orlen\PI Vision\PKN Orlen\ZAKŁAD PRODUKCYJNY PŁOCK\RAFINERIA\PR03 BLOK PRZEROBU ROPY\DRW-IV|DR4.FC43354_SQR.PV;"2026-07-21 16:36:28,187011";"46,7952346801758"
\\PIAF\PKN Orlen\PI Vision\PKN Orlen\ZAKŁAD PRODUKCYJNY PŁOCK\RAFINERIA\PR03 BLOK PRZEROBU ROPY\DRW-IV|DR4.FC43354_SQR.PV;"2026-07-21 16:38:28,203003";"46,4719085693359"
\\PIAF\PKN Orlen\PI Vision\PKN Orlen\ZAKŁAD PRODUKCYJNY PŁOCK\RAFINERIA\PR03 BLOK PRZEROBU ROPY\DRW-IV|DR4.FC43354_SQR.PV;"2026-07-21 16:43:33,171005";"46,8174896240234"
\\PIAF\PKN Orlen\PI Vision\PKN Orlen\ZAKŁAD PRODUKCYJNY PŁOCK\RAFINERIA\PR03 BLOK PRZEROBU ROPY\DRW-IV|DR4.FC43354_SQR.PV;"2026-07-21 16:55:08,264999";"47,087589263916"
\\PIAF\PKN Orlen\PI Vision\PKN Orlen\ZAKŁAD PRODUKCYJNY PŁOCK\RAFINERIA\PR03 BLOK PRZEROBU ROPY\DRW-IV|DR4.FC43354_SQR.PV;"2026-07-21 17:00:03,218002";"47,065860748291"
\\PIAF\PKN Orlen\PI Vision\PKN Orlen\ZAKŁAD PRODUKCYJNY PŁOCK\RAFINERIA\PR03 BLOK PRZEROBU ROPY\DRW-IV|DR4.FC43354_SQR.PV;"2026-07-21 17:02:58,218002";"46,8854598999023"
\\PIAF\PKN Orlen\PI Vision\PKN Orlen\ZAKŁAD PRODUKCYJNY PŁOCK\RAFINERIA\PR03 BLOK PRZEROBU ROPY\DRW-IV|DR4.FC43354_SQR.PV;"2026-07-21 17:05:48,203003";"47,6098709106445"
\\PIAF\PKN Orlen\PI Vision\PKN Orlen\ZAKŁAD PRODUKCYJNY PŁOCK\RAFINERIA\PR03 BLOK PRZEROBU ROPY\DRW-IV|DR4.FC43354_SQR.PV;"2026-07-21 17:08:13,249008";"48,2791061401367"
\\PIAF\PKN Orlen\PI Vision\PKN Orlen\ZAKŁAD PRODUKCYJNY PŁOCK\RAFINERIA\PR03 BLOK PRZEROBU ROPY\DRW-IV|DR4.FC43354_SQR.PV;"2026-07-21 17:11:03,139999";"48,1242294311523"
\\PIAF\PKN Orlen\PI Vision\PKN Orlen\ZAKŁAD PRODUKCYJNY PŁOCK\RAFINERIA\PR03 BLOK PRZEROBU ROPY\DRW-IV|DR4.FC43354_SQR.PV;"2026-07-21 17:14:08,218002";"46,0780639648438"
\\PIAF\PKN Orlen\PI Vision\PKN Orlen\ZAKŁAD PRODUKCYJNY PŁOCK\RAFINERIA\PR03 BLOK PRZEROBU ROPY\DRW-IV|DR4.FC43354_SQR.PV;"2026-07-21 17:16:28,218002";"44,7667999267578"
\\PIAF\PKN Orlen\PI Vision\PKN Orlen\ZAKŁAD PRODUKCYJNY PŁOCK\RAFINERIA\PR03 BLOK PRZEROBU ROPY\DRW-IV|DR4.FC43354_SQR.PV;"2026-07-21 17:19:03,203003";"44,5545768737793"
\\PIAF\PKN Orlen\PI Vision\PKN Orlen\ZAKŁAD PRODUKCYJNY PŁOCK\RAFINERIA\PR03 BLOK PRZEROBU ROPY\DRW-IV|DR4.FC43354_SQR.PV;"2026-07-21 17:23:48,171005";"45,8822860717773"
\\PIAF\PKN Orlen\PI Vision\PKN Orlen\ZAKŁAD PRODUKCYJNY PŁOCK\RAFINERIA\PR03 BLOK PRZEROBU ROPY\DRW-IV|DR4.FC43354_SQR.PV;"2026-07-21 17:26:08,203003";"45,9933280944824"
\\PIAF\PKN Orlen\PI Vision\PKN Orlen\ZAKŁAD PRODUKCYJNY PŁOCK\RAFINERIA\PR03 BLOK PRZEROBU ROPY\DRW-IV|DR4.FC43354_SQR.PV;"2026-07-21 17:32:38,171005";"44,7748908996582"
\\PIAF\PKN Orlen\PI Vision\PKN Orlen\ZAKŁAD PRODUKCYJNY PŁOCK\RAFINERIA\PR03 BLOK PRZEROBU ROPY\DRW-IV|DR4.FC43354_SQR.PV;"2026-07-21 17:42:58,156006";"44,943733215332"
\\PIAF\PKN Orlen\PI Vision\PKN Orlen\ZAKŁAD PRODUKCYJNY PŁOCK\RAFINERIA\PR03 BLOK PRZEROBU ROPY\DRW-IV|DR4.FC43354_SQR.PV;"2026-07-21 17:48:03,124008";"44,8937072753906"
\\PIAF\PKN Orlen\PI Vision\PKN Orlen\ZAKŁAD PRODUKCYJNY PŁOCK\RAFINERIA\PR03 BLOK PRZEROBU ROPY\DRW-IV|DR4.FC43354_SQR.PV;"2026-07-21 17:54:33,203003";"45,0751075744629"
\\PIAF\PKN Orlen\PI Vision\PKN Orlen\ZAKŁAD PRODUKCYJNY PŁOCK\RAFINERIA\PR03 BLOK PRZEROBU ROPY\DRW-IV|DR4.FC43354_SQR.PV;"2026-07-21 18:00:03,234009";"44,9963722229004"
\\PIAF\PKN Orlen\PI Vision\PKN Orlen\ZAKŁAD PRODUKCYJNY PŁOCK\RAFINERIA\PR03 BLOK PRZEROBU ROPY\DRW-IV|DR4.FC43354_SQR.PV;"2026-07-21 18:03:38,203003";"45,428783416748"
\\PIAF\PKN Orlen\PI Vision\PKN Orlen\ZAKŁAD PRODUKCYJNY PŁOCK\RAFINERIA\PR03 BLOK PRZEROBU ROPY\DRW-IV|DR4.FC43354_SQR.PV;"2026-07-21 18:09:28,249008";"46,3402671813965"
\\PIAF\PKN Orlen\PI Vision\PKN Orlen\ZAKŁAD PRODUKCYJNY PŁOCK\RAFINERIA\PR03 BLOK PRZEROBU ROPY\DRW-IV|DR4.FC43354_SQR.PV;"2026-07-21 18:15:13,234009";"45,8440589904785"
\\PIAF\PKN Orlen\PI Vision\PKN Orlen\ZAKŁAD PRODUKCYJNY PŁOCK\RAFINERIA\PR03 BLOK PRZEROBU ROPY\DRW-IV|DR4.FC43354_SQR.PV;"2026-07-21 18:18:03,203003";"45,721622467041"
\\PIAF\PKN Orlen\PI Vision\PKN Orlen\ZAKŁAD PRODUKCYJNY PŁOCK\RAFINERIA\PR03 BLOK PRZEROBU ROPY\DRW-IV|DR4.FC43354_SQR.PV;"2026-07-21 18:22:48,140014";"46,1370964050293"
\\PIAF\PKN Orlen\PI Vision\PKN Orlen\ZAKŁAD PRODUKCYJNY PŁOCK\RAFINERIA\PR03 BLOK PRZEROBU ROPY\DRW-IV|DR4.FC43354_SQR.PV;"2026-07-21 18:32:48,218002";"46,0758361816406"
\\PIAF\PKN Orlen\PI Vision\PKN Orlen\ZAKŁAD PRODUKCYJNY PŁOCK\RAFINERIA\PR03 BLOK PRZEROBU ROPY\DRW-IV|DR4.FC43354_SQR.PV;"2026-07-21 18:38:03,218002";"46,5073661804199"
\\PIAF\PKN Orlen\PI Vision\PKN Orlen\ZAKŁAD PRODUKCYJNY PŁOCK\RAFINERIA\PR03 BLOK PRZEROBU ROPY\DRW-IV|DR4.FC43354_SQR.PV;"2026-07-21 18:39:08,203003";"46,7436676025391"
\\PIAF\PKN Orlen\PI Vision\PKN Orlen\ZAKŁAD PRODUKCYJNY PŁOCK\RAFINERIA\PR03 BLOK PRZEROBU ROPY\DRW-IV|DR4.FC43354_SQR.PV;"2026-07-21 18:43:43,249008";"46,6469650268555"
\\PIAF\PKN Orlen\PI Vision\PKN Orlen\ZAKŁAD PRODUKCYJNY PŁOCK\RAFINERIA\PR03 BLOK PRZEROBU ROPY\DRW-IV|DR4.FC43354_SQR.PV;"2026-07-21 18:49:48,203003";"46,3334846496582"
\\PIAF\PKN Orlen\PI Vision\PKN Orlen\ZAKŁAD PRODUKCYJNY PŁOCK\RAFINERIA\PR03 BLOK PRZEROBU ROPY\DRW-IV|DR4.FC43354_SQR.PV;"2026-07-21 18:55:58,203003";"46,5095710754395"
\\PIAF\PKN Orlen\PI Vision\PKN Orlen\ZAKŁAD PRODUKCYJNY PŁOCK\RAFINERIA\PR03 BLOK PRZEROBU ROPY\DRW-IV|DR4.FC43354_SQR.PV;"2026-07-21 19:02:03,234009";"46,3886756896973"
\\PIAF\PKN Orlen\PI Vision\PKN Orlen\ZAKŁAD PRODUKCYJNY PŁOCK\RAFINERIA\PR03 BLOK PRZEROBU ROPY\DRW-IV|DR4.FC43354_SQR.PV;"2026-07-21 19:08:48,187011";"45,9738616943359"
\\PIAF\PKN Orlen\PI Vision\PKN Orlen\ZAKŁAD PRODUKCYJNY PŁOCK\RAFINERIA\PR03 BLOK PRZEROBU ROPY\DRW-IV|DR4.FC43354_SQR.PV;"2026-07-21 19:20:23,203003";"45,778377532959"
\\PIAF\PKN Orlen\PI Vision\PKN Orlen\ZAKŁAD PRODUKCYJNY PŁOCK\RAFINERIA\PR03 BLOK PRZEROBU ROPY\DRW-IV|DR4.FC43354_SQR.PV;"2026-07-21 19:32:43,156006";"45,6299591064453"
\\PIAF\PKN Orlen\PI Vision\PKN Orlen\ZAKŁAD PRODUKCYJNY PŁOCK\RAFINERIA\PR03 BLOK PRZEROBU ROPY\DRW-IV|DR4.FC43354_SQR.PV;"2026-07-21 19:33:48,125015";"46,5114860534668"
\\PIAF\PKN Orlen\PI Vision\PKN Orlen\ZAKŁAD PRODUKCYJNY PŁOCK\RAFINERIA\PR03 BLOK PRZEROBU ROPY\DRW-IV|DR4.FC43354_SQR.PV;"2026-07-21 19:36:58,140014";"46,1962509155273"
\\PIAF\PKN Orlen\PI Vision\PKN Orlen\ZAKŁAD PRODUKCYJNY PŁOCK\RAFINERIA\PR03 BLOK PRZEROBU ROPY\DRW-IV|DR4.FC43354_SQR.PV;"2026-07-21 19:41:33,140014";"45,4660148620605"
\\PIAF\PKN Orlen\PI Vision\PKN Orlen\ZAKŁAD PRODUKCYJNY PŁOCK\RAFINERIA\PR03 BLOK PRZEROBU ROPY\DRW-IV|DR4.FC43354_SQR.PV;"2026-07-21 19:51:53,156006";"46,0033798217773"
\\PIAF\PKN Orlen\PI Vision\PKN Orlen\ZAKŁAD PRODUKCYJNY PŁOCK\RAFINERIA\PR03 BLOK PRZEROBU ROPY\DRW-IV|DR4.FC43354_SQR.PV;"2026-07-21 20:16:13,156006";"45,7761497497559"
\\PIAF\PKN Orlen\PI Vision\PKN Orlen\ZAKŁAD PRODUKCYJNY PŁOCK\RAFINERIA\PR03 BLOK PRZEROBU ROPY\DRW-IV|DR4.FC43354_SQR.PV;"2026-07-21 20:26:38,171005";"45,9548263549805"
\\PIAF\PKN Orlen\PI Vision\PKN Orlen\ZAKŁAD PRODUKCYJNY PŁOCK\RAFINERIA\PR03 BLOK PRZEROBU ROPY\DRW-IV|DR4.FC43354_SQR.PV;"2026-07-21 20:32:48,218002";"45,7621192932129"
\\PIAF\PKN Orlen\PI Vision\PKN Orlen\ZAKŁAD PRODUKCYJNY PŁOCK\RAFINERIA\PR03 BLOK PRZEROBU ROPY\DRW-IV|DR4.FC43354_SQR.PV;"2026-07-21 20:44:08,171005";"45,8444175720215"
\\PIAF\PKN Orlen\PI Vision\PKN Orlen\ZAKŁAD PRODUKCYJNY PŁOCK\RAFINERIA\PR03 BLOK PRZEROBU ROPY\DRW-IV|DR4.FC43354_SQR.PV;"2026-07-21 20:49:38,156006";"46,1978607177734"
\\PIAF\PKN Orlen\PI Vision\PKN Orlen\ZAKŁAD PRODUKCYJNY PŁOCK\RAFINERIA\PR03 BLOK PRZEROBU ROPY\DRW-IV|DR4.FC43354_SQR.PV;"2026-07-21 21:01:13,218002";"45,6805076599121"
\\PIAF\PKN Orlen\PI Vision\PKN Orlen\ZAKŁAD PRODUKCYJNY PŁOCK\RAFINERIA\PR03 BLOK PRZEROBU ROPY\DRW-IV|DR4.FC43354_SQR.PV;"2026-07-21 21:18:13,203003";"45,5847969055176"
\\PIAF\PKN Orlen\PI Vision\PKN Orlen\ZAKŁAD PRODUKCYJNY PŁOCK\RAFINERIA\PR03 BLOK PRZEROBU ROPY\DRW-IV|DR4.FC43354_SQR.PV;"2026-07-21 21:25:38,125";"45,73388671875"
\\PIAF\PKN Orlen\PI Vision\PKN Orlen\ZAKŁAD PRODUKCYJNY PŁOCK\RAFINERIA\PR03 BLOK PRZEROBU ROPY\DRW-IV|DR4.FC43354_SQR.PV;"2026-07-21 21:34:03,140014";"45,8753929138184"
\\PIAF\PKN Orlen\PI Vision\PKN Orlen\ZAKŁAD PRODUKCYJNY PŁOCK\RAFINERIA\PR03 BLOK PRZEROBU ROPY\DRW-IV|DR4.FC43354_SQR.PV;"2026-07-21 21:39:13,140014";"45,3681297302246"
\\PIAF\PKN Orlen\PI Vision\PKN Orlen\ZAKŁAD PRODUKCYJNY PŁOCK\RAFINERIA\PR03 BLOK PRZEROBU ROPY\DRW-IV|DR4.FC43354_SQR.PV;"2026-07-21 21:42:18,125";"45,6575469970703"
\\PIAF\PKN Orlen\PI Vision\PKN Orlen\ZAKŁAD PRODUKCYJNY PŁOCK\RAFINERIA\PR03 BLOK PRZEROBU ROPY\DRW-IV|DR4.FC43354_SQR.PV;"2026-07-21 21:55:18,125015";"45,3869285583496"
\\PIAF\PKN Orlen\PI Vision\PKN Orlen\ZAKŁAD PRODUKCYJNY PŁOCK\RAFINERIA\PR03 BLOK PRZEROBU ROPY\DRW-IV|DR4.FC43354_SQR.PV;"2026-07-21 21:58:13,140014";"45,8475761413574"
\\PIAF\PKN Orlen\PI Vision\PKN Orlen\ZAKŁAD PRODUKCYJNY PŁOCK\RAFINERIA\PR03 BLOK PRZEROBU ROPY\DRW-IV|DR4.FC43354_SQR.PV;"2026-07-21 22:01:33,218002";"46,9137001037598"
\\PIAF\PKN Orlen\PI Vision\PKN Orlen\ZAKŁAD PRODUKCYJNY PŁOCK\RAFINERIA\PR03 BLOK PRZEROBU ROPY\DRW-IV|DR4.FC43354_SQR.PV;"2026-07-21 22:03:13,187011";"47,2365379333496"
\\PIAF\PKN Orlen\PI Vision\PKN Orlen\ZAKŁAD PRODUKCYJNY PŁOCK\RAFINERIA\PR03 BLOK PRZEROBU ROPY\DRW-IV|DR4.FC43354_SQR.PV;"2026-07-21 22:09:23,171005";"46,8591156005859"
\\PIAF\PKN Orlen\PI Vision\PKN Orlen\ZAKŁAD PRODUKCYJNY PŁOCK\RAFINERIA\PR03 BLOK PRZEROBU ROPY\DRW-IV|DR4.FC43354_SQR.PV;"2026-07-21 22:10:53,156006";"46,8034515380859"
\\PIAF\PKN Orlen\PI Vision\PKN Orlen\ZAKŁAD PRODUKCYJNY PŁOCK\RAFINERIA\PR03 BLOK PRZEROBU ROPY\DRW-IV|DR4.FC43354_SQR.PV;"2026-07-21 22:17:38,203003";"47,2147636413574"
\\PIAF\PKN Orlen\PI Vision\PKN Orlen\ZAKŁAD PRODUKCYJNY PŁOCK\RAFINERIA\PR03 BLOK PRZEROBU ROPY\DRW-IV|DR4.FC43354_SQR.PV;"2026-07-21 22:20:58,156006";"46,5954818725586"
\\PIAF\PKN Orlen\PI Vision\PKN Orlen\ZAKŁAD PRODUKCYJNY PŁOCK\RAFINERIA\PR03 BLOK PRZEROBU ROPY\DRW-IV|DR4.FC43354_SQR.PV;"2026-07-21 22:25:23,187011";"46,580696105957"
\\PIAF\PKN Orlen\PI Vision\PKN Orlen\ZAKŁAD PRODUKCYJNY PŁOCK\RAFINERIA\PR03 BLOK PRZEROBU ROPY\DRW-IV|DR4.FC43354_SQR.PV;"2026-07-21 22:33:33,203003";"46,2916603088379"
\\PIAF\PKN Orlen\PI Vision\PKN Orlen\ZAKŁAD PRODUKCYJNY PŁOCK\RAFINERIA\PR03 BLOK PRZEROBU ROPY\DRW-IV|DR4.FC43354_SQR.PV;"2026-07-21 22:42:28,139999";"46,5569076538086"
\\PIAF\PKN Orlen\PI Vision\PKN Orlen\ZAKŁAD PRODUKCYJNY PŁOCK\RAFINERIA\PR03 BLOK PRZEROBU ROPY\DRW-IV|DR4.FC43354_SQR.PV;"2026-07-21 22:46:18,171005";"46,3662338256836"
\\PIAF\PKN Orlen\PI Vision\PKN Orlen\ZAKŁAD PRODUKCYJNY PŁOCK\RAFINERIA\PR03 BLOK PRZEROBU ROPY\DRW-IV|DR4.FC43354_SQR.PV;"2026-07-21 22:50:33,171005";"46,5888061523438"
\\PIAF\PKN Orlen\PI Vision\PKN Orlen\ZAKŁAD PRODUKCYJNY PŁOCK\RAFINERIA\PR03 BLOK PRZEROBU ROPY\DRW-IV|DR4.FC43354_SQR.PV;"2026-07-21 23:02:08,093002";"46,8766403198242"
\\PIAF\PKN Orlen\PI Vision\PKN Orlen\ZAKŁAD PRODUKCYJNY PŁOCK\RAFINERIA\PR03 BLOK PRZEROBU ROPY\DRW-IV|DR4.FC43354_SQR.PV;"2026-07-21 23:07:33,203003";"46,428092956543"
\\PIAF\PKN Orlen\PI Vision\PKN Orlen\ZAKŁAD PRODUKCYJNY PŁOCK\RAFINERIA\PR03 BLOK PRZEROBU ROPY\DRW-IV|DR4.FC43354_SQR.PV;"2026-07-21 23:09:43,156006";"46,0278587341309"
\\PIAF\PKN Orlen\PI Vision\PKN Orlen\ZAKŁAD PRODUKCYJNY PŁOCK\RAFINERIA\PR03 BLOK PRZEROBU ROPY\DRW-IV|DR4.FC43354_SQR.PV;"2026-07-21 23:13:48,187011";"46,2113571166992"
\\PIAF\PKN Orlen\PI Vision\PKN Orlen\ZAKŁAD PRODUKCYJNY PŁOCK\RAFINERIA\PR03 BLOK PRZEROBU ROPY\DRW-IV|DR4.FC43354_SQR.PV;"2026-07-21 23:17:58,109009";"47,1879768371582"
\\PIAF\PKN Orlen\PI Vision\PKN Orlen\ZAKŁAD PRODUKCYJNY PŁOCK\RAFINERIA\PR03 BLOK PRZEROBU ROPY\DRW-IV|DR4.FC43354_SQR.PV;"2026-07-21 23:21:18,187011";"46,9095077514648"
\\PIAF\PKN Orlen\PI Vision\PKN Orlen\ZAKŁAD PRODUKCYJNY PŁOCK\RAFINERIA\PR03 BLOK PRZEROBU ROPY\DRW-IV|DR4.FC43354_SQR.PV;"2026-07-21 23:25:53,171005";"46,0399131774902"
\\PIAF\PKN Orlen\PI Vision\PKN Orlen\ZAKŁAD PRODUKCYJNY PŁOCK\RAFINERIA\PR03 BLOK PRZEROBU ROPY\DRW-IV|DR4.FC43354_SQR.PV;"2026-07-21 23:30:13,109009";"46,4065170288086"
\\PIAF\PKN Orlen\PI Vision\PKN Orlen\ZAKŁAD PRODUKCYJNY PŁOCK\RAFINERIA\PR03 BLOK PRZEROBU ROPY\DRW-IV|DR4.FC43354_SQR.PV;"2026-07-21 23:33:43,109009";"46,9621391296387"
\\PIAF\PKN Orlen\PI Vision\PKN Orlen\ZAKŁAD PRODUKCYJNY PŁOCK\RAFINERIA\PR03 BLOK PRZEROBU ROPY\DRW-IV|DR4.FC43354_SQR.PV;"2026-07-21 23:39:23,078003";"46,5932235717773"
\\PIAF\PKN Orlen\PI Vision\PKN Orlen\ZAKŁAD PRODUKCYJNY PŁOCK\RAFINERIA\PR03 BLOK PRZEROBU ROPY\DRW-IV|DR4.FC43354_SQR.PV;"2026-07-21 23:41:43,187011";"46,313175201416"
\\PIAF\PKN Orlen\PI Vision\PKN Orlen\ZAKŁAD PRODUKCYJNY PŁOCK\RAFINERIA\PR03 BLOK PRZEROBU ROPY\DRW-IV|DR4.FC43354_SQR.PV;"2026-07-21 23:45:48,109009";"46,6367263793945"
\\PIAF\PKN Orlen\PI Vision\PKN Orlen\ZAKŁAD PRODUKCYJNY PŁOCK\RAFINERIA\PR03 BLOK PRZEROBU ROPY\DRW-IV|DR4.FC43354_SQR.PV;"2026-07-21 23:47:53,140014";"46,9442367553711"
\\PIAF\PKN Orlen\PI Vision\PKN Orlen\ZAKŁAD PRODUKCYJNY PŁOCK\RAFINERIA\PR03 BLOK PRZEROBU ROPY\DRW-IV|DR4.FC43354_SQR.PV;"2026-07-21 23:57:23,124008";"46,4179344177246"
\\PIAF\PKN Orlen\PI Vision\PKN Orlen\ZAKŁAD PRODUKCYJNY PŁOCK\RAFINERIA\PR03 BLOK PRZEROBU ROPY\DRW-IV|DR4.FC43354_SQR.PV;"2026-07-22 00:03:18,125";"46,7501335144043"
\\PIAF\PKN Orlen\PI Vision\PKN Orlen\ZAKŁAD PRODUKCYJNY PŁOCK\RAFINERIA\PR03 BLOK PRZEROBU ROPY\DRW-IV|DR4.FC43354_SQR.PV;"2026-07-22 00:12:33,140014";"46,3205146789551"
\\PIAF\PKN Orlen\PI Vision\PKN Orlen\ZAKŁAD PRODUKCYJNY PŁOCK\RAFINERIA\PR03 BLOK PRZEROBU ROPY\DRW-IV|DR4.FC43354_SQR.PV;"2026-07-22 00:18:58,078003";"46,5862159729004"
\\PIAF\PKN Orlen\PI Vision\PKN Orlen\ZAKŁAD PRODUKCYJNY PŁOCK\RAFINERIA\PR03 BLOK PRZEROBU ROPY\DRW-IV|DR4.FC43354_SQR.PV;"2026-07-22 00:25:23,187011";"46,2219619750977"
\\PIAF\PKN Orlen\PI Vision\PKN Orlen\ZAKŁAD PRODUKCYJNY PŁOCK\RAFINERIA\PR03 BLOK PRZEROBU ROPY\DRW-IV|DR4.FC43354_SQR.PV;"2026-07-22 00:27:28,218002";"46,5137901306152"
\\PIAF\PKN Orlen\PI Vision\PKN Orlen\ZAKŁAD PRODUKCYJNY PŁOCK\RAFINERIA\PR03 BLOK PRZEROBU ROPY\DRW-IV|DR4.FC43354_SQR.PV;"2026-07-22 00:33:58,156006";"46,1523132324219"
\\PIAF\PKN Orlen\PI Vision\PKN Orlen\ZAKŁAD PRODUKCYJNY PŁOCK\RAFINERIA\PR03 BLOK PRZEROBU ROPY\DRW-IV|DR4.FC43354_SQR.PV;"2026-07-22 00:43:13,203003";"46,2151374816895"
\\PIAF\PKN Orlen\PI Vision\PKN Orlen\ZAKŁAD PRODUKCYJNY PŁOCK\RAFINERIA\PR03 BLOK PRZEROBU ROPY\DRW-IV|DR4.FC43354_SQR.PV;"2026-07-22 00:47:03,140014";"46,2108497619629"
\\PIAF\PKN Orlen\PI Vision\PKN Orlen\ZAKŁAD PRODUKCYJNY PŁOCK\RAFINERIA\PR03 BLOK PRZEROBU ROPY\DRW-IV|DR4.FC43354_SQR.PV;"2026-07-22 00:49:53,140014";"46,0253677368164"
\\PIAF\PKN Orlen\PI Vision\PKN Orlen\ZAKŁAD PRODUKCYJNY PŁOCK\RAFINERIA\PR03 BLOK PRZEROBU ROPY\DRW-IV|DR4.FC43354_SQR.PV;"2026-07-22 00:54:23,109009";"46,3695068359375"
\\PIAF\PKN Orlen\PI Vision\PKN Orlen\ZAKŁAD PRODUKCYJNY PŁOCK\RAFINERIA\PR03 BLOK PRZEROBU ROPY\DRW-IV|DR4.FC43354_SQR.PV;"2026-07-22 00:56:13,171005";"46,5905227661133"
\\PIAF\PKN Orlen\PI Vision\PKN Orlen\ZAKŁAD PRODUKCYJNY PŁOCK\RAFINERIA\PR03 BLOK PRZEROBU ROPY\DRW-IV|DR4.FC43354_SQR.PV;"2026-07-22 01:01:43,078003";"46,6886367797852"
\\PIAF\PKN Orlen\PI Vision\PKN Orlen\ZAKŁAD PRODUKCYJNY PŁOCK\RAFINERIA\PR03 BLOK PRZEROBU ROPY\DRW-IV|DR4.FC43354_SQR.PV;"2026-07-22 01:05:13,203003";"46,2528190612793"
\\PIAF\PKN Orlen\PI Vision\PKN Orlen\ZAKŁAD PRODUKCYJNY PŁOCK\RAFINERIA\PR03 BLOK PRZEROBU ROPY\DRW-IV|DR4.FC43354_SQR.PV;"2026-07-22 01:09:18,109009";"45,5970077514648"
\\PIAF\PKN Orlen\PI Vision\PKN Orlen\ZAKŁAD PRODUKCYJNY PŁOCK\RAFINERIA\PR03 BLOK PRZEROBU ROPY\DRW-IV|DR4.FC43354_SQR.PV;"2026-07-22 01:15:53,187011";"46,0040817260742"
\\PIAF\PKN Orlen\PI Vision\PKN Orlen\ZAKŁAD PRODUKCYJNY PŁOCK\RAFINERIA\PR03 BLOK PRZEROBU ROPY\DRW-IV|DR4.FC43354_SQR.PV;"2026-07-22 01:20:08,139999";"46,0269165039063"
\\PIAF\PKN Orlen\PI Vision\PKN Orlen\ZAKŁAD PRODUKCYJNY PŁOCK\RAFINERIA\PR03 BLOK PRZEROBU ROPY\DRW-IV|DR4.FC43354_SQR.PV;"2026-07-22 01:22:53,093002";"46,0846366882324"
\\PIAF\PKN Orlen\PI Vision\PKN Orlen\ZAKŁAD PRODUKCYJNY PŁOCK\RAFINERIA\PR03 BLOK PRZEROBU ROPY\DRW-IV|DR4.FC43354_SQR.PV;"2026-07-22 01:25:08,187011";"46,2116851806641"
\\PIAF\PKN Orlen\PI Vision\PKN Orlen\ZAKŁAD PRODUKCYJNY PŁOCK\RAFINERIA\PR03 BLOK PRZEROBU ROPY\DRW-IV|DR4.FC43354_SQR.PV;"2026-07-22 01:29:53,093002";"46,1257133483887"
\\PIAF\PKN Orlen\PI Vision\PKN Orlen\ZAKŁAD PRODUKCYJNY PŁOCK\RAFINERIA\PR03 BLOK PRZEROBU ROPY\DRW-IV|DR4.FC43354_SQR.PV;"2026-07-22 01:35:48,171005";"46,6496353149414"
\\PIAF\PKN Orlen\PI Vision\PKN Orlen\ZAKŁAD PRODUKCYJNY PŁOCK\RAFINERIA\PR03 BLOK PRZEROBU ROPY\DRW-IV|DR4.FC43354_SQR.PV;"2026-07-22 01:40:28,171005";"46,4883346557617"
\\PIAF\PKN Orlen\PI Vision\PKN Orlen\ZAKŁAD PRODUKCYJNY PŁOCK\RAFINERIA\PR03 BLOK PRZEROBU ROPY\DRW-IV|DR4.FC43354_SQR.PV;"2026-07-22 01:44:48,187011";"46,0218772888184"
\\PIAF\PKN Orlen\PI Vision\PKN Orlen\ZAKŁAD PRODUKCYJNY PŁOCK\RAFINERIA\PR03 BLOK PRZEROBU ROPY\DRW-IV|DR4.FC43354_SQR.PV;"2026-07-22 01:50:23,125015";"46,376823425293"
\\PIAF\PKN Orlen\PI Vision\PKN Orlen\ZAKŁAD PRODUKCYJNY PŁOCK\RAFINERIA\PR03 BLOK PRZEROBU ROPY\DRW-IV|DR4.FC43354_SQR.PV;"2026-07-22 02:00:38,093002";"46,5052032470703"
\\PIAF\PKN Orlen\PI Vision\PKN Orlen\ZAKŁAD PRODUKCYJNY PŁOCK\RAFINERIA\PR03 BLOK PRZEROBU ROPY\DRW-IV|DR4.FC43354_SQR.PV;"2026-07-22 02:05:03,109009";"46,5620956420898"
\\PIAF\PKN Orlen\PI Vision\PKN Orlen\ZAKŁAD PRODUKCYJNY PŁOCK\RAFINERIA\PR03 BLOK PRZEROBU ROPY\DRW-IV|DR4.FC43354_SQR.PV;"2026-07-22 02:09:43,156006";"46,9312973022461"
\\PIAF\PKN Orlen\PI Vision\PKN Orlen\ZAKŁAD PRODUKCYJNY PŁOCK\RAFINERIA\PR03 BLOK PRZEROBU ROPY\DRW-IV|DR4.FC43354_SQR.PV;"2026-07-22 02:15:23,124008";"46,4511528015137"
\\PIAF\PKN Orlen\PI Vision\PKN Orlen\ZAKŁAD PRODUKCYJNY PŁOCK\RAFINERIA\PR03 BLOK PRZEROBU ROPY\DRW-IV|DR4.FC43354_SQR.PV;"2026-07-22 02:22:28,156006";"46,8420333862305"
\\PIAF\PKN Orlen\PI Vision\PKN Orlen\ZAKŁAD PRODUKCYJNY PŁOCK\RAFINERIA\PR03 BLOK PRZEROBU ROPY\DRW-IV|DR4.FC43354_SQR.PV;"2026-07-22 02:28:18,171005";"46,4788551330566"
\\PIAF\PKN Orlen\PI Vision\PKN Orlen\ZAKŁAD PRODUKCYJNY PŁOCK\RAFINERIA\PR03 BLOK PRZEROBU ROPY\DRW-IV|DR4.FC43354_SQR.PV;"2026-07-22 02:34:38,187011";"46,9757270812988"
\\PIAF\PKN Orlen\PI Vision\PKN Orlen\ZAKŁAD PRODUKCYJNY PŁOCK\RAFINERIA\PR03 BLOK PRZEROBU ROPY\DRW-IV|DR4.FC43354_SQR.PV;"2026-07-22 02:40:58,078003";"46,8235969543457"
\\PIAF\PKN Orlen\PI Vision\PKN Orlen\ZAKŁAD PRODUKCYJNY PŁOCK\RAFINERIA\PR03 BLOK PRZEROBU ROPY\DRW-IV|DR4.FC43354_SQR.PV;"2026-07-22 02:47:03,109009";"47,0256042480469"
\\PIAF\PKN Orlen\PI Vision\PKN Orlen\ZAKŁAD PRODUKCYJNY PŁOCK\RAFINERIA\PR03 BLOK PRZEROBU ROPY\DRW-IV|DR4.FC43354_SQR.PV;"2026-07-22 02:56:33,109009";"46,6025810241699"
\\PIAF\PKN Orlen\PI Vision\PKN Orlen\ZAKŁAD PRODUKCYJNY PŁOCK\RAFINERIA\PR03 BLOK PRZEROBU ROPY\DRW-IV|DR4.FC43354_SQR.PV;"2026-07-22 03:05:08,078003";"46,9867095947266"
\\PIAF\PKN Orlen\PI Vision\PKN Orlen\ZAKŁAD PRODUKCYJNY PŁOCK\RAFINERIA\PR03 BLOK PRZEROBU ROPY\DRW-IV|DR4.FC43354_SQR.PV;"2026-07-22 03:08:43,224014";"47,0958099365234"
\\PIAF\PKN Orlen\PI Vision\PKN Orlen\ZAKŁAD PRODUKCYJNY PŁOCK\RAFINERIA\PR03 BLOK PRZEROBU ROPY\DRW-IV|DR4.FC43354_SQR.PV;"2026-07-22 03:15:53,225006";"46,7918434143066"
\\PIAF\PKN Orlen\PI Vision\PKN Orlen\ZAKŁAD PRODUKCYJNY PŁOCK\RAFINERIA\PR03 BLOK PRZEROBU ROPY\DRW-IV|DR4.FC43354_SQR.PV;"2026-07-22 03:26:53,256012";"46,9231872558594"
\\PIAF\PKN Orlen\PI Vision\PKN Orlen\ZAKŁAD PRODUKCYJNY PŁOCK\RAFINERIA\PR03 BLOK PRZEROBU ROPY\DRW-IV|DR4.FC43354_SQR.PV;"2026-07-22 03:32:23,256012";"47,0666351318359"
\\PIAF\PKN Orlen\PI Vision\PKN Orlen\ZAKŁAD PRODUKCYJNY PŁOCK\RAFINERIA\PR03 BLOK PRZEROBU ROPY\DRW-IV|DR4.FC43354_SQR.PV;"2026-07-22 03:41:23,162002";"47,0485687255859"
\\PIAF\PKN Orlen\PI Vision\PKN Orlen\ZAKŁAD PRODUKCYJNY PŁOCK\RAFINERIA\PR03 BLOK PRZEROBU ROPY\DRW-IV|DR4.FC43354_SQR.PV;"2026-07-22 03:51:53,240005";"46,8675003051758"
\\PIAF\PKN Orlen\PI Vision\PKN Orlen\ZAKŁAD PRODUKCYJNY PŁOCK\RAFINERIA\PR03 BLOK PRZEROBU ROPY\DRW-IV|DR4.FC43354_SQR.PV;"2026-07-22 03:55:03,240005";"46,6067962646484"
\\PIAF\PKN Orlen\PI Vision\PKN Orlen\ZAKŁAD PRODUKCYJNY PŁOCK\RAFINERIA\PR03 BLOK PRZEROBU ROPY\DRW-IV|DR4.FC43354_SQR.PV;"2026-07-22 04:03:43,209015";"46,7397727966309"
\\PIAF\PKN Orlen\PI Vision\PKN Orlen\ZAKŁAD PRODUKCYJNY PŁOCK\RAFINERIA\PR03 BLOK PRZEROBU ROPY\DRW-IV|DR4.FC43354_SQR.PV;"2026-07-22 04:09:08,271011";"46,9776191711426"
\\PIAF\PKN Orlen\PI Vision\PKN Orlen\ZAKŁAD PRODUKCYJNY PŁOCK\RAFINERIA\PR03 BLOK PRZEROBU ROPY\DRW-IV|DR4.FC43354_SQR.PV;"2026-07-22 04:14:48,240005";"46,9996719360352"
\\PIAF\PKN Orlen\PI Vision\PKN Orlen\ZAKŁAD PRODUKCYJNY PŁOCK\RAFINERIA\PR03 BLOK PRZEROBU ROPY\DRW-IV|DR4.FC43354_SQR.PV;"2026-07-22 04:21:43,193008";"47,0159034729004"
\\PIAF\PKN Orlen\PI Vision\PKN Orlen\ZAKŁAD PRODUKCYJNY PŁOCK\RAFINERIA\PR03 BLOK PRZEROBU ROPY\DRW-IV|DR4.FC43354_SQR.PV;"2026-07-22 04:26:58,146011";"46,5252799987793"
\\PIAF\PKN Orlen\PI Vision\PKN Orlen\ZAKŁAD PRODUKCYJNY PŁOCK\RAFINERIA\PR03 BLOK PRZEROBU ROPY\DRW-IV|DR4.FC43354_SQR.PV;"2026-07-22 04:35:03,240005";"46,8731536865234"
\\PIAF\PKN Orlen\PI Vision\PKN Orlen\ZAKŁAD PRODUKCYJNY PŁOCK\RAFINERIA\PR03 BLOK PRZEROBU ROPY\DRW-IV|DR4.FC43354_SQR.PV;"2026-07-22 04:49:28,224014";"46,9869499206543"
\\PIAF\PKN Orlen\PI Vision\PKN Orlen\ZAKŁAD PRODUKCYJNY PŁOCK\RAFINERIA\PR03 BLOK PRZEROBU ROPY\DRW-IV|DR4.FC43354_SQR.PV;"2026-07-22 04:56:23,193008";"47,0344924926758"
\\PIAF\PKN Orlen\PI Vision\PKN Orlen\ZAKŁAD PRODUKCYJNY PŁOCK\RAFINERIA\PR03 BLOK PRZEROBU ROPY\DRW-IV|DR4.FC43354_SQR.PV;"2026-07-22 04:59:33,178009";"46,8492813110352"
\\PIAF\PKN Orlen\PI Vision\PKN Orlen\ZAKŁAD PRODUKCYJNY PŁOCK\RAFINERIA\PR03 BLOK PRZEROBU ROPY\DRW-IV|DR4.FC43354_SQR.PV;"2026-07-22 05:06:38,349014";"47,0403251647949"
\\PIAF\PKN Orlen\PI Vision\PKN Orlen\ZAKŁAD PRODUKCYJNY PŁOCK\RAFINERIA\PR03 BLOK PRZEROBU ROPY\DRW-IV|DR4.FC43354_SQR.PV;"2026-07-22 05:13:18,225006";"46,672492980957"
\\PIAF\PKN Orlen\PI Vision\PKN Orlen\ZAKŁAD PRODUKCYJNY PŁOCK\RAFINERIA\PR03 BLOK PRZEROBU ROPY\DRW-IV|DR4.FC43354_SQR.PV;"2026-07-22 05:20:43,178009";"47,1979484558105"
\\PIAF\PKN Orlen\PI Vision\PKN Orlen\ZAKŁAD PRODUKCYJNY PŁOCK\RAFINERIA\PR03 BLOK PRZEROBU ROPY\DRW-IV|DR4.FC43354_SQR.PV;"2026-07-22 05:26:33,224014";"47,1397247314453"
\\PIAF\PKN Orlen\PI Vision\PKN Orlen\ZAKŁAD PRODUKCYJNY PŁOCK\RAFINERIA\PR03 BLOK PRZEROBU ROPY\DRW-IV|DR4.FC43354_SQR.PV;"2026-07-22 05:31:13,240005";"47,9503173828125"
\\PIAF\PKN Orlen\PI Vision\PKN Orlen\ZAKŁAD PRODUKCYJNY PŁOCK\RAFINERIA\PR03 BLOK PRZEROBU ROPY\DRW-IV|DR4.FC43354_SQR.PV;"2026-07-22 05:37:33,225006";"46,7729301452637"
\\PIAF\PKN Orlen\PI Vision\PKN Orlen\ZAKŁAD PRODUKCYJNY PŁOCK\RAFINERIA\PR03 BLOK PRZEROBU ROPY\DRW-IV|DR4.FC43354_SQR.PV;"2026-07-22 05:42:48,146011";"47,2150955200195"
\\PIAF\PKN Orlen\PI Vision\PKN Orlen\ZAKŁAD PRODUKCYJNY PŁOCK\RAFINERIA\PR03 BLOK PRZEROBU ROPY\DRW-IV|DR4.FC43354_SQR.PV;"2026-07-22 05:46:38,178009";"47,7615814208984"
\\PIAF\PKN Orlen\PI Vision\PKN Orlen\ZAKŁAD PRODUKCYJNY PŁOCK\RAFINERIA\PR03 BLOK PRZEROBU ROPY\DRW-IV|DR4.FC43354_SQR.PV;"2026-07-22 05:52:23,162002";"47,5694618225098"
\\PIAF\PKN Orlen\PI Vision\PKN Orlen\ZAKŁAD PRODUKCYJNY PŁOCK\RAFINERIA\PR03 BLOK PRZEROBU ROPY\DRW-IV|DR4.FC43354_SQR.PV;"2026-07-22 05:56:48,224014";"47,0592231750488"
\\PIAF\PKN Orlen\PI Vision\PKN Orlen\ZAKŁAD PRODUKCYJNY PŁOCK\RAFINERIA\PR03 BLOK PRZEROBU ROPY\DRW-IV|DR4.FC43354_SQR.PV;"2026-07-22 06:04:53,146011";"47,421314239502"
\\PIAF\PKN Orlen\PI Vision\PKN Orlen\ZAKŁAD PRODUKCYJNY PŁOCK\RAFINERIA\PR03 BLOK PRZEROBU ROPY\DRW-IV|DR4.FC43354_SQR.PV;"2026-07-22 06:09:53,209015";"47,2531929016113"
\\PIAF\PKN Orlen\PI Vision\PKN Orlen\ZAKŁAD PRODUKCYJNY PŁOCK\RAFINERIA\PR03 BLOK PRZEROBU ROPY\DRW-IV|DR4.FC43354_SQR.PV;"2026-07-22 06:17:18,209015";"47,1990776062012"
\\PIAF\PKN Orlen\PI Vision\PKN Orlen\ZAKŁAD PRODUKCYJNY PŁOCK\RAFINERIA\PR03 BLOK PRZEROBU ROPY\DRW-IV|DR4.FC43354_SQR.PV;"2026-07-22 06:21:53,178009";"47,043758392334"
\\PIAF\PKN Orlen\PI Vision\PKN Orlen\ZAKŁAD PRODUKCYJNY PŁOCK\RAFINERIA\PR03 BLOK PRZEROBU ROPY\DRW-IV|DR4.FC43354_SQR.PV;"2026-07-22 06:33:23,162002";"47,2969436645508"
\\PIAF\PKN Orlen\PI Vision\PKN Orlen\ZAKŁAD PRODUKCYJNY PŁOCK\RAFINERIA\PR03 BLOK PRZEROBU ROPY\DRW-IV|DR4.FC43354_SQR.PV;"2026-07-22 06:45:03,209015";"47,550594329834"
\\PIAF\PKN Orlen\PI Vision\PKN Orlen\ZAKŁAD PRODUKCYJNY PŁOCK\RAFINERIA\PR03 BLOK PRZEROBU ROPY\DRW-IV|DR4.FC43354_SQR.PV;"2026-07-22 06:49:58,146011";"47,1400413513184"
\\PIAF\PKN Orlen\PI Vision\PKN Orlen\ZAKŁAD PRODUKCYJNY PŁOCK\RAFINERIA\PR03 BLOK PRZEROBU ROPY\DRW-IV|DR4.FC43354_SQR.PV;"2026-07-22 06:57:13,146011";"47,7742118835449"
\\PIAF\PKN Orlen\PI Vision\PKN Orlen\ZAKŁAD PRODUKCYJNY PŁOCK\RAFINERIA\PR03 BLOK PRZEROBU ROPY\DRW-IV|DR4.FC43354_SQR.PV;"2026-07-22 07:04:38,225006";"47,2511405944824"
\\PIAF\PKN Orlen\PI Vision\PKN Orlen\ZAKŁAD PRODUKCYJNY PŁOCK\RAFINERIA\PR03 BLOK PRZEROBU ROPY\DRW-IV|DR4.FC43354_SQR.PV;"2026-07-22 07:11:43,162002";"47,6296920776367"
\\PIAF\PKN Orlen\PI Vision\PKN Orlen\ZAKŁAD PRODUKCYJNY PŁOCK\RAFINERIA\PR03 BLOK PRZEROBU ROPY\DRW-IV|DR4.FC43354_SQR.PV;"2026-07-22 07:21:43,162002";"47,4344367980957"
\\PIAF\PKN Orlen\PI Vision\PKN Orlen\ZAKŁAD PRODUKCYJNY PŁOCK\RAFINERIA\PR03 BLOK PRZEROBU ROPY\DRW-IV|DR4.FC43354_SQR.PV;"2026-07-22 07:24:18,178009";"47,5874366760254"
\\PIAF\PKN Orlen\PI Vision\PKN Orlen\ZAKŁAD PRODUKCYJNY PŁOCK\RAFINERIA\PR03 BLOK PRZEROBU ROPY\DRW-IV|DR4.FC43354_SQR.PV;"2026-07-22 07:33:43,115005";"47,3586082458496"
\\PIAF\PKN Orlen\PI Vision\PKN Orlen\ZAKŁAD PRODUKCYJNY PŁOCK\RAFINERIA\PR03 BLOK PRZEROBU ROPY\DRW-IV|DR4.FC43354_SQR.PV;"2026-07-22 07:37:38,162002";"47,5969200134277"
\\PIAF\PKN Orlen\PI Vision\PKN Orlen\ZAKŁAD PRODUKCYJNY PŁOCK\RAFINERIA\PR03 BLOK PRZEROBU ROPY\DRW-IV|DR4.FC43354_SQR.PV;"2026-07-22 07:44:23,209";"47,2423095703125"
\\PIAF\PKN Orlen\PI Vision\PKN Orlen\ZAKŁAD PRODUKCYJNY PŁOCK\RAFINERIA\PR03 BLOK PRZEROBU ROPY\DRW-IV|DR4.FC43354_SQR.PV;"2026-07-22 07:47:38,224014";"47,9942359924316"
\\PIAF\PKN Orlen\PI Vision\PKN Orlen\ZAKŁAD PRODUKCYJNY PŁOCK\RAFINERIA\PR03 BLOK PRZEROBU ROPY\DRW-IV|DR4.FC43354_SQR.PV;"2026-07-22 07:49:18,209";"48,3602256774902"
\\PIAF\PKN Orlen\PI Vision\PKN Orlen\ZAKŁAD PRODUKCYJNY PŁOCK\RAFINERIA\PR03 BLOK PRZEROBU ROPY\DRW-IV|DR4.FC43354_SQR.PV;"2026-07-22 07:52:38,163009";"48,0048065185547"
\\PIAF\PKN Orlen\PI Vision\PKN Orlen\ZAKŁAD PRODUKCYJNY PŁOCK\RAFINERIA\PR03 BLOK PRZEROBU ROPY\DRW-IV|DR4.FC43354_SQR.PV;"2026-07-22 07:55:58,115005";"47,195499420166"
\\PIAF\PKN Orlen\PI Vision\PKN Orlen\ZAKŁAD PRODUKCYJNY PŁOCK\RAFINERIA\PR03 BLOK PRZEROBU ROPY\DRW-IV|DR4.FC43354_SQR.PV;"2026-07-22 07:58:48,209015";"47,4483642578125"
\\PIAF\PKN Orlen\PI Vision\PKN Orlen\ZAKŁAD PRODUKCYJNY PŁOCK\RAFINERIA\PR03 BLOK PRZEROBU ROPY\DRW-IV|DR4.FC43354_SQR.PV;"2026-07-22 08:02:38,162002";"48,3058319091797"
\\PIAF\PKN Orlen\PI Vision\PKN Orlen\ZAKŁAD PRODUKCYJNY PŁOCK\RAFINERIA\PR03 BLOK PRZEROBU ROPY\DRW-IV|DR4.FC43354_SQR.PV;"2026-07-22 08:05:28,146011";"48,1444702148438"
\\PIAF\PKN Orlen\PI Vision\PKN Orlen\ZAKŁAD PRODUKCYJNY PŁOCK\RAFINERIA\PR03 BLOK PRZEROBU ROPY\DRW-IV|DR4.FC43354_SQR.PV;"2026-07-22 08:10:13,209";"47,1414070129395"
\\PIAF\PKN Orlen\PI Vision\PKN Orlen\ZAKŁAD PRODUKCYJNY PŁOCK\RAFINERIA\PR03 BLOK PRZEROBU ROPY\DRW-IV|DR4.FC43354_SQR.PV;"2026-07-22 08:16:18,131012";"47,6553268432617"
\\PIAF\PKN Orlen\PI Vision\PKN Orlen\ZAKŁAD PRODUKCYJNY PŁOCK\RAFINERIA\PR03 BLOK PRZEROBU ROPY\DRW-IV|DR4.FC43354_SQR.PV;"2026-07-22 08:20:03,131012";"47,908634185791"
\\PIAF\PKN Orlen\PI Vision\PKN Orlen\ZAKŁAD PRODUKCYJNY PŁOCK\RAFINERIA\PR03 BLOK PRZEROBU ROPY\DRW-IV|DR4.FC43354_SQR.PV;"2026-07-22 08:25:13,146011";"47,337100982666"
\\PIAF\PKN Orlen\PI Vision\PKN Orlen\ZAKŁAD PRODUKCYJNY PŁOCK\RAFINERIA\PR03 BLOK PRZEROBU ROPY\DRW-IV|DR4.FC43354_SQR.PV;"2026-07-22 08:30:23,162002";"47,4747200012207"
\\PIAF\PKN Orlen\PI Vision\PKN Orlen\ZAKŁAD PRODUKCYJNY PŁOCK\RAFINERIA\PR03 BLOK PRZEROBU ROPY\DRW-IV|DR4.FC43354_SQR.PV;"2026-07-22 08:35:03,178009";"47,9857330322266"
\\PIAF\PKN Orlen\PI Vision\PKN Orlen\ZAKŁAD PRODUKCYJNY PŁOCK\RAFINERIA\PR03 BLOK PRZEROBU ROPY\DRW-IV|DR4.FC43354_SQR.PV;"2026-07-22 08:39:33,146011";"47,8073234558105"
\\PIAF\PKN Orlen\PI Vision\PKN Orlen\ZAKŁAD PRODUKCYJNY PŁOCK\RAFINERIA\PR03 BLOK PRZEROBU ROPY\DRW-IV|DR4.FC43354_SQR.PV;"2026-07-22 08:45:53,193008";"46,9749603271484"
\\PIAF\PKN Orlen\PI Vision\PKN Orlen\ZAKŁAD PRODUKCYJNY PŁOCK\RAFINERIA\PR03 BLOK PRZEROBU ROPY\DRW-IV|DR4.FC43354_SQR.PV;"2026-07-22 08:55:03,209015";"46,8991661071777"
\\PIAF\PKN Orlen\PI Vision\PKN Orlen\ZAKŁAD PRODUKCYJNY PŁOCK\RAFINERIA\PR03 BLOK PRZEROBU ROPY\DRW-IV|DR4.FC43354_SQR.PV;"2026-07-22 08:59:13,193008";"47,6089134216309"
\\PIAF\PKN Orlen\PI Vision\PKN Orlen\ZAKŁAD PRODUKCYJNY PŁOCK\RAFINERIA\PR03 BLOK PRZEROBU ROPY\DRW-IV|DR4.FC43354_SQR.PV;"2026-07-22 09:02:38,193008";"47,112476348877"
\\PIAF\PKN Orlen\PI Vision\PKN Orlen\ZAKŁAD PRODUKCYJNY PŁOCK\RAFINERIA\PR03 BLOK PRZEROBU ROPY\DRW-IV|DR4.FC43354_SQR.PV;"2026-07-22 09:06:33,131012";"45,6200790405273"
\\PIAF\PKN Orlen\PI Vision\PKN Orlen\ZAKŁAD PRODUKCYJNY PŁOCK\RAFINERIA\PR03 BLOK PRZEROBU ROPY\DRW-IV|DR4.FC43354_SQR.PV;"2026-07-22 09:08:48,115005";"45,5149269104004"
\\PIAF\PKN Orlen\PI Vision\PKN Orlen\ZAKŁAD PRODUKCYJNY PŁOCK\RAFINERIA\PR03 BLOK PRZEROBU ROPY\DRW-IV|DR4.FC43354_SQR.PV;"2026-07-22 09:12:23,146011";"46,1211090087891"
\\PIAF\PKN Orlen\PI Vision\PKN Orlen\ZAKŁAD PRODUKCYJNY PŁOCK\RAFINERIA\PR03 BLOK PRZEROBU ROPY\DRW-IV|DR4.FC43354_SQR.PV;"2026-07-22 09:17:23,162002";"46,9733352661133"
\\PIAF\PKN Orlen\PI Vision\PKN Orlen\ZAKŁAD PRODUKCYJNY PŁOCK\RAFINERIA\PR03 BLOK PRZEROBU ROPY\DRW-IV|DR4.FC43354_SQR.PV;"2026-07-22 09:23:58,162002";"46,6525192260742"
\\PIAF\PKN Orlen\PI Vision\PKN Orlen\ZAKŁAD PRODUKCYJNY PŁOCK\RAFINERIA\PR03 BLOK PRZEROBU ROPY\DRW-IV|DR4.FC43354_SQR.PV;"2026-07-22 09:29:43,162002";"47,2709808349609"
\\PIAF\PKN Orlen\PI Vision\PKN Orlen\ZAKŁAD PRODUKCYJNY PŁOCK\RAFINERIA\PR03 BLOK PRZEROBU ROPY\DRW-IV|DR4.FC43354_SQR.PV;"2026-07-22 09:36:43,115005";"47,1426620483398"
\\PIAF\PKN Orlen\PI Vision\PKN Orlen\ZAKŁAD PRODUKCYJNY PŁOCK\RAFINERIA\PR03 BLOK PRZEROBU ROPY\DRW-IV|DR4.FC43354_SQR.PV;"2026-07-22 09:43:18,131012";"47,0029907226563"
\\PIAF\PKN Orlen\PI Vision\PKN Orlen\ZAKŁAD PRODUKCYJNY PŁOCK\RAFINERIA\PR03 BLOK PRZEROBU ROPY\DRW-IV|DR4.FC43354_SQR.PV;"2026-07-22 09:50:38,146011";"46,8535003662109"
\\PIAF\PKN Orlen\PI Vision\PKN Orlen\ZAKŁAD PRODUKCYJNY PŁOCK\RAFINERIA\PR03 BLOK PRZEROBU ROPY\DRW-IV|DR4.FC43354_SQR.PV;"2026-07-22 09:53:23,131012";"47,0096778869629"
\\PIAF\PKN Orlen\PI Vision\PKN Orlen\ZAKŁAD PRODUKCYJNY PŁOCK\RAFINERIA\PR03 BLOK PRZEROBU ROPY\DRW-IV|DR4.FC43354_SQR.PV;"2026-07-22 10:07:08,099014";"46,8372344970703"
\\PIAF\PKN Orlen\PI Vision\PKN Orlen\ZAKŁAD PRODUKCYJNY PŁOCK\RAFINERIA\PR03 BLOK PRZEROBU ROPY\DRW-IV|DR4.FC43354_SQR.PV;"2026-07-22 10:10:48,162002";"46,6755409240723"
\\PIAF\PKN Orlen\PI Vision\PKN Orlen\ZAKŁAD PRODUKCYJNY PŁOCK\RAFINERIA\PR03 BLOK PRZEROBU ROPY\DRW-IV|DR4.FC43354_SQR.PV;"2026-07-22 10:19:13,099014";"46,7627334594727"
\\PIAF\PKN Orlen\PI Vision\PKN Orlen\ZAKŁAD PRODUKCYJNY PŁOCK\RAFINERIA\PR03 BLOK PRZEROBU ROPY\DRW-IV|DR4.FC43354_SQR.PV;"2026-07-22 10:32:53,162002";"46,6456108093262"
\\PIAF\PKN Orlen\PI Vision\PKN Orlen\ZAKŁAD PRODUKCYJNY PŁOCK\RAFINERIA\PR03 BLOK PRZEROBU ROPY\DRW-IV|DR4.FC43354_SQR.PV;"2026-07-22 10:39:58,100006";"47,1345291137695"
\\PIAF\PKN Orlen\PI Vision\PKN Orlen\ZAKŁAD PRODUKCYJNY PŁOCK\RAFINERIA\PR03 BLOK PRZEROBU ROPY\DRW-IV|DR4.FC43354_SQR.PV;"2026-07-22 10:43:43,115005";"46,7552528381348"
\\PIAF\PKN Orlen\PI Vision\PKN Orlen\ZAKŁAD PRODUKCYJNY PŁOCK\RAFINERIA\PR03 BLOK PRZEROBU ROPY\DRW-IV|DR4.FC43354_SQR.PV;"2026-07-22 10:49:43,131012";"46,9628219604492"
\\PIAF\PKN Orlen\PI Vision\PKN Orlen\ZAKŁAD PRODUKCYJNY PŁOCK\RAFINERIA\PR03 BLOK PRZEROBU ROPY\DRW-IV|DR4.FC43354_SQR.PV;"2026-07-22 10:54:48,100006";"46,8947525024414"
\\PIAF\PKN Orlen\PI Vision\PKN Orlen\ZAKŁAD PRODUKCYJNY PŁOCK\RAFINERIA\PR03 BLOK PRZEROBU ROPY\DRW-IV|DR4.FC43354_SQR.PV;"2026-07-22 10:59:33,084015";"47,2462043762207"
\\PIAF\PKN Orlen\PI Vision\PKN Orlen\ZAKŁAD PRODUKCYJNY PŁOCK\RAFINERIA\PR03 BLOK PRZEROBU ROPY\DRW-IV|DR4.FC43354_SQR.PV;"2026-07-22 11:08:03,162002";"46,4186668395996"
\\PIAF\PKN Orlen\PI Vision\PKN Orlen\ZAKŁAD PRODUKCYJNY PŁOCK\RAFINERIA\PR03 BLOK PRZEROBU ROPY\DRW-IV|DR4.FC43354_SQR.PV;"2026-07-22 11:12:13,146011";"46,8743095397949"
\\PIAF\PKN Orlen\PI Vision\PKN Orlen\ZAKŁAD PRODUKCYJNY PŁOCK\RAFINERIA\PR03 BLOK PRZEROBU ROPY\DRW-IV|DR4.FC43354_SQR.PV;"2026-07-22 11:15:33,099014";"47,4722518920898"
\\PIAF\PKN Orlen\PI Vision\PKN Orlen\ZAKŁAD PRODUKCYJNY PŁOCK\RAFINERIA\PR03 BLOK PRZEROBU ROPY\DRW-IV|DR4.FC43354_SQR.PV;"2026-07-22 11:18:53,162002";"47,2083358764648"
\\PIAF\PKN Orlen\PI Vision\PKN Orlen\ZAKŁAD PRODUKCYJNY PŁOCK\RAFINERIA\PR03 BLOK PRZEROBU ROPY\DRW-IV|DR4.FC43354_SQR.PV;"2026-07-22 11:22:53,131012";"46,8800735473633"
\\PIAF\PKN Orlen\PI Vision\PKN Orlen\ZAKŁAD PRODUKCYJNY PŁOCK\RAFINERIA\PR03 BLOK PRZEROBU ROPY\DRW-IV|DR4.FC43354_SQR.PV;"2026-07-22 11:27:33,146011";"46,973461151123"
\\PIAF\PKN Orlen\PI Vision\PKN Orlen\ZAKŁAD PRODUKCYJNY PŁOCK\RAFINERIA\PR03 BLOK PRZEROBU ROPY\DRW-IV|DR4.FC43354_SQR.PV;"2026-07-22 11:41:33,115005";"46,8038711547852"
\\PIAF\PKN Orlen\PI Vision\PKN Orlen\ZAKŁAD PRODUKCYJNY PŁOCK\RAFINERIA\PR03 BLOK PRZEROBU ROPY\DRW-IV|DR4.FC43354_SQR.PV;"2026-07-22 11:47:23,162002";"47,3135719299316"
\\PIAF\PKN Orlen\PI Vision\PKN Orlen\ZAKŁAD PRODUKCYJNY PŁOCK\RAFINERIA\PR03 BLOK PRZEROBU ROPY\DRW-IV|DR4.FC43354_SQR.PV;"2026-07-22 11:53:53,115005";"46,8163604736328"
\\PIAF\PKN Orlen\PI Vision\PKN Orlen\ZAKŁAD PRODUKCYJNY PŁOCK\RAFINERIA\PR03 BLOK PRZEROBU ROPY\DRW-IV|DR4.FC43354_SQR.PV;"2026-07-22 11:57:58,131012";"46,6441993713379"
\\PIAF\PKN Orlen\PI Vision\PKN Orlen\ZAKŁAD PRODUKCYJNY PŁOCK\RAFINERIA\PR03 BLOK PRZEROBU ROPY\DRW-IV|DR4.FC43354_SQR.PV;"2026-07-22 12:04:03,131012";"47,2234420776367"
\\PIAF\PKN Orlen\PI Vision\PKN Orlen\ZAKŁAD PRODUKCYJNY PŁOCK\RAFINERIA\PR03 BLOK PRZEROBU ROPY\DRW-IV|DR4.FC43354_SQR.PV;"2026-07-22 12:09:28,115005";"46,8651809692383"
\\PIAF\PKN Orlen\PI Vision\PKN Orlen\ZAKŁAD PRODUKCYJNY PŁOCK\RAFINERIA\PR03 BLOK PRZEROBU ROPY\DRW-IV|DR4.FC43354_SQR.PV;"2026-07-22 12:14:38,162002";"46,8025131225586"
\\PIAF\PKN Orlen\PI Vision\PKN Orlen\ZAKŁAD PRODUKCYJNY PŁOCK\RAFINERIA\PR03 BLOK PRZEROBU ROPY\DRW-IV|DR4.FC43354_SQR.PV;"2026-07-22 12:18:33,131012";"47,1059265136719"
\\PIAF\PKN Orlen\PI Vision\PKN Orlen\ZAKŁAD PRODUKCYJNY PŁOCK\RAFINERIA\PR03 BLOK PRZEROBU ROPY\DRW-IV|DR4.FC43354_SQR.PV;"2026-07-22 12:28:28,193008";"47,0270233154297"
\\PIAF\PKN Orlen\PI Vision\PKN Orlen\ZAKŁAD PRODUKCYJNY PŁOCK\RAFINERIA\PR03 BLOK PRZEROBU ROPY\DRW-IV|DR4.FC43354_SQR.PV;"2026-07-22 12:34:48,162002";"46,8477821350098"
\\PIAF\PKN Orlen\PI Vision\PKN Orlen\ZAKŁAD PRODUKCYJNY PŁOCK\RAFINERIA\PR03 BLOK PRZEROBU ROPY\DRW-IV|DR4.FC43354_SQR.PV;"2026-07-22 12:36:33,178009";"46,7342338562012"
\\PIAF\PKN Orlen\PI Vision\PKN Orlen\ZAKŁAD PRODUKCYJNY PŁOCK\RAFINERIA\PR03 BLOK PRZEROBU ROPY\DRW-IV|DR4.FC43354_SQR.PV;"2026-07-22 12:41:43,246002";"47,0885276794434"
\\PIAF\PKN Orlen\PI Vision\PKN Orlen\ZAKŁAD PRODUKCYJNY PŁOCK\RAFINERIA\PR03 BLOK PRZEROBU ROPY\DRW-IV|DR4.FC43354_SQR.PV;"2026-07-22 12:48:03,231003";"46,873706817627"
\\PIAF\PKN Orlen\PI Vision\PKN Orlen\ZAKŁAD PRODUKCYJNY PŁOCK\RAFINERIA\PR03 BLOK PRZEROBU ROPY\DRW-IV|DR4.FC43354_SQR.PV;"2026-07-22 12:57:33,168014";"46,7158012390137"
\\PIAF\PKN Orlen\PI Vision\PKN Orlen\ZAKŁAD PRODUKCYJNY PŁOCK\RAFINERIA\PR03 BLOK PRZEROBU ROPY\DRW-IV|DR4.FC43354_SQR.PV;"2026-07-22 13:02:08,168014";"46,6696701049805"
\\PIAF\PKN Orlen\PI Vision\PKN Orlen\ZAKŁAD PRODUKCYJNY PŁOCK\RAFINERIA\PR03 BLOK PRZEROBU ROPY\DRW-IV|DR4.FC43354_SQR.PV;"2026-07-22 13:05:33,168014";"46,8224716186523"
\\PIAF\PKN Orlen\PI Vision\PKN Orlen\ZAKŁAD PRODUKCYJNY PŁOCK\RAFINERIA\PR03 BLOK PRZEROBU ROPY\DRW-IV|DR4.FC43354_SQR.PV;"2026-07-22 13:10:33,200012";"46,3266792297363"
\\PIAF\PKN Orlen\PI Vision\PKN Orlen\ZAKŁAD PRODUKCYJNY PŁOCK\RAFINERIA\PR03 BLOK PRZEROBU ROPY\DRW-IV|DR4.FC43354_SQR.PV;"2026-07-22 13:21:18,153015";"46,5869216918945"
\\PIAF\PKN Orlen\PI Vision\PKN Orlen\ZAKŁAD PRODUKCYJNY PŁOCK\RAFINERIA\PR03 BLOK PRZEROBU ROPY\DRW-IV|DR4.FC43354_SQR.PV;"2026-07-22 13:23:58,199005";"46,3896980285645"
\\PIAF\PKN Orlen\PI Vision\PKN Orlen\ZAKŁAD PRODUKCYJNY PŁOCK\RAFINERIA\PR03 BLOK PRZEROBU ROPY\DRW-IV|DR4.FC43354_SQR.PV;"2026-07-22 13:33:38,262008";"46,1276741027832"
\\PIAF\PKN Orlen\PI Vision\PKN Orlen\ZAKŁAD PRODUKCYJNY PŁOCK\RAFINERIA\PR03 BLOK PRZEROBU ROPY\DRW-IV|DR4.FC43354_SQR.PV;"2026-07-22 13:38:58,215012";"45,9715843200684"
\\PIAF\PKN Orlen\PI Vision\PKN Orlen\ZAKŁAD PRODUKCYJNY PŁOCK\RAFINERIA\PR03 BLOK PRZEROBU ROPY\DRW-IV|DR4.FC43354_SQR.PV;"2026-07-22 13:50:13,246002";"46,1380767822266"
\\PIAF\PKN Orlen\PI Vision\PKN Orlen\ZAKŁAD PRODUKCYJNY PŁOCK\RAFINERIA\PR03 BLOK PRZEROBU ROPY\DRW-IV|DR4.FC43354_SQR.PV;"2026-07-22 13:57:23,231003";"46,4259948730469"
\\PIAF\PKN Orlen\PI Vision\PKN Orlen\ZAKŁAD PRODUKCYJNY PŁOCK\RAFINERIA\PR03 BLOK PRZEROBU ROPY\DRW-IV|DR4.FC43354_SQR.PV;"2026-07-22 14:05:53,215012";"46,2783660888672"
\\PIAF\PKN Orlen\PI Vision\PKN Orlen\ZAKŁAD PRODUKCYJNY PŁOCK\RAFINERIA\PR03 BLOK PRZEROBU ROPY\DRW-IV|DR4.FC43354_SQR.PV;"2026-07-22 14:10:43,168014";"46,6750373840332"
\\PIAF\PKN Orlen\PI Vision\PKN Orlen\ZAKŁAD PRODUKCYJNY PŁOCK\RAFINERIA\PR03 BLOK PRZEROBU ROPY\DRW-IV|DR4.FC43354_SQR.PV;"2026-07-22 14:16:33,215012";"46,2205467224121"
\\PIAF\PKN Orlen\PI Vision\PKN Orlen\ZAKŁAD PRODUKCYJNY PŁOCK\RAFINERIA\PR03 BLOK PRZEROBU ROPY\DRW-IV|DR4.FC43354_SQR.PV;"2026-07-22 14:20:43,168014";"46,1863212585449"
\\PIAF\PKN Orlen\PI Vision\PKN Orlen\ZAKŁAD PRODUKCYJNY PŁOCK\RAFINERIA\PR03 BLOK PRZEROBU ROPY\DRW-IV|DR4.FC43354_SQR.PV;"2026-07-22 14:25:13,215012";"46,424877166748"
\\PIAF\PKN Orlen\PI Vision\PKN Orlen\ZAKŁAD PRODUKCYJNY PŁOCK\RAFINERIA\PR03 BLOK PRZEROBU ROPY\DRW-IV|DR4.FC43354_SQR.PV;"2026-07-22 14:28:48,246002";"46,1887397766113"
\\PIAF\PKN Orlen\PI Vision\PKN Orlen\ZAKŁAD PRODUKCYJNY PŁOCK\RAFINERIA\PR03 BLOK PRZEROBU ROPY\DRW-IV|DR4.FC43354_SQR.PV;"2026-07-22 14:43:08,168014";"45,6524696350098"
\\PIAF\PKN Orlen\PI Vision\PKN Orlen\ZAKŁAD PRODUKCYJNY PŁOCK\RAFINERIA\PR03 BLOK PRZEROBU ROPY\DRW-IV|DR4.FC43354_SQR.PV;"2026-07-22 14:48:38,215012";"46,458740234375"
\\PIAF\PKN Orlen\PI Vision\PKN Orlen\ZAKŁAD PRODUKCYJNY PŁOCK\RAFINERIA\PR03 BLOK PRZEROBU ROPY\DRW-IV|DR4.FC43354_SQR.PV;"2026-07-22 14:54:33,168014";"45,8515205383301"
\\PIAF\PKN Orlen\PI Vision\PKN Orlen\ZAKŁAD PRODUKCYJNY PŁOCK\RAFINERIA\PR03 BLOK PRZEROBU ROPY\DRW-IV|DR4.FC43354_SQR.PV;"2026-07-22 14:59:48,403";"45,2993812561035"
\\PIAF\PKN Orlen\PI Vision\PKN Orlen\ZAKŁAD PRODUKCYJNY PŁOCK\RAFINERIA\PR03 BLOK PRZEROBU ROPY\DRW-IV|DR4.FC43354_SQR.PV;"2026-07-22 15:04:23,215012";"45,8661613464355"
\\PIAF\PKN Orlen\PI Vision\PKN Orlen\ZAKŁAD PRODUKCYJNY PŁOCK\RAFINERIA\PR03 BLOK PRZEROBU ROPY\DRW-IV|DR4.FC43354_SQR.PV;"2026-07-22 15:07:23,168014";"46,4823112487793"
\\PIAF\PKN Orlen\PI Vision\PKN Orlen\ZAKŁAD PRODUKCYJNY PŁOCK\RAFINERIA\PR03 BLOK PRZEROBU ROPY\DRW-IV|DR4.FC43354_SQR.PV;"2026-07-22 15:09:53,231003";"46,343994140625"
\\PIAF\PKN Orlen\PI Vision\PKN Orlen\ZAKŁAD PRODUKCYJNY PŁOCK\RAFINERIA\PR03 BLOK PRZEROBU ROPY\DRW-IV|DR4.FC43354_SQR.PV;"2026-07-22 15:14:53,246002";"45,6319999694824"
\\PIAF\PKN Orlen\PI Vision\PKN Orlen\ZAKŁAD PRODUKCYJNY PŁOCK\RAFINERIA\PR03 BLOK PRZEROBU ROPY\DRW-IV|DR4.FC43354_SQR.PV;"2026-07-22 15:21:58,215012";"46,2737426757813"
\\PIAF\PKN Orlen\PI Vision\PKN Orlen\ZAKŁAD PRODUKCYJNY PŁOCK\RAFINERIA\PR03 BLOK PRZEROBU ROPY\DRW-IV|DR4.FC43354_SQR.PV;"2026-07-22 15:26:53,215012";"45,8291854858398"
\\PIAF\PKN Orlen\PI Vision\PKN Orlen\ZAKŁAD PRODUKCYJNY PŁOCK\RAFINERIA\PR03 BLOK PRZEROBU ROPY\DRW-IV|DR4.FC43354_SQR.PV;"2026-07-22 15:31:38,153015";"46,0520706176758"
\\PIAF\PKN Orlen\PI Vision\PKN Orlen\ZAKŁAD PRODUKCYJNY PŁOCK\RAFINERIA\PR03 BLOK PRZEROBU ROPY\DRW-IV|DR4.FC43354_SQR.PV;"2026-07-22 15:37:48,200012";"46,1361045837402"
\\PIAF\PKN Orlen\PI Vision\PKN Orlen\ZAKŁAD PRODUKCYJNY PŁOCK\RAFINERIA\PR03 BLOK PRZEROBU ROPY\DRW-IV|DR4.FC43354_SQR.PV;"2026-07-22 15:43:13,215012";"46,0313339233398"
\\PIAF\PKN Orlen\PI Vision\PKN Orlen\ZAKŁAD PRODUKCYJNY PŁOCK\RAFINERIA\PR03 BLOK PRZEROBU ROPY\DRW-IV|DR4.FC43354_SQR.PV;"2026-07-22 15:50:48,168014";"46,3182525634766"
\\PIAF\PKN Orlen\PI Vision\PKN Orlen\ZAKŁAD PRODUKCYJNY PŁOCK\RAFINERIA\PR03 BLOK PRZEROBU ROPY\DRW-IV|DR4.FC43354_SQR.PV;"2026-07-22 15:54:58,153";"45,8334426879883"
\\PIAF\PKN Orlen\PI Vision\PKN Orlen\ZAKŁAD PRODUKCYJNY PŁOCK\RAFINERIA\PR03 BLOK PRZEROBU ROPY\DRW-IV|DR4.FC43354_SQR.PV;"2026-07-22 15:59:43,200012";"45,4947471618652"
\\PIAF\PKN Orlen\PI Vision\PKN Orlen\ZAKŁAD PRODUKCYJNY PŁOCK\RAFINERIA\PR03 BLOK PRZEROBU ROPY\DRW-IV|DR4.FC43354_SQR.PV;"2026-07-22 16:05:03,168014";"45,778247833252"
\\PIAF\PKN Orlen\PI Vision\PKN Orlen\ZAKŁAD PRODUKCYJNY PŁOCK\RAFINERIA\PR03 BLOK PRZEROBU ROPY\DRW-IV|DR4.FC43354_SQR.PV;"2026-07-22 16:09:23,153015";"46,2183876037598"
\\PIAF\PKN Orlen\PI Vision\PKN Orlen\ZAKŁAD PRODUKCYJNY PŁOCK\RAFINERIA\PR03 BLOK PRZEROBU ROPY\DRW-IV|DR4.FC43354_SQR.PV;"2026-07-22 16:18:13,137008";"45,5556831359863"
\\PIAF\PKN Orlen\PI Vision\PKN Orlen\ZAKŁAD PRODUKCYJNY PŁOCK\RAFINERIA\PR03 BLOK PRZEROBU ROPY\DRW-IV|DR4.FC43354_SQR.PV;"2026-07-22 16:20:33,137008";"45,9308090209961"
\\PIAF\PKN Orlen\PI Vision\PKN Orlen\ZAKŁAD PRODUKCYJNY PŁOCK\RAFINERIA\PR03 BLOK PRZEROBU ROPY\DRW-IV|DR4.FC43354_SQR.PV;"2026-07-22 16:27:18,184005";"45,6052894592285"
\\PIAF\PKN Orlen\PI Vision\PKN Orlen\ZAKŁAD PRODUKCYJNY PŁOCK\RAFINERIA\PR03 BLOK PRZEROBU ROPY\DRW-IV|DR4.FC43354_SQR.PV;"2026-07-22 16:32:18,200012";"46,0853157043457"
\\PIAF\PKN Orlen\PI Vision\PKN Orlen\ZAKŁAD PRODUKCYJNY PŁOCK\RAFINERIA\PR03 BLOK PRZEROBU ROPY\DRW-IV|DR4.FC43354_SQR.PV;"2026-07-22 16:35:18,153015";"46,5968360900879"
\\PIAF\PKN Orlen\PI Vision\PKN Orlen\ZAKŁAD PRODUKCYJNY PŁOCK\RAFINERIA\PR03 BLOK PRZEROBU ROPY\DRW-IV|DR4.FC43354_SQR.PV;"2026-07-22 16:41:28,199005";"45,8893852233887"
\\PIAF\PKN Orlen\PI Vision\PKN Orlen\ZAKŁAD PRODUKCYJNY PŁOCK\RAFINERIA\PR03 BLOK PRZEROBU ROPY\DRW-IV|DR4.FC43354_SQR.PV;"2026-07-22 16:47:33,199005";"45,367259979248"
\\PIAF\PKN Orlen\PI Vision\PKN Orlen\ZAKŁAD PRODUKCYJNY PŁOCK\RAFINERIA\PR03 BLOK PRZEROBU ROPY\DRW-IV|DR4.FC43354_SQR.PV;"2026-07-22 16:51:08,153015";"45,6100006103516"
\\PIAF\PKN Orlen\PI Vision\PKN Orlen\ZAKŁAD PRODUKCYJNY PŁOCK\RAFINERIA\PR03 BLOK PRZEROBU ROPY\DRW-IV|DR4.FC43354_SQR.PV;"2026-07-22 16:55:28,184005";"46,3773422241211"
\\PIAF\PKN Orlen\PI Vision\PKN Orlen\ZAKŁAD PRODUKCYJNY PŁOCK\RAFINERIA\PR03 BLOK PRZEROBU ROPY\DRW-IV|DR4.FC43354_SQR.PV;"2026-07-22 17:03:48,184005";"46,2444000244141"
\\PIAF\PKN Orlen\PI Vision\PKN Orlen\ZAKŁAD PRODUKCYJNY PŁOCK\RAFINERIA\PR03 BLOK PRZEROBU ROPY\DRW-IV|DR4.FC43354_SQR.PV;"2026-07-22 17:09:18,200012";"46,35302734375"
\\PIAF\PKN Orlen\PI Vision\PKN Orlen\ZAKŁAD PRODUKCYJNY PŁOCK\RAFINERIA\PR03 BLOK PRZEROBU ROPY\DRW-IV|DR4.FC43354_SQR.PV;"2026-07-22 17:12:43,168014";"46,1357192993164"
\\PIAF\PKN Orlen\PI Vision\PKN Orlen\ZAKŁAD PRODUKCYJNY PŁOCK\RAFINERIA\PR03 BLOK PRZEROBU ROPY\DRW-IV|DR4.FC43354_SQR.PV;"2026-07-22 17:20:03,246002";"45,8057518005371"
\\PIAF\PKN Orlen\PI Vision\PKN Orlen\ZAKŁAD PRODUKCYJNY PŁOCK\RAFINERIA\PR03 BLOK PRZEROBU ROPY\DRW-IV|DR4.FC43354_SQR.PV;"2026-07-22 17:27:38,137008";"46,3791046142578"
\\PIAF\PKN Orlen\PI Vision\PKN Orlen\ZAKŁAD PRODUKCYJNY PŁOCK\RAFINERIA\PR03 BLOK PRZEROBU ROPY\DRW-IV|DR4.FC43354_SQR.PV;"2026-07-22 17:28:53,184005";"46,7271347045898"
\\PIAF\PKN Orlen\PI Vision\PKN Orlen\ZAKŁAD PRODUKCYJNY PŁOCK\RAFINERIA\PR03 BLOK PRZEROBU ROPY\DRW-IV|DR4.FC43354_SQR.PV;"2026-07-22 17:31:43,153015";"46,6440048217773"
\\PIAF\PKN Orlen\PI Vision\PKN Orlen\ZAKŁAD PRODUKCYJNY PŁOCK\RAFINERIA\PR03 BLOK PRZEROBU ROPY\DRW-IV|DR4.FC43354_SQR.PV;"2026-07-22 17:34:53,153015";"46,001049041748"
\\PIAF\PKN Orlen\PI Vision\PKN Orlen\ZAKŁAD PRODUKCYJNY PŁOCK\RAFINERIA\PR03 BLOK PRZEROBU ROPY\DRW-IV|DR4.FC43354_SQR.PV;"2026-07-22 17:38:38,168014";"46,1669540405273"
\\PIAF\PKN Orlen\PI Vision\PKN Orlen\ZAKŁAD PRODUKCYJNY PŁOCK\RAFINERIA\PR03 BLOK PRZEROBU ROPY\DRW-IV|DR4.FC43354_SQR.PV;"2026-07-22 17:42:43,199005";"46,8159065246582"
\\PIAF\PKN Orlen\PI Vision\PKN Orlen\ZAKŁAD PRODUKCYJNY PŁOCK\RAFINERIA\PR03 BLOK PRZEROBU ROPY\DRW-IV|DR4.FC43354_SQR.PV;"2026-07-22 17:50:38,137008";"46,4787139892578"
\\PIAF\PKN Orlen\PI Vision\PKN Orlen\ZAKŁAD PRODUKCYJNY PŁOCK\RAFINERIA\PR03 BLOK PRZEROBU ROPY\DRW-IV|DR4.FC43354_SQR.PV;"2026-07-22 17:56:48,200012";"46,7506141662598"
\\PIAF\PKN Orlen\PI Vision\PKN Orlen\ZAKŁAD PRODUKCYJNY PŁOCK\RAFINERIA\PR03 BLOK PRZEROBU ROPY\DRW-IV|DR4.FC43354_SQR.PV;"2026-07-22 18:06:53,137008";"46,7771224975586"
\\PIAF\PKN Orlen\PI Vision\PKN Orlen\ZAKŁAD PRODUKCYJNY PŁOCK\RAFINERIA\PR03 BLOK PRZEROBU ROPY\DRW-IV|DR4.FC43354_SQR.PV;"2026-07-22 18:10:38,121002";"47,2937202453613"
\\PIAF\PKN Orlen\PI Vision\PKN Orlen\ZAKŁAD PRODUKCYJNY PŁOCK\RAFINERIA\PR03 BLOK PRZEROBU ROPY\DRW-IV|DR4.FC43354_SQR.PV;"2026-07-22 18:15:48,137008";"46,63818359375"
\\PIAF\PKN Orlen\PI Vision\PKN Orlen\ZAKŁAD PRODUKCYJNY PŁOCK\RAFINERIA\PR03 BLOK PRZEROBU ROPY\DRW-IV|DR4.FC43354_SQR.PV;"2026-07-22 18:17:48,121002";"46,3428955078125"
\\PIAF\PKN Orlen\PI Vision\PKN Orlen\ZAKŁAD PRODUKCYJNY PŁOCK\RAFINERIA\PR03 BLOK PRZEROBU ROPY\DRW-IV|DR4.FC43354_SQR.PV;"2026-07-22 18:20:48,184005";"46,6893997192383"
\\PIAF\PKN Orlen\PI Vision\PKN Orlen\ZAKŁAD PRODUKCYJNY PŁOCK\RAFINERIA\PR03 BLOK PRZEROBU ROPY\DRW-IV|DR4.FC43354_SQR.PV;"2026-07-22 18:22:53,121002";"47,2202339172363"
\\PIAF\PKN Orlen\PI Vision\PKN Orlen\ZAKŁAD PRODUKCYJNY PŁOCK\RAFINERIA\PR03 BLOK PRZEROBU ROPY\DRW-IV|DR4.FC43354_SQR.PV;"2026-07-22 18:26:53,153015";"47,2478218078613"
\\PIAF\PKN Orlen\PI Vision\PKN Orlen\ZAKŁAD PRODUKCYJNY PŁOCK\RAFINERIA\PR03 BLOK PRZEROBU ROPY\DRW-IV|DR4.FC43354_SQR.PV;"2026-07-22 18:33:13,153";"46,193000793457"
\\PIAF\PKN Orlen\PI Vision\PKN Orlen\ZAKŁAD PRODUKCYJNY PŁOCK\RAFINERIA\PR03 BLOK PRZEROBU ROPY\DRW-IV|DR4.FC43354_SQR.PV;"2026-07-22 18:37:48,184005";"46,5198822021484"
\\PIAF\PKN Orlen\PI Vision\PKN Orlen\ZAKŁAD PRODUKCYJNY PŁOCK\RAFINERIA\PR03 BLOK PRZEROBU ROPY\DRW-IV|DR4.FC43354_SQR.PV;"2026-07-22 18:39:48,184005";"46,8453598022461"
\\PIAF\PKN Orlen\PI Vision\PKN Orlen\ZAKŁAD PRODUKCYJNY PŁOCK\RAFINERIA\PR03 BLOK PRZEROBU ROPY\DRW-IV|DR4.FC43354_SQR.PV;"2026-07-22 18:44:03,168014";"46,2783889770508"
\\PIAF\PKN Orlen\PI Vision\PKN Orlen\ZAKŁAD PRODUKCYJNY PŁOCK\RAFINERIA\PR03 BLOK PRZEROBU ROPY\DRW-IV|DR4.FC43354_SQR.PV;"2026-07-22 18:46:08,199005";"45,7900810241699"
\\PIAF\PKN Orlen\PI Vision\PKN Orlen\ZAKŁAD PRODUKCYJNY PŁOCK\RAFINERIA\PR03 BLOK PRZEROBU ROPY\DRW-IV|DR4.FC43354_SQR.PV;"2026-07-22 18:51:08,215012";"46,2453231811523"
\\PIAF\PKN Orlen\PI Vision\PKN Orlen\ZAKŁAD PRODUKCYJNY PŁOCK\RAFINERIA\PR03 BLOK PRZEROBU ROPY\DRW-IV|DR4.FC43354_SQR.PV;"2026-07-22 18:53:18,168014";"46,5389976501465"
\\PIAF\PKN Orlen\PI Vision\PKN Orlen\ZAKŁAD PRODUKCYJNY PŁOCK\RAFINERIA\PR03 BLOK PRZEROBU ROPY\DRW-IV|DR4.FC43354_SQR.PV;"2026-07-22 18:57:08,106003";"46,4494400024414"
\\PIAF\PKN Orlen\PI Vision\PKN Orlen\ZAKŁAD PRODUKCYJNY PŁOCK\RAFINERIA\PR03 BLOK PRZEROBU ROPY\DRW-IV|DR4.FC43354_SQR.PV;"2026-07-22 18:58:53,121002";"46,1222190856934"
\\PIAF\PKN Orlen\PI Vision\PKN Orlen\ZAKŁAD PRODUKCYJNY PŁOCK\RAFINERIA\PR03 BLOK PRZEROBU ROPY\DRW-IV|DR4.FC43354_SQR.PV;"2026-07-22 19:05:13,121002";"46,0809783935547"
\\PIAF\PKN Orlen\PI Vision\PKN Orlen\ZAKŁAD PRODUKCYJNY PŁOCK\RAFINERIA\PR03 BLOK PRZEROBU ROPY\DRW-IV|DR4.FC43354_SQR.PV;"2026-07-22 19:09:53,168014";"46,2216339111328"
\\PIAF\PKN Orlen\PI Vision\PKN Orlen\ZAKŁAD PRODUKCYJNY PŁOCK\RAFINERIA\PR03 BLOK PRZEROBU ROPY\DRW-IV|DR4.FC43354_SQR.PV;"2026-07-22 19:18:38,137008";"45,8929710388184"
\\PIAF\PKN Orlen\PI Vision\PKN Orlen\ZAKŁAD PRODUKCYJNY PŁOCK\RAFINERIA\PR03 BLOK PRZEROBU ROPY\DRW-IV|DR4.FC43354_SQR.PV;"2026-07-22 19:25:38,153";"46,2662086486816"
\\PIAF\PKN Orlen\PI Vision\PKN Orlen\ZAKŁAD PRODUKCYJNY PŁOCK\RAFINERIA\PR03 BLOK PRZEROBU ROPY\DRW-IV|DR4.FC43354_SQR.PV;"2026-07-22 19:33:18,121002";"45,5503730773926"
\\PIAF\PKN Orlen\PI Vision\PKN Orlen\ZAKŁAD PRODUKCYJNY PŁOCK\RAFINERIA\PR03 BLOK PRZEROBU ROPY\DRW-IV|DR4.FC43354_SQR.PV;"2026-07-22 19:38:18,137008";"45,9306793212891"
\\PIAF\PKN Orlen\PI Vision\PKN Orlen\ZAKŁAD PRODUKCYJNY PŁOCK\RAFINERIA\PR03 BLOK PRZEROBU ROPY\DRW-IV|DR4.FC43354_SQR.PV;"2026-07-22 19:44:58,153015";"46,0414543151855"
\\PIAF\PKN Orlen\PI Vision\PKN Orlen\ZAKŁAD PRODUKCYJNY PŁOCK\RAFINERIA\PR03 BLOK PRZEROBU ROPY\DRW-IV|DR4.FC43354_SQR.PV;"2026-07-22 19:51:58,090012";"46,1805152893066"
\\PIAF\PKN Orlen\PI Vision\PKN Orlen\ZAKŁAD PRODUKCYJNY PŁOCK\RAFINERIA\PR03 BLOK PRZEROBU ROPY\DRW-IV|DR4.FC43354_SQR.PV;"2026-07-22 19:57:58,106003";"46,1953811645508"
\\PIAF\PKN Orlen\PI Vision\PKN Orlen\ZAKŁAD PRODUKCYJNY PŁOCK\RAFINERIA\PR03 BLOK PRZEROBU ROPY\DRW-IV|DR4.FC43354_SQR.PV;"2026-07-22 20:01:58,121002";"46,5719032287598"
\\PIAF\PKN Orlen\PI Vision\PKN Orlen\ZAKŁAD PRODUKCYJNY PŁOCK\RAFINERIA\PR03 BLOK PRZEROBU ROPY\DRW-IV|DR4.FC43354_SQR.PV;"2026-07-22 20:06:23,184005";"46,2016830444336"
\\PIAF\PKN Orlen\PI Vision\PKN Orlen\ZAKŁAD PRODUKCYJNY PŁOCK\RAFINERIA\PR03 BLOK PRZEROBU ROPY\DRW-IV|DR4.FC43354_SQR.PV;"2026-07-22 20:09:48,153015";"45,7907447814941"
\\PIAF\PKN Orlen\PI Vision\PKN Orlen\ZAKŁAD PRODUKCYJNY PŁOCK\RAFINERIA\PR03 BLOK PRZEROBU ROPY\DRW-IV|DR4.FC43354_SQR.PV;"2026-07-22 20:13:48,137008";"46,2873191833496"
\\PIAF\PKN Orlen\PI Vision\PKN Orlen\ZAKŁAD PRODUKCYJNY PŁOCK\RAFINERIA\PR03 BLOK PRZEROBU ROPY\DRW-IV|DR4.FC43354_SQR.PV;"2026-07-22 20:17:18,168014";"47,0635833740234"
\\PIAF\PKN Orlen\PI Vision\PKN Orlen\ZAKŁAD PRODUKCYJNY PŁOCK\RAFINERIA\PR03 BLOK PRZEROBU ROPY\DRW-IV|DR4.FC43354_SQR.PV;"2026-07-22 20:23:58,168014";"46,6665496826172"
\\PIAF\PKN Orlen\PI Vision\PKN Orlen\ZAKŁAD PRODUKCYJNY PŁOCK\RAFINERIA\PR03 BLOK PRZEROBU ROPY\DRW-IV|DR4.FC43354_SQR.PV;"2026-07-22 20:26:53,168014";"46,5041961669922"
\\PIAF\PKN Orlen\PI Vision\PKN Orlen\ZAKŁAD PRODUKCYJNY PŁOCK\RAFINERIA\PR03 BLOK PRZEROBU ROPY\DRW-IV|DR4.FC43354_SQR.PV;"2026-07-22 20:37:23,137008";"46,687686920166"
\\PIAF\PKN Orlen\PI Vision\PKN Orlen\ZAKŁAD PRODUKCYJNY PŁOCK\RAFINERIA\PR03 BLOK PRZEROBU ROPY\DRW-IV|DR4.FC43354_SQR.PV;"2026-07-22 20:40:23,184005";"46,4378128051758"
\\PIAF\PKN Orlen\PI Vision\PKN Orlen\ZAKŁAD PRODUKCYJNY PŁOCK\RAFINERIA\PR03 BLOK PRZEROBU ROPY\DRW-IV|DR4.FC43354_SQR.PV;"2026-07-22 20:53:03,168014";"46,6219177246094"
\\PIAF\PKN Orlen\PI Vision\PKN Orlen\ZAKŁAD PRODUKCYJNY PŁOCK\RAFINERIA\PR03 BLOK PRZEROBU ROPY\DRW-IV|DR4.FC43354_SQR.PV;"2026-07-22 20:55:58,090012";"46,3695487976074"
\\PIAF\PKN Orlen\PI Vision\PKN Orlen\ZAKŁAD PRODUKCYJNY PŁOCK\RAFINERIA\PR03 BLOK PRZEROBU ROPY\DRW-IV|DR4.FC43354_SQR.PV;"2026-07-22 21:07:53,106003";"46,8030281066895"
\\PIAF\PKN Orlen\PI Vision\PKN Orlen\ZAKŁAD PRODUKCYJNY PŁOCK\RAFINERIA\PR03 BLOK PRZEROBU ROPY\DRW-IV|DR4.FC43354_SQR.PV;"2026-07-22 21:14:03,153015";"46,6057014465332"
\\PIAF\PKN Orlen\PI Vision\PKN Orlen\ZAKŁAD PRODUKCYJNY PŁOCK\RAFINERIA\PR03 BLOK PRZEROBU ROPY\DRW-IV|DR4.FC43354_SQR.PV;"2026-07-22 21:19:38,121002";"46,5545921325684"
\\PIAF\PKN Orlen\PI Vision\PKN Orlen\ZAKŁAD PRODUKCYJNY PŁOCK\RAFINERIA\PR03 BLOK PRZEROBU ROPY\DRW-IV|DR4.FC43354_SQR.PV;"2026-07-22 21:31:23,090012";"46,181827545166"
\\PIAF\PKN Orlen\PI Vision\PKN Orlen\ZAKŁAD PRODUKCYJNY PŁOCK\RAFINERIA\PR03 BLOK PRZEROBU ROPY\DRW-IV|DR4.FC43354_SQR.PV;"2026-07-22 21:38:58,137008";"46,302562713623"
\\PIAF\PKN Orlen\PI Vision\PKN Orlen\ZAKŁAD PRODUKCYJNY PŁOCK\RAFINERIA\PR03 BLOK PRZEROBU ROPY\DRW-IV|DR4.FC43354_SQR.PV;"2026-07-22 21:47:48,106003";"46,1604995727539"
\\PIAF\PKN Orlen\PI Vision\PKN Orlen\ZAKŁAD PRODUKCYJNY PŁOCK\RAFINERIA\PR03 BLOK PRZEROBU ROPY\DRW-IV|DR4.FC43354_SQR.PV;"2026-07-22 21:54:58,168014";"46,5452194213867"
\\PIAF\PKN Orlen\PI Vision\PKN Orlen\ZAKŁAD PRODUKCYJNY PŁOCK\RAFINERIA\PR03 BLOK PRZEROBU ROPY\DRW-IV|DR4.FC43354_SQR.PV;"2026-07-22 21:58:18,121002";"46,6192283630371"
\\PIAF\PKN Orlen\PI Vision\PKN Orlen\ZAKŁAD PRODUKCYJNY PŁOCK\RAFINERIA\PR03 BLOK PRZEROBU ROPY\DRW-IV|DR4.FC43354_SQR.PV;"2026-07-22 22:05:28,121002";"46,1547737121582"
\\PIAF\PKN Orlen\PI Vision\PKN Orlen\ZAKŁAD PRODUKCYJNY PŁOCK\RAFINERIA\PR03 BLOK PRZEROBU ROPY\DRW-IV|DR4.FC43354_SQR.PV;"2026-07-22 22:09:28,106003";"46,4267501831055"
\\PIAF\PKN Orlen\PI Vision\PKN Orlen\ZAKŁAD PRODUKCYJNY PŁOCK\RAFINERIA\PR03 BLOK PRZEROBU ROPY\DRW-IV|DR4.FC43354_SQR.PV;"2026-07-22 22:13:43,190002";"46,8253211975098"
\\PIAF\PKN Orlen\PI Vision\PKN Orlen\ZAKŁAD PRODUKCYJNY PŁOCK\RAFINERIA\PR03 BLOK PRZEROBU ROPY\DRW-IV|DR4.FC43354_SQR.PV;"2026-07-22 22:23:53,221008";"46,0444717407227"
\\PIAF\PKN Orlen\PI Vision\PKN Orlen\ZAKŁAD PRODUKCYJNY PŁOCK\RAFINERIA\PR03 BLOK PRZEROBU ROPY\DRW-IV|DR4.FC43354_SQR.PV;"2026-07-22 22:29:03,090012";"46,3555030822754"
\\PIAF\PKN Orlen\PI Vision\PKN Orlen\ZAKŁAD PRODUKCYJNY PŁOCK\RAFINERIA\PR03 BLOK PRZEROBU ROPY\DRW-IV|DR4.FC43354_SQR.PV;"2026-07-22 22:39:18,237";"46,2620315551758"
\\PIAF\PKN Orlen\PI Vision\PKN Orlen\ZAKŁAD PRODUKCYJNY PŁOCK\RAFINERIA\PR03 BLOK PRZEROBU ROPY\DRW-IV|DR4.FC43354_SQR.PV;"2026-07-22 22:46:43,206009";"46,4912872314453"
\\PIAF\PKN Orlen\PI Vision\PKN Orlen\ZAKŁAD PRODUKCYJNY PŁOCK\RAFINERIA\PR03 BLOK PRZEROBU ROPY\DRW-IV|DR4.FC43354_SQR.PV;"2026-07-22 22:50:33,237015";"46,3377838134766"
\\PIAF\PKN Orlen\PI Vision\PKN Orlen\ZAKŁAD PRODUKCYJNY PŁOCK\RAFINERIA\PR03 BLOK PRZEROBU ROPY\DRW-IV|DR4.FC43354_SQR.PV;"2026-07-22 22:55:18,190002";"46,0927734375"
\\PIAF\PKN Orlen\PI Vision\PKN Orlen\ZAKŁAD PRODUKCYJNY PŁOCK\RAFINERIA\PR03 BLOK PRZEROBU ROPY\DRW-IV|DR4.FC43354_SQR.PV;"2026-07-22 22:58:48,206009";"46,1053352355957"
\\PIAF\PKN Orlen\PI Vision\PKN Orlen\ZAKŁAD PRODUKCYJNY PŁOCK\RAFINERIA\PR03 BLOK PRZEROBU ROPY\DRW-IV|DR4.FC43354_SQR.PV;"2026-07-22 23:04:58,268005";"46,6119194030762"
\\PIAF\PKN Orlen\PI Vision\PKN Orlen\ZAKŁAD PRODUKCYJNY PŁOCK\RAFINERIA\PR03 BLOK PRZEROBU ROPY\DRW-IV|DR4.FC43354_SQR.PV;"2026-07-22 23:11:53,175003";"46,2233848571777"
\\PIAF\PKN Orlen\PI Vision\PKN Orlen\ZAKŁAD PRODUKCYJNY PŁOCK\RAFINERIA\PR03 BLOK PRZEROBU ROPY\DRW-IV|DR4.FC43354_SQR.PV;"2026-07-22 23:17:43,190002";"46,4205589294434"
\\PIAF\PKN Orlen\PI Vision\PKN Orlen\ZAKŁAD PRODUKCYJNY PŁOCK\RAFINERIA\PR03 BLOK PRZEROBU ROPY\DRW-IV|DR4.FC43354_SQR.PV;"2026-07-22 23:25:13,237015";"46,455265045166"
\\PIAF\PKN Orlen\PI Vision\PKN Orlen\ZAKŁAD PRODUKCYJNY PŁOCK\RAFINERIA\PR03 BLOK PRZEROBU ROPY\DRW-IV|DR4.FC43354_SQR.PV;"2026-07-22 23:38:08,221008";"46,1676254272461"
\\PIAF\PKN Orlen\PI Vision\PKN Orlen\ZAKŁAD PRODUKCYJNY PŁOCK\RAFINERIA\PR03 BLOK PRZEROBU ROPY\DRW-IV|DR4.FC43354_SQR.PV;"2026-07-22 23:41:58,159012";"46,5635070800781"
\\PIAF\PKN Orlen\PI Vision\PKN Orlen\ZAKŁAD PRODUKCYJNY PŁOCK\RAFINERIA\PR03 BLOK PRZEROBU ROPY\DRW-IV|DR4.FC43354_SQR.PV;"2026-07-22 23:46:13,253006";"46,9154052734375"
\\PIAF\PKN Orlen\PI Vision\PKN Orlen\ZAKŁAD PRODUKCYJNY PŁOCK\RAFINERIA\PR03 BLOK PRZEROBU ROPY\DRW-IV|DR4.FC43354_SQR.PV;"2026-07-22 23:53:48,268005";"46,5436401367188"
\\PIAF\PKN Orlen\PI Vision\PKN Orlen\ZAKŁAD PRODUKCYJNY PŁOCK\RAFINERIA\PR03 BLOK PRZEROBU ROPY\DRW-IV|DR4.FC43354_SQR.PV;"2026-07-23 00:03:43,159012";"46,7761764526367"
\\PIAF\PKN Orlen\PI Vision\PKN Orlen\ZAKŁAD PRODUKCYJNY PŁOCK\RAFINERIA\PR03 BLOK PRZEROBU ROPY\DRW-IV|DR4.FC43354_SQR.PV;"2026-07-23 00:14:08,159012";"46,7406845092773"
\\PIAF\PKN Orlen\PI Vision\PKN Orlen\ZAKŁAD PRODUKCYJNY PŁOCK\RAFINERIA\PR03 BLOK PRZEROBU ROPY\DRW-IV|DR4.FC43354_SQR.PV;"2026-07-23 00:20:28,174011";"46,7867813110352"
\\PIAF\PKN Orlen\PI Vision\PKN Orlen\ZAKŁAD PRODUKCYJNY PŁOCK\RAFINERIA\PR03 BLOK PRZEROBU ROPY\DRW-IV|DR4.FC43354_SQR.PV;"2026-07-23 00:25:23,174011";"46,6624717712402"
\\PIAF\PKN Orlen\PI Vision\PKN Orlen\ZAKŁAD PRODUKCYJNY PŁOCK\RAFINERIA\PR03 BLOK PRZEROBU ROPY\DRW-IV|DR4.FC43354_SQR.PV;"2026-07-23 00:31:33,221008";"47,0642929077148"
\\PIAF\PKN Orlen\PI Vision\PKN Orlen\ZAKŁAD PRODUKCYJNY PŁOCK\RAFINERIA\PR03 BLOK PRZEROBU ROPY\DRW-IV|DR4.FC43354_SQR.PV;"2026-07-23 00:37:28,174011";"46,5652961730957"
\\PIAF\PKN Orlen\PI Vision\PKN Orlen\ZAKŁAD PRODUKCYJNY PŁOCK\RAFINERIA\PR03 BLOK PRZEROBU ROPY\DRW-IV|DR4.FC43354_SQR.PV;"2026-07-23 00:43:23,159012";"46,4191474914551"
\\PIAF\PKN Orlen\PI Vision\PKN Orlen\ZAKŁAD PRODUKCYJNY PŁOCK\RAFINERIA\PR03 BLOK PRZEROBU ROPY\DRW-IV|DR4.FC43354_SQR.PV;"2026-07-23 00:46:48,159012";"47,1172561645508"
\\PIAF\PKN Orlen\PI Vision\PKN Orlen\ZAKŁAD PRODUKCYJNY PŁOCK\RAFINERIA\PR03 BLOK PRZEROBU ROPY\DRW-IV|DR4.FC43354_SQR.PV;"2026-07-23 00:50:58,206009";"46,6406402587891"
\\PIAF\PKN Orlen\PI Vision\PKN Orlen\ZAKŁAD PRODUKCYJNY PŁOCK\RAFINERIA\PR03 BLOK PRZEROBU ROPY\DRW-IV|DR4.FC43354_SQR.PV;"2026-07-23 00:55:03,237";"45,7538261413574"
\\PIAF\PKN Orlen\PI Vision\PKN Orlen\ZAKŁAD PRODUKCYJNY PŁOCK\RAFINERIA\PR03 BLOK PRZEROBU ROPY\DRW-IV|DR4.FC43354_SQR.PV;"2026-07-23 00:59:38,237";"46,060604095459"
\\PIAF\PKN Orlen\PI Vision\PKN Orlen\ZAKŁAD PRODUKCYJNY PŁOCK\RAFINERIA\PR03 BLOK PRZEROBU ROPY\DRW-IV|DR4.FC43354_SQR.PV;"2026-07-23 01:03:33,206009";"46,8156509399414"
\\PIAF\PKN Orlen\PI Vision\PKN Orlen\ZAKŁAD PRODUKCYJNY PŁOCK\RAFINERIA\PR03 BLOK PRZEROBU ROPY\DRW-IV|DR4.FC43354_SQR.PV;"2026-07-23 01:11:08,159012";"46,1385765075684"
\\PIAF\PKN Orlen\PI Vision\PKN Orlen\ZAKŁAD PRODUKCYJNY PŁOCK\RAFINERIA\PR03 BLOK PRZEROBU ROPY\DRW-IV|DR4.FC43354_SQR.PV;"2026-07-23 01:14:43,206009";"46,3951148986816"
\\PIAF\PKN Orlen\PI Vision\PKN Orlen\ZAKŁAD PRODUKCYJNY PŁOCK\RAFINERIA\PR03 BLOK PRZEROBU ROPY\DRW-IV|DR4.FC43354_SQR.PV;"2026-07-23 01:19:23,143005";"47,0732078552246"
\\PIAF\PKN Orlen\PI Vision\PKN Orlen\ZAKŁAD PRODUKCYJNY PŁOCK\RAFINERIA\PR03 BLOK PRZEROBU ROPY\DRW-IV|DR4.FC43354_SQR.PV;"2026-07-23 01:23:28,174011";"46,7006607055664"
\\PIAF\PKN Orlen\PI Vision\PKN Orlen\ZAKŁAD PRODUKCYJNY PŁOCK\RAFINERIA\PR03 BLOK PRZEROBU ROPY\DRW-IV|DR4.FC43354_SQR.PV;"2026-07-23 01:27:08,190002";"46,0055160522461"
\\PIAF\PKN Orlen\PI Vision\PKN Orlen\ZAKŁAD PRODUKCYJNY PŁOCK\RAFINERIA\PR03 BLOK PRZEROBU ROPY\DRW-IV|DR4.FC43354_SQR.PV;"2026-07-23 01:32:03,221008";"46,1722831726074"
\\PIAF\PKN Orlen\PI Vision\PKN Orlen\ZAKŁAD PRODUKCYJNY PŁOCK\RAFINERIA\PR03 BLOK PRZEROBU ROPY\DRW-IV|DR4.FC43354_SQR.PV;"2026-07-23 01:36:08,253006";"46,5044784545898"
\\PIAF\PKN Orlen\PI Vision\PKN Orlen\ZAKŁAD PRODUKCYJNY PŁOCK\RAFINERIA\PR03 BLOK PRZEROBU ROPY\DRW-IV|DR4.FC43354_SQR.PV;"2026-07-23 01:45:13,190002";"46,1142768859863"
\\PIAF\PKN Orlen\PI Vision\PKN Orlen\ZAKŁAD PRODUKCYJNY PŁOCK\RAFINERIA\PR03 BLOK PRZEROBU ROPY\DRW-IV|DR4.FC43354_SQR.PV;"2026-07-23 01:50:08,174011";"47,0316543579102"
\\PIAF\PKN Orlen\PI Vision\PKN Orlen\ZAKŁAD PRODUKCYJNY PŁOCK\RAFINERIA\PR03 BLOK PRZEROBU ROPY\DRW-IV|DR4.FC43354_SQR.PV;"2026-07-23 01:54:38,128006";"46,5293235778809"
\\PIAF\PKN Orlen\PI Vision\PKN Orlen\ZAKŁAD PRODUKCYJNY PŁOCK\RAFINERIA\PR03 BLOK PRZEROBU ROPY\DRW-IV|DR4.FC43354_SQR.PV;"2026-07-23 01:57:53,206009";"46,0332412719727"
\\PIAF\PKN Orlen\PI Vision\PKN Orlen\ZAKŁAD PRODUKCYJNY PŁOCK\RAFINERIA\PR03 BLOK PRZEROBU ROPY\DRW-IV|DR4.FC43354_SQR.PV;"2026-07-23 02:03:23,128006";"46,5944709777832"
\\PIAF\PKN Orlen\PI Vision\PKN Orlen\ZAKŁAD PRODUKCYJNY PŁOCK\RAFINERIA\PR03 BLOK PRZEROBU ROPY\DRW-IV|DR4.FC43354_SQR.PV;"2026-07-23 02:09:58,143005";"46,5628890991211"
\\PIAF\PKN Orlen\PI Vision\PKN Orlen\ZAKŁAD PRODUKCYJNY PŁOCK\RAFINERIA\PR03 BLOK PRZEROBU ROPY\DRW-IV|DR4.FC43354_SQR.PV;"2026-07-23 02:15:58,237";"46,2580604553223"
\\PIAF\PKN Orlen\PI Vision\PKN Orlen\ZAKŁAD PRODUKCYJNY PŁOCK\RAFINERIA\PR03 BLOK PRZEROBU ROPY\DRW-IV|DR4.FC43354_SQR.PV;"2026-07-23 02:18:38,143005";"46,6175384521484"
\\PIAF\PKN Orlen\PI Vision\PKN Orlen\ZAKŁAD PRODUKCYJNY PŁOCK\RAFINERIA\PR03 BLOK PRZEROBU ROPY\DRW-IV|DR4.FC43354_SQR.PV;"2026-07-23 02:26:08,128006";"46,2429466247559"
\\PIAF\PKN Orlen\PI Vision\PKN Orlen\ZAKŁAD PRODUKCYJNY PŁOCK\RAFINERIA\PR03 BLOK PRZEROBU ROPY\DRW-IV|DR4.FC43354_SQR.PV;"2026-07-23 02:32:38,128006";"46,2779159545898"
\\PIAF\PKN Orlen\PI Vision\PKN Orlen\ZAKŁAD PRODUKCYJNY PŁOCK\RAFINERIA\PR03 BLOK PRZEROBU ROPY\DRW-IV|DR4.FC43354_SQR.PV;"2026-07-23 02:35:38,190002";"46,236255645752"
\\PIAF\PKN Orlen\PI Vision\PKN Orlen\ZAKŁAD PRODUKCYJNY PŁOCK\RAFINERIA\PR03 BLOK PRZEROBU ROPY\DRW-IV|DR4.FC43354_SQR.PV;"2026-07-23 02:50:33,128006";"46,4590377807617"
\\PIAF\PKN Orlen\PI Vision\PKN Orlen\ZAKŁAD PRODUKCYJNY PŁOCK\RAFINERIA\PR03 BLOK PRZEROBU ROPY\DRW-IV|DR4.FC43354_SQR.PV;"2026-07-23 02:51:58,221008";"46,5796279907227"
\\PIAF\PKN Orlen\PI Vision\PKN Orlen\ZAKŁAD PRODUKCYJNY PŁOCK\RAFINERIA\PR03 BLOK PRZEROBU ROPY\DRW-IV|DR4.FC43354_SQR.PV;"2026-07-23 03:02:53,206009";"46,3734359741211"
\\PIAF\PKN Orlen\PI Vision\PKN Orlen\ZAKŁAD PRODUKCYJNY PŁOCK\RAFINERIA\PR03 BLOK PRZEROBU ROPY\DRW-IV|DR4.FC43354_SQR.PV;"2026-07-23 03:10:13,190002";"46,3652992248535"
\\PIAF\PKN Orlen\PI Vision\PKN Orlen\ZAKŁAD PRODUKCYJNY PŁOCK\RAFINERIA\PR03 BLOK PRZEROBU ROPY\DRW-IV|DR4.FC43354_SQR.PV;"2026-07-23 03:20:08,128006";"46,1525650024414"
\\PIAF\PKN Orlen\PI Vision\PKN Orlen\ZAKŁAD PRODUKCYJNY PŁOCK\RAFINERIA\PR03 BLOK PRZEROBU ROPY\DRW-IV|DR4.FC43354_SQR.PV;"2026-07-23 03:26:48,159012";"46,3802375793457"
\\PIAF\PKN Orlen\PI Vision\PKN Orlen\ZAKŁAD PRODUKCYJNY PŁOCK\RAFINERIA\PR03 BLOK PRZEROBU ROPY\DRW-IV|DR4.FC43354_SQR.PV;"2026-07-23 03:30:23,112";"46,4990196228027"
\\PIAF\PKN Orlen\PI Vision\PKN Orlen\ZAKŁAD PRODUKCYJNY PŁOCK\RAFINERIA\PR03 BLOK PRZEROBU ROPY\DRW-IV|DR4.FC43354_SQR.PV;"2026-07-23 03:47:48,112";"46,4607315063477"
\\PIAF\PKN Orlen\PI Vision\PKN Orlen\ZAKŁAD PRODUKCYJNY PŁOCK\RAFINERIA\PR03 BLOK PRZEROBU ROPY\DRW-IV|DR4.FC43354_SQR.PV;"2026-07-23 03:59:13,174011";"46,3480796813965"
\\PIAF\PKN Orlen\PI Vision\PKN Orlen\ZAKŁAD PRODUKCYJNY PŁOCK\RAFINERIA\PR03 BLOK PRZEROBU ROPY\DRW-IV|DR4.FC43354_SQR.PV;"2026-07-23 04:07:48,206009";"46,5202026367188"
\\PIAF\PKN Orlen\PI Vision\PKN Orlen\ZAKŁAD PRODUKCYJNY PŁOCK\RAFINERIA\PR03 BLOK PRZEROBU ROPY\DRW-IV|DR4.FC43354_SQR.PV;"2026-07-23 04:15:43,175003";"46,4377059936523"
\\PIAF\PKN Orlen\PI Vision\PKN Orlen\ZAKŁAD PRODUKCYJNY PŁOCK\RAFINERIA\PR03 BLOK PRZEROBU ROPY\DRW-IV|DR4.FC43354_SQR.PV;"2026-07-23 04:21:28,175003";"46,3041076660156"
\\PIAF\PKN Orlen\PI Vision\PKN Orlen\ZAKŁAD PRODUKCYJNY PŁOCK\RAFINERIA\PR03 BLOK PRZEROBU ROPY\DRW-IV|DR4.FC43354_SQR.PV;"2026-07-23 04:25:13,190002";"46,1638793945313"
\\PIAF\PKN Orlen\PI Vision\PKN Orlen\ZAKŁAD PRODUKCYJNY PŁOCK\RAFINERIA\PR03 BLOK PRZEROBU ROPY\DRW-IV|DR4.FC43354_SQR.PV;"2026-07-23 04:39:03,206009";"46,7048835754395"
\\PIAF\PKN Orlen\PI Vision\PKN Orlen\ZAKŁAD PRODUKCYJNY PŁOCK\RAFINERIA\PR03 BLOK PRZEROBU ROPY\DRW-IV|DR4.FC43354_SQR.PV;"2026-07-23 04:51:08,175003";"46,2421226501465"
\\PIAF\PKN Orlen\PI Vision\PKN Orlen\ZAKŁAD PRODUKCYJNY PŁOCK\RAFINERIA\PR03 BLOK PRZEROBU ROPY\DRW-IV|DR4.FC43354_SQR.PV;"2026-07-23 05:01:48,206009";"46,4403686523438"
\\PIAF\PKN Orlen\PI Vision\PKN Orlen\ZAKŁAD PRODUKCYJNY PŁOCK\RAFINERIA\PR03 BLOK PRZEROBU ROPY\DRW-IV|DR4.FC43354_SQR.PV;"2026-07-23 05:04:43,096008";"46,2657318115234"
\\PIAF\PKN Orlen\PI Vision\PKN Orlen\ZAKŁAD PRODUKCYJNY PŁOCK\RAFINERIA\PR03 BLOK PRZEROBU ROPY\DRW-IV|DR4.FC43354_SQR.PV;"2026-07-23 05:14:48,128006";"46,4851226806641"
\\PIAF\PKN Orlen\PI Vision\PKN Orlen\ZAKŁAD PRODUKCYJNY PŁOCK\RAFINERIA\PR03 BLOK PRZEROBU ROPY\DRW-IV|DR4.FC43354_SQR.PV;"2026-07-23 05:20:58,174011";"46,1893196105957"
\\PIAF\PKN Orlen\PI Vision\PKN Orlen\ZAKŁAD PRODUKCYJNY PŁOCK\RAFINERIA\PR03 BLOK PRZEROBU ROPY\DRW-IV|DR4.FC43354_SQR.PV;"2026-07-23 05:33:23,112015";"46,098518371582"
\\PIAF\PKN Orlen\PI Vision\PKN Orlen\ZAKŁAD PRODUKCYJNY PŁOCK\RAFINERIA\PR03 BLOK PRZEROBU ROPY\DRW-IV|DR4.FC43354_SQR.PV;"2026-07-23 05:36:18,128006";"46,0289421081543"
\\PIAF\PKN Orlen\PI Vision\PKN Orlen\ZAKŁAD PRODUKCYJNY PŁOCK\RAFINERIA\PR03 BLOK PRZEROBU ROPY\DRW-IV|DR4.FC43354_SQR.PV;"2026-07-23 05:45:23,159012";"46,3104286193848"
\\PIAF\PKN Orlen\PI Vision\PKN Orlen\ZAKŁAD PRODUKCYJNY PŁOCK\RAFINERIA\PR03 BLOK PRZEROBU ROPY\DRW-IV|DR4.FC43354_SQR.PV;"2026-07-23 05:48:28,143005";"46,2311172485352"
\\PIAF\PKN Orlen\PI Vision\PKN Orlen\ZAKŁAD PRODUKCYJNY PŁOCK\RAFINERIA\PR03 BLOK PRZEROBU ROPY\DRW-IV|DR4.FC43354_SQR.PV;"2026-07-23 05:57:28,175003";"46,5838813781738"
\\PIAF\PKN Orlen\PI Vision\PKN Orlen\ZAKŁAD PRODUKCYJNY PŁOCK\RAFINERIA\PR03 BLOK PRZEROBU ROPY\DRW-IV|DR4.FC43354_SQR.PV;"2026-07-23 06:04:48,112";"45,918815612793"
\\PIAF\PKN Orlen\PI Vision\PKN Orlen\ZAKŁAD PRODUKCYJNY PŁOCK\RAFINERIA\PR03 BLOK PRZEROBU ROPY\DRW-IV|DR4.FC43354_SQR.PV;"2026-07-23 06:09:43,128006";"46,3795356750488"
\\PIAF\PKN Orlen\PI Vision\PKN Orlen\ZAKŁAD PRODUKCYJNY PŁOCK\RAFINERIA\PR03 BLOK PRZEROBU ROPY\DRW-IV|DR4.FC43354_SQR.PV;"2026-07-23 06:17:58,081009";"45,8728981018066"
\\PIAF\PKN Orlen\PI Vision\PKN Orlen\ZAKŁAD PRODUKCYJNY PŁOCK\RAFINERIA\PR03 BLOK PRZEROBU ROPY\DRW-IV|DR4.FC43354_SQR.PV;"2026-07-23 06:21:58,159012";"46,3564643859863"
\\PIAF\PKN Orlen\PI Vision\PKN Orlen\ZAKŁAD PRODUKCYJNY PŁOCK\RAFINERIA\PR03 BLOK PRZEROBU ROPY\DRW-IV|DR4.FC43354_SQR.PV;"2026-07-23 06:24:58,190002";"46,6509666442871"
\\PIAF\PKN Orlen\PI Vision\PKN Orlen\ZAKŁAD PRODUKCYJNY PŁOCK\RAFINERIA\PR03 BLOK PRZEROBU ROPY\DRW-IV|DR4.FC43354_SQR.PV;"2026-07-23 06:31:28,143005";"46,6702651977539"
\\PIAF\PKN Orlen\PI Vision\PKN Orlen\ZAKŁAD PRODUKCYJNY PŁOCK\RAFINERIA\PR03 BLOK PRZEROBU ROPY\DRW-IV|DR4.FC43354_SQR.PV;"2026-07-23 06:37:13,143005";"46,4396896362305"
\\PIAF\PKN Orlen\PI Vision\PKN Orlen\ZAKŁAD PRODUKCYJNY PŁOCK\RAFINERIA\PR03 BLOK PRZEROBU ROPY\DRW-IV|DR4.FC43354_SQR.PV;"2026-07-23 06:43:18,128006";"46,5802307128906"
\\PIAF\PKN Orlen\PI Vision\PKN Orlen\ZAKŁAD PRODUKCYJNY PŁOCK\RAFINERIA\PR03 BLOK PRZEROBU ROPY\DRW-IV|DR4.FC43354_SQR.PV;"2026-07-23 06:54:23,159012";"46,4692268371582"
\\PIAF\PKN Orlen\PI Vision\PKN Orlen\ZAKŁAD PRODUKCYJNY PŁOCK\RAFINERIA\PR03 BLOK PRZEROBU ROPY\DRW-IV|DR4.FC43354_SQR.PV;"2026-07-23 07:03:03,159012";"46,2130851745605"
\\PIAF\PKN Orlen\PI Vision\PKN Orlen\ZAKŁAD PRODUKCYJNY PŁOCK\RAFINERIA\PR03 BLOK PRZEROBU ROPY\DRW-IV|DR4.FC43354_SQR.PV;"2026-07-23 07:09:13,112015";"46,4807052612305"
\\PIAF\PKN Orlen\PI Vision\PKN Orlen\ZAKŁAD PRODUKCYJNY PŁOCK\RAFINERIA\PR03 BLOK PRZEROBU ROPY\DRW-IV|DR4.FC43354_SQR.PV;"2026-07-23 07:17:28,081009";"46,4149589538574"
\\PIAF\PKN Orlen\PI Vision\PKN Orlen\ZAKŁAD PRODUKCYJNY PŁOCK\RAFINERIA\PR03 BLOK PRZEROBU ROPY\DRW-IV|DR4.FC43354_SQR.PV;"2026-07-23 07:23:23,112";"46,4178886413574"
\\PIAF\PKN Orlen\PI Vision\PKN Orlen\ZAKŁAD PRODUKCYJNY PŁOCK\RAFINERIA\PR03 BLOK PRZEROBU ROPY\DRW-IV|DR4.FC43354_SQR.PV;"2026-07-23 07:28:48,112015";"46,6290740966797"
\\PIAF\PKN Orlen\PI Vision\PKN Orlen\ZAKŁAD PRODUKCYJNY PŁOCK\RAFINERIA\PR03 BLOK PRZEROBU ROPY\DRW-IV|DR4.FC43354_SQR.PV;"2026-07-23 07:40:33,290008";"46,1982841491699"
\\PIAF\PKN Orlen\PI Vision\PKN Orlen\ZAKŁAD PRODUKCYJNY PŁOCK\RAFINERIA\PR03 BLOK PRZEROBU ROPY\DRW-IV|DR4.FC43354_SQR.PV;"2026-07-23 07:46:48,143005";"46,4014091491699"
\\PIAF\PKN Orlen\PI Vision\PKN Orlen\ZAKŁAD PRODUKCYJNY PŁOCK\RAFINERIA\PR03 BLOK PRZEROBU ROPY\DRW-IV|DR4.FC43354_SQR.PV;"2026-07-23 07:55:23,081009";"46,1339836120605"
\\PIAF\PKN Orlen\PI Vision\PKN Orlen\ZAKŁAD PRODUKCYJNY PŁOCK\RAFINERIA\PR03 BLOK PRZEROBU ROPY\DRW-IV|DR4.FC43354_SQR.PV;"2026-07-23 07:59:03,143005";"46,5000915527344"
\\PIAF\PKN Orlen\PI Vision\PKN Orlen\ZAKŁAD PRODUKCYJNY PŁOCK\RAFINERIA\PR03 BLOK PRZEROBU ROPY\DRW-IV|DR4.FC43354_SQR.PV;"2026-07-23 08:08:13,159012";"45,9196968078613"
\\PIAF\PKN Orlen\PI Vision\PKN Orlen\ZAKŁAD PRODUKCYJNY PŁOCK\RAFINERIA\PR03 BLOK PRZEROBU ROPY\DRW-IV|DR4.FC43354_SQR.PV;"2026-07-23 08:14:28,228012";"46,4137725830078"
\\PIAF\PKN Orlen\PI Vision\PKN Orlen\ZAKŁAD PRODUKCYJNY PŁOCK\RAFINERIA\PR03 BLOK PRZEROBU ROPY\DRW-IV|DR4.FC43354_SQR.PV;"2026-07-23 08:19:43,243011";"45,9625091552734"
\\PIAF\PKN Orlen\PI Vision\PKN Orlen\ZAKŁAD PRODUKCYJNY PŁOCK\RAFINERIA\PR03 BLOK PRZEROBU ROPY\DRW-IV|DR4.FC43354_SQR.PV;"2026-07-23 08:25:38,181015";"46,331127166748"
\\PIAF\PKN Orlen\PI Vision\PKN Orlen\ZAKŁAD PRODUKCYJNY PŁOCK\RAFINERIA\PR03 BLOK PRZEROBU ROPY\DRW-IV|DR4.FC43354_SQR.PV;"2026-07-23 08:31:03,165008";"46,5667152404785"
\\PIAF\PKN Orlen\PI Vision\PKN Orlen\ZAKŁAD PRODUKCYJNY PŁOCK\RAFINERIA\PR03 BLOK PRZEROBU ROPY\DRW-IV|DR4.FC43354_SQR.PV;"2026-07-23 08:43:23,243011";"46,1067771911621"
\\PIAF\PKN Orlen\PI Vision\PKN Orlen\ZAKŁAD PRODUKCYJNY PŁOCK\RAFINERIA\PR03 BLOK PRZEROBU ROPY\DRW-IV|DR4.FC43354_SQR.PV;"2026-07-23 08:45:08,259002";"45,9927062988281"
\\PIAF\PKN Orlen\PI Vision\PKN Orlen\ZAKŁAD PRODUKCYJNY PŁOCK\RAFINERIA\PR03 BLOK PRZEROBU ROPY\DRW-IV|DR4.FC43354_SQR.PV;"2026-07-23 08:49:33,181015";"46,071475982666"
\\PIAF\PKN Orlen\PI Vision\PKN Orlen\ZAKŁAD PRODUKCYJNY PŁOCK\RAFINERIA\PR03 BLOK PRZEROBU ROPY\DRW-IV|DR4.FC43354_SQR.PV;"2026-07-23 08:54:03,243011";"45,7473068237305"
\\PIAF\PKN Orlen\PI Vision\PKN Orlen\ZAKŁAD PRODUKCYJNY PŁOCK\RAFINERIA\PR03 BLOK PRZEROBU ROPY\DRW-IV|DR4.FC43354_SQR.PV;"2026-07-23 08:58:13,181";"46,2938766479492"
\\PIAF\PKN Orlen\PI Vision\PKN Orlen\ZAKŁAD PRODUKCYJNY PŁOCK\RAFINERIA\PR03 BLOK PRZEROBU ROPY\DRW-IV|DR4.FC43354_SQR.PV;"2026-07-23 09:13:53,181015";"45,7520561218262"
\\PIAF\PKN Orlen\PI Vision\PKN Orlen\ZAKŁAD PRODUKCYJNY PŁOCK\RAFINERIA\PR03 BLOK PRZEROBU ROPY\DRW-IV|DR4.FC43354_SQR.PV;"2026-07-23 09:17:43,195999";"45,61572265625"
\\PIAF\PKN Orlen\PI Vision\PKN Orlen\ZAKŁAD PRODUKCYJNY PŁOCK\RAFINERIA\PR03 BLOK PRZEROBU ROPY\DRW-IV|DR4.FC43354_SQR.PV;"2026-07-23 09:21:53,165008";"46,0367813110352"
\\PIAF\PKN Orlen\PI Vision\PKN Orlen\ZAKŁAD PRODUKCYJNY PŁOCK\RAFINERIA\PR03 BLOK PRZEROBU ROPY\DRW-IV|DR4.FC43354_SQR.PV;"2026-07-23 09:29:03,228012";"45,7302703857422"
\\PIAF\PKN Orlen\PI Vision\PKN Orlen\ZAKŁAD PRODUKCYJNY PŁOCK\RAFINERIA\PR03 BLOK PRZEROBU ROPY\DRW-IV|DR4.FC43354_SQR.PV;"2026-07-23 09:39:48,275009";"45,9805526733398"
\\PIAF\PKN Orlen\PI Vision\PKN Orlen\ZAKŁAD PRODUKCYJNY PŁOCK\RAFINERIA\PR03 BLOK PRZEROBU ROPY\DRW-IV|DR4.FC43354_SQR.PV;"2026-07-23 09:48:23,228012";"46,0768394470215"
\\PIAF\PKN Orlen\PI Vision\PKN Orlen\ZAKŁAD PRODUKCYJNY PŁOCK\RAFINERIA\PR03 BLOK PRZEROBU ROPY\DRW-IV|DR4.FC43354_SQR.PV;"2026-07-23 09:56:33,165008";"45,7854614257813"
\\PIAF\PKN Orlen\PI Vision\PKN Orlen\ZAKŁAD PRODUKCYJNY PŁOCK\RAFINERIA\PR03 BLOK PRZEROBU ROPY\DRW-IV|DR4.FC43354_SQR.PV;"2026-07-23 10:01:18,212006";"45,7102508544922"
\\PIAF\PKN Orlen\PI Vision\PKN Orlen\ZAKŁAD PRODUKCYJNY PŁOCK\RAFINERIA\PR03 BLOK PRZEROBU ROPY\DRW-IV|DR4.FC43354_SQR.PV;"2026-07-23 10:07:28,259002";"45,928581237793"
\\PIAF\PKN Orlen\PI Vision\PKN Orlen\ZAKŁAD PRODUKCYJNY PŁOCK\RAFINERIA\PR03 BLOK PRZEROBU ROPY\DRW-IV|DR4.FC43354_SQR.PV;"2026-07-23 10:18:13,165008";"45,2420616149902"
\\PIAF\PKN Orlen\PI Vision\PKN Orlen\ZAKŁAD PRODUKCYJNY PŁOCK\RAFINERIA\PR03 BLOK PRZEROBU ROPY\DRW-IV|DR4.FC43354_SQR.PV;"2026-07-23 10:23:38,134002";"45,613037109375"
\\PIAF\PKN Orlen\PI Vision\PKN Orlen\ZAKŁAD PRODUKCYJNY PŁOCK\RAFINERIA\PR03 BLOK PRZEROBU ROPY\DRW-IV|DR4.FC43354_SQR.PV;"2026-07-23 10:33:23,187011";"46,8714141845703"
\\PIAF\PKN Orlen\PI Vision\PKN Orlen\ZAKŁAD PRODUKCYJNY PŁOCK\RAFINERIA\PR03 BLOK PRZEROBU ROPY\DRW-IV|DR4.FC43354_SQR.PV;"2026-07-23 10:39:43,171005";"47,338493347168"
\\PIAF\PKN Orlen\PI Vision\PKN Orlen\ZAKŁAD PRODUKCYJNY PŁOCK\RAFINERIA\PR03 BLOK PRZEROBU ROPY\DRW-IV|DR4.FC43354_SQR.PV;"2026-07-23 10:45:58,168014";"48,1825866699219"
\\PIAF\PKN Orlen\PI Vision\PKN Orlen\ZAKŁAD PRODUKCYJNY PŁOCK\RAFINERIA\PR03 BLOK PRZEROBU ROPY\DRW-IV|DR4.FC43354_SQR.PV;"2026-07-23 10:55:48,243011";"48,0553131103516"
\\PIAF\PKN Orlen\PI Vision\PKN Orlen\ZAKŁAD PRODUKCYJNY PŁOCK\RAFINERIA\PR03 BLOK PRZEROBU ROPY\DRW-IV|DR4.FC43354_SQR.PV;"2026-07-23 11:03:58,149002";"49,040225982666"
\\PIAF\PKN Orlen\PI Vision\PKN Orlen\ZAKŁAD PRODUKCYJNY PŁOCK\RAFINERIA\PR03 BLOK PRZEROBU ROPY\DRW-IV|DR4.FC43354_SQR.PV;"2026-07-23 11:11:03,206009";"49,1475296020508"
\\PIAF\PKN Orlen\PI Vision\PKN Orlen\ZAKŁAD PRODUKCYJNY PŁOCK\RAFINERIA\PR03 BLOK PRZEROBU ROPY\DRW-IV|DR4.FC43354_SQR.PV;"2026-07-23 11:13:13,159012";"49,4244575500488"
\\PIAF\PKN Orlen\PI Vision\PKN Orlen\ZAKŁAD PRODUKCYJNY PŁOCK\RAFINERIA\PR03 BLOK PRZEROBU ROPY\DRW-IV|DR4.FC43354_SQR.PV;"2026-07-23 11:23:58,168014";"49,2770500183105"
\\PIAF\PKN Orlen\PI Vision\PKN Orlen\ZAKŁAD PRODUKCYJNY PŁOCK\RAFINERIA\PR03 BLOK PRZEROBU ROPY\DRW-IV|DR4.FC43354_SQR.PV;"2026-07-23 11:29:08,215012";"50,186882019043"
\\PIAF\PKN Orlen\PI Vision\PKN Orlen\ZAKŁAD PRODUKCYJNY PŁOCK\RAFINERIA\PR03 BLOK PRZEROBU ROPY\DRW-IV|DR4.FC43354_SQR.PV;"2026-07-23 11:33:43,218002";"50,0653533935547"
\\PIAF\PKN Orlen\PI Vision\PKN Orlen\ZAKŁAD PRODUKCYJNY PŁOCK\RAFINERIA\PR03 BLOK PRZEROBU ROPY\DRW-IV|DR4.FC43354_SQR.PV;"2026-07-23 11:47:33,212006";"48,4549865722656"
\\PIAF\PKN Orlen\PI Vision\PKN Orlen\ZAKŁAD PRODUKCYJNY PŁOCK\RAFINERIA\PR03 BLOK PRZEROBU ROPY\DRW-IV|DR4.FC43354_SQR.PV;"2026-07-23 11:54:13,118011";"48,640064239502"
\\PIAF\PKN Orlen\PI Vision\PKN Orlen\ZAKŁAD PRODUKCYJNY PŁOCK\RAFINERIA\PR03 BLOK PRZEROBU ROPY\DRW-IV|DR4.FC43354_SQR.PV;"2026-07-23 12:04:38,118011";"49,0666542053223"
\\PIAF\PKN Orlen\PI Vision\PKN Orlen\ZAKŁAD PRODUKCYJNY PŁOCK\RAFINERIA\PR03 BLOK PRZEROBU ROPY\DRW-IV|DR4.FC43354_SQR.PV;"2026-07-23 12:08:13,149002";"48,8388290405273"
\\PIAF\PKN Orlen\PI Vision\PKN Orlen\ZAKŁAD PRODUKCYJNY PŁOCK\RAFINERIA\PR03 BLOK PRZEROBU ROPY\DRW-IV|DR4.FC43354_SQR.PV;"2026-07-23 12:11:48,218002";"49,3307991027832"
\\PIAF\PKN Orlen\PI Vision\PKN Orlen\ZAKŁAD PRODUKCYJNY PŁOCK\RAFINERIA\PR03 BLOK PRZEROBU ROPY\DRW-IV|DR4.FC43354_SQR.PV;"2026-07-23 12:14:53,203003";"49,565013885498"
\\PIAF\PKN Orlen\PI Vision\PKN Orlen\ZAKŁAD PRODUKCYJNY PŁOCK\RAFINERIA\PR03 BLOK PRZEROBU ROPY\DRW-IV|DR4.FC43354_SQR.PV;"2026-07-23 12:20:08,109009";"48,6203956604004"
\\PIAF\PKN Orlen\PI Vision\PKN Orlen\ZAKŁAD PRODUKCYJNY PŁOCK\RAFINERIA\PR03 BLOK PRZEROBU ROPY\DRW-IV|DR4.FC43354_SQR.PV;"2026-07-23 12:25:28,256012";"48,9318885803223"
\\PIAF\PKN Orlen\PI Vision\PKN Orlen\ZAKŁAD PRODUKCYJNY PŁOCK\RAFINERIA\PR03 BLOK PRZEROBU ROPY\DRW-IV|DR4.FC43354_SQR.PV;"2026-07-23 12:28:28,287002";"49,0314178466797"
\\PIAF\PKN Orlen\PI Vision\PKN Orlen\ZAKŁAD PRODUKCYJNY PŁOCK\RAFINERIA\PR03 BLOK PRZEROBU ROPY\DRW-IV|DR4.FC43354_SQR.PV;"2026-07-23 12:32:28,162002";"48,9458808898926"
\\PIAF\PKN Orlen\PI Vision\PKN Orlen\ZAKŁAD PRODUKCYJNY PŁOCK\RAFINERIA\PR03 BLOK PRZEROBU ROPY\DRW-IV|DR4.FC43354_SQR.PV;"2026-07-23 12:37:53,146011";"49,0614547729492"
\\PIAF\PKN Orlen\PI Vision\PKN Orlen\ZAKŁAD PRODUKCYJNY PŁOCK\RAFINERIA\PR03 BLOK PRZEROBU ROPY\DRW-IV|DR4.FC43354_SQR.PV;"2026-07-23 12:43:18,200012";"48,7817001342773"
\\PIAF\PKN Orlen\PI Vision\PKN Orlen\ZAKŁAD PRODUKCYJNY PŁOCK\RAFINERIA\PR03 BLOK PRZEROBU ROPY\DRW-IV|DR4.FC43354_SQR.PV;"2026-07-23 12:55:53,059005";"48,7306785583496"
\\PIAF\PKN Orlen\PI Vision\PKN Orlen\ZAKŁAD PRODUKCYJNY PŁOCK\RAFINERIA\PR03 BLOK PRZEROBU ROPY\DRW-IV|DR4.FC43354_SQR.PV;"2026-07-23 13:01:33,237015";"46,8872451782227"
\\PIAF\PKN Orlen\PI Vision\PKN Orlen\ZAKŁAD PRODUKCYJNY PŁOCK\RAFINERIA\PR03 BLOK PRZEROBU ROPY\DRW-IV|DR4.FC43354_SQR.PV;"2026-07-23 13:03:48,206009";"47,3421630859375"
\\PIAF\PKN Orlen\PI Vision\PKN Orlen\ZAKŁAD PRODUKCYJNY PŁOCK\RAFINERIA\PR03 BLOK PRZEROBU ROPY\DRW-IV|DR4.FC43354_SQR.PV;"2026-07-23 13:09:28,253006";"51,2588577270508"
\\PIAF\PKN Orlen\PI Vision\PKN Orlen\ZAKŁAD PRODUKCYJNY PŁOCK\RAFINERIA\PR03 BLOK PRZEROBU ROPY\DRW-IV|DR4.FC43354_SQR.PV;"2026-07-23 13:11:58,096008";"52,1421585083008"
\\PIAF\PKN Orlen\PI Vision\PKN Orlen\ZAKŁAD PRODUKCYJNY PŁOCK\RAFINERIA\PR03 BLOK PRZEROBU ROPY\DRW-IV|DR4.FC43354_SQR.PV;"2026-07-23 13:14:48,112";"52,0303649902344"
\\PIAF\PKN Orlen\PI Vision\PKN Orlen\ZAKŁAD PRODUKCYJNY PŁOCK\RAFINERIA\PR03 BLOK PRZEROBU ROPY\DRW-IV|DR4.FC43354_SQR.PV;"2026-07-23 13:17:48,159012";"50,980770111084"
\\PIAF\PKN Orlen\PI Vision\PKN Orlen\ZAKŁAD PRODUKCYJNY PŁOCK\RAFINERIA\PR03 BLOK PRZEROBU ROPY\DRW-IV|DR4.FC43354_SQR.PV;"2026-07-23 13:25:28,143005";"51,0580711364746"
\\PIAF\PKN Orlen\PI Vision\PKN Orlen\ZAKŁAD PRODUKCYJNY PŁOCK\RAFINERIA\PR03 BLOK PRZEROBU ROPY\DRW-IV|DR4.FC43354_SQR.PV;"2026-07-23 13:28:03,128006";"50,5352668762207"
\\PIAF\PKN Orlen\PI Vision\PKN Orlen\ZAKŁAD PRODUKCYJNY PŁOCK\RAFINERIA\PR03 BLOK PRZEROBU ROPY\DRW-IV|DR4.FC43354_SQR.PV;"2026-07-23 13:31:38,196014";"49,5646324157715"
\\PIAF\PKN Orlen\PI Vision\PKN Orlen\ZAKŁAD PRODUKCYJNY PŁOCK\RAFINERIA\PR03 BLOK PRZEROBU ROPY\DRW-IV|DR4.FC43354_SQR.PV;"2026-07-23 13:33:53,181";"49,4676284790039"
\\PIAF\PKN Orlen\PI Vision\PKN Orlen\ZAKŁAD PRODUKCYJNY PŁOCK\RAFINERIA\PR03 BLOK PRZEROBU ROPY\DRW-IV|DR4.FC43354_SQR.PV;"2026-07-23 13:39:33,134002";"49,6529388427734"
\\PIAF\PKN Orlen\PI Vision\PKN Orlen\ZAKŁAD PRODUKCYJNY PŁOCK\RAFINERIA\PR03 BLOK PRZEROBU ROPY\DRW-IV|DR4.FC43354_SQR.PV;"2026-07-23 13:44:23,228012";"48,9809951782227"
\\PIAF\PKN Orlen\PI Vision\PKN Orlen\ZAKŁAD PRODUKCYJNY PŁOCK\RAFINERIA\PR03 BLOK PRZEROBU ROPY\DRW-IV|DR4.FC43354_SQR.PV;"2026-07-23 13:50:23,149002";"47,3481063842773"
\\PIAF\PKN Orlen\PI Vision\PKN Orlen\ZAKŁAD PRODUKCYJNY PŁOCK\RAFINERIA\PR03 BLOK PRZEROBU ROPY\DRW-IV|DR4.FC43354_SQR.PV;"2026-07-23 13:52:58,149002";"47,5824699401855"
\\PIAF\PKN Orlen\PI Vision\PKN Orlen\ZAKŁAD PRODUKCYJNY PŁOCK\RAFINERIA\PR03 BLOK PRZEROBU ROPY\DRW-IV|DR4.FC43354_SQR.PV;"2026-07-23 13:56:08,181015";"48,2448387145996"
\\PIAF\PKN Orlen\PI Vision\PKN Orlen\ZAKŁAD PRODUKCYJNY PŁOCK\RAFINERIA\PR03 BLOK PRZEROBU ROPY\DRW-IV|DR4.FC43354_SQR.PV;"2026-07-23 14:00:53,149002";"48,0796928405762"
\\PIAF\PKN Orlen\PI Vision\PKN Orlen\ZAKŁAD PRODUKCYJNY PŁOCK\RAFINERIA\PR03 BLOK PRZEROBU ROPY\DRW-IV|DR4.FC43354_SQR.PV;"2026-07-23 14:05:08,118011";"48,6814002990723"
\\PIAF\PKN Orlen\PI Vision\PKN Orlen\ZAKŁAD PRODUKCYJNY PŁOCK\RAFINERIA\PR03 BLOK PRZEROBU ROPY\DRW-IV|DR4.FC43354_SQR.PV;"2026-07-23 14:09:23,181";"49,251220703125"
\\PIAF\PKN Orlen\PI Vision\PKN Orlen\ZAKŁAD PRODUKCYJNY PŁOCK\RAFINERIA\PR03 BLOK PRZEROBU ROPY\DRW-IV|DR4.FC43354_SQR.PV;"2026-07-23 14:14:43,103012";"48,5771636962891"
\\PIAF\PKN Orlen\PI Vision\PKN Orlen\ZAKŁAD PRODUKCYJNY PŁOCK\RAFINERIA\PR03 BLOK PRZEROBU ROPY\DRW-IV|DR4.FC43354_SQR.PV;"2026-07-23 14:26:08,134002";"48,7132148742676"
\\PIAF\PKN Orlen\PI Vision\PKN Orlen\ZAKŁAD PRODUKCYJNY PŁOCK\RAFINERIA\PR03 BLOK PRZEROBU ROPY\DRW-IV|DR4.FC43354_SQR.PV;"2026-07-23 14:32:23,087006";"47,786979675293"
\\PIAF\PKN Orlen\PI Vision\PKN Orlen\ZAKŁAD PRODUKCYJNY PŁOCK\RAFINERIA\PR03 BLOK PRZEROBU ROPY\DRW-IV|DR4.FC43354_SQR.PV;"2026-07-23 14:35:53,103012";"47,8450164794922"
\\PIAF\PKN Orlen\PI Vision\PKN Orlen\ZAKŁAD PRODUKCYJNY PŁOCK\RAFINERIA\PR03 BLOK PRZEROBU ROPY\DRW-IV|DR4.FC43354_SQR.PV;"2026-07-23 14:42:13,203003";"47,5962867736816"
\\PIAF\PKN Orlen\PI Vision\PKN Orlen\ZAKŁAD PRODUKCYJNY PŁOCK\RAFINERIA\PR03 BLOK PRZEROBU ROPY\DRW-IV|DR4.FC43354_SQR.PV;"2026-07-23 14:46:08,149002";"46,5173263549805"
\\PIAF\PKN Orlen\PI Vision\PKN Orlen\ZAKŁAD PRODUKCYJNY PŁOCK\RAFINERIA\PR03 BLOK PRZEROBU ROPY\DRW-IV|DR4.FC43354_SQR.PV;"2026-07-23 14:49:03,056";"47,0161361694336"
\\PIAF\PKN Orlen\PI Vision\PKN Orlen\ZAKŁAD PRODUKCYJNY PŁOCK\RAFINERIA\PR03 BLOK PRZEROBU ROPY\DRW-IV|DR4.FC43354_SQR.PV;"2026-07-23 14:51:58,171005";"47,9851417541504"
\\PIAF\PKN Orlen\PI Vision\PKN Orlen\ZAKŁAD PRODUKCYJNY PŁOCK\RAFINERIA\PR03 BLOK PRZEROBU ROPY\DRW-IV|DR4.FC43354_SQR.PV;"2026-07-23 14:54:38,203003";"47,6368598937988"
\\PIAF\PKN Orlen\PI Vision\PKN Orlen\ZAKŁAD PRODUKCYJNY PŁOCK\RAFINERIA\PR03 BLOK PRZEROBU ROPY\DRW-IV|DR4.FC43354_SQR.PV;"2026-07-23 14:58:13,234009";"46,2002449035645"
\\PIAF\PKN Orlen\PI Vision\PKN Orlen\ZAKŁAD PRODUKCYJNY PŁOCK\RAFINERIA\PR03 BLOK PRZEROBU ROPY\DRW-IV|DR4.FC43354_SQR.PV;"2026-07-23 14:59:58,234009";"46,0532722473145"
\\PIAF\PKN Orlen\PI Vision\PKN Orlen\ZAKŁAD PRODUKCYJNY PŁOCK\RAFINERIA\PR03 BLOK PRZEROBU ROPY\DRW-IV|DR4.FC43354_SQR.PV;"2026-07-23 15:03:18,281006";"46,6458015441895"
\\PIAF\PKN Orlen\PI Vision\PKN Orlen\ZAKŁAD PRODUKCYJNY PŁOCK\RAFINERIA\PR03 BLOK PRZEROBU ROPY\DRW-IV|DR4.FC43354_SQR.PV;"2026-07-23 15:05:08,203003";"47,1525382995605"
\\PIAF\PKN Orlen\PI Vision\PKN Orlen\ZAKŁAD PRODUKCYJNY PŁOCK\RAFINERIA\PR03 BLOK PRZEROBU ROPY\DRW-IV|DR4.FC43354_SQR.PV;"2026-07-23 15:07:43,203003";"46,775936126709"
\\PIAF\PKN Orlen\PI Vision\PKN Orlen\ZAKŁAD PRODUKCYJNY PŁOCK\RAFINERIA\PR03 BLOK PRZEROBU ROPY\DRW-IV|DR4.FC43354_SQR.PV;"2026-07-23 15:11:28,143005";"44,8551559448242"
\\PIAF\PKN Orlen\PI Vision\PKN Orlen\ZAKŁAD PRODUKCYJNY PŁOCK\RAFINERIA\PR03 BLOK PRZEROBU ROPY\DRW-IV|DR4.FC43354_SQR.PV;"2026-07-23 15:17:58,128006";"44,8867073059082"
\\PIAF\PKN Orlen\PI Vision\PKN Orlen\ZAKŁAD PRODUKCYJNY PŁOCK\RAFINERIA\PR03 BLOK PRZEROBU ROPY\DRW-IV|DR4.FC43354_SQR.PV;"2026-07-23 15:22:03,190002";"44,2219467163086"
\\PIAF\PKN Orlen\PI Vision\PKN Orlen\ZAKŁAD PRODUKCYJNY PŁOCK\RAFINERIA\PR03 BLOK PRZEROBU ROPY\DRW-IV|DR4.FC43354_SQR.PV;"2026-07-23 15:25:38,112";"44,1978340148926"
\\PIAF\PKN Orlen\PI Vision\PKN Orlen\ZAKŁAD PRODUKCYJNY PŁOCK\RAFINERIA\PR03 BLOK PRZEROBU ROPY\DRW-IV|DR4.FC43354_SQR.PV;"2026-07-23 15:31:33,193008";"45,0345802307129"
\\PIAF\PKN Orlen\PI Vision\PKN Orlen\ZAKŁAD PRODUKCYJNY PŁOCK\RAFINERIA\PR03 BLOK PRZEROBU ROPY\DRW-IV|DR4.FC43354_SQR.PV;"2026-07-23 15:36:58,178009";"44,9773902893066"
\\PIAF\PKN Orlen\PI Vision\PKN Orlen\ZAKŁAD PRODUKCYJNY PŁOCK\RAFINERIA\PR03 BLOK PRZEROBU ROPY\DRW-IV|DR4.FC43354_SQR.PV;"2026-07-23 15:45:18,093002";"43,2582473754883"
\\PIAF\PKN Orlen\PI Vision\PKN Orlen\ZAKŁAD PRODUKCYJNY PŁOCK\RAFINERIA\PR03 BLOK PRZEROBU ROPY\DRW-IV|DR4.FC43354_SQR.PV;"2026-07-23 15:46:23,171005";"43,0281028747559"
\\PIAF\PKN Orlen\PI Vision\PKN Orlen\ZAKŁAD PRODUKCYJNY PŁOCK\RAFINERIA\PR03 BLOK PRZEROBU ROPY\DRW-IV|DR4.FC43354_SQR.PV;"2026-07-23 15:47:28,156006";"41,6989517211914"
\\PIAF\PKN Orlen\PI Vision\PKN Orlen\ZAKŁAD PRODUKCYJNY PŁOCK\RAFINERIA\PR03 BLOK PRZEROBU ROPY\DRW-IV|DR4.FC43354_SQR.PV;"2026-07-23 15:50:53,171005";"34,8652114868164"
\\PIAF\PKN Orlen\PI Vision\PKN Orlen\ZAKŁAD PRODUKCYJNY PŁOCK\RAFINERIA\PR03 BLOK PRZEROBU ROPY\DRW-IV|DR4.FC43354_SQR.PV;"2026-07-23 15:52:08,093002";"32,6213417053223"
\\PIAF\PKN Orlen\PI Vision\PKN Orlen\ZAKŁAD PRODUKCYJNY PŁOCK\RAFINERIA\PR03 BLOK PRZEROBU ROPY\DRW-IV|DR4.FC43354_SQR.PV;"2026-07-23 15:53:13,171005";"31,4836826324463"
\\PIAF\PKN Orlen\PI Vision\PKN Orlen\ZAKŁAD PRODUKCYJNY PŁOCK\RAFINERIA\PR03 BLOK PRZEROBU ROPY\DRW-IV|DR4.FC43354_SQR.PV;"2026-07-23 15:54:28,093002";"37,5288238525391"
\\PIAF\PKN Orlen\PI Vision\PKN Orlen\ZAKŁAD PRODUKCYJNY PŁOCK\RAFINERIA\PR03 BLOK PRZEROBU ROPY\DRW-IV|DR4.FC43354_SQR.PV;"2026-07-23 15:55:28,171005";"42,5034065246582"
\\PIAF\PKN Orlen\PI Vision\PKN Orlen\ZAKŁAD PRODUKCYJNY PŁOCK\RAFINERIA\PR03 BLOK PRZEROBU ROPY\DRW-IV|DR4.FC43354_SQR.PV;"2026-07-23 15:56:43,093002";"43,6578559875488"
\\PIAF\PKN Orlen\PI Vision\PKN Orlen\ZAKŁAD PRODUKCYJNY PŁOCK\RAFINERIA\PR03 BLOK PRZEROBU ROPY\DRW-IV|DR4.FC43354_SQR.PV;"2026-07-23 15:57:43,140014";"41,6654090881348"
\\PIAF\PKN Orlen\PI Vision\PKN Orlen\ZAKŁAD PRODUKCYJNY PŁOCK\RAFINERIA\PR03 BLOK PRZEROBU ROPY\DRW-IV|DR4.FC43354_SQR.PV;"2026-07-23 15:58:58,078003";"40,9225578308105"
\\PIAF\PKN Orlen\PI Vision\PKN Orlen\ZAKŁAD PRODUKCYJNY PŁOCK\RAFINERIA\PR03 BLOK PRZEROBU ROPY\DRW-IV|DR4.FC43354_SQR.PV;"2026-07-23 16:00:03,146011";"39,3282279968262"
\\PIAF\PKN Orlen\PI Vision\PKN Orlen\ZAKŁAD PRODUKCYJNY PŁOCK\RAFINERIA\PR03 BLOK PRZEROBU ROPY\DRW-IV|DR4.FC43354_SQR.PV;"2026-07-23 16:01:08,225006";"39,023624420166"
\\PIAF\PKN Orlen\PI Vision\PKN Orlen\ZAKŁAD PRODUKCYJNY PŁOCK\RAFINERIA\PR03 BLOK PRZEROBU ROPY\DRW-IV|DR4.FC43354_SQR.PV;"2026-07-23 16:03:48,131012";"38,8030700683594"
\\PIAF\PKN Orlen\PI Vision\PKN Orlen\ZAKŁAD PRODUKCYJNY PŁOCK\RAFINERIA\PR03 BLOK PRZEROBU ROPY\DRW-IV|DR4.FC43354_SQR.PV;"2026-07-23 16:05:03,162002";"38,2786140441895"
\\PIAF\PKN Orlen\PI Vision\PKN Orlen\ZAKŁAD PRODUKCYJNY PŁOCK\RAFINERIA\PR03 BLOK PRZEROBU ROPY\DRW-IV|DR4.FC43354_SQR.PV;"2026-07-23 16:12:48,131012";"38,345157623291"
\\PIAF\PKN Orlen\PI Vision\PKN Orlen\ZAKŁAD PRODUKCYJNY PŁOCK\RAFINERIA\PR03 BLOK PRZEROBU ROPY\DRW-IV|DR4.FC43354_SQR.PV;"2026-07-23 16:13:58,131012";"38,7068176269531"
\\PIAF\PKN Orlen\PI Vision\PKN Orlen\ZAKŁAD PRODUKCYJNY PŁOCK\RAFINERIA\PR03 BLOK PRZEROBU ROPY\DRW-IV|DR4.FC43354_SQR.PV;"2026-07-23 16:14:58,178009";"39,4040031433105"
\\PIAF\PKN Orlen\PI Vision\PKN Orlen\ZAKŁAD PRODUKCYJNY PŁOCK\RAFINERIA\PR03 BLOK PRZEROBU ROPY\DRW-IV|DR4.FC43354_SQR.PV;"2026-07-23 16:19:23,131012";"39,1624069213867"
\\PIAF\PKN Orlen\PI Vision\PKN Orlen\ZAKŁAD PRODUKCYJNY PŁOCK\RAFINERIA\PR03 BLOK PRZEROBU ROPY\DRW-IV|DR4.FC43354_SQR.PV;"2026-07-23 16:26:23,121002";"37,7426376342773"
\\PIAF\PKN Orlen\PI Vision\PKN Orlen\ZAKŁAD PRODUKCYJNY PŁOCK\RAFINERIA\PR03 BLOK PRZEROBU ROPY\DRW-IV|DR4.FC43354_SQR.PV;"2026-07-23 16:29:48,137008";"37,131706237793"
\\PIAF\PKN Orlen\PI Vision\PKN Orlen\ZAKŁAD PRODUKCYJNY PŁOCK\RAFINERIA\PR03 BLOK PRZEROBU ROPY\DRW-IV|DR4.FC43354_SQR.PV;"2026-07-23 16:33:43,090012";"35,7944297790527"
\\PIAF\PKN Orlen\PI Vision\PKN Orlen\ZAKŁAD PRODUKCYJNY PŁOCK\RAFINERIA\PR03 BLOK PRZEROBU ROPY\DRW-IV|DR4.FC43354_SQR.PV;"2026-07-23 16:36:48,168014";"35,8176765441895"
\\PIAF\PKN Orlen\PI Vision\PKN Orlen\ZAKŁAD PRODUKCYJNY PŁOCK\RAFINERIA\PR03 BLOK PRZEROBU ROPY\DRW-IV|DR4.FC43354_SQR.PV;"2026-07-23 16:40:03,174011";"35,9529838562012"
\\PIAF\PKN Orlen\PI Vision\PKN Orlen\ZAKŁAD PRODUKCYJNY PŁOCK\RAFINERIA\PR03 BLOK PRZEROBU ROPY\DRW-IV|DR4.FC43354_SQR.PV;"2026-07-23 16:45:08,128006";"35,5050735473633"
\\PIAF\PKN Orlen\PI Vision\PKN Orlen\ZAKŁAD PRODUKCYJNY PŁOCK\RAFINERIA\PR03 BLOK PRZEROBU ROPY\DRW-IV|DR4.FC43354_SQR.PV;"2026-07-23 16:46:23,174011";"35,1293182373047"
\\PIAF\PKN Orlen\PI Vision\PKN Orlen\ZAKŁAD PRODUKCYJNY PŁOCK\RAFINERIA\PR03 BLOK PRZEROBU ROPY\DRW-IV|DR4.FC43354_SQR.PV;"2026-07-23 16:49:03,096008";"34,9162979125977"
\\PIAF\PKN Orlen\PI Vision\PKN Orlen\ZAKŁAD PRODUKCYJNY PŁOCK\RAFINERIA\PR03 BLOK PRZEROBU ROPY\DRW-IV|DR4.FC43354_SQR.PV;"2026-07-23 16:55:38,165008";"35,4870223999023"
\\PIAF\PKN Orlen\PI Vision\PKN Orlen\ZAKŁAD PRODUKCYJNY PŁOCK\RAFINERIA\PR03 BLOK PRZEROBU ROPY\DRW-IV|DR4.FC43354_SQR.PV;"2026-07-23 17:02:28,134002";"35,1537208557129"
\\PIAF\PKN Orlen\PI Vision\PKN Orlen\ZAKŁAD PRODUKCYJNY PŁOCK\RAFINERIA\PR03 BLOK PRZEROBU ROPY\DRW-IV|DR4.FC43354_SQR.PV;"2026-07-23 17:05:48,103012";"35,8097877502441"
\\PIAF\PKN Orlen\PI Vision\PKN Orlen\ZAKŁAD PRODUKCYJNY PŁOCK\RAFINERIA\PR03 BLOK PRZEROBU ROPY\DRW-IV|DR4.FC43354_SQR.PV;"2026-07-23 17:07:53,118011";"36,6369667053223"
\\PIAF\PKN Orlen\PI Vision\PKN Orlen\ZAKŁAD PRODUKCYJNY PŁOCK\RAFINERIA\PR03 BLOK PRZEROBU ROPY\DRW-IV|DR4.FC43354_SQR.PV;"2026-07-23 17:13:23,203003";"36,5299339294434"
\\PIAF\PKN Orlen\PI Vision\PKN Orlen\ZAKŁAD PRODUKCYJNY PŁOCK\RAFINERIA\PR03 BLOK PRZEROBU ROPY\DRW-IV|DR4.FC43354_SQR.PV;"2026-07-23 17:17:48,249008";"36,6142845153809"
\\PIAF\PKN Orlen\PI Vision\PKN Orlen\ZAKŁAD PRODUKCYJNY PŁOCK\RAFINERIA\PR03 BLOK PRZEROBU ROPY\DRW-IV|DR4.FC43354_SQR.PV;"2026-07-23 17:19:18,171005";"36,9293327331543"
\\PIAF\PKN Orlen\PI Vision\PKN Orlen\ZAKŁAD PRODUKCYJNY PŁOCK\RAFINERIA\PR03 BLOK PRZEROBU ROPY\DRW-IV|DR4.FC43354_SQR.PV;"2026-07-23 17:23:53,156006";"37,2444267272949"
\\PIAF\PKN Orlen\PI Vision\PKN Orlen\ZAKŁAD PRODUKCYJNY PŁOCK\RAFINERIA\PR03 BLOK PRZEROBU ROPY\DRW-IV|DR4.FC43354_SQR.PV;"2026-07-23 17:26:58,218002";"36,8559494018555"
\\PIAF\PKN Orlen\PI Vision\PKN Orlen\ZAKŁAD PRODUKCYJNY PŁOCK\RAFINERIA\PR03 BLOK PRZEROBU ROPY\DRW-IV|DR4.FC43354_SQR.PV;"2026-07-23 17:34:08,203003";"36,7599182128906"
\\PIAF\PKN Orlen\PI Vision\PKN Orlen\ZAKŁAD PRODUKCYJNY PŁOCK\RAFINERIA\PR03 BLOK PRZEROBU ROPY\DRW-IV|DR4.FC43354_SQR.PV;"2026-07-23 17:38:18,156006";"36,6614189147949"
\\PIAF\PKN Orlen\PI Vision\PKN Orlen\ZAKŁAD PRODUKCYJNY PŁOCK\RAFINERIA\PR03 BLOK PRZEROBU ROPY\DRW-IV|DR4.FC43354_SQR.PV;"2026-07-23 17:44:58,187011";"36,5609016418457"
\\PIAF\PKN Orlen\PI Vision\PKN Orlen\ZAKŁAD PRODUKCYJNY PŁOCK\RAFINERIA\PR03 BLOK PRZEROBU ROPY\DRW-IV|DR4.FC43354_SQR.PV;"2026-07-23 17:46:23,078003";"36,6472816467285"
\\PIAF\PKN Orlen\PI Vision\PKN Orlen\ZAKŁAD PRODUKCYJNY PŁOCK\RAFINERIA\PR03 BLOK PRZEROBU ROPY\DRW-IV|DR4.FC43354_SQR.PV;"2026-07-23 17:49:33,125";"36,7784729003906"
\\PIAF\PKN Orlen\PI Vision\PKN Orlen\ZAKŁAD PRODUKCYJNY PŁOCK\RAFINERIA\PR03 BLOK PRZEROBU ROPY\DRW-IV|DR4.FC43354_SQR.PV;"2026-07-23 17:56:23,140014";"36,7042121887207"
\\PIAF\PKN Orlen\PI Vision\PKN Orlen\ZAKŁAD PRODUKCYJNY PŁOCK\RAFINERIA\PR03 BLOK PRZEROBU ROPY\DRW-IV|DR4.FC43354_SQR.PV;"2026-07-23 17:59:28,109009";"36,885913848877"
\\PIAF\PKN Orlen\PI Vision\PKN Orlen\ZAKŁAD PRODUKCYJNY PŁOCK\RAFINERIA\PR03 BLOK PRZEROBU ROPY\DRW-IV|DR4.FC43354_SQR.PV;"2026-07-23 18:17:28,256012";"36,8645439147949"
\\PIAF\PKN Orlen\PI Vision\PKN Orlen\ZAKŁAD PRODUKCYJNY PŁOCK\RAFINERIA\PR03 BLOK PRZEROBU ROPY\DRW-IV|DR4.FC43354_SQR.PV;"2026-07-23 18:28:18,218002";"36,3876609802246"
\\PIAF\PKN Orlen\PI Vision\PKN Orlen\ZAKŁAD PRODUKCYJNY PŁOCK\RAFINERIA\PR03 BLOK PRZEROBU ROPY\DRW-IV|DR4.FC43354_SQR.PV;"2026-07-23 18:31:38,103012";"36,4518547058105"
\\PIAF\PKN Orlen\PI Vision\PKN Orlen\ZAKŁAD PRODUKCYJNY PŁOCK\RAFINERIA\PR03 BLOK PRZEROBU ROPY\DRW-IV|DR4.FC43354_SQR.PV;"2026-07-23 18:35:43,134002";"36,8816070556641"
\\PIAF\PKN Orlen\PI Vision\PKN Orlen\ZAKŁAD PRODUKCYJNY PŁOCK\RAFINERIA\PR03 BLOK PRZEROBU ROPY\DRW-IV|DR4.FC43354_SQR.PV;"2026-07-23 18:39:18,134002";"36,9604110717773"
\\PIAF\PKN Orlen\PI Vision\PKN Orlen\ZAKŁAD PRODUKCYJNY PŁOCK\RAFINERIA\PR03 BLOK PRZEROBU ROPY\DRW-IV|DR4.FC43354_SQR.PV;"2026-07-23 18:42:43,121002";"36,7988166809082"
\\PIAF\PKN Orlen\PI Vision\PKN Orlen\ZAKŁAD PRODUKCYJNY PŁOCK\RAFINERIA\PR03 BLOK PRZEROBU ROPY\DRW-IV|DR4.FC43354_SQR.PV;"2026-07-23 18:47:43,184005";"36,9579963684082"
\\PIAF\PKN Orlen\PI Vision\PKN Orlen\ZAKŁAD PRODUKCYJNY PŁOCK\RAFINERIA\PR03 BLOK PRZEROBU ROPY\DRW-IV|DR4.FC43354_SQR.PV;"2026-07-23 18:54:03,184005";"37,3811569213867"
\\PIAF\PKN Orlen\PI Vision\PKN Orlen\ZAKŁAD PRODUKCYJNY PŁOCK\RAFINERIA\PR03 BLOK PRZEROBU ROPY\DRW-IV|DR4.FC43354_SQR.PV;"2026-07-23 18:57:23,184005";"37,4886703491211"
\\PIAF\PKN Orlen\PI Vision\PKN Orlen\ZAKŁAD PRODUKCYJNY PŁOCK\RAFINERIA\PR03 BLOK PRZEROBU ROPY\DRW-IV|DR4.FC43354_SQR.PV;"2026-07-23 19:02:53,199005";"37,0653953552246"
\\PIAF\PKN Orlen\PI Vision\PKN Orlen\ZAKŁAD PRODUKCYJNY PŁOCK\RAFINERIA\PR03 BLOK PRZEROBU ROPY\DRW-IV|DR4.FC43354_SQR.PV;"2026-07-23 19:09:08,153";"36,8822975158691"
\\PIAF\PKN Orlen\PI Vision\PKN Orlen\ZAKŁAD PRODUKCYJNY PŁOCK\RAFINERIA\PR03 BLOK PRZEROBU ROPY\DRW-IV|DR4.FC43354_SQR.PV;"2026-07-23 19:13:28,174011";"37,1860275268555"
\\PIAF\PKN Orlen\PI Vision\PKN Orlen\ZAKŁAD PRODUKCYJNY PŁOCK\RAFINERIA\PR03 BLOK PRZEROBU ROPY\DRW-IV|DR4.FC43354_SQR.PV;"2026-07-23 19:18:28,159012";"36,6860542297363"
\\PIAF\PKN Orlen\PI Vision\PKN Orlen\ZAKŁAD PRODUKCYJNY PŁOCK\RAFINERIA\PR03 BLOK PRZEROBU ROPY\DRW-IV|DR4.FC43354_SQR.PV;"2026-07-23 19:21:53,159012";"36,1475410461426"
\\PIAF\PKN Orlen\PI Vision\PKN Orlen\ZAKŁAD PRODUKCYJNY PŁOCK\RAFINERIA\PR03 BLOK PRZEROBU ROPY\DRW-IV|DR4.FC43354_SQR.PV;"2026-07-23 19:24:33,190002";"36,1242904663086"
\\PIAF\PKN Orlen\PI Vision\PKN Orlen\ZAKŁAD PRODUKCYJNY PŁOCK\RAFINERIA\PR03 BLOK PRZEROBU ROPY\DRW-IV|DR4.FC43354_SQR.PV;"2026-07-23 19:28:18,174011";"36,7177085876465"
\\PIAF\PKN Orlen\PI Vision\PKN Orlen\ZAKŁAD PRODUKCYJNY PŁOCK\RAFINERIA\PR03 BLOK PRZEROBU ROPY\DRW-IV|DR4.FC43354_SQR.PV;"2026-07-23 19:30:33,243011";"37,2280349731445"
\\PIAF\PKN Orlen\PI Vision\PKN Orlen\ZAKŁAD PRODUKCYJNY PŁOCK\RAFINERIA\PR03 BLOK PRZEROBU ROPY\DRW-IV|DR4.FC43354_SQR.PV;"2026-07-23 19:36:18,165008";"37,4816360473633"
\\PIAF\PKN Orlen\PI Vision\PKN Orlen\ZAKŁAD PRODUKCYJNY PŁOCK\RAFINERIA\PR03 BLOK PRZEROBU ROPY\DRW-IV|DR4.FC43354_SQR.PV;"2026-07-23 19:43:48,118011";"37,109447479248"
\\PIAF\PKN Orlen\PI Vision\PKN Orlen\ZAKŁAD PRODUKCYJNY PŁOCK\RAFINERIA\PR03 BLOK PRZEROBU ROPY\DRW-IV|DR4.FC43354_SQR.PV;"2026-07-23 19:49:43,196014";"37,2897644042969"
\\PIAF\PKN Orlen\PI Vision\PKN Orlen\ZAKŁAD PRODUKCYJNY PŁOCK\RAFINERIA\PR03 BLOK PRZEROBU ROPY\DRW-IV|DR4.FC43354_SQR.PV;"2026-07-23 19:55:33,25";"37,4759292602539"
\\PIAF\PKN Orlen\PI Vision\PKN Orlen\ZAKŁAD PRODUKCYJNY PŁOCK\RAFINERIA\PR03 BLOK PRZEROBU ROPY\DRW-IV|DR4.FC43354_SQR.PV;"2026-07-23 20:00:13,156006";"37,2339401245117"
\\PIAF\PKN Orlen\PI Vision\PKN Orlen\ZAKŁAD PRODUKCYJNY PŁOCK\RAFINERIA\PR03 BLOK PRZEROBU ROPY\DRW-IV|DR4.FC43354_SQR.PV;"2026-07-23 20:09:13,187011";"37,4459571838379"
\\PIAF\PKN Orlen\PI Vision\PKN Orlen\ZAKŁAD PRODUKCYJNY PŁOCK\RAFINERIA\PR03 BLOK PRZEROBU ROPY\DRW-IV|DR4.FC43354_SQR.PV;"2026-07-23 20:13:48,187011";"37,5554351806641"
\\PIAF\PKN Orlen\PI Vision\PKN Orlen\ZAKŁAD PRODUKCYJNY PŁOCK\RAFINERIA\PR03 BLOK PRZEROBU ROPY\DRW-IV|DR4.FC43354_SQR.PV;"2026-07-23 20:15:43,156006";"37,1683731079102"
\\PIAF\PKN Orlen\PI Vision\PKN Orlen\ZAKŁAD PRODUKCYJNY PŁOCK\RAFINERIA\PR03 BLOK PRZEROBU ROPY\DRW-IV|DR4.FC43354_SQR.PV;"2026-07-23 20:19:48,078003";"37,4001731872559"
\\PIAF\PKN Orlen\PI Vision\PKN Orlen\ZAKŁAD PRODUKCYJNY PŁOCK\RAFINERIA\PR03 BLOK PRZEROBU ROPY\DRW-IV|DR4.FC43354_SQR.PV;"2026-07-23 20:27:08,224014";"38,2014694213867"
\\PIAF\PKN Orlen\PI Vision\PKN Orlen\ZAKŁAD PRODUKCYJNY PŁOCK\RAFINERIA\PR03 BLOK PRZEROBU ROPY\DRW-IV|DR4.FC43354_SQR.PV;"2026-07-23 20:31:43,178009";"38,040901184082"
\\PIAF\PKN Orlen\PI Vision\PKN Orlen\ZAKŁAD PRODUKCYJNY PŁOCK\RAFINERIA\PR03 BLOK PRZEROBU ROPY\DRW-IV|DR4.FC43354_SQR.PV;"2026-07-23 20:34:03,193008";"37,9008255004883"
\\PIAF\PKN Orlen\PI Vision\PKN Orlen\ZAKŁAD PRODUKCYJNY PŁOCK\RAFINERIA\PR03 BLOK PRZEROBU ROPY\DRW-IV|DR4.FC43354_SQR.PV;"2026-07-23 20:36:23,224014";"37,7145500183105"
\\PIAF\PKN Orlen\PI Vision\PKN Orlen\ZAKŁAD PRODUKCYJNY PŁOCK\RAFINERIA\PR03 BLOK PRZEROBU ROPY\DRW-IV|DR4.FC43354_SQR.PV;"2026-07-23 20:41:13,209015";"38,089786529541"
\\PIAF\PKN Orlen\PI Vision\PKN Orlen\ZAKŁAD PRODUKCYJNY PŁOCK\RAFINERIA\PR03 BLOK PRZEROBU ROPY\DRW-IV|DR4.FC43354_SQR.PV;"2026-07-23 20:50:38,209015";"37,8561935424805"
\\PIAF\PKN Orlen\PI Vision\PKN Orlen\ZAKŁAD PRODUKCYJNY PŁOCK\RAFINERIA\PR03 BLOK PRZEROBU ROPY\DRW-IV|DR4.FC43354_SQR.PV;"2026-07-23 21:00:33,131012";"37,6471481323242"
\\PIAF\PKN Orlen\PI Vision\PKN Orlen\ZAKŁAD PRODUKCYJNY PŁOCK\RAFINERIA\PR03 BLOK PRZEROBU ROPY\DRW-IV|DR4.FC43354_SQR.PV;"2026-07-23 21:02:33,146011";"37,880558013916"
\\PIAF\PKN Orlen\PI Vision\PKN Orlen\ZAKŁAD PRODUKCYJNY PŁOCK\RAFINERIA\PR03 BLOK PRZEROBU ROPY\DRW-IV|DR4.FC43354_SQR.PV;"2026-07-23 21:04:18,146011";"37,8464126586914"
\\PIAF\PKN Orlen\PI Vision\PKN Orlen\ZAKŁAD PRODUKCYJNY PŁOCK\RAFINERIA\PR03 BLOK PRZEROBU ROPY\DRW-IV|DR4.FC43354_SQR.PV;"2026-07-23 21:10:08,209015";"37,9068984985352"
\\PIAF\PKN Orlen\PI Vision\PKN Orlen\ZAKŁAD PRODUKCYJNY PŁOCK\RAFINERIA\PR03 BLOK PRZEROBU ROPY\DRW-IV|DR4.FC43354_SQR.PV;"2026-07-23 21:17:18,225006";"37,7103652954102"
\\PIAF\PKN Orlen\PI Vision\PKN Orlen\ZAKŁAD PRODUKCYJNY PŁOCK\RAFINERIA\PR03 BLOK PRZEROBU ROPY\DRW-IV|DR4.FC43354_SQR.PV;"2026-07-23 21:23:08,131012";"37,6148300170898"
\\PIAF\PKN Orlen\PI Vision\PKN Orlen\ZAKŁAD PRODUKCYJNY PŁOCK\RAFINERIA\PR03 BLOK PRZEROBU ROPY\DRW-IV|DR4.FC43354_SQR.PV;"2026-07-23 21:37:03,193008";"37,5706214904785"
\\PIAF\PKN Orlen\PI Vision\PKN Orlen\ZAKŁAD PRODUKCYJNY PŁOCK\RAFINERIA\PR03 BLOK PRZEROBU ROPY\DRW-IV|DR4.FC43354_SQR.PV;"2026-07-23 21:58:18,162002";"37,5414886474609"
\\PIAF\PKN Orlen\PI Vision\PKN Orlen\ZAKŁAD PRODUKCYJNY PŁOCK\RAFINERIA\PR03 BLOK PRZEROBU ROPY\DRW-IV|DR4.FC43354_SQR.PV;"2026-07-23 22:05:53,115005";"37,8185768127441"
\\PIAF\PKN Orlen\PI Vision\PKN Orlen\ZAKŁAD PRODUKCYJNY PŁOCK\RAFINERIA\PR03 BLOK PRZEROBU ROPY\DRW-IV|DR4.FC43354_SQR.PV;"2026-07-23 22:15:33,178009";"37,9851531982422"
\\PIAF\PKN Orlen\PI Vision\PKN Orlen\ZAKŁAD PRODUKCYJNY PŁOCK\RAFINERIA\PR03 BLOK PRZEROBU ROPY\DRW-IV|DR4.FC43354_SQR.PV;"2026-07-23 22:21:13,146011";"37,7133674621582"
\\PIAF\PKN Orlen\PI Vision\PKN Orlen\ZAKŁAD PRODUKCYJNY PŁOCK\RAFINERIA\PR03 BLOK PRZEROBU ROPY\DRW-IV|DR4.FC43354_SQR.PV;"2026-07-23 22:32:13,162002";"37,8847770690918"
\\PIAF\PKN Orlen\PI Vision\PKN Orlen\ZAKŁAD PRODUKCYJNY PŁOCK\RAFINERIA\PR03 BLOK PRZEROBU ROPY\DRW-IV|DR4.FC43354_SQR.PV;"2026-07-23 22:35:43,178009";"37,8214225769043"
\\PIAF\PKN Orlen\PI Vision\PKN Orlen\ZAKŁAD PRODUKCYJNY PŁOCK\RAFINERIA\PR03 BLOK PRZEROBU ROPY\DRW-IV|DR4.FC43354_SQR.PV;"2026-07-23 22:44:53,084015";"37,8627090454102"
\\PIAF\PKN Orlen\PI Vision\PKN Orlen\ZAKŁAD PRODUKCYJNY PŁOCK\RAFINERIA\PR03 BLOK PRZEROBU ROPY\DRW-IV|DR4.FC43354_SQR.PV;"2026-07-23 22:48:53,178009";"37,980583190918"
\\PIAF\PKN Orlen\PI Vision\PKN Orlen\ZAKŁAD PRODUKCYJNY PŁOCK\RAFINERIA\PR03 BLOK PRZEROBU ROPY\DRW-IV|DR4.FC43354_SQR.PV;"2026-07-23 22:55:38,131012";"37,8797912597656"
\\PIAF\PKN Orlen\PI Vision\PKN Orlen\ZAKŁAD PRODUKCYJNY PŁOCK\RAFINERIA\PR03 BLOK PRZEROBU ROPY\DRW-IV|DR4.FC43354_SQR.PV;"2026-07-23 23:01:48,099014";"38,4102058410645"
\\PIAF\PKN Orlen\PI Vision\PKN Orlen\ZAKŁAD PRODUKCYJNY PŁOCK\RAFINERIA\PR03 BLOK PRZEROBU ROPY\DRW-IV|DR4.FC43354_SQR.PV;"2026-07-23 23:10:53,068008";"37,891544342041"
\\PIAF\PKN Orlen\PI Vision\PKN Orlen\ZAKŁAD PRODUKCYJNY PŁOCK\RAFINERIA\PR03 BLOK PRZEROBU ROPY\DRW-IV|DR4.FC43354_SQR.PV;"2026-07-23 23:17:33,115005";"38,5401840209961"
\\PIAF\PKN Orlen\PI Vision\PKN Orlen\ZAKŁAD PRODUKCYJNY PŁOCK\RAFINERIA\PR03 BLOK PRZEROBU ROPY\DRW-IV|DR4.FC43354_SQR.PV;"2026-07-23 23:31:43,115005";"38,0448379516602"
\\PIAF\PKN Orlen\PI Vision\PKN Orlen\ZAKŁAD PRODUKCYJNY PŁOCK\RAFINERIA\PR03 BLOK PRZEROBU ROPY\DRW-IV|DR4.FC43354_SQR.PV;"2026-07-23 23:45:43,115005";"37,907600402832"
\\PIAF\PKN Orlen\PI Vision\PKN Orlen\ZAKŁAD PRODUKCYJNY PŁOCK\RAFINERIA\PR03 BLOK PRZEROBU ROPY\DRW-IV|DR4.FC43354_SQR.PV;"2026-07-23 23:47:48,146011";"38,2011260986328"
\\PIAF\PKN Orlen\PI Vision\PKN Orlen\ZAKŁAD PRODUKCYJNY PŁOCK\RAFINERIA\PR03 BLOK PRZEROBU ROPY\DRW-IV|DR4.FC43354_SQR.PV;"2026-07-24 00:00:18,146011";"37,9645957946777"
\\PIAF\PKN Orlen\PI Vision\PKN Orlen\ZAKŁAD PRODUKCYJNY PŁOCK\RAFINERIA\PR03 BLOK PRZEROBU ROPY\DRW-IV|DR4.FC43354_SQR.PV;"2026-07-24 00:09:23,193008";"38,1157035827637"
\\PIAF\PKN Orlen\PI Vision\PKN Orlen\ZAKŁAD PRODUKCYJNY PŁOCK\RAFINERIA\PR03 BLOK PRZEROBU ROPY\DRW-IV|DR4.FC43354_SQR.PV;"2026-07-24 00:15:33,131012";"37,786994934082"
\\PIAF\PKN Orlen\PI Vision\PKN Orlen\ZAKŁAD PRODUKCYJNY PŁOCK\RAFINERIA\PR03 BLOK PRZEROBU ROPY\DRW-IV|DR4.FC43354_SQR.PV;"2026-07-24 00:30:48,256012";"38,0858612060547"
\\PIAF\PKN Orlen\PI Vision\PKN Orlen\ZAKŁAD PRODUKCYJNY PŁOCK\RAFINERIA\PR03 BLOK PRZEROBU ROPY\DRW-IV|DR4.FC43354_SQR.PV;"2026-07-24 00:34:43,256012";"38,4147186279297"
\\PIAF\PKN Orlen\PI Vision\PKN Orlen\ZAKŁAD PRODUKCYJNY PŁOCK\RAFINERIA\PR03 BLOK PRZEROBU ROPY\DRW-IV|DR4.FC43354_SQR.PV;"2026-07-24 00:45:03,087006";"37,8590774536133"
\\PIAF\PKN Orlen\PI Vision\PKN Orlen\ZAKŁAD PRODUKCYJNY PŁOCK\RAFINERIA\PR03 BLOK PRZEROBU ROPY\DRW-IV|DR4.FC43354_SQR.PV;"2026-07-24 00:57:28,199005";"38,0131072998047"
\\PIAF\PKN Orlen\PI Vision\PKN Orlen\ZAKŁAD PRODUKCYJNY PŁOCK\RAFINERIA\PR03 BLOK PRZEROBU ROPY\DRW-IV|DR4.FC43354_SQR.PV;"2026-07-24 01:04:28,146011";"37,7686386108398"
\\PIAF\PKN Orlen\PI Vision\PKN Orlen\ZAKŁAD PRODUKCYJNY PŁOCK\RAFINERIA\PR03 BLOK PRZEROBU ROPY\DRW-IV|DR4.FC43354_SQR.PV;"2026-07-24 01:13:48,146011";"37,8376579284668"
\\PIAF\PKN Orlen\PI Vision\PKN Orlen\ZAKŁAD PRODUKCYJNY PŁOCK\RAFINERIA\PR03 BLOK PRZEROBU ROPY\DRW-IV|DR4.FC43354_SQR.PV;"2026-07-24 01:19:48,131012";"37,6709213256836"
\\PIAF\PKN Orlen\PI Vision\PKN Orlen\ZAKŁAD PRODUKCYJNY PŁOCK\RAFINERIA\PR03 BLOK PRZEROBU ROPY\DRW-IV|DR4.FC43354_SQR.PV;"2026-07-24 01:28:18,162002";"37,8597946166992"
\\PIAF\PKN Orlen\PI Vision\PKN Orlen\ZAKŁAD PRODUKCYJNY PŁOCK\RAFINERIA\PR03 BLOK PRZEROBU ROPY\DRW-IV|DR4.FC43354_SQR.PV;"2026-07-24 01:33:38,184005";"38,0357780456543"
\\PIAF\PKN Orlen\PI Vision\PKN Orlen\ZAKŁAD PRODUKCYJNY PŁOCK\RAFINERIA\PR03 BLOK PRZEROBU ROPY\DRW-IV|DR4.FC43354_SQR.PV;"2026-07-24 01:40:58,168014";"39,080738067627"
\\PIAF\PKN Orlen\PI Vision\PKN Orlen\ZAKŁAD PRODUKCYJNY PŁOCK\RAFINERIA\PR03 BLOK PRZEROBU ROPY\DRW-IV|DR4.FC43354_SQR.PV;"2026-07-24 01:47:58,074005";"38,7265090942383"
\\PIAF\PKN Orlen\PI Vision\PKN Orlen\ZAKŁAD PRODUKCYJNY PŁOCK\RAFINERIA\PR03 BLOK PRZEROBU ROPY\DRW-IV|DR4.FC43354_SQR.PV;"2026-07-24 01:51:33,206009";"38,2550354003906"
\\PIAF\PKN Orlen\PI Vision\PKN Orlen\ZAKŁAD PRODUKCYJNY PŁOCK\RAFINERIA\PR03 BLOK PRZEROBU ROPY\DRW-IV|DR4.FC43354_SQR.PV;"2026-07-24 02:00:13,212006";"38,2208442687988"
\\PIAF\PKN Orlen\PI Vision\PKN Orlen\ZAKŁAD PRODUKCYJNY PŁOCK\RAFINERIA\PR03 BLOK PRZEROBU ROPY\DRW-IV|DR4.FC43354_SQR.PV;"2026-07-24 02:07:53,181";"37,5674285888672"
\\PIAF\PKN Orlen\PI Vision\PKN Orlen\ZAKŁAD PRODUKCYJNY PŁOCK\RAFINERIA\PR03 BLOK PRZEROBU ROPY\DRW-IV|DR4.FC43354_SQR.PV;"2026-07-24 02:18:18,196014";"38,0040664672852"
\\PIAF\PKN Orlen\PI Vision\PKN Orlen\ZAKŁAD PRODUKCYJNY PŁOCK\RAFINERIA\PR03 BLOK PRZEROBU ROPY\DRW-IV|DR4.FC43354_SQR.PV;"2026-07-24 02:21:03,156006";"37,8954772949219"
\\PIAF\PKN Orlen\PI Vision\PKN Orlen\ZAKŁAD PRODUKCYJNY PŁOCK\RAFINERIA\PR03 BLOK PRZEROBU ROPY\DRW-IV|DR4.FC43354_SQR.PV;"2026-07-24 02:30:53,139999";"37,667537689209"
\\PIAF\PKN Orlen\PI Vision\PKN Orlen\ZAKŁAD PRODUKCYJNY PŁOCK\RAFINERIA\PR03 BLOK PRZEROBU ROPY\DRW-IV|DR4.FC43354_SQR.PV;"2026-07-24 02:42:33,193008";"37,5909461975098"
\\PIAF\PKN Orlen\PI Vision\PKN Orlen\ZAKŁAD PRODUKCYJNY PŁOCK\RAFINERIA\PR03 BLOK PRZEROBU ROPY\DRW-IV|DR4.FC43354_SQR.PV;"2026-07-24 02:48:58,193008";"37,9829025268555"
\\PIAF\PKN Orlen\PI Vision\PKN Orlen\ZAKŁAD PRODUKCYJNY PŁOCK\RAFINERIA\PR03 BLOK PRZEROBU ROPY\DRW-IV|DR4.FC43354_SQR.PV;"2026-07-24 02:56:28,240005";"37,5253143310547"
\\PIAF\PKN Orlen\PI Vision\PKN Orlen\ZAKŁAD PRODUKCYJNY PŁOCK\RAFINERIA\PR03 BLOK PRZEROBU ROPY\DRW-IV|DR4.FC43354_SQR.PV;"2026-07-24 03:03:03,193008";"37,8701400756836"
\\PIAF\PKN Orlen\PI Vision\PKN Orlen\ZAKŁAD PRODUKCYJNY PŁOCK\RAFINERIA\PR03 BLOK PRZEROBU ROPY\DRW-IV|DR4.FC43354_SQR.PV;"2026-07-24 03:07:13,131012";"37,5630149841309"
\\PIAF\PKN Orlen\PI Vision\PKN Orlen\ZAKŁAD PRODUKCYJNY PŁOCK\RAFINERIA\PR03 BLOK PRZEROBU ROPY\DRW-IV|DR4.FC43354_SQR.PV;"2026-07-24 03:10:28,128006";"37,4591598510742"
\\PIAF\PKN Orlen\PI Vision\PKN Orlen\ZAKŁAD PRODUKCYJNY PŁOCK\RAFINERIA\PR03 BLOK PRZEROBU ROPY\DRW-IV|DR4.FC43354_SQR.PV;"2026-07-24 03:22:58,178009";"37,773494720459"
\\PIAF\PKN Orlen\PI Vision\PKN Orlen\ZAKŁAD PRODUKCYJNY PŁOCK\RAFINERIA\PR03 BLOK PRZEROBU ROPY\DRW-IV|DR4.FC43354_SQR.PV;"2026-07-24 03:28:23,225006";"37,4471588134766"
\\PIAF\PKN Orlen\PI Vision\PKN Orlen\ZAKŁAD PRODUKCYJNY PŁOCK\RAFINERIA\PR03 BLOK PRZEROBU ROPY\DRW-IV|DR4.FC43354_SQR.PV;"2026-07-24 03:39:18,209";"37,7253723144531"
\\PIAF\PKN Orlen\PI Vision\PKN Orlen\ZAKŁAD PRODUKCYJNY PŁOCK\RAFINERIA\PR03 BLOK PRZEROBU ROPY\DRW-IV|DR4.FC43354_SQR.PV;"2026-07-24 03:46:28,209";"37,6072235107422"
\\PIAF\PKN Orlen\PI Vision\PKN Orlen\ZAKŁAD PRODUKCYJNY PŁOCK\RAFINERIA\PR03 BLOK PRZEROBU ROPY\DRW-IV|DR4.FC43354_SQR.PV;"2026-07-24 03:55:58,131012";"37,5722465515137"
\\PIAF\PKN Orlen\PI Vision\PKN Orlen\ZAKŁAD PRODUKCYJNY PŁOCK\RAFINERIA\PR03 BLOK PRZEROBU ROPY\DRW-IV|DR4.FC43354_SQR.PV;"2026-07-24 04:21:43,131012";"37,6455955505371"
\\PIAF\PKN Orlen\PI Vision\PKN Orlen\ZAKŁAD PRODUKCYJNY PŁOCK\RAFINERIA\PR03 BLOK PRZEROBU ROPY\DRW-IV|DR4.FC43354_SQR.PV;"2026-07-24 04:29:08,116012";"37,6886558532715"
\\PIAF\PKN Orlen\PI Vision\PKN Orlen\ZAKŁAD PRODUKCYJNY PŁOCK\RAFINERIA\PR03 BLOK PRZEROBU ROPY\DRW-IV|DR4.FC43354_SQR.PV;"2026-07-24 04:37:38,163009";"37,6103668212891"
\\PIAF\PKN Orlen\PI Vision\PKN Orlen\ZAKŁAD PRODUKCYJNY PŁOCK\RAFINERIA\PR03 BLOK PRZEROBU ROPY\DRW-IV|DR4.FC43354_SQR.PV;"2026-07-24 04:42:13,131012";"37,910572052002"
\\PIAF\PKN Orlen\PI Vision\PKN Orlen\ZAKŁAD PRODUKCYJNY PŁOCK\RAFINERIA\PR03 BLOK PRZEROBU ROPY\DRW-IV|DR4.FC43354_SQR.PV;"2026-07-24 04:45:08,147003";"38,4496459960938"
\\PIAF\PKN Orlen\PI Vision\PKN Orlen\ZAKŁAD PRODUKCYJNY PŁOCK\RAFINERIA\PR03 BLOK PRZEROBU ROPY\DRW-IV|DR4.FC43354_SQR.PV;"2026-07-24 04:49:58,147003";"38,3097991943359"
\\PIAF\PKN Orlen\PI Vision\PKN Orlen\ZAKŁAD PRODUKCYJNY PŁOCK\RAFINERIA\PR03 BLOK PRZEROBU ROPY\DRW-IV|DR4.FC43354_SQR.PV;"2026-07-24 04:52:13,225006";"38,1162796020508"
\\PIAF\PKN Orlen\PI Vision\PKN Orlen\ZAKŁAD PRODUKCYJNY PŁOCK\RAFINERIA\PR03 BLOK PRZEROBU ROPY\DRW-IV|DR4.FC43354_SQR.PV;"2026-07-24 05:02:48,084";"38,2758255004883"
\\PIAF\PKN Orlen\PI Vision\PKN Orlen\ZAKŁAD PRODUKCYJNY PŁOCK\RAFINERIA\PR03 BLOK PRZEROBU ROPY\DRW-IV|DR4.FC43354_SQR.PV;"2026-07-24 05:17:33,178009";"38,0411033630371"
\\PIAF\PKN Orlen\PI Vision\PKN Orlen\ZAKŁAD PRODUKCYJNY PŁOCK\RAFINERIA\PR03 BLOK PRZEROBU ROPY\DRW-IV|DR4.FC43354_SQR.PV;"2026-07-24 05:27:03,178009";"38,5622444152832"
\\PIAF\PKN Orlen\PI Vision\PKN Orlen\ZAKŁAD PRODUKCYJNY PŁOCK\RAFINERIA\PR03 BLOK PRZEROBU ROPY\DRW-IV|DR4.FC43354_SQR.PV;"2026-07-24 05:32:58,147003";"37,9946517944336"
\\PIAF\PKN Orlen\PI Vision\PKN Orlen\ZAKŁAD PRODUKCYJNY PŁOCK\RAFINERIA\PR03 BLOK PRZEROBU ROPY\DRW-IV|DR4.FC43354_SQR.PV;"2026-07-24 05:43:23,100006";"38,4141654968262"
\\PIAF\PKN Orlen\PI Vision\PKN Orlen\ZAKŁAD PRODUKCYJNY PŁOCK\RAFINERIA\PR03 BLOK PRZEROBU ROPY\DRW-IV|DR4.FC43354_SQR.PV;"2026-07-24 05:48:33,225006";"38,0268249511719"
\\PIAF\PKN Orlen\PI Vision\PKN Orlen\ZAKŁAD PRODUKCYJNY PŁOCK\RAFINERIA\PR03 BLOK PRZEROBU ROPY\DRW-IV|DR4.FC43354_SQR.PV;"2026-07-24 05:54:28,147003";"38,3994216918945"
\\PIAF\PKN Orlen\PI Vision\PKN Orlen\ZAKŁAD PRODUKCYJNY PŁOCK\RAFINERIA\PR03 BLOK PRZEROBU ROPY\DRW-IV|DR4.FC43354_SQR.PV;"2026-07-24 05:59:33,116012";"39,0264358520508"
\\PIAF\PKN Orlen\PI Vision\PKN Orlen\ZAKŁAD PRODUKCYJNY PŁOCK\RAFINERIA\PR03 BLOK PRZEROBU ROPY\DRW-IV|DR4.FC43354_SQR.PV;"2026-07-24 06:08:58,100006";"38,6130828857422"
\\PIAF\PKN Orlen\PI Vision\PKN Orlen\ZAKŁAD PRODUKCYJNY PŁOCK\RAFINERIA\PR03 BLOK PRZEROBU ROPY\DRW-IV|DR4.FC43354_SQR.PV;"2026-07-24 06:14:13,100006";"38,3958396911621"
\\PIAF\PKN Orlen\PI Vision\PKN Orlen\ZAKŁAD PRODUKCYJNY PŁOCK\RAFINERIA\PR03 BLOK PRZEROBU ROPY\DRW-IV|DR4.FC43354_SQR.PV;"2026-07-24 06:20:43,131012";"38,0093002319336"
\\PIAF\PKN Orlen\PI Vision\PKN Orlen\ZAKŁAD PRODUKCYJNY PŁOCK\RAFINERIA\PR03 BLOK PRZEROBU ROPY\DRW-IV|DR4.FC43354_SQR.PV;"2026-07-24 06:27:48,163009";"37,8803253173828"
\\PIAF\PKN Orlen\PI Vision\PKN Orlen\ZAKŁAD PRODUKCYJNY PŁOCK\RAFINERIA\PR03 BLOK PRZEROBU ROPY\DRW-IV|DR4.FC43354_SQR.PV;"2026-07-24 06:36:58,100006";"37,9265098571777"
\\PIAF\PKN Orlen\PI Vision\PKN Orlen\ZAKŁAD PRODUKCYJNY PŁOCK\RAFINERIA\PR03 BLOK PRZEROBU ROPY\DRW-IV|DR4.FC43354_SQR.PV;"2026-07-24 06:46:28,178009";"37,9775085449219"
\\PIAF\PKN Orlen\PI Vision\PKN Orlen\ZAKŁAD PRODUKCYJNY PŁOCK\RAFINERIA\PR03 BLOK PRZEROBU ROPY\DRW-IV|DR4.FC43354_SQR.PV;"2026-07-24 06:49:28,147003";"37,8906440734863"
\\PIAF\PKN Orlen\PI Vision\PKN Orlen\ZAKŁAD PRODUKCYJNY PŁOCK\RAFINERIA\PR03 BLOK PRZEROBU ROPY\DRW-IV|DR4.FC43354_SQR.PV;"2026-07-24 07:00:08,162002";"37,9527778625488"
\\PIAF\PKN Orlen\PI Vision\PKN Orlen\ZAKŁAD PRODUKCYJNY PŁOCK\RAFINERIA\PR03 BLOK PRZEROBU ROPY\DRW-IV|DR4.FC43354_SQR.PV;"2026-07-24 07:06:58,131012";"37,7670021057129"
\\PIAF\PKN Orlen\PI Vision\PKN Orlen\ZAKŁAD PRODUKCYJNY PŁOCK\RAFINERIA\PR03 BLOK PRZEROBU ROPY\DRW-IV|DR4.FC43354_SQR.PV;"2026-07-24 07:22:18,131012";"37,8395118713379"
\\PIAF\PKN Orlen\PI Vision\PKN Orlen\ZAKŁAD PRODUKCYJNY PŁOCK\RAFINERIA\PR03 BLOK PRZEROBU ROPY\DRW-IV|DR4.FC43354_SQR.PV;"2026-07-24 07:52:28,178009";"37,2817230224609"
\\PIAF\PKN Orlen\PI Vision\PKN Orlen\ZAKŁAD PRODUKCYJNY PŁOCK\RAFINERIA\PR03 BLOK PRZEROBU ROPY\DRW-IV|DR4.FC43354_SQR.PV;"2026-07-24 08:04:28,225006";"37,1084861755371"
\\PIAF\PKN Orlen\PI Vision\PKN Orlen\ZAKŁAD PRODUKCYJNY PŁOCK\RAFINERIA\PR03 BLOK PRZEROBU ROPY\DRW-IV|DR4.FC43354_SQR.PV;"2026-07-24 08:09:48,194";"37,2519836425781"
\\PIAF\PKN Orlen\PI Vision\PKN Orlen\ZAKŁAD PRODUKCYJNY PŁOCK\RAFINERIA\PR03 BLOK PRZEROBU ROPY\DRW-IV|DR4.FC43354_SQR.PV;"2026-07-24 08:15:43,256012";"36,97412109375"
\\PIAF\PKN Orlen\PI Vision\PKN Orlen\ZAKŁAD PRODUKCYJNY PŁOCK\RAFINERIA\PR03 BLOK PRZEROBU ROPY\DRW-IV|DR4.FC43354_SQR.PV;"2026-07-24 08:20:23,178009";"37,0828666687012"
\\PIAF\PKN Orlen\PI Vision\PKN Orlen\ZAKŁAD PRODUKCYJNY PŁOCK\RAFINERIA\PR03 BLOK PRZEROBU ROPY\DRW-IV|DR4.FC43354_SQR.PV;"2026-07-24 08:26:38,147003";"36,9409255981445"
\\PIAF\PKN Orlen\PI Vision\PKN Orlen\ZAKŁAD PRODUKCYJNY PŁOCK\RAFINERIA\PR03 BLOK PRZEROBU ROPY\DRW-IV|DR4.FC43354_SQR.PV;"2026-07-24 08:36:18,147003";"37,0360641479492"
\\PIAF\PKN Orlen\PI Vision\PKN Orlen\ZAKŁAD PRODUKCYJNY PŁOCK\RAFINERIA\PR03 BLOK PRZEROBU ROPY\DRW-IV|DR4.FC43354_SQR.PV;"2026-07-24 09:00:28,178009";"37,0602340698242"
\\PIAF\PKN Orlen\PI Vision\PKN Orlen\ZAKŁAD PRODUKCYJNY PŁOCK\RAFINERIA\PR03 BLOK PRZEROBU ROPY\DRW-IV|DR4.FC43354_SQR.PV;"2026-07-24 09:01:58,209015";"36,6423721313477"
\\PIAF\PKN Orlen\PI Vision\PKN Orlen\ZAKŁAD PRODUKCYJNY PŁOCK\RAFINERIA\PR03 BLOK PRZEROBU ROPY\DRW-IV|DR4.FC43354_SQR.PV;"2026-07-24 09:07:13,162002";"36,5733871459961"
\\PIAF\PKN Orlen\PI Vision\PKN Orlen\ZAKŁAD PRODUKCYJNY PŁOCK\RAFINERIA\PR03 BLOK PRZEROBU ROPY\DRW-IV|DR4.FC43354_SQR.PV;"2026-07-24 09:10:03,131012";"36,2309608459473"
\\PIAF\PKN Orlen\PI Vision\PKN Orlen\ZAKŁAD PRODUKCYJNY PŁOCK\RAFINERIA\PR03 BLOK PRZEROBU ROPY\DRW-IV|DR4.FC43354_SQR.PV;"2026-07-24 09:12:28,163009";"36,2046279907227"
\\PIAF\PKN Orlen\PI Vision\PKN Orlen\ZAKŁAD PRODUKCYJNY PŁOCK\RAFINERIA\PR03 BLOK PRZEROBU ROPY\DRW-IV|DR4.FC43354_SQR.PV;"2026-07-24 09:18:48,178009";"36,3174743652344"
\\PIAF\PKN Orlen\PI Vision\PKN Orlen\ZAKŁAD PRODUKCYJNY PŁOCK\RAFINERIA\PR03 BLOK PRZEROBU ROPY\DRW-IV|DR4.FC43354_SQR.PV;"2026-07-24 09:23:23,163009";"36,2772789001465"
\\PIAF\PKN Orlen\PI Vision\PKN Orlen\ZAKŁAD PRODUKCYJNY PŁOCK\RAFINERIA\PR03 BLOK PRZEROBU ROPY\DRW-IV|DR4.FC43354_SQR.PV;"2026-07-24 09:29:03,116012";"36,1406211853027"
\\PIAF\PKN Orlen\PI Vision\PKN Orlen\ZAKŁAD PRODUKCYJNY PŁOCK\RAFINERIA\PR03 BLOK PRZEROBU ROPY\DRW-IV|DR4.FC43354_SQR.PV;"2026-07-24 09:30:53,162002";"36,2433204650879"
\\PIAF\PKN Orlen\PI Vision\PKN Orlen\ZAKŁAD PRODUKCYJNY PŁOCK\RAFINERIA\PR03 BLOK PRZEROBU ROPY\DRW-IV|DR4.FC43354_SQR.PV;"2026-07-24 09:34:08,178009";"36,3554611206055"
\\PIAF\PKN Orlen\PI Vision\PKN Orlen\ZAKŁAD PRODUKCYJNY PŁOCK\RAFINERIA\PR03 BLOK PRZEROBU ROPY\DRW-IV|DR4.FC43354_SQR.PV;"2026-07-24 09:35:18,194";"36,9695892333984"
\\PIAF\PKN Orlen\PI Vision\PKN Orlen\ZAKŁAD PRODUKCYJNY PŁOCK\RAFINERIA\PR03 BLOK PRZEROBU ROPY\DRW-IV|DR4.FC43354_SQR.PV;"2026-07-24 09:36:33,131012";"37,3603897094727"
\\PIAF\PKN Orlen\PI Vision\PKN Orlen\ZAKŁAD PRODUKCYJNY PŁOCK\RAFINERIA\PR03 BLOK PRZEROBU ROPY\DRW-IV|DR4.FC43354_SQR.PV;"2026-07-24 09:37:58,116012";"37,6430816650391"
\\PIAF\PKN Orlen\PI Vision\PKN Orlen\ZAKŁAD PRODUKCYJNY PŁOCK\RAFINERIA\PR03 BLOK PRZEROBU ROPY\DRW-IV|DR4.FC43354_SQR.PV;"2026-07-24 09:42:48,100006";"38,0506858825684"
\\PIAF\PKN Orlen\PI Vision\PKN Orlen\ZAKŁAD PRODUKCYJNY PŁOCK\RAFINERIA\PR03 BLOK PRZEROBU ROPY\DRW-IV|DR4.FC43354_SQR.PV;"2026-07-24 09:59:23,100006";"37,5242118835449"
\\PIAF\PKN Orlen\PI Vision\PKN Orlen\ZAKŁAD PRODUKCYJNY PŁOCK\RAFINERIA\PR03 BLOK PRZEROBU ROPY\DRW-IV|DR4.FC43354_SQR.PV;"2026-07-24 10:05:13,116012";"36,6198997497559"
\\PIAF\PKN Orlen\PI Vision\PKN Orlen\ZAKŁAD PRODUKCYJNY PŁOCK\RAFINERIA\PR03 BLOK PRZEROBU ROPY\DRW-IV|DR4.FC43354_SQR.PV;"2026-07-24 10:16:08,116012";"37,0325927734375"
\\PIAF\PKN Orlen\PI Vision\PKN Orlen\ZAKŁAD PRODUKCYJNY PŁOCK\RAFINERIA\PR03 BLOK PRZEROBU ROPY\DRW-IV|DR4.FC43354_SQR.PV;"2026-07-24 10:24:18,116012";"37,1520080566406"
\\PIAF\PKN Orlen\PI Vision\PKN Orlen\ZAKŁAD PRODUKCYJNY PŁOCK\RAFINERIA\PR03 BLOK PRZEROBU ROPY\DRW-IV|DR4.FC43354_SQR.PV;"2026-07-24 10:31:03,225006";"37,5655326843262"
\\PIAF\PKN Orlen\PI Vision\PKN Orlen\ZAKŁAD PRODUKCYJNY PŁOCK\RAFINERIA\PR03 BLOK PRZEROBU ROPY\DRW-IV|DR4.FC43354_SQR.PV;"2026-07-24 10:41:33,100006";"37,2039527893066"
\\PIAF\PKN Orlen\PI Vision\PKN Orlen\ZAKŁAD PRODUKCYJNY PŁOCK\RAFINERIA\PR03 BLOK PRZEROBU ROPY\DRW-IV|DR4.FC43354_SQR.PV;"2026-07-24 10:46:53,178009";"37,4252510070801"
\\PIAF\PKN Orlen\PI Vision\PKN Orlen\ZAKŁAD PRODUKCYJNY PŁOCK\RAFINERIA\PR03 BLOK PRZEROBU ROPY\DRW-IV|DR4.FC43354_SQR.PV;"2026-07-24 10:55:43,116012";"37,1517944335938"
\\PIAF\PKN Orlen\PI Vision\PKN Orlen\ZAKŁAD PRODUKCYJNY PŁOCK\RAFINERIA\PR03 BLOK PRZEROBU ROPY\DRW-IV|DR4.FC43354_SQR.PV;"2026-07-24 11:15:13,178009";"37,3318023681641"
\\PIAF\PKN Orlen\PI Vision\PKN Orlen\ZAKŁAD PRODUKCYJNY PŁOCK\RAFINERIA\PR03 BLOK PRZEROBU ROPY\DRW-IV|DR4.FC43354_SQR.PV;"2026-07-24 11:35:43,178009";"37,4602355957031"
\\PIAF\PKN Orlen\PI Vision\PKN Orlen\ZAKŁAD PRODUKCYJNY PŁOCK\RAFINERIA\PR03 BLOK PRZEROBU ROPY\DRW-IV|DR4.FC43354_SQR.PV;"2026-07-24 11:39:23,147003";"37,2903442382813"
\\PIAF\PKN Orlen\PI Vision\PKN Orlen\ZAKŁAD PRODUKCYJNY PŁOCK\RAFINERIA\PR03 BLOK PRZEROBU ROPY\DRW-IV|DR4.FC43354_SQR.PV;"2026-07-24 11:41:58,163009";"37,4755897521973"
\\PIAF\PKN Orlen\PI Vision\PKN Orlen\ZAKŁAD PRODUKCYJNY PŁOCK\RAFINERIA\PR03 BLOK PRZEROBU ROPY\DRW-IV|DR4.FC43354_SQR.PV;"2026-07-24 11:49:43,147003";"38,9459419250488"
\\PIAF\PKN Orlen\PI Vision\PKN Orlen\ZAKŁAD PRODUKCYJNY PŁOCK\RAFINERIA\PR03 BLOK PRZEROBU ROPY\DRW-IV|DR4.FC43354_SQR.PV;"2026-07-24 11:52:53,163009";"38,8420257568359"
\\PIAF\PKN Orlen\PI Vision\PKN Orlen\ZAKŁAD PRODUKCYJNY PŁOCK\RAFINERIA\PR03 BLOK PRZEROBU ROPY\DRW-IV|DR4.FC43354_SQR.PV;"2026-07-24 11:55:58,116012";"38,5220260620117"
\\PIAF\PKN Orlen\PI Vision\PKN Orlen\ZAKŁAD PRODUKCYJNY PŁOCK\RAFINERIA\PR03 BLOK PRZEROBU ROPY\DRW-IV|DR4.FC43354_SQR.PV;"2026-07-24 12:01:28,116012";"38,9161529541016"
\\PIAF\PKN Orlen\PI Vision\PKN Orlen\ZAKŁAD PRODUKCYJNY PŁOCK\RAFINERIA\PR03 BLOK PRZEROBU ROPY\DRW-IV|DR4.FC43354_SQR.PV;"2026-07-24 12:04:53,194";"39,2842903137207"
\\PIAF\PKN Orlen\PI Vision\PKN Orlen\ZAKŁAD PRODUKCYJNY PŁOCK\RAFINERIA\PR03 BLOK PRZEROBU ROPY\DRW-IV|DR4.FC43354_SQR.PV;"2026-07-24 12:12:18,084";"38,6276435852051"
\\PIAF\PKN Orlen\PI Vision\PKN Orlen\ZAKŁAD PRODUKCYJNY PŁOCK\RAFINERIA\PR03 BLOK PRZEROBU ROPY\DRW-IV|DR4.FC43354_SQR.PV;"2026-07-24 12:22:28,162002";"38,7465705871582"
\\PIAF\PKN Orlen\PI Vision\PKN Orlen\ZAKŁAD PRODUKCYJNY PŁOCK\RAFINERIA\PR03 BLOK PRZEROBU ROPY\DRW-IV|DR4.FC43354_SQR.PV;"2026-07-24 12:36:18,084015";"38,2593231201172"
\\PIAF\PKN Orlen\PI Vision\PKN Orlen\ZAKŁAD PRODUKCYJNY PŁOCK\RAFINERIA\PR03 BLOK PRZEROBU ROPY\DRW-IV|DR4.FC43354_SQR.PV;"2026-07-24 12:39:18,116012";"37,2875938415527"
\\PIAF\PKN Orlen\PI Vision\PKN Orlen\ZAKŁAD PRODUKCYJNY PŁOCK\RAFINERIA\PR03 BLOK PRZEROBU ROPY\DRW-IV|DR4.FC43354_SQR.PV;"2026-07-24 12:41:58,147003";"35,8923034667969"
\\PIAF\PKN Orlen\PI Vision\PKN Orlen\ZAKŁAD PRODUKCYJNY PŁOCK\RAFINERIA\PR03 BLOK PRZEROBU ROPY\DRW-IV|DR4.FC43354_SQR.PV;"2026-07-24 12:43:43,147003";"35,6026802062988"
\\PIAF\PKN Orlen\PI Vision\PKN Orlen\ZAKŁAD PRODUKCYJNY PŁOCK\RAFINERIA\PR03 BLOK PRZEROBU ROPY\DRW-IV|DR4.FC43354_SQR.PV;"2026-07-24 12:45:48,084";"35,4504814147949"
\\PIAF\PKN Orlen\PI Vision\PKN Orlen\ZAKŁAD PRODUKCYJNY PŁOCK\RAFINERIA\PR03 BLOK PRZEROBU ROPY\DRW-IV|DR4.FC43354_SQR.PV;"2026-07-24 12:51:38,116012";"36,0969924926758"
\\PIAF\PKN Orlen\PI Vision\PKN Orlen\ZAKŁAD PRODUKCYJNY PŁOCK\RAFINERIA\PR03 BLOK PRZEROBU ROPY\DRW-IV|DR4.FC43354_SQR.PV;"2026-07-24 12:52:38,163009";"36,0159568786621"
\\PIAF\PKN Orlen\PI Vision\PKN Orlen\ZAKŁAD PRODUKCYJNY PŁOCK\RAFINERIA\PR03 BLOK PRZEROBU ROPY\DRW-IV|DR4.FC43354_SQR.PV;"2026-07-24 12:53:53,084";"35,8829612731934"
\\PIAF\PKN Orlen\PI Vision\PKN Orlen\ZAKŁAD PRODUKCYJNY PŁOCK\RAFINERIA\PR03 BLOK PRZEROBU ROPY\DRW-IV|DR4.FC43354_SQR.PV;"2026-07-24 12:55:58,131012";"35,4614448547363"
\\PIAF\PKN Orlen\PI Vision\PKN Orlen\ZAKŁAD PRODUKCYJNY PŁOCK\RAFINERIA\PR03 BLOK PRZEROBU ROPY\DRW-IV|DR4.FC43354_SQR.PV;"2026-07-24 12:57:48,194";"35,425365447998"
\\PIAF\PKN Orlen\PI Vision\PKN Orlen\ZAKŁAD PRODUKCYJNY PŁOCK\RAFINERIA\PR03 BLOK PRZEROBU ROPY\DRW-IV|DR4.FC43354_SQR.PV;"2026-07-24 13:04:43,209";"36,4778175354004"
\\PIAF\PKN Orlen\PI Vision\PKN Orlen\ZAKŁAD PRODUKCYJNY PŁOCK\RAFINERIA\PR03 BLOK PRZEROBU ROPY\DRW-IV|DR4.FC43354_SQR.PV;"2026-07-24 13:06:53,163009";"36,5850105285645"
\\PIAF\PKN Orlen\PI Vision\PKN Orlen\ZAKŁAD PRODUKCYJNY PŁOCK\RAFINERIA\PR03 BLOK PRZEROBU ROPY\DRW-IV|DR4.FC43354_SQR.PV;"2026-07-24 13:10:43,109009";"36,7757797241211"
\\PIAF\PKN Orlen\PI Vision\PKN Orlen\ZAKŁAD PRODUKCYJNY PŁOCK\RAFINERIA\PR03 BLOK PRZEROBU ROPY\DRW-IV|DR4.FC43354_SQR.PV;"2026-07-24 13:20:03,297012";"37,5118980407715"
\\PIAF\PKN Orlen\PI Vision\PKN Orlen\ZAKŁAD PRODUKCYJNY PŁOCK\RAFINERIA\PR03 BLOK PRZEROBU ROPY\DRW-IV|DR4.FC43354_SQR.PV;"2026-07-24 13:25:58,197006";"38,0865325927734"
\\PIAF\PKN Orlen\PI Vision\PKN Orlen\ZAKŁAD PRODUKCYJNY PŁOCK\RAFINERIA\PR03 BLOK PRZEROBU ROPY\DRW-IV|DR4.FC43354_SQR.PV;"2026-07-24 13:30:23,213012";"37,4516983032227"
\\PIAF\PKN Orlen\PI Vision\PKN Orlen\ZAKŁAD PRODUKCYJNY PŁOCK\RAFINERIA\PR03 BLOK PRZEROBU ROPY\DRW-IV|DR4.FC43354_SQR.PV;"2026-07-24 13:32:58,212006";"37,1988906860352"
\\PIAF\PKN Orlen\PI Vision\PKN Orlen\ZAKŁAD PRODUKCYJNY PŁOCK\RAFINERIA\PR03 BLOK PRZEROBU ROPY\DRW-IV|DR4.FC43354_SQR.PV;"2026-07-24 13:36:38,166016";"37,2393417358398"
\\PIAF\PKN Orlen\PI Vision\PKN Orlen\ZAKŁAD PRODUKCYJNY PŁOCK\RAFINERIA\PR03 BLOK PRZEROBU ROPY\DRW-IV|DR4.FC43354_SQR.PV;"2026-07-24 13:43:38,213012";"37,726619720459"
\\PIAF\PKN Orlen\PI Vision\PKN Orlen\ZAKŁAD PRODUKCYJNY PŁOCK\RAFINERIA\PR03 BLOK PRZEROBU ROPY\DRW-IV|DR4.FC43354_SQR.PV;"2026-07-24 13:56:48,181015";"37,3948211669922"
\\PIAF\PKN Orlen\PI Vision\PKN Orlen\ZAKŁAD PRODUKCYJNY PŁOCK\RAFINERIA\PR03 BLOK PRZEROBU ROPY\DRW-IV|DR4.FC43354_SQR.PV;"2026-07-24 14:00:28,134002";"37,7886352539063"
\\PIAF\PKN Orlen\PI Vision\PKN Orlen\ZAKŁAD PRODUKCYJNY PŁOCK\RAFINERIA\PR03 BLOK PRZEROBU ROPY\DRW-IV|DR4.FC43354_SQR.PV;"2026-07-24 14:07:28,150009";"37,4736099243164"
\\PIAF\PKN Orlen\PI Vision\PKN Orlen\ZAKŁAD PRODUKCYJNY PŁOCK\RAFINERIA\PR03 BLOK PRZEROBU ROPY\DRW-IV|DR4.FC43354_SQR.PV;"2026-07-24 14:13:18,219009";"36,2704162597656"
\\PIAF\PKN Orlen\PI Vision\PKN Orlen\ZAKŁAD PRODUKCYJNY PŁOCK\RAFINERIA\PR03 BLOK PRZEROBU ROPY\DRW-IV|DR4.FC43354_SQR.PV;"2026-07-24 14:16:38,188004";"36,7687110900879"
\\PIAF\PKN Orlen\PI Vision\PKN Orlen\ZAKŁAD PRODUKCYJNY PŁOCK\RAFINERIA\PR03 BLOK PRZEROBU ROPY\DRW-IV|DR4.FC43354_SQR.PV;"2026-07-24 14:18:08,203003";"36,9452133178711"
\\PIAF\PKN Orlen\PI Vision\PKN Orlen\ZAKŁAD PRODUKCYJNY PŁOCK\RAFINERIA\PR03 BLOK PRZEROBU ROPY\DRW-IV|DR4.FC43354_SQR.PV;"2026-07-24 14:19:18,219009";"37,3027229309082"
\\PIAF\PKN Orlen\PI Vision\PKN Orlen\ZAKŁAD PRODUKCYJNY PŁOCK\RAFINERIA\PR03 BLOK PRZEROBU ROPY\DRW-IV|DR4.FC43354_SQR.PV;"2026-07-24 14:22:53,203003";"37,1877632141113"
\\PIAF\PKN Orlen\PI Vision\PKN Orlen\ZAKŁAD PRODUKCYJNY PŁOCK\RAFINERIA\PR03 BLOK PRZEROBU ROPY\DRW-IV|DR4.FC43354_SQR.PV;"2026-07-24 14:26:38,125";"36,5295066833496"
\\PIAF\PKN Orlen\PI Vision\PKN Orlen\ZAKŁAD PRODUKCYJNY PŁOCK\RAFINERIA\PR03 BLOK PRZEROBU ROPY\DRW-IV|DR4.FC43354_SQR.PV;"2026-07-24 14:31:53,141006";"36,3810539245605"
\\PIAF\PKN Orlen\PI Vision\PKN Orlen\ZAKŁAD PRODUKCYJNY PŁOCK\RAFINERIA\PR03 BLOK PRZEROBU ROPY\DRW-IV|DR4.FC43354_SQR.PV;"2026-07-24 14:39:43,156006";"36,413387298584"
\\PIAF\PKN Orlen\PI Vision\PKN Orlen\ZAKŁAD PRODUKCYJNY PŁOCK\RAFINERIA\PR03 BLOK PRZEROBU ROPY\DRW-IV|DR4.FC43354_SQR.PV;"2026-07-24 14:47:58,194";"36,9323654174805"
\\PIAF\PKN Orlen\PI Vision\PKN Orlen\ZAKŁAD PRODUKCYJNY PŁOCK\RAFINERIA\PR03 BLOK PRZEROBU ROPY\DRW-IV|DR4.FC43354_SQR.PV;"2026-07-24 14:57:58,178009";"36,5000495910645"
\\PIAF\PKN Orlen\PI Vision\PKN Orlen\ZAKŁAD PRODUKCYJNY PŁOCK\RAFINERIA\PR03 BLOK PRZEROBU ROPY\DRW-IV|DR4.FC43354_SQR.PV;"2026-07-24 15:03:03,147003";"36,4479484558105"
\\PIAF\PKN Orlen\PI Vision\PKN Orlen\ZAKŁAD PRODUKCYJNY PŁOCK\RAFINERIA\PR03 BLOK PRZEROBU ROPY\DRW-IV|DR4.FC43354_SQR.PV;"2026-07-24 15:05:18,131012";"36,6670761108398"
\\PIAF\PKN Orlen\PI Vision\PKN Orlen\ZAKŁAD PRODUKCYJNY PŁOCK\RAFINERIA\PR03 BLOK PRZEROBU ROPY\DRW-IV|DR4.FC43354_SQR.PV;"2026-07-24 15:08:38,194";"37,0815811157227"
\\PIAF\PKN Orlen\PI Vision\PKN Orlen\ZAKŁAD PRODUKCYJNY PŁOCK\RAFINERIA\PR03 BLOK PRZEROBU ROPY\DRW-IV|DR4.FC43354_SQR.PV;"2026-07-24 15:20:33,247009";"37,1150131225586"
\\PIAF\PKN Orlen\PI Vision\PKN Orlen\ZAKŁAD PRODUKCYJNY PŁOCK\RAFINERIA\PR03 BLOK PRZEROBU ROPY\DRW-IV|DR4.FC43354_SQR.PV;"2026-07-24 15:28:48,200012";"37,1773796081543"
\\PIAF\PKN Orlen\PI Vision\PKN Orlen\ZAKŁAD PRODUKCYJNY PŁOCK\RAFINERIA\PR03 BLOK PRZEROBU ROPY\DRW-IV|DR4.FC43354_SQR.PV;"2026-07-24 15:34:33,216003";"36,7233047485352"
\\PIAF\PKN Orlen\PI Vision\PKN Orlen\ZAKŁAD PRODUKCYJNY PŁOCK\RAFINERIA\PR03 BLOK PRZEROBU ROPY\DRW-IV|DR4.FC43354_SQR.PV;"2026-07-24 15:40:33,184005";"37,2229309082031"
\\PIAF\PKN Orlen\PI Vision\PKN Orlen\ZAKŁAD PRODUKCYJNY PŁOCK\RAFINERIA\PR03 BLOK PRZEROBU ROPY\DRW-IV|DR4.FC43354_SQR.PV;"2026-07-24 15:46:18,184005";"37,0296287536621"
\\PIAF\PKN Orlen\PI Vision\PKN Orlen\ZAKŁAD PRODUKCYJNY PŁOCK\RAFINERIA\PR03 BLOK PRZEROBU ROPY\DRW-IV|DR4.FC43354_SQR.PV;"2026-07-24 15:52:18,137008";"37,2647514343262"
\\PIAF\PKN Orlen\PI Vision\PKN Orlen\ZAKŁAD PRODUKCYJNY PŁOCK\RAFINERIA\PR03 BLOK PRZEROBU ROPY\DRW-IV|DR4.FC43354_SQR.PV;"2026-07-24 15:59:18,138";"37,0007743835449"
\\PIAF\PKN Orlen\PI Vision\PKN Orlen\ZAKŁAD PRODUKCYJNY PŁOCK\RAFINERIA\PR03 BLOK PRZEROBU ROPY\DRW-IV|DR4.FC43354_SQR.PV;"2026-07-24 16:04:13,138";"36,6875038146973"
\\PIAF\PKN Orlen\PI Vision\PKN Orlen\ZAKŁAD PRODUKCYJNY PŁOCK\RAFINERIA\PR03 BLOK PRZEROBU ROPY\DRW-IV|DR4.FC43354_SQR.PV;"2026-07-24 16:08:13,122009";"37,1014442443848"
\\PIAF\PKN Orlen\PI Vision\PKN Orlen\ZAKŁAD PRODUKCYJNY PŁOCK\RAFINERIA\PR03 BLOK PRZEROBU ROPY\DRW-IV|DR4.FC43354_SQR.PV;"2026-07-24 16:13:53,169006";"37,8132667541504"
\\PIAF\PKN Orlen\PI Vision\PKN Orlen\ZAKŁAD PRODUKCYJNY PŁOCK\RAFINERIA\PR03 BLOK PRZEROBU ROPY\DRW-IV|DR4.FC43354_SQR.PV;"2026-07-24 16:18:53,200012";"37,8071212768555"
\\PIAF\PKN Orlen\PI Vision\PKN Orlen\ZAKŁAD PRODUKCYJNY PŁOCK\RAFINERIA\PR03 BLOK PRZEROBU ROPY\DRW-IV|DR4.FC43354_SQR.PV;"2026-07-24 16:23:18,138";"37,640453338623"
\\PIAF\PKN Orlen\PI Vision\PKN Orlen\ZAKŁAD PRODUKCYJNY PŁOCK\RAFINERIA\PR03 BLOK PRZEROBU ROPY\DRW-IV|DR4.FC43354_SQR.PV;"2026-07-24 16:30:18,184005";"38,7836494445801"
\\PIAF\PKN Orlen\PI Vision\PKN Orlen\ZAKŁAD PRODUKCYJNY PŁOCK\RAFINERIA\PR03 BLOK PRZEROBU ROPY\DRW-IV|DR4.FC43354_SQR.PV;"2026-07-24 16:38:43,163009";"38,7478294372559"
\\PIAF\PKN Orlen\PI Vision\PKN Orlen\ZAKŁAD PRODUKCYJNY PŁOCK\RAFINERIA\PR03 BLOK PRZEROBU ROPY\DRW-IV|DR4.FC43354_SQR.PV;"2026-07-24 16:42:28,147003";"38,8597373962402"
\\PIAF\PKN Orlen\PI Vision\PKN Orlen\ZAKŁAD PRODUKCYJNY PŁOCK\RAFINERIA\PR03 BLOK PRZEROBU ROPY\DRW-IV|DR4.FC43354_SQR.PV;"2026-07-24 16:47:13,178009";"38,4936752319336"
\\PIAF\PKN Orlen\PI Vision\PKN Orlen\ZAKŁAD PRODUKCYJNY PŁOCK\RAFINERIA\PR03 BLOK PRZEROBU ROPY\DRW-IV|DR4.FC43354_SQR.PV;"2026-07-24 17:10:33,172012";"38,167610168457"
\\PIAF\PKN Orlen\PI Vision\PKN Orlen\ZAKŁAD PRODUKCYJNY PŁOCK\RAFINERIA\PR03 BLOK PRZEROBU ROPY\DRW-IV|DR4.FC43354_SQR.PV;"2026-07-24 17:17:33,188004";"37,9642791748047"
\\PIAF\PKN Orlen\PI Vision\PKN Orlen\ZAKŁAD PRODUKCYJNY PŁOCK\RAFINERIA\PR03 BLOK PRZEROBU ROPY\DRW-IV|DR4.FC43354_SQR.PV;"2026-07-24 17:29:38,125";"38,0500526428223"
\\PIAF\PKN Orlen\PI Vision\PKN Orlen\ZAKŁAD PRODUKCYJNY PŁOCK\RAFINERIA\PR03 BLOK PRZEROBU ROPY\DRW-IV|DR4.FC43354_SQR.PV;"2026-07-24 17:32:18,156006";"37,7975730895996"
\\PIAF\PKN Orlen\PI Vision\PKN Orlen\ZAKŁAD PRODUKCYJNY PŁOCK\RAFINERIA\PR03 BLOK PRZEROBU ROPY\DRW-IV|DR4.FC43354_SQR.PV;"2026-07-24 17:44:03,178009";"37,9140853881836"
\\PIAF\PKN Orlen\PI Vision\PKN Orlen\ZAKŁAD PRODUKCYJNY PŁOCK\RAFINERIA\PR03 BLOK PRZEROBU ROPY\DRW-IV|DR4.FC43354_SQR.PV;"2026-07-24 17:47:38,209";"37,5191307067871"
\\PIAF\PKN Orlen\PI Vision\PKN Orlen\ZAKŁAD PRODUKCYJNY PŁOCK\RAFINERIA\PR03 BLOK PRZEROBU ROPY\DRW-IV|DR4.FC43354_SQR.PV;"2026-07-24 17:53:13,147003";"37,6947593688965"
\\PIAF\PKN Orlen\PI Vision\PKN Orlen\ZAKŁAD PRODUKCYJNY PŁOCK\RAFINERIA\PR03 BLOK PRZEROBU ROPY\DRW-IV|DR4.FC43354_SQR.PV;"2026-07-24 17:56:43,178009";"38,0854797363281"
\\PIAF\PKN Orlen\PI Vision\PKN Orlen\ZAKŁAD PRODUKCYJNY PŁOCK\RAFINERIA\PR03 BLOK PRZEROBU ROPY\DRW-IV|DR4.FC43354_SQR.PV;"2026-07-24 18:03:48,116012";"37,6262817382813"
\\PIAF\PKN Orlen\PI Vision\PKN Orlen\ZAKŁAD PRODUKCYJNY PŁOCK\RAFINERIA\PR03 BLOK PRZEROBU ROPY\DRW-IV|DR4.FC43354_SQR.PV;"2026-07-24 18:08:53,100006";"37,7970771789551"
\\PIAF\PKN Orlen\PI Vision\PKN Orlen\ZAKŁAD PRODUKCYJNY PŁOCK\RAFINERIA\PR03 BLOK PRZEROBU ROPY\DRW-IV|DR4.FC43354_SQR.PV;"2026-07-24 18:12:53,200012";"37,9562835693359"
\\PIAF\PKN Orlen\PI Vision\PKN Orlen\ZAKŁAD PRODUKCYJNY PŁOCK\RAFINERIA\PR03 BLOK PRZEROBU ROPY\DRW-IV|DR4.FC43354_SQR.PV;"2026-07-24 18:28:28,216003";"37,4289932250977"
\\PIAF\PKN Orlen\PI Vision\PKN Orlen\ZAKŁAD PRODUKCYJNY PŁOCK\RAFINERIA\PR03 BLOK PRZEROBU ROPY\DRW-IV|DR4.FC43354_SQR.PV;"2026-07-24 18:30:48,122009";"37,2080764770508"
\\PIAF\PKN Orlen\PI Vision\PKN Orlen\ZAKŁAD PRODUKCYJNY PŁOCK\RAFINERIA\PR03 BLOK PRZEROBU ROPY\DRW-IV|DR4.FC43354_SQR.PV;"2026-07-24 18:42:38,091003";"37,037036895752"
\\PIAF\PKN Orlen\PI Vision\PKN Orlen\ZAKŁAD PRODUKCYJNY PŁOCK\RAFINERIA\PR03 BLOK PRZEROBU ROPY\DRW-IV|DR4.FC43354_SQR.PV;"2026-07-24 18:46:43,122009";"36,6159324645996"
\\PIAF\PKN Orlen\PI Vision\PKN Orlen\ZAKŁAD PRODUKCYJNY PŁOCK\RAFINERIA\PR03 BLOK PRZEROBU ROPY\DRW-IV|DR4.FC43354_SQR.PV;"2026-07-24 18:52:23,106003";"36,8848876953125"
\\PIAF\PKN Orlen\PI Vision\PKN Orlen\ZAKŁAD PRODUKCYJNY PŁOCK\RAFINERIA\PR03 BLOK PRZEROBU ROPY\DRW-IV|DR4.FC43354_SQR.PV;"2026-07-24 18:54:18,159012";"36,9973297119141"
\\PIAF\PKN Orlen\PI Vision\PKN Orlen\ZAKŁAD PRODUKCYJNY PŁOCK\RAFINERIA\PR03 BLOK PRZEROBU ROPY\DRW-IV|DR4.FC43354_SQR.PV;"2026-07-24 19:00:38,253006";"36,5870704650879"
\\PIAF\PKN Orlen\PI Vision\PKN Orlen\ZAKŁAD PRODUKCYJNY PŁOCK\RAFINERIA\PR03 BLOK PRZEROBU ROPY\DRW-IV|DR4.FC43354_SQR.PV;"2026-07-24 19:02:43,175003";"36,6680679321289"
\\PIAF\PKN Orlen\PI Vision\PKN Orlen\ZAKŁAD PRODUKCYJNY PŁOCK\RAFINERIA\PR03 BLOK PRZEROBU ROPY\DRW-IV|DR4.FC43354_SQR.PV;"2026-07-24 19:08:38,253006";"36,8265838623047"
\\PIAF\PKN Orlen\PI Vision\PKN Orlen\ZAKŁAD PRODUKCYJNY PŁOCK\RAFINERIA\PR03 BLOK PRZEROBU ROPY\DRW-IV|DR4.FC43354_SQR.PV;"2026-07-24 19:15:13,222015";"37,1662712097168"
\\PIAF\PKN Orlen\PI Vision\PKN Orlen\ZAKŁAD PRODUKCYJNY PŁOCK\RAFINERIA\PR03 BLOK PRZEROBU ROPY\DRW-IV|DR4.FC43354_SQR.PV;"2026-07-24 19:20:43,238006";"36,6014213562012"
\\PIAF\PKN Orlen\PI Vision\PKN Orlen\ZAKŁAD PRODUKCYJNY PŁOCK\RAFINERIA\PR03 BLOK PRZEROBU ROPY\DRW-IV|DR4.FC43354_SQR.PV;"2026-07-24 19:24:03,206009";"36,6882286071777"
\\PIAF\PKN Orlen\PI Vision\PKN Orlen\ZAKŁAD PRODUKCYJNY PŁOCK\RAFINERIA\PR03 BLOK PRZEROBU ROPY\DRW-IV|DR4.FC43354_SQR.PV;"2026-07-24 19:28:03,206009";"36,6870193481445"
\\PIAF\PKN Orlen\PI Vision\PKN Orlen\ZAKŁAD PRODUKCYJNY PŁOCK\RAFINERIA\PR03 BLOK PRZEROBU ROPY\DRW-IV|DR4.FC43354_SQR.PV;"2026-07-24 19:33:43,159012";"36,6508483886719"
\\PIAF\PKN Orlen\PI Vision\PKN Orlen\ZAKŁAD PRODUKCYJNY PŁOCK\RAFINERIA\PR03 BLOK PRZEROBU ROPY\DRW-IV|DR4.FC43354_SQR.PV;"2026-07-24 19:37:08,144012";"37,1244812011719"
\\PIAF\PKN Orlen\PI Vision\PKN Orlen\ZAKŁAD PRODUKCYJNY PŁOCK\RAFINERIA\PR03 BLOK PRZEROBU ROPY\DRW-IV|DR4.FC43354_SQR.PV;"2026-07-24 19:44:58,175003";"37,1966590881348"
\\PIAF\PKN Orlen\PI Vision\PKN Orlen\ZAKŁAD PRODUKCYJNY PŁOCK\RAFINERIA\PR03 BLOK PRZEROBU ROPY\DRW-IV|DR4.FC43354_SQR.PV;"2026-07-24 19:52:58,253006";"36,9655303955078"
\\PIAF\PKN Orlen\PI Vision\PKN Orlen\ZAKŁAD PRODUKCYJNY PŁOCK\RAFINERIA\PR03 BLOK PRZEROBU ROPY\DRW-IV|DR4.FC43354_SQR.PV;"2026-07-24 20:00:33,159012";"37,1672859191895"
\\PIAF\PKN Orlen\PI Vision\PKN Orlen\ZAKŁAD PRODUKCYJNY PŁOCK\RAFINERIA\PR03 BLOK PRZEROBU ROPY\DRW-IV|DR4.FC43354_SQR.PV;"2026-07-24 20:07:03,206009";"36,8735084533691"
\\PIAF\PKN Orlen\PI Vision\PKN Orlen\ZAKŁAD PRODUKCYJNY PŁOCK\RAFINERIA\PR03 BLOK PRZEROBU ROPY\DRW-IV|DR4.FC43354_SQR.PV;"2026-07-24 20:10:23,175003";"37,4739036560059"
\\PIAF\PKN Orlen\PI Vision\PKN Orlen\ZAKŁAD PRODUKCYJNY PŁOCK\RAFINERIA\PR03 BLOK PRZEROBU ROPY\DRW-IV|DR4.FC43354_SQR.PV;"2026-07-24 20:16:18,159012";"36,9320755004883"
\\PIAF\PKN Orlen\PI Vision\PKN Orlen\ZAKŁAD PRODUKCYJNY PŁOCK\RAFINERIA\PR03 BLOK PRZEROBU ROPY\DRW-IV|DR4.FC43354_SQR.PV;"2026-07-24 20:19:18,206009";"36,3026847839355"
\\PIAF\PKN Orlen\PI Vision\PKN Orlen\ZAKŁAD PRODUKCYJNY PŁOCK\RAFINERIA\PR03 BLOK PRZEROBU ROPY\DRW-IV|DR4.FC43354_SQR.PV;"2026-07-24 20:25:08,159012";"37,248607635498"
\\PIAF\PKN Orlen\PI Vision\PKN Orlen\ZAKŁAD PRODUKCYJNY PŁOCK\RAFINERIA\PR03 BLOK PRZEROBU ROPY\DRW-IV|DR4.FC43354_SQR.PV;"2026-07-24 20:32:53,19101";"36,9746780395508"
\\PIAF\PKN Orlen\PI Vision\PKN Orlen\ZAKŁAD PRODUKCYJNY PŁOCK\RAFINERIA\PR03 BLOK PRZEROBU ROPY\DRW-IV|DR4.FC43354_SQR.PV;"2026-07-24 20:42:58,19101";"36,8181762695313"
\\PIAF\PKN Orlen\PI Vision\PKN Orlen\ZAKŁAD PRODUKCYJNY PŁOCK\RAFINERIA\PR03 BLOK PRZEROBU ROPY\DRW-IV|DR4.FC43354_SQR.PV;"2026-07-24 20:49:53,206009";"37,2029037475586"
\\PIAF\PKN Orlen\PI Vision\PKN Orlen\ZAKŁAD PRODUKCYJNY PŁOCK\RAFINERIA\PR03 BLOK PRZEROBU ROPY\DRW-IV|DR4.FC43354_SQR.PV;"2026-07-24 20:54:03,253006";"37,1201133728027"
\\PIAF\PKN Orlen\PI Vision\PKN Orlen\ZAKŁAD PRODUKCYJNY PŁOCK\RAFINERIA\PR03 BLOK PRZEROBU ROPY\DRW-IV|DR4.FC43354_SQR.PV;"2026-07-24 20:59:33,175003";"37,3891983032227"
\\PIAF\PKN Orlen\PI Vision\PKN Orlen\ZAKŁAD PRODUKCYJNY PŁOCK\RAFINERIA\PR03 BLOK PRZEROBU ROPY\DRW-IV|DR4.FC43354_SQR.PV;"2026-07-24 21:03:18,175003";"37,2113952636719"
\\PIAF\PKN Orlen\PI Vision\PKN Orlen\ZAKŁAD PRODUKCYJNY PŁOCK\RAFINERIA\PR03 BLOK PRZEROBU ROPY\DRW-IV|DR4.FC43354_SQR.PV;"2026-07-24 21:04:23,159012";"37,318675994873"
\\PIAF\PKN Orlen\PI Vision\PKN Orlen\ZAKŁAD PRODUKCYJNY PŁOCK\RAFINERIA\PR03 BLOK PRZEROBU ROPY\DRW-IV|DR4.FC43354_SQR.PV;"2026-07-24 21:08:53,138";"37,1125831604004"
\\PIAF\PKN Orlen\PI Vision\PKN Orlen\ZAKŁAD PRODUKCYJNY PŁOCK\RAFINERIA\PR03 BLOK PRZEROBU ROPY\DRW-IV|DR4.FC43354_SQR.PV;"2026-07-24 21:15:23,075012";"37,2399215698242"
\\PIAF\PKN Orlen\PI Vision\PKN Orlen\ZAKŁAD PRODUKCYJNY PŁOCK\RAFINERIA\PR03 BLOK PRZEROBU ROPY\DRW-IV|DR4.FC43354_SQR.PV;"2026-07-24 21:21:33,122009";"37,0642738342285"
\\PIAF\PKN Orlen\PI Vision\PKN Orlen\ZAKŁAD PRODUKCYJNY PŁOCK\RAFINERIA\PR03 BLOK PRZEROBU ROPY\DRW-IV|DR4.FC43354_SQR.PV;"2026-07-24 21:28:33,106003";"37,525562286377"
\\PIAF\PKN Orlen\PI Vision\PKN Orlen\ZAKŁAD PRODUKCYJNY PŁOCK\RAFINERIA\PR03 BLOK PRZEROBU ROPY\DRW-IV|DR4.FC43354_SQR.PV;"2026-07-24 21:34:18,106003";"37,3507232666016"
\\PIAF\PKN Orlen\PI Vision\PKN Orlen\ZAKŁAD PRODUKCYJNY PŁOCK\RAFINERIA\PR03 BLOK PRZEROBU ROPY\DRW-IV|DR4.FC43354_SQR.PV;"2026-07-24 21:38:58,153015";"36,869556427002"
\\PIAF\PKN Orlen\PI Vision\PKN Orlen\ZAKŁAD PRODUKCYJNY PŁOCK\RAFINERIA\PR03 BLOK PRZEROBU ROPY\DRW-IV|DR4.FC43354_SQR.PV;"2026-07-24 21:51:23,138";"37,408618927002"
\\PIAF\PKN Orlen\PI Vision\PKN Orlen\ZAKŁAD PRODUKCYJNY PŁOCK\RAFINERIA\PR03 BLOK PRZEROBU ROPY\DRW-IV|DR4.FC43354_SQR.PV;"2026-07-24 21:59:38,169006";"37,1661224365234"
\\PIAF\PKN Orlen\PI Vision\PKN Orlen\ZAKŁAD PRODUKCYJNY PŁOCK\RAFINERIA\PR03 BLOK PRZEROBU ROPY\DRW-IV|DR4.FC43354_SQR.PV;"2026-07-24 22:04:58,237015";"36,1082229614258"
\\PIAF\PKN Orlen\PI Vision\PKN Orlen\ZAKŁAD PRODUKCYJNY PŁOCK\RAFINERIA\PR03 BLOK PRZEROBU ROPY\DRW-IV|DR4.FC43354_SQR.PV;"2026-07-24 22:07:28,222";"35,9791412353516"
\\PIAF\PKN Orlen\PI Vision\PKN Orlen\ZAKŁAD PRODUKCYJNY PŁOCK\RAFINERIA\PR03 BLOK PRZEROBU ROPY\DRW-IV|DR4.FC43354_SQR.PV;"2026-07-24 22:12:08,238006";"36,9128112792969"
\\PIAF\PKN Orlen\PI Vision\PKN Orlen\ZAKŁAD PRODUKCYJNY PŁOCK\RAFINERIA\PR03 BLOK PRZEROBU ROPY\DRW-IV|DR4.FC43354_SQR.PV;"2026-07-24 22:16:38,175003";"36,8748588562012"
\\PIAF\PKN Orlen\PI Vision\PKN Orlen\ZAKŁAD PRODUKCYJNY PŁOCK\RAFINERIA\PR03 BLOK PRZEROBU ROPY\DRW-IV|DR4.FC43354_SQR.PV;"2026-07-24 22:20:48,238006";"36,2805023193359"
\\PIAF\PKN Orlen\PI Vision\PKN Orlen\ZAKŁAD PRODUKCYJNY PŁOCK\RAFINERIA\PR03 BLOK PRZEROBU ROPY\DRW-IV|DR4.FC43354_SQR.PV;"2026-07-24 22:22:23,175003";"36,1859016418457"
\\PIAF\PKN Orlen\PI Vision\PKN Orlen\ZAKŁAD PRODUKCYJNY PŁOCK\RAFINERIA\PR03 BLOK PRZEROBU ROPY\DRW-IV|DR4.FC43354_SQR.PV;"2026-07-24 22:25:48,253006";"36,3734245300293"
\\PIAF\PKN Orlen\PI Vision\PKN Orlen\ZAKŁAD PRODUKCYJNY PŁOCK\RAFINERIA\PR03 BLOK PRZEROBU ROPY\DRW-IV|DR4.FC43354_SQR.PV;"2026-07-24 22:32:03,206009";"36,9104881286621"
\\PIAF\PKN Orlen\PI Vision\PKN Orlen\ZAKŁAD PRODUKCYJNY PŁOCK\RAFINERIA\PR03 BLOK PRZEROBU ROPY\DRW-IV|DR4.FC43354_SQR.PV;"2026-07-24 22:36:13,175003";"36,711856842041"
\\PIAF\PKN Orlen\PI Vision\PKN Orlen\ZAKŁAD PRODUKCYJNY PŁOCK\RAFINERIA\PR03 BLOK PRZEROBU ROPY\DRW-IV|DR4.FC43354_SQR.PV;"2026-07-24 22:38:08,175003";"36,6291618347168"
\\PIAF\PKN Orlen\PI Vision\PKN Orlen\ZAKŁAD PRODUKCYJNY PŁOCK\RAFINERIA\PR03 BLOK PRZEROBU ROPY\DRW-IV|DR4.FC43354_SQR.PV;"2026-07-24 22:43:58,206009";"36,1035232543945"
\\PIAF\PKN Orlen\PI Vision\PKN Orlen\ZAKŁAD PRODUKCYJNY PŁOCK\RAFINERIA\PR03 BLOK PRZEROBU ROPY\DRW-IV|DR4.FC43354_SQR.PV;"2026-07-24 22:49:53,175003";"35,9579200744629"
\\PIAF\PKN Orlen\PI Vision\PKN Orlen\ZAKŁAD PRODUKCYJNY PŁOCK\RAFINERIA\PR03 BLOK PRZEROBU ROPY\DRW-IV|DR4.FC43354_SQR.PV;"2026-07-24 22:54:28,206009";"36,064826965332"
\\PIAF\PKN Orlen\PI Vision\PKN Orlen\ZAKŁAD PRODUKCYJNY PŁOCK\RAFINERIA\PR03 BLOK PRZEROBU ROPY\DRW-IV|DR4.FC43354_SQR.PV;"2026-07-24 22:58:53,238006";"36,191764831543"
\\PIAF\PKN Orlen\PI Vision\PKN Orlen\ZAKŁAD PRODUKCYJNY PŁOCK\RAFINERIA\PR03 BLOK PRZEROBU ROPY\DRW-IV|DR4.FC43354_SQR.PV;"2026-07-24 23:06:33,206009";"36,4724922180176"
\\PIAF\PKN Orlen\PI Vision\PKN Orlen\ZAKŁAD PRODUKCYJNY PŁOCK\RAFINERIA\PR03 BLOK PRZEROBU ROPY\DRW-IV|DR4.FC43354_SQR.PV;"2026-07-24 23:08:53,206009";"36,8001594543457"
\\PIAF\PKN Orlen\PI Vision\PKN Orlen\ZAKŁAD PRODUKCYJNY PŁOCK\RAFINERIA\PR03 BLOK PRZEROBU ROPY\DRW-IV|DR4.FC43354_SQR.PV;"2026-07-24 23:11:43,331009";"37,1093864440918"
\\PIAF\PKN Orlen\PI Vision\PKN Orlen\ZAKŁAD PRODUKCYJNY PŁOCK\RAFINERIA\PR03 BLOK PRZEROBU ROPY\DRW-IV|DR4.FC43354_SQR.PV;"2026-07-24 23:19:33,253006";"37,3413429260254"
\\PIAF\PKN Orlen\PI Vision\PKN Orlen\ZAKŁAD PRODUKCYJNY PŁOCK\RAFINERIA\PR03 BLOK PRZEROBU ROPY\DRW-IV|DR4.FC43354_SQR.PV;"2026-07-24 23:24:48,175003";"37,1084785461426"
\\PIAF\PKN Orlen\PI Vision\PKN Orlen\ZAKŁAD PRODUKCYJNY PŁOCK\RAFINERIA\PR03 BLOK PRZEROBU ROPY\DRW-IV|DR4.FC43354_SQR.PV;"2026-07-24 23:31:03,159012";"36,1892585754395"
\\PIAF\PKN Orlen\PI Vision\PKN Orlen\ZAKŁAD PRODUKCYJNY PŁOCK\RAFINERIA\PR03 BLOK PRZEROBU ROPY\DRW-IV|DR4.FC43354_SQR.PV;"2026-07-24 23:35:08,222";"36,7480926513672"
\\PIAF\PKN Orlen\PI Vision\PKN Orlen\ZAKŁAD PRODUKCYJNY PŁOCK\RAFINERIA\PR03 BLOK PRZEROBU ROPY\DRW-IV|DR4.FC43354_SQR.PV;"2026-07-24 23:44:28,144012";"36,3307266235352"
\\PIAF\PKN Orlen\PI Vision\PKN Orlen\ZAKŁAD PRODUKCYJNY PŁOCK\RAFINERIA\PR03 BLOK PRZEROBU ROPY\DRW-IV|DR4.FC43354_SQR.PV;"2026-07-24 23:50:18,19101";"36,7405166625977"
\\PIAF\PKN Orlen\PI Vision\PKN Orlen\ZAKŁAD PRODUKCYJNY PŁOCK\RAFINERIA\PR03 BLOK PRZEROBU ROPY\DRW-IV|DR4.FC43354_SQR.PV;"2026-07-24 23:56:08,159012";"36,7919845581055"
\\PIAF\PKN Orlen\PI Vision\PKN Orlen\ZAKŁAD PRODUKCYJNY PŁOCK\RAFINERIA\PR03 BLOK PRZEROBU ROPY\DRW-IV|DR4.FC43354_SQR.PV;"2026-07-25 00:00:58,128006";"36,5314903259277"
\\PIAF\PKN Orlen\PI Vision\PKN Orlen\ZAKŁAD PRODUKCYJNY PŁOCK\RAFINERIA\PR03 BLOK PRZEROBU ROPY\DRW-IV|DR4.FC43354_SQR.PV;"2026-07-25 00:03:23,175003";"36,5176277160645"
\\PIAF\PKN Orlen\PI Vision\PKN Orlen\ZAKŁAD PRODUKCYJNY PŁOCK\RAFINERIA\PR03 BLOK PRZEROBU ROPY\DRW-IV|DR4.FC43354_SQR.PV;"2026-07-25 00:14:03,19101";"36,6992797851563"
\\PIAF\PKN Orlen\PI Vision\PKN Orlen\ZAKŁAD PRODUKCYJNY PŁOCK\RAFINERIA\PR03 BLOK PRZEROBU ROPY\DRW-IV|DR4.FC43354_SQR.PV;"2026-07-25 00:19:08,128006";"36,5223579406738"
\\PIAF\PKN Orlen\PI Vision\PKN Orlen\ZAKŁAD PRODUKCYJNY PŁOCK\RAFINERIA\PR03 BLOK PRZEROBU ROPY\DRW-IV|DR4.FC43354_SQR.PV;"2026-07-25 00:21:53,19101";"36,5812149047852"
\\PIAF\PKN Orlen\PI Vision\PKN Orlen\ZAKŁAD PRODUKCYJNY PŁOCK\RAFINERIA\PR03 BLOK PRZEROBU ROPY\DRW-IV|DR4.FC43354_SQR.PV;"2026-07-25 00:28:03,238006";"36,839714050293"
\\PIAF\PKN Orlen\PI Vision\PKN Orlen\ZAKŁAD PRODUKCYJNY PŁOCK\RAFINERIA\PR03 BLOK PRZEROBU ROPY\DRW-IV|DR4.FC43354_SQR.PV;"2026-07-25 00:34:48,144012";"36,2095336914063"
\\PIAF\PKN Orlen\PI Vision\PKN Orlen\ZAKŁAD PRODUKCYJNY PŁOCK\RAFINERIA\PR03 BLOK PRZEROBU ROPY\DRW-IV|DR4.FC43354_SQR.PV;"2026-07-25 00:42:43,222015";"36,6482925415039"
\\PIAF\PKN Orlen\PI Vision\PKN Orlen\ZAKŁAD PRODUKCYJNY PŁOCK\RAFINERIA\PR03 BLOK PRZEROBU ROPY\DRW-IV|DR4.FC43354_SQR.PV;"2026-07-25 00:51:38,113006";"36,538158416748"
\\PIAF\PKN Orlen\PI Vision\PKN Orlen\ZAKŁAD PRODUKCYJNY PŁOCK\RAFINERIA\PR03 BLOK PRZEROBU ROPY\DRW-IV|DR4.FC43354_SQR.PV;"2026-07-25 00:53:28,144012";"36,3210983276367"
\\PIAF\PKN Orlen\PI Vision\PKN Orlen\ZAKŁAD PRODUKCYJNY PŁOCK\RAFINERIA\PR03 BLOK PRZEROBU ROPY\DRW-IV|DR4.FC43354_SQR.PV;"2026-07-25 00:57:53,175003";"36,2614631652832"
\\PIAF\PKN Orlen\PI Vision\PKN Orlen\ZAKŁAD PRODUKCYJNY PŁOCK\RAFINERIA\PR03 BLOK PRZEROBU ROPY\DRW-IV|DR4.FC43354_SQR.PV;"2026-07-25 01:03:08,222015";"36,632926940918"
\\PIAF\PKN Orlen\PI Vision\PKN Orlen\ZAKŁAD PRODUKCYJNY PŁOCK\RAFINERIA\PR03 BLOK PRZEROBU ROPY\DRW-IV|DR4.FC43354_SQR.PV;"2026-07-25 01:07:08,19101";"36,5610084533691"
\\PIAF\PKN Orlen\PI Vision\PKN Orlen\ZAKŁAD PRODUKCYJNY PŁOCK\RAFINERIA\PR03 BLOK PRZEROBU ROPY\DRW-IV|DR4.FC43354_SQR.PV;"2026-07-25 01:09:58,175003";"36,5242614746094"
\\PIAF\PKN Orlen\PI Vision\PKN Orlen\ZAKŁAD PRODUKCYJNY PŁOCK\RAFINERIA\PR03 BLOK PRZEROBU ROPY\DRW-IV|DR4.FC43354_SQR.PV;"2026-07-25 01:17:53,128006";"36,617504119873"
\\PIAF\PKN Orlen\PI Vision\PKN Orlen\ZAKŁAD PRODUKCYJNY PŁOCK\RAFINERIA\PR03 BLOK PRZEROBU ROPY\DRW-IV|DR4.FC43354_SQR.PV;"2026-07-25 01:22:03,175003";"36,7892036437988"
\\PIAF\PKN Orlen\PI Vision\PKN Orlen\ZAKŁAD PRODUKCYJNY PŁOCK\RAFINERIA\PR03 BLOK PRZEROBU ROPY\DRW-IV|DR4.FC43354_SQR.PV;"2026-07-25 01:27:13,222015";"36,4141502380371"
\\PIAF\PKN Orlen\PI Vision\PKN Orlen\ZAKŁAD PRODUKCYJNY PŁOCK\RAFINERIA\PR03 BLOK PRZEROBU ROPY\DRW-IV|DR4.FC43354_SQR.PV;"2026-07-25 01:28:18,19101";"36,3300361633301"
\\PIAF\PKN Orlen\PI Vision\PKN Orlen\ZAKŁAD PRODUKCYJNY PŁOCK\RAFINERIA\PR03 BLOK PRZEROBU ROPY\DRW-IV|DR4.FC43354_SQR.PV;"2026-07-25 01:32:58,128006";"36,4788703918457"
\\PIAF\PKN Orlen\PI Vision\PKN Orlen\ZAKŁAD PRODUKCYJNY PŁOCK\RAFINERIA\PR03 BLOK PRZEROBU ROPY\DRW-IV|DR4.FC43354_SQR.PV;"2026-07-25 01:37:08,19101";"36,7146911621094"
\\PIAF\PKN Orlen\PI Vision\PKN Orlen\ZAKŁAD PRODUKCYJNY PŁOCK\RAFINERIA\PR03 BLOK PRZEROBU ROPY\DRW-IV|DR4.FC43354_SQR.PV;"2026-07-25 01:39:33,128006";"36,64306640625"
\\PIAF\PKN Orlen\PI Vision\PKN Orlen\ZAKŁAD PRODUKCYJNY PŁOCK\RAFINERIA\PR03 BLOK PRZEROBU ROPY\DRW-IV|DR4.FC43354_SQR.PV;"2026-07-25 01:42:28,159012";"36,5222282409668"
\\PIAF\PKN Orlen\PI Vision\PKN Orlen\ZAKŁAD PRODUKCYJNY PŁOCK\RAFINERIA\PR03 BLOK PRZEROBU ROPY\DRW-IV|DR4.FC43354_SQR.PV;"2026-07-25 01:45:08,19101";"36,4592666625977"
\\PIAF\PKN Orlen\PI Vision\PKN Orlen\ZAKŁAD PRODUKCYJNY PŁOCK\RAFINERIA\PR03 BLOK PRZEROBU ROPY\DRW-IV|DR4.FC43354_SQR.PV;"2026-07-25 01:47:13,222";"36,6963539123535"
\\PIAF\PKN Orlen\PI Vision\PKN Orlen\ZAKŁAD PRODUKCYJNY PŁOCK\RAFINERIA\PR03 BLOK PRZEROBU ROPY\DRW-IV|DR4.FC43354_SQR.PV;"2026-07-25 01:48:58,128006";"36,7544250488281"
\\PIAF\PKN Orlen\PI Vision\PKN Orlen\ZAKŁAD PRODUKCYJNY PŁOCK\RAFINERIA\PR03 BLOK PRZEROBU ROPY\DRW-IV|DR4.FC43354_SQR.PV;"2026-07-25 01:49:58,19101";"36,6860771179199"
\\PIAF\PKN Orlen\PI Vision\PKN Orlen\ZAKŁAD PRODUKCYJNY PŁOCK\RAFINERIA\PR03 BLOK PRZEROBU ROPY\DRW-IV|DR4.FC43354_SQR.PV;"2026-07-25 01:51:03,175003";"36,9390487670898"
\\PIAF\PKN Orlen\PI Vision\PKN Orlen\ZAKŁAD PRODUKCYJNY PŁOCK\RAFINERIA\PR03 BLOK PRZEROBU ROPY\DRW-IV|DR4.FC43354_SQR.PV;"2026-07-25 01:55:33,19101";"36,9895896911621"
\\PIAF\PKN Orlen\PI Vision\PKN Orlen\ZAKŁAD PRODUKCYJNY PŁOCK\RAFINERIA\PR03 BLOK PRZEROBU ROPY\DRW-IV|DR4.FC43354_SQR.PV;"2026-07-25 01:59:18,144012";"36,8027153015137"
\\PIAF\PKN Orlen\PI Vision\PKN Orlen\ZAKŁAD PRODUKCYJNY PŁOCK\RAFINERIA\PR03 BLOK PRZEROBU ROPY\DRW-IV|DR4.FC43354_SQR.PV;"2026-07-25 02:06:48,206009";"36,9240875244141"
\\PIAF\PKN Orlen\PI Vision\PKN Orlen\ZAKŁAD PRODUKCYJNY PŁOCK\RAFINERIA\PR03 BLOK PRZEROBU ROPY\DRW-IV|DR4.FC43354_SQR.PV;"2026-07-25 02:14:58,19101";"36,8175201416016"
\\PIAF\PKN Orlen\PI Vision\PKN Orlen\ZAKŁAD PRODUKCYJNY PŁOCK\RAFINERIA\PR03 BLOK PRZEROBU ROPY\DRW-IV|DR4.FC43354_SQR.PV;"2026-07-25 02:18:08,222015";"36,7703666687012"
\\PIAF\PKN Orlen\PI Vision\PKN Orlen\ZAKŁAD PRODUKCYJNY PŁOCK\RAFINERIA\PR03 BLOK PRZEROBU ROPY\DRW-IV|DR4.FC43354_SQR.PV;"2026-07-25 02:20:28,175003";"37,039737701416"
\\PIAF\PKN Orlen\PI Vision\PKN Orlen\ZAKŁAD PRODUKCYJNY PŁOCK\RAFINERIA\PR03 BLOK PRZEROBU ROPY\DRW-IV|DR4.FC43354_SQR.PV;"2026-07-25 02:24:03,206009";"37,0719985961914"
\\PIAF\PKN Orlen\PI Vision\PKN Orlen\ZAKŁAD PRODUKCYJNY PŁOCK\RAFINERIA\PR03 BLOK PRZEROBU ROPY\DRW-IV|DR4.FC43354_SQR.PV;"2026-07-25 02:28:03,206009";"36,9483451843262"
\\PIAF\PKN Orlen\PI Vision\PKN Orlen\ZAKŁAD PRODUKCYJNY PŁOCK\RAFINERIA\PR03 BLOK PRZEROBU ROPY\DRW-IV|DR4.FC43354_SQR.PV;"2026-07-25 02:31:58,19101";"36,9853591918945"
\\PIAF\PKN Orlen\PI Vision\PKN Orlen\ZAKŁAD PRODUKCYJNY PŁOCK\RAFINERIA\PR03 BLOK PRZEROBU ROPY\DRW-IV|DR4.FC43354_SQR.PV;"2026-07-25 02:35:43,175003";"37,063419342041"
\\PIAF\PKN Orlen\PI Vision\PKN Orlen\ZAKŁAD PRODUKCYJNY PŁOCK\RAFINERIA\PR03 BLOK PRZEROBU ROPY\DRW-IV|DR4.FC43354_SQR.PV;"2026-07-25 02:39:38,253006";"36,6896018981934"
\\PIAF\PKN Orlen\PI Vision\PKN Orlen\ZAKŁAD PRODUKCYJNY PŁOCK\RAFINERIA\PR03 BLOK PRZEROBU ROPY\DRW-IV|DR4.FC43354_SQR.PV;"2026-07-25 02:41:18,128006";"36,7955589294434"
\\PIAF\PKN Orlen\PI Vision\PKN Orlen\ZAKŁAD PRODUKCYJNY PŁOCK\RAFINERIA\PR03 BLOK PRZEROBU ROPY\DRW-IV|DR4.FC43354_SQR.PV;"2026-07-25 02:49:03,159012";"37,0942687988281"
\\PIAF\PKN Orlen\PI Vision\PKN Orlen\ZAKŁAD PRODUKCYJNY PŁOCK\RAFINERIA\PR03 BLOK PRZEROBU ROPY\DRW-IV|DR4.FC43354_SQR.PV;"2026-07-25 02:51:43,19101";"36,9637603759766"
\\PIAF\PKN Orlen\PI Vision\PKN Orlen\ZAKŁAD PRODUKCYJNY PŁOCK\RAFINERIA\PR03 BLOK PRZEROBU ROPY\DRW-IV|DR4.FC43354_SQR.PV;"2026-07-25 02:52:58,128006";"37,1600227355957"
\\PIAF\PKN Orlen\PI Vision\PKN Orlen\ZAKŁAD PRODUKCYJNY PŁOCK\RAFINERIA\PR03 BLOK PRZEROBU ROPY\DRW-IV|DR4.FC43354_SQR.PV;"2026-07-25 03:00:23,206009";"37,0181694030762"
\\PIAF\PKN Orlen\PI Vision\PKN Orlen\ZAKŁAD PRODUKCYJNY PŁOCK\RAFINERIA\PR03 BLOK PRZEROBU ROPY\DRW-IV|DR4.FC43354_SQR.PV;"2026-07-25 03:04:13,238006";"37,0922355651855"
\\PIAF\PKN Orlen\PI Vision\PKN Orlen\ZAKŁAD PRODUKCYJNY PŁOCK\RAFINERIA\PR03 BLOK PRZEROBU ROPY\DRW-IV|DR4.FC43354_SQR.PV;"2026-07-25 03:05:33,19101";"37,0209121704102"
\\PIAF\PKN Orlen\PI Vision\PKN Orlen\ZAKŁAD PRODUKCYJNY PŁOCK\RAFINERIA\PR03 BLOK PRZEROBU ROPY\DRW-IV|DR4.FC43354_SQR.PV;"2026-07-25 03:16:08,19101";"36,8835792541504"
\\PIAF\PKN Orlen\PI Vision\PKN Orlen\ZAKŁAD PRODUKCYJNY PŁOCK\RAFINERIA\PR03 BLOK PRZEROBU ROPY\DRW-IV|DR4.FC43354_SQR.PV;"2026-07-25 03:24:38,222";"36,936279296875"
\\PIAF\PKN Orlen\PI Vision\PKN Orlen\ZAKŁAD PRODUKCYJNY PŁOCK\RAFINERIA\PR03 BLOK PRZEROBU ROPY\DRW-IV|DR4.FC43354_SQR.PV;"2026-07-25 03:31:18,128006";"37,1549758911133"
\\PIAF\PKN Orlen\PI Vision\PKN Orlen\ZAKŁAD PRODUKCYJNY PŁOCK\RAFINERIA\PR03 BLOK PRZEROBU ROPY\DRW-IV|DR4.FC43354_SQR.PV;"2026-07-25 03:32:18,175003";"37,3743553161621"
\\PIAF\PKN Orlen\PI Vision\PKN Orlen\ZAKŁAD PRODUKCYJNY PŁOCK\RAFINERIA\PR03 BLOK PRZEROBU ROPY\DRW-IV|DR4.FC43354_SQR.PV;"2026-07-25 03:33:23,144012";"37,3189544677734"
\\PIAF\PKN Orlen\PI Vision\PKN Orlen\ZAKŁAD PRODUKCYJNY PŁOCK\RAFINERIA\PR03 BLOK PRZEROBU ROPY\DRW-IV|DR4.FC43354_SQR.PV;"2026-07-25 03:38:38,144012";"37,0416526794434"
\\PIAF\PKN Orlen\PI Vision\PKN Orlen\ZAKŁAD PRODUKCYJNY PŁOCK\RAFINERIA\PR03 BLOK PRZEROBU ROPY\DRW-IV|DR4.FC43354_SQR.PV;"2026-07-25 03:42:03,144012";"36,7964744567871"
\\PIAF\PKN Orlen\PI Vision\PKN Orlen\ZAKŁAD PRODUKCYJNY PŁOCK\RAFINERIA\PR03 BLOK PRZEROBU ROPY\DRW-IV|DR4.FC43354_SQR.PV;"2026-07-25 03:44:38,144012";"36,8573951721191"
\\PIAF\PKN Orlen\PI Vision\PKN Orlen\ZAKŁAD PRODUKCYJNY PŁOCK\RAFINERIA\PR03 BLOK PRZEROBU ROPY\DRW-IV|DR4.FC43354_SQR.PV;"2026-07-25 04:01:28,113006";"37,0976028442383"
\\PIAF\PKN Orlen\PI Vision\PKN Orlen\ZAKŁAD PRODUKCYJNY PŁOCK\RAFINERIA\PR03 BLOK PRZEROBU ROPY\DRW-IV|DR4.FC43354_SQR.PV;"2026-07-25 04:10:23,19101";"36,8225898742676"
\\PIAF\PKN Orlen\PI Vision\PKN Orlen\ZAKŁAD PRODUKCYJNY PŁOCK\RAFINERIA\PR03 BLOK PRZEROBU ROPY\DRW-IV|DR4.FC43354_SQR.PV;"2026-07-25 04:11:58,144012";"36,6332473754883"
\\PIAF\PKN Orlen\PI Vision\PKN Orlen\ZAKŁAD PRODUKCYJNY PŁOCK\RAFINERIA\PR03 BLOK PRZEROBU ROPY\DRW-IV|DR4.FC43354_SQR.PV;"2026-07-25 04:13:08,144012";"36,7571792602539"
\\PIAF\PKN Orlen\PI Vision\PKN Orlen\ZAKŁAD PRODUKCYJNY PŁOCK\RAFINERIA\PR03 BLOK PRZEROBU ROPY\DRW-IV|DR4.FC43354_SQR.PV;"2026-07-25 04:15:33,175003";"36,6867332458496"
\\PIAF\PKN Orlen\PI Vision\PKN Orlen\ZAKŁAD PRODUKCYJNY PŁOCK\RAFINERIA\PR03 BLOK PRZEROBU ROPY\DRW-IV|DR4.FC43354_SQR.PV;"2026-07-25 04:19:33,206009";"36,9286422729492"
\\PIAF\PKN Orlen\PI Vision\PKN Orlen\ZAKŁAD PRODUKCYJNY PŁOCK\RAFINERIA\PR03 BLOK PRZEROBU ROPY\DRW-IV|DR4.FC43354_SQR.PV;"2026-07-25 04:21:58,128006";"37,0957565307617"
\\PIAF\PKN Orlen\PI Vision\PKN Orlen\ZAKŁAD PRODUKCYJNY PŁOCK\RAFINERIA\PR03 BLOK PRZEROBU ROPY\DRW-IV|DR4.FC43354_SQR.PV;"2026-07-25 04:27:23,113006";"36,7820167541504"
\\PIAF\PKN Orlen\PI Vision\PKN Orlen\ZAKŁAD PRODUKCYJNY PŁOCK\RAFINERIA\PR03 BLOK PRZEROBU ROPY\DRW-IV|DR4.FC43354_SQR.PV;"2026-07-25 04:31:43,128006";"36,6926879882813"
\\PIAF\PKN Orlen\PI Vision\PKN Orlen\ZAKŁAD PRODUKCYJNY PŁOCK\RAFINERIA\PR03 BLOK PRZEROBU ROPY\DRW-IV|DR4.FC43354_SQR.PV;"2026-07-25 04:42:13,128006";"36,9259223937988"
\\PIAF\PKN Orlen\PI Vision\PKN Orlen\ZAKŁAD PRODUKCYJNY PŁOCK\RAFINERIA\PR03 BLOK PRZEROBU ROPY\DRW-IV|DR4.FC43354_SQR.PV;"2026-07-25 04:47:58,112015";"36,7162666320801"
\\PIAF\PKN Orlen\PI Vision\PKN Orlen\ZAKŁAD PRODUKCYJNY PŁOCK\RAFINERIA\PR03 BLOK PRZEROBU ROPY\DRW-IV|DR4.FC43354_SQR.PV;"2026-07-25 04:49:08,113006";"36,5110931396484"
\\PIAF\PKN Orlen\PI Vision\PKN Orlen\ZAKŁAD PRODUKCYJNY PŁOCK\RAFINERIA\PR03 BLOK PRZEROBU ROPY\DRW-IV|DR4.FC43354_SQR.PV;"2026-07-25 04:57:08,144012";"37,0522727966309"
\\PIAF\PKN Orlen\PI Vision\PKN Orlen\ZAKŁAD PRODUKCYJNY PŁOCK\RAFINERIA\PR03 BLOK PRZEROBU ROPY\DRW-IV|DR4.FC43354_SQR.PV;"2026-07-25 04:58:48,222";"37,0668449401855"
\\PIAF\PKN Orlen\PI Vision\PKN Orlen\ZAKŁAD PRODUKCYJNY PŁOCK\RAFINERIA\PR03 BLOK PRZEROBU ROPY\DRW-IV|DR4.FC43354_SQR.PV;"2026-07-25 05:01:53,19101";"36,9002342224121"
\\PIAF\PKN Orlen\PI Vision\PKN Orlen\ZAKŁAD PRODUKCYJNY PŁOCK\RAFINERIA\PR03 BLOK PRZEROBU ROPY\DRW-IV|DR4.FC43354_SQR.PV;"2026-07-25 05:05:38,128006";"36,6401023864746"
\\PIAF\PKN Orlen\PI Vision\PKN Orlen\ZAKŁAD PRODUKCYJNY PŁOCK\RAFINERIA\PR03 BLOK PRZEROBU ROPY\DRW-IV|DR4.FC43354_SQR.PV;"2026-07-25 05:09:48,159012";"36,4631729125977"
\\PIAF\PKN Orlen\PI Vision\PKN Orlen\ZAKŁAD PRODUKCYJNY PŁOCK\RAFINERIA\PR03 BLOK PRZEROBU ROPY\DRW-IV|DR4.FC43354_SQR.PV;"2026-07-25 05:11:23,113006";"36,6444358825684"
\\PIAF\PKN Orlen\PI Vision\PKN Orlen\ZAKŁAD PRODUKCYJNY PŁOCK\RAFINERIA\PR03 BLOK PRZEROBU ROPY\DRW-IV|DR4.FC43354_SQR.PV;"2026-07-25 05:14:53,159012";"37,1858711242676"
\\PIAF\PKN Orlen\PI Vision\PKN Orlen\ZAKŁAD PRODUKCYJNY PŁOCK\RAFINERIA\PR03 BLOK PRZEROBU ROPY\DRW-IV|DR4.FC43354_SQR.PV;"2026-07-25 05:17:58,19101";"36,7865257263184"
\\PIAF\PKN Orlen\PI Vision\PKN Orlen\ZAKŁAD PRODUKCYJNY PŁOCK\RAFINERIA\PR03 BLOK PRZEROBU ROPY\DRW-IV|DR4.FC43354_SQR.PV;"2026-07-25 05:20:38,222";"36,1073417663574"
\\PIAF\PKN Orlen\PI Vision\PKN Orlen\ZAKŁAD PRODUKCYJNY PŁOCK\RAFINERIA\PR03 BLOK PRZEROBU ROPY\DRW-IV|DR4.FC43354_SQR.PV;"2026-07-25 05:25:23,159012";"36,2441291809082"
\\PIAF\PKN Orlen\PI Vision\PKN Orlen\ZAKŁAD PRODUKCYJNY PŁOCK\RAFINERIA\PR03 BLOK PRZEROBU ROPY\DRW-IV|DR4.FC43354_SQR.PV;"2026-07-25 05:28:08,128006";"36,6689376831055"
\\PIAF\PKN Orlen\PI Vision\PKN Orlen\ZAKŁAD PRODUKCYJNY PŁOCK\RAFINERIA\PR03 BLOK PRZEROBU ROPY\DRW-IV|DR4.FC43354_SQR.PV;"2026-07-25 05:32:28,222015";"36,992259979248"
\\PIAF\PKN Orlen\PI Vision\PKN Orlen\ZAKŁAD PRODUKCYJNY PŁOCK\RAFINERIA\PR03 BLOK PRZEROBU ROPY\DRW-IV|DR4.FC43354_SQR.PV;"2026-07-25 05:36:43,175003";"36,7295341491699"
\\PIAF\PKN Orlen\PI Vision\PKN Orlen\ZAKŁAD PRODUKCYJNY PŁOCK\RAFINERIA\PR03 BLOK PRZEROBU ROPY\DRW-IV|DR4.FC43354_SQR.PV;"2026-07-25 05:39:08,128006";"36,179256439209"
\\PIAF\PKN Orlen\PI Vision\PKN Orlen\ZAKŁAD PRODUKCYJNY PŁOCK\RAFINERIA\PR03 BLOK PRZEROBU ROPY\DRW-IV|DR4.FC43354_SQR.PV;"2026-07-25 05:42:53,128006";"35,9283447265625"
\\PIAF\PKN Orlen\PI Vision\PKN Orlen\ZAKŁAD PRODUKCYJNY PŁOCK\RAFINERIA\PR03 BLOK PRZEROBU ROPY\DRW-IV|DR4.FC43354_SQR.PV;"2026-07-25 05:46:28,175003";"36,190486907959"
\\PIAF\PKN Orlen\PI Vision\PKN Orlen\ZAKŁAD PRODUKCYJNY PŁOCK\RAFINERIA\PR03 BLOK PRZEROBU ROPY\DRW-IV|DR4.FC43354_SQR.PV;"2026-07-25 05:47:43,222015";"36,3632965087891"
\\PIAF\PKN Orlen\PI Vision\PKN Orlen\ZAKŁAD PRODUKCYJNY PŁOCK\RAFINERIA\PR03 BLOK PRZEROBU ROPY\DRW-IV|DR4.FC43354_SQR.PV;"2026-07-25 05:48:58,144012";"36,6228370666504"
\\PIAF\PKN Orlen\PI Vision\PKN Orlen\ZAKŁAD PRODUKCYJNY PŁOCK\RAFINERIA\PR03 BLOK PRZEROBU ROPY\DRW-IV|DR4.FC43354_SQR.PV;"2026-07-25 05:53:03,175003";"36,8529586791992"
\\PIAF\PKN Orlen\PI Vision\PKN Orlen\ZAKŁAD PRODUKCYJNY PŁOCK\RAFINERIA\PR03 BLOK PRZEROBU ROPY\DRW-IV|DR4.FC43354_SQR.PV;"2026-07-25 05:59:58,097";"36,5443153381348"
\\PIAF\PKN Orlen\PI Vision\PKN Orlen\ZAKŁAD PRODUKCYJNY PŁOCK\RAFINERIA\PR03 BLOK PRZEROBU ROPY\DRW-IV|DR4.FC43354_SQR.PV;"2026-07-25 06:06:48,113006";"37,0110740661621"
\\PIAF\PKN Orlen\PI Vision\PKN Orlen\ZAKŁAD PRODUKCYJNY PŁOCK\RAFINERIA\PR03 BLOK PRZEROBU ROPY\DRW-IV|DR4.FC43354_SQR.PV;"2026-07-25 06:13:48,159012";"36,2885818481445"
\\PIAF\PKN Orlen\PI Vision\PKN Orlen\ZAKŁAD PRODUKCYJNY PŁOCK\RAFINERIA\PR03 BLOK PRZEROBU ROPY\DRW-IV|DR4.FC43354_SQR.PV;"2026-07-25 06:16:58,159012";"36,3088493347168"
\\PIAF\PKN Orlen\PI Vision\PKN Orlen\ZAKŁAD PRODUKCYJNY PŁOCK\RAFINERIA\PR03 BLOK PRZEROBU ROPY\DRW-IV|DR4.FC43354_SQR.PV;"2026-07-25 06:18:38,159012";"36,564453125"
\\PIAF\PKN Orlen\PI Vision\PKN Orlen\ZAKŁAD PRODUKCYJNY PŁOCK\RAFINERIA\PR03 BLOK PRZEROBU ROPY\DRW-IV|DR4.FC43354_SQR.PV;"2026-07-25 06:24:13,222";"36,546932220459"
\\PIAF\PKN Orlen\PI Vision\PKN Orlen\ZAKŁAD PRODUKCYJNY PŁOCK\RAFINERIA\PR03 BLOK PRZEROBU ROPY\DRW-IV|DR4.FC43354_SQR.PV;"2026-07-25 06:28:03,144012";"36,3986167907715"
\\PIAF\PKN Orlen\PI Vision\PKN Orlen\ZAKŁAD PRODUKCYJNY PŁOCK\RAFINERIA\PR03 BLOK PRZEROBU ROPY\DRW-IV|DR4.FC43354_SQR.PV;"2026-07-25 06:29:13,144012";"36,4068641662598"
\\PIAF\PKN Orlen\PI Vision\PKN Orlen\ZAKŁAD PRODUKCYJNY PŁOCK\RAFINERIA\PR03 BLOK PRZEROBU ROPY\DRW-IV|DR4.FC43354_SQR.PV;"2026-07-25 06:30:38,159012";"36,4094886779785"
\\PIAF\PKN Orlen\PI Vision\PKN Orlen\ZAKŁAD PRODUKCYJNY PŁOCK\RAFINERIA\PR03 BLOK PRZEROBU ROPY\DRW-IV|DR4.FC43354_SQR.PV;"2026-07-25 06:36:58,112015";"36,7880096435547"
\\PIAF\PKN Orlen\PI Vision\PKN Orlen\ZAKŁAD PRODUKCYJNY PŁOCK\RAFINERIA\PR03 BLOK PRZEROBU ROPY\DRW-IV|DR4.FC43354_SQR.PV;"2026-07-25 06:38:33,159012";"36,6898422241211"
\\PIAF\PKN Orlen\PI Vision\PKN Orlen\ZAKŁAD PRODUKCYJNY PŁOCK\RAFINERIA\PR03 BLOK PRZEROBU ROPY\DRW-IV|DR4.FC43354_SQR.PV;"2026-07-25 06:40:38,175003";"36,7922897338867"
\\PIAF\PKN Orlen\PI Vision\PKN Orlen\ZAKŁAD PRODUKCYJNY PŁOCK\RAFINERIA\PR03 BLOK PRZEROBU ROPY\DRW-IV|DR4.FC43354_SQR.PV;"2026-07-25 06:44:53,175003";"36,781982421875"
\\PIAF\PKN Orlen\PI Vision\PKN Orlen\ZAKŁAD PRODUKCYJNY PŁOCK\RAFINERIA\PR03 BLOK PRZEROBU ROPY\DRW-IV|DR4.FC43354_SQR.PV;"2026-07-25 06:48:28,097015";"36,7824859619141"
\\PIAF\PKN Orlen\PI Vision\PKN Orlen\ZAKŁAD PRODUKCYJNY PŁOCK\RAFINERIA\PR03 BLOK PRZEROBU ROPY\DRW-IV|DR4.FC43354_SQR.PV;"2026-07-25 06:49:53,19101";"36,680591583252"
\\PIAF\PKN Orlen\PI Vision\PKN Orlen\ZAKŁAD PRODUKCYJNY PŁOCK\RAFINERIA\PR03 BLOK PRZEROBU ROPY\DRW-IV|DR4.FC43354_SQR.PV;"2026-07-25 06:53:33,159012";"36,7493209838867"
\\PIAF\PKN Orlen\PI Vision\PKN Orlen\ZAKŁAD PRODUKCYJNY PŁOCK\RAFINERIA\PR03 BLOK PRZEROBU ROPY\DRW-IV|DR4.FC43354_SQR.PV;"2026-07-25 06:59:23,206009";"36,7837104797363"
\\PIAF\PKN Orlen\PI Vision\PKN Orlen\ZAKŁAD PRODUKCYJNY PŁOCK\RAFINERIA\PR03 BLOK PRZEROBU ROPY\DRW-IV|DR4.FC43354_SQR.PV;"2026-07-25 07:03:43,19101";"36,6639862060547"
\\PIAF\PKN Orlen\PI Vision\PKN Orlen\ZAKŁAD PRODUKCYJNY PŁOCK\RAFINERIA\PR03 BLOK PRZEROBU ROPY\DRW-IV|DR4.FC43354_SQR.PV;"2026-07-25 07:06:33,175003";"36,408374786377"
\\PIAF\PKN Orlen\PI Vision\PKN Orlen\ZAKŁAD PRODUKCYJNY PŁOCK\RAFINERIA\PR03 BLOK PRZEROBU ROPY\DRW-IV|DR4.FC43354_SQR.PV;"2026-07-25 07:08:58,206009";"36,2578582763672"
\\PIAF\PKN Orlen\PI Vision\PKN Orlen\ZAKŁAD PRODUKCYJNY PŁOCK\RAFINERIA\PR03 BLOK PRZEROBU ROPY\DRW-IV|DR4.FC43354_SQR.PV;"2026-07-25 07:10:18,159012";"36,417407989502"
\\PIAF\PKN Orlen\PI Vision\PKN Orlen\ZAKŁAD PRODUKCYJNY PŁOCK\RAFINERIA\PR03 BLOK PRZEROBU ROPY\DRW-IV|DR4.FC43354_SQR.PV;"2026-07-25 07:11:23,128006";"36,4825210571289"
\\PIAF\PKN Orlen\PI Vision\PKN Orlen\ZAKŁAD PRODUKCYJNY PŁOCK\RAFINERIA\PR03 BLOK PRZEROBU ROPY\DRW-IV|DR4.FC43354_SQR.PV;"2026-07-25 07:13:03,206009";"36,5440216064453"
\\PIAF\PKN Orlen\PI Vision\PKN Orlen\ZAKŁAD PRODUKCYJNY PŁOCK\RAFINERIA\PR03 BLOK PRZEROBU ROPY\DRW-IV|DR4.FC43354_SQR.PV;"2026-07-25 07:14:38,144012";"36,5571365356445"
\\PIAF\PKN Orlen\PI Vision\PKN Orlen\ZAKŁAD PRODUKCYJNY PŁOCK\RAFINERIA\PR03 BLOK PRZEROBU ROPY\DRW-IV|DR4.FC43354_SQR.PV;"2026-07-25 07:16:23,175003";"36,5704650878906"
\\PIAF\PKN Orlen\PI Vision\PKN Orlen\ZAKŁAD PRODUKCYJNY PŁOCK\RAFINERIA\PR03 BLOK PRZEROBU ROPY\DRW-IV|DR4.FC43354_SQR.PV;"2026-07-25 07:23:23,097";"36,2311744689941"
\\PIAF\PKN Orlen\PI Vision\PKN Orlen\ZAKŁAD PRODUKCYJNY PŁOCK\RAFINERIA\PR03 BLOK PRZEROBU ROPY\DRW-IV|DR4.FC43354_SQR.PV;"2026-07-25 07:27:03,175003";"36,2520408630371"
\\PIAF\PKN Orlen\PI Vision\PKN Orlen\ZAKŁAD PRODUKCYJNY PŁOCK\RAFINERIA\PR03 BLOK PRZEROBU ROPY\DRW-IV|DR4.FC43354_SQR.PV;"2026-07-25 07:33:48,128006";"36,8462104797363"
\\PIAF\PKN Orlen\PI Vision\PKN Orlen\ZAKŁAD PRODUKCYJNY PŁOCK\RAFINERIA\PR03 BLOK PRZEROBU ROPY\DRW-IV|DR4.FC43354_SQR.PV;"2026-07-25 07:43:23,175003";"36,9134178161621"
\\PIAF\PKN Orlen\PI Vision\PKN Orlen\ZAKŁAD PRODUKCYJNY PŁOCK\RAFINERIA\PR03 BLOK PRZEROBU ROPY\DRW-IV|DR4.FC43354_SQR.PV;"2026-07-25 07:44:33,19101";"36,6891555786133"
\\PIAF\PKN Orlen\PI Vision\PKN Orlen\ZAKŁAD PRODUKCYJNY PŁOCK\RAFINERIA\PR03 BLOK PRZEROBU ROPY\DRW-IV|DR4.FC43354_SQR.PV;"2026-07-25 07:48:43,128006";"36,3743553161621"
\\PIAF\PKN Orlen\PI Vision\PKN Orlen\ZAKŁAD PRODUKCYJNY PŁOCK\RAFINERIA\PR03 BLOK PRZEROBU ROPY\DRW-IV|DR4.FC43354_SQR.PV;"2026-07-25 07:54:53,19101";"36,8760604858398"
\\PIAF\PKN Orlen\PI Vision\PKN Orlen\ZAKŁAD PRODUKCYJNY PŁOCK\RAFINERIA\PR03 BLOK PRZEROBU ROPY\DRW-IV|DR4.FC43354_SQR.PV;"2026-07-25 07:58:13,144012";"36,8669090270996"
\\PIAF\PKN Orlen\PI Vision\PKN Orlen\ZAKŁAD PRODUKCYJNY PŁOCK\RAFINERIA\PR03 BLOK PRZEROBU ROPY\DRW-IV|DR4.FC43354_SQR.PV;"2026-07-25 08:05:53,128006";"36,7334403991699"
\\PIAF\PKN Orlen\PI Vision\PKN Orlen\ZAKŁAD PRODUKCYJNY PŁOCK\RAFINERIA\PR03 BLOK PRZEROBU ROPY\DRW-IV|DR4.FC43354_SQR.PV;"2026-07-25 08:10:43,144012";"37,2039413452148"
\\PIAF\PKN Orlen\PI Vision\PKN Orlen\ZAKŁAD PRODUKCYJNY PŁOCK\RAFINERIA\PR03 BLOK PRZEROBU ROPY\DRW-IV|DR4.FC43354_SQR.PV;"2026-07-25 08:18:33,159012";"36,710132598877"
\\PIAF\PKN Orlen\PI Vision\PKN Orlen\ZAKŁAD PRODUKCYJNY PŁOCK\RAFINERIA\PR03 BLOK PRZEROBU ROPY\DRW-IV|DR4.FC43354_SQR.PV;"2026-07-25 08:24:33,19101";"36,6832542419434"
\\PIAF\PKN Orlen\PI Vision\PKN Orlen\ZAKŁAD PRODUKCYJNY PŁOCK\RAFINERIA\PR03 BLOK PRZEROBU ROPY\DRW-IV|DR4.FC43354_SQR.PV;"2026-07-25 08:27:58,159012";"36,9215698242188"
\\PIAF\PKN Orlen\PI Vision\PKN Orlen\ZAKŁAD PRODUKCYJNY PŁOCK\RAFINERIA\PR03 BLOK PRZEROBU ROPY\DRW-IV|DR4.FC43354_SQR.PV;"2026-07-25 08:33:43,081009";"36,5980339050293"
\\PIAF\PKN Orlen\PI Vision\PKN Orlen\ZAKŁAD PRODUKCYJNY PŁOCK\RAFINERIA\PR03 BLOK PRZEROBU ROPY\DRW-IV|DR4.FC43354_SQR.PV;"2026-07-25 08:39:38,159012";"36,3905410766602"
\\PIAF\PKN Orlen\PI Vision\PKN Orlen\ZAKŁAD PRODUKCYJNY PŁOCK\RAFINERIA\PR03 BLOK PRZEROBU ROPY\DRW-IV|DR4.FC43354_SQR.PV;"2026-07-25 08:43:13,144012";"36,6647071838379"
\\PIAF\PKN Orlen\PI Vision\PKN Orlen\ZAKŁAD PRODUKCYJNY PŁOCK\RAFINERIA\PR03 BLOK PRZEROBU ROPY\DRW-IV|DR4.FC43354_SQR.PV;"2026-07-25 08:46:43,175003";"36,8564376831055"
\\PIAF\PKN Orlen\PI Vision\PKN Orlen\ZAKŁAD PRODUKCYJNY PŁOCK\RAFINERIA\PR03 BLOK PRZEROBU ROPY\DRW-IV|DR4.FC43354_SQR.PV;"2026-07-25 08:48:58,159012";"36,8175086975098"
\\PIAF\PKN Orlen\PI Vision\PKN Orlen\ZAKŁAD PRODUKCYJNY PŁOCK\RAFINERIA\PR03 BLOK PRZEROBU ROPY\DRW-IV|DR4.FC43354_SQR.PV;"2026-07-25 08:54:23,206009";"36,1694068908691"
\\PIAF\PKN Orlen\PI Vision\PKN Orlen\ZAKŁAD PRODUKCYJNY PŁOCK\RAFINERIA\PR03 BLOK PRZEROBU ROPY\DRW-IV|DR4.FC43354_SQR.PV;"2026-07-25 08:57:33,081009";"36,4575004577637"
\\PIAF\PKN Orlen\PI Vision\PKN Orlen\ZAKŁAD PRODUKCYJNY PŁOCK\RAFINERIA\PR03 BLOK PRZEROBU ROPY\DRW-IV|DR4.FC43354_SQR.PV;"2026-07-25 08:58:58,175003";"36,855167388916"
\\PIAF\PKN Orlen\PI Vision\PKN Orlen\ZAKŁAD PRODUKCYJNY PŁOCK\RAFINERIA\PR03 BLOK PRZEROBU ROPY\DRW-IV|DR4.FC43354_SQR.PV;"2026-07-25 09:00:23,159012";"36,9655494689941"
\\PIAF\PKN Orlen\PI Vision\PKN Orlen\ZAKŁAD PRODUKCYJNY PŁOCK\RAFINERIA\PR03 BLOK PRZEROBU ROPY\DRW-IV|DR4.FC43354_SQR.PV;"2026-07-25 09:02:28,19101";"36,8638725280762"
\\PIAF\PKN Orlen\PI Vision\PKN Orlen\ZAKŁAD PRODUKCYJNY PŁOCK\RAFINERIA\PR03 BLOK PRZEROBU ROPY\DRW-IV|DR4.FC43354_SQR.PV;"2026-07-25 09:06:03,144012";"36,838077545166"
\\PIAF\PKN Orlen\PI Vision\PKN Orlen\ZAKŁAD PRODUKCYJNY PŁOCK\RAFINERIA\PR03 BLOK PRZEROBU ROPY\DRW-IV|DR4.FC43354_SQR.PV;"2026-07-25 09:11:18,081009";"36,7012901306152"
\\PIAF\PKN Orlen\PI Vision\PKN Orlen\ZAKŁAD PRODUKCYJNY PŁOCK\RAFINERIA\PR03 BLOK PRZEROBU ROPY\DRW-IV|DR4.FC43354_SQR.PV;"2026-07-25 09:15:38,128006";"36,8206481933594"
\\PIAF\PKN Orlen\PI Vision\PKN Orlen\ZAKŁAD PRODUKCYJNY PŁOCK\RAFINERIA\PR03 BLOK PRZEROBU ROPY\DRW-IV|DR4.FC43354_SQR.PV;"2026-07-25 09:25:13,175003";"37,0054817199707"
\\PIAF\PKN Orlen\PI Vision\PKN Orlen\ZAKŁAD PRODUKCYJNY PŁOCK\RAFINERIA\PR03 BLOK PRZEROBU ROPY\DRW-IV|DR4.FC43354_SQR.PV;"2026-07-25 09:36:13,144012";"37,0617713928223"
\\PIAF\PKN Orlen\PI Vision\PKN Orlen\ZAKŁAD PRODUKCYJNY PŁOCK\RAFINERIA\PR03 BLOK PRZEROBU ROPY\DRW-IV|DR4.FC43354_SQR.PV;"2026-07-25 09:41:48,081009";"36,846134185791"
\\PIAF\PKN Orlen\PI Vision\PKN Orlen\ZAKŁAD PRODUKCYJNY PŁOCK\RAFINERIA\PR03 BLOK PRZEROBU ROPY\DRW-IV|DR4.FC43354_SQR.PV;"2026-07-25 09:48:18,06601";"37,6331977844238"
\\PIAF\PKN Orlen\PI Vision\PKN Orlen\ZAKŁAD PRODUKCYJNY PŁOCK\RAFINERIA\PR03 BLOK PRZEROBU ROPY\DRW-IV|DR4.FC43354_SQR.PV;"2026-07-25 09:55:13,175003";"37,2244567871094"
\\PIAF\PKN Orlen\PI Vision\PKN Orlen\ZAKŁAD PRODUKCYJNY PŁOCK\RAFINERIA\PR03 BLOK PRZEROBU ROPY\DRW-IV|DR4.FC43354_SQR.PV;"2026-07-25 09:59:13,097015";"37,5175857543945"
\\PIAF\PKN Orlen\PI Vision\PKN Orlen\ZAKŁAD PRODUKCYJNY PŁOCK\RAFINERIA\PR03 BLOK PRZEROBU ROPY\DRW-IV|DR4.FC43354_SQR.PV;"2026-07-25 10:05:43,081009";"37,2549057006836"
\\PIAF\PKN Orlen\PI Vision\PKN Orlen\ZAKŁAD PRODUKCYJNY PŁOCK\RAFINERIA\PR03 BLOK PRZEROBU ROPY\DRW-IV|DR4.FC43354_SQR.PV;"2026-07-25 10:09:28,144012";"37,0513763427734"
\\PIAF\PKN Orlen\PI Vision\PKN Orlen\ZAKŁAD PRODUKCYJNY PŁOCK\RAFINERIA\PR03 BLOK PRZEROBU ROPY\DRW-IV|DR4.FC43354_SQR.PV;"2026-07-25 10:12:33,113006";"37,2803611755371"
\\PIAF\PKN Orlen\PI Vision\PKN Orlen\ZAKŁAD PRODUKCYJNY PŁOCK\RAFINERIA\PR03 BLOK PRZEROBU ROPY\DRW-IV|DR4.FC43354_SQR.PV;"2026-07-25 10:17:28,128006";"37,7545127868652"
\\PIAF\PKN Orlen\PI Vision\PKN Orlen\ZAKŁAD PRODUKCYJNY PŁOCK\RAFINERIA\PR03 BLOK PRZEROBU ROPY\DRW-IV|DR4.FC43354_SQR.PV;"2026-07-25 10:21:58,081009";"37,5890693664551"
\\PIAF\PKN Orlen\PI Vision\PKN Orlen\ZAKŁAD PRODUKCYJNY PŁOCK\RAFINERIA\PR03 BLOK PRZEROBU ROPY\DRW-IV|DR4.FC43354_SQR.PV;"2026-07-25 10:29:08,097015";"37,4899101257324"
