Źródło danych;Czas;Wartość
\\PIAF\PKN Orlen\PI Vision\PKN Orlen\ZAKŁAD PRODUKCYJNY PŁOCK\RAFINERIA\PR03 BLOK PRZEROBU ROPY\DRW-IV|DR4.FC43354_OP.PV;"2026-07-11 13:00:44,17601";"47,0791206359863"
\\PIAF\PKN Orlen\PI Vision\PKN Orlen\ZAKŁAD PRODUKCYJNY PŁOCK\RAFINERIA\PR03 BLOK PRZEROBU ROPY\DRW-IV|DR4.FC43354_OP.PV;"2026-07-11 13:51:39,151001";"47,3069686889648"
\\PIAF\PKN Orlen\PI Vision\PKN Orlen\ZAKŁAD PRODUKCYJNY PŁOCK\RAFINERIA\PR03 BLOK PRZEROBU ROPY\DRW-IV|DR4.FC43354_OP.PV;"2026-07-11 14:06:09,126007";"47,1721649169922"
\\PIAF\PKN Orlen\PI Vision\PKN Orlen\ZAKŁAD PRODUKCYJNY PŁOCK\RAFINERIA\PR03 BLOK PRZEROBU ROPY\DRW-IV|DR4.FC43354_OP.PV;"2026-07-11 14:33:14,123001";"47,2874374389648"
\\PIAF\PKN Orlen\PI Vision\PKN Orlen\ZAKŁAD PRODUKCYJNY PŁOCK\RAFINERIA\PR03 BLOK PRZEROBU ROPY\DRW-IV|DR4.FC43354_OP.PV;"2026-07-11 14:47:04,06601";"47,1874237060547"
\\PIAF\PKN Orlen\PI Vision\PKN Orlen\ZAKŁAD PRODUKCYJNY PŁOCK\RAFINERIA\PR03 BLOK PRZEROBU ROPY\DRW-IV|DR4.FC43354_OP.PV;"2026-07-11 14:58:09,171005";"47,2761764526367"
\\PIAF\PKN Orlen\PI Vision\PKN Orlen\ZAKŁAD PRODUKCYJNY PŁOCK\RAFINERIA\PR03 BLOK PRZEROBU ROPY\DRW-IV|DR4.FC43354_OP.PV;"2026-07-11 15:19:39,158005";"46,9486427307129"
\\PIAF\PKN Orlen\PI Vision\PKN Orlen\ZAKŁAD PRODUKCYJNY PŁOCK\RAFINERIA\PR03 BLOK PRZEROBU ROPY\DRW-IV|DR4.FC43354_OP.PV;"2026-07-11 15:39:54,214004";"47,1262130737305"
\\PIAF\PKN Orlen\PI Vision\PKN Orlen\ZAKŁAD PRODUKCYJNY PŁOCK\RAFINERIA\PR03 BLOK PRZEROBU ROPY\DRW-IV|DR4.FC43354_OP.PV;"2026-07-11 15:58:49,207001";"46,8887252807617"
\\PIAF\PKN Orlen\PI Vision\PKN Orlen\ZAKŁAD PRODUKCYJNY PŁOCK\RAFINERIA\PR03 BLOK PRZEROBU ROPY\DRW-IV|DR4.FC43354_OP.PV;"2026-07-11 16:11:54,197006";"46,8660430908203"
\\PIAF\PKN Orlen\PI Vision\PKN Orlen\ZAKŁAD PRODUKCYJNY PŁOCK\RAFINERIA\PR03 BLOK PRZEROBU ROPY\DRW-IV|DR4.FC43354_OP.PV;"2026-07-11 16:50:59,169006";"46,7134323120117"
\\PIAF\PKN Orlen\PI Vision\PKN Orlen\ZAKŁAD PRODUKCYJNY PŁOCK\RAFINERIA\PR03 BLOK PRZEROBU ROPY\DRW-IV|DR4.FC43354_OP.PV;"2026-07-11 17:36:09,173004";"46,3564300537109"
\\PIAF\PKN Orlen\PI Vision\PKN Orlen\ZAKŁAD PRODUKCYJNY PŁOCK\RAFINERIA\PR03 BLOK PRZEROBU ROPY\DRW-IV|DR4.FC43354_OP.PV;"2026-07-11 17:57:24,202011";"46,5829315185547"
\\PIAF\PKN Orlen\PI Vision\PKN Orlen\ZAKŁAD PRODUKCYJNY PŁOCK\RAFINERIA\PR03 BLOK PRZEROBU ROPY\DRW-IV|DR4.FC43354_OP.PV;"2026-07-11 18:36:09,173004";"46,9181365966797"
\\PIAF\PKN Orlen\PI Vision\PKN Orlen\ZAKŁAD PRODUKCYJNY PŁOCK\RAFINERIA\PR03 BLOK PRZEROBU ROPY\DRW-IV|DR4.FC43354_OP.PV;"2026-07-11 19:15:59,143005";"47,1249389648438"
\\PIAF\PKN Orlen\PI Vision\PKN Orlen\ZAKŁAD PRODUKCYJNY PŁOCK\RAFINERIA\PR03 BLOK PRZEROBU ROPY\DRW-IV|DR4.FC43354_OP.PV;"2026-07-11 19:41:34,062011";"47,3815612792969"
\\PIAF\PKN Orlen\PI Vision\PKN Orlen\ZAKŁAD PRODUKCYJNY PŁOCK\RAFINERIA\PR03 BLOK PRZEROBU ROPY\DRW-IV|DR4.FC43354_OP.PV;"2026-07-11 20:29:04,147003";"47,1777153015137"
\\PIAF\PKN Orlen\PI Vision\PKN Orlen\ZAKŁAD PRODUKCYJNY PŁOCK\RAFINERIA\PR03 BLOK PRZEROBU ROPY\DRW-IV|DR4.FC43354_OP.PV;"2026-07-11 20:47:29,171005";"46,6744804382324"
\\PIAF\PKN Orlen\PI Vision\PKN Orlen\ZAKŁAD PRODUKCYJNY PŁOCK\RAFINERIA\PR03 BLOK PRZEROBU ROPY\DRW-IV|DR4.FC43354_OP.PV;"2026-07-11 20:59:29,192001";"46,5467300415039"
\\PIAF\PKN Orlen\PI Vision\PKN Orlen\ZAKŁAD PRODUKCYJNY PŁOCK\RAFINERIA\PR03 BLOK PRZEROBU ROPY\DRW-IV|DR4.FC43354_OP.PV;"2026-07-11 21:20:44,186004";"47,5082359313965"
\\PIAF\PKN Orlen\PI Vision\PKN Orlen\ZAKŁAD PRODUKCYJNY PŁOCK\RAFINERIA\PR03 BLOK PRZEROBU ROPY\DRW-IV|DR4.FC43354_OP.PV;"2026-07-11 21:42:34,180008";"47,1340065002441"
\\PIAF\PKN Orlen\PI Vision\PKN Orlen\ZAKŁAD PRODUKCYJNY PŁOCK\RAFINERIA\PR03 BLOK PRZEROBU ROPY\DRW-IV|DR4.FC43354_OP.PV;"2026-07-11 22:21:34,184005";"46,7426528930664"
\\PIAF\PKN Orlen\PI Vision\PKN Orlen\ZAKŁAD PRODUKCYJNY PŁOCK\RAFINERIA\PR03 BLOK PRZEROBU ROPY\DRW-IV|DR4.FC43354_OP.PV;"2026-07-11 22:48:49,134002";"46,122184753418"
\\PIAF\PKN Orlen\PI Vision\PKN Orlen\ZAKŁAD PRODUKCYJNY PŁOCK\RAFINERIA\PR03 BLOK PRZEROBU ROPY\DRW-IV|DR4.FC43354_OP.PV;"2026-07-11 23:05:44,141006";"46,3765449523926"
\\PIAF\PKN Orlen\PI Vision\PKN Orlen\ZAKŁAD PRODUKCYJNY PŁOCK\RAFINERIA\PR03 BLOK PRZEROBU ROPY\DRW-IV|DR4.FC43354_OP.PV;"2026-07-11 23:52:04,14801";"46,5820922851563"
\\PIAF\PKN Orlen\PI Vision\PKN Orlen\ZAKŁAD PRODUKCYJNY PŁOCK\RAFINERIA\PR03 BLOK PRZEROBU ROPY\DRW-IV|DR4.FC43354_OP.PV;"2026-07-12 00:03:34,090012";"46,7036018371582"
\\PIAF\PKN Orlen\PI Vision\PKN Orlen\ZAKŁAD PRODUKCYJNY PŁOCK\RAFINERIA\PR03 BLOK PRZEROBU ROPY\DRW-IV|DR4.FC43354_OP.PV;"2026-07-12 00:34:34,235001";"46,575439453125"
\\PIAF\PKN Orlen\PI Vision\PKN Orlen\ZAKŁAD PRODUKCYJNY PŁOCK\RAFINERIA\PR03 BLOK PRZEROBU ROPY\DRW-IV|DR4.FC43354_OP.PV;"2026-07-12 01:12:09,212006";"46,100399017334"
\\PIAF\PKN Orlen\PI Vision\PKN Orlen\ZAKŁAD PRODUKCYJNY PŁOCK\RAFINERIA\PR03 BLOK PRZEROBU ROPY\DRW-IV|DR4.FC43354_OP.PV;"2026-07-12 01:30:34,236007";"46,4260940551758"
\\PIAF\PKN Orlen\PI Vision\PKN Orlen\ZAKŁAD PRODUKCYJNY PŁOCK\RAFINERIA\PR03 BLOK PRZEROBU ROPY\DRW-IV|DR4.FC43354_OP.PV;"2026-07-12 01:45:04,211014";"46,623233795166"
\\PIAF\PKN Orlen\PI Vision\PKN Orlen\ZAKŁAD PRODUKCYJNY PŁOCK\RAFINERIA\PR03 BLOK PRZEROBU ROPY\DRW-IV|DR4.FC43354_OP.PV;"2026-07-12 01:52:04,214004";"46,3125686645508"
\\PIAF\PKN Orlen\PI Vision\PKN Orlen\ZAKŁAD PRODUKCYJNY PŁOCK\RAFINERIA\PR03 BLOK PRZEROBU ROPY\DRW-IV|DR4.FC43354_OP.PV;"2026-07-12 02:11:14,157013";"46,2603187561035"
\\PIAF\PKN Orlen\PI Vision\PKN Orlen\ZAKŁAD PRODUKCYJNY PŁOCK\RAFINERIA\PR03 BLOK PRZEROBU ROPY\DRW-IV|DR4.FC43354_OP.PV;"2026-07-12 02:50:59,205002";"46,2795639038086"
\\PIAF\PKN Orlen\PI Vision\PKN Orlen\ZAKŁAD PRODUKCYJNY PŁOCK\RAFINERIA\PR03 BLOK PRZEROBU ROPY\DRW-IV|DR4.FC43354_OP.PV;"2026-07-12 03:03:44,180008";"46,1838798522949"
\\PIAF\PKN Orlen\PI Vision\PKN Orlen\ZAKŁAD PRODUKCYJNY PŁOCK\RAFINERIA\PR03 BLOK PRZEROBU ROPY\DRW-IV|DR4.FC43354_OP.PV;"2026-07-12 03:08:29,104004";"45,7552337646484"
\\PIAF\PKN Orlen\PI Vision\PKN Orlen\ZAKŁAD PRODUKCYJNY PŁOCK\RAFINERIA\PR03 BLOK PRZEROBU ROPY\DRW-IV|DR4.FC43354_OP.PV;"2026-07-12 03:30:54,098007";"45,9879264831543"
\\PIAF\PKN Orlen\PI Vision\PKN Orlen\ZAKŁAD PRODUKCYJNY PŁOCK\RAFINERIA\PR03 BLOK PRZEROBU ROPY\DRW-IV|DR4.FC43354_OP.PV;"2026-07-12 03:36:19,163009";"45,3442344665527"
\\PIAF\PKN Orlen\PI Vision\PKN Orlen\ZAKŁAD PRODUKCYJNY PŁOCK\RAFINERIA\PR03 BLOK PRZEROBU ROPY\DRW-IV|DR4.FC43354_OP.PV;"2026-07-12 03:57:09,109009";"45,9803085327148"
\\PIAF\PKN Orlen\PI Vision\PKN Orlen\ZAKŁAD PRODUKCYJNY PŁOCK\RAFINERIA\PR03 BLOK PRZEROBU ROPY\DRW-IV|DR4.FC43354_OP.PV;"2026-07-12 04:03:54,128006";"46,1141357421875"
\\PIAF\PKN Orlen\PI Vision\PKN Orlen\ZAKŁAD PRODUKCYJNY PŁOCK\RAFINERIA\PR03 BLOK PRZEROBU ROPY\DRW-IV|DR4.FC43354_OP.PV;"2026-07-12 04:32:09,125";"45,6331329345703"
\\PIAF\PKN Orlen\PI Vision\PKN Orlen\ZAKŁAD PRODUKCYJNY PŁOCK\RAFINERIA\PR03 BLOK PRZEROBU ROPY\DRW-IV|DR4.FC43354_OP.PV;"2026-07-12 04:45:04,139008";"46,253734588623"
\\PIAF\PKN Orlen\PI Vision\PKN Orlen\ZAKŁAD PRODUKCYJNY PŁOCK\RAFINERIA\PR03 BLOK PRZEROBU ROPY\DRW-IV|DR4.FC43354_OP.PV;"2026-07-12 05:04:44,086014";"45,4324645996094"
\\PIAF\PKN Orlen\PI Vision\PKN Orlen\ZAKŁAD PRODUKCYJNY PŁOCK\RAFINERIA\PR03 BLOK PRZEROBU ROPY\DRW-IV|DR4.FC43354_OP.PV;"2026-07-12 05:18:19,254013";"45,2947692871094"
\\PIAF\PKN Orlen\PI Vision\PKN Orlen\ZAKŁAD PRODUKCYJNY PŁOCK\RAFINERIA\PR03 BLOK PRZEROBU ROPY\DRW-IV|DR4.FC43354_OP.PV;"2026-07-12 05:31:34,197006";"45,5091857910156"
\\PIAF\PKN Orlen\PI Vision\PKN Orlen\ZAKŁAD PRODUKCYJNY PŁOCK\RAFINERIA\PR03 BLOK PRZEROBU ROPY\DRW-IV|DR4.FC43354_OP.PV;"2026-07-12 05:41:09,186004";"44,9786262512207"
\\PIAF\PKN Orlen\PI Vision\PKN Orlen\ZAKŁAD PRODUKCYJNY PŁOCK\RAFINERIA\PR03 BLOK PRZEROBU ROPY\DRW-IV|DR4.FC43354_OP.PV;"2026-07-12 05:51:29,237015";"45,540412902832"
\\PIAF\PKN Orlen\PI Vision\PKN Orlen\ZAKŁAD PRODUKCYJNY PŁOCK\RAFINERIA\PR03 BLOK PRZEROBU ROPY\DRW-IV|DR4.FC43354_OP.PV;"2026-07-12 06:13:39,247009";"45,8530426025391"
\\PIAF\PKN Orlen\PI Vision\PKN Orlen\ZAKŁAD PRODUKCYJNY PŁOCK\RAFINERIA\PR03 BLOK PRZEROBU ROPY\DRW-IV|DR4.FC43354_OP.PV;"2026-07-12 06:20:04,141006";"45,5378227233887"
\\PIAF\PKN Orlen\PI Vision\PKN Orlen\ZAKŁAD PRODUKCYJNY PŁOCK\RAFINERIA\PR03 BLOK PRZEROBU ROPY\DRW-IV|DR4.FC43354_OP.PV;"2026-07-12 06:47:59,231003";"46,0733909606934"
\\PIAF\PKN Orlen\PI Vision\PKN Orlen\ZAKŁAD PRODUKCYJNY PŁOCK\RAFINERIA\PR03 BLOK PRZEROBU ROPY\DRW-IV|DR4.FC43354_OP.PV;"2026-07-12 07:12:49,14801";"46,1236381530762"
\\PIAF\PKN Orlen\PI Vision\PKN Orlen\ZAKŁAD PRODUKCYJNY PŁOCK\RAFINERIA\PR03 BLOK PRZEROBU ROPY\DRW-IV|DR4.FC43354_OP.PV;"2026-07-12 08:10:09,178009";"46,6442260742188"
\\PIAF\PKN Orlen\PI Vision\PKN Orlen\ZAKŁAD PRODUKCYJNY PŁOCK\RAFINERIA\PR03 BLOK PRZEROBU ROPY\DRW-IV|DR4.FC43354_OP.PV;"2026-07-12 08:43:14,130005";"46,7101821899414"
\\PIAF\PKN Orlen\PI Vision\PKN Orlen\ZAKŁAD PRODUKCYJNY PŁOCK\RAFINERIA\PR03 BLOK PRZEROBU ROPY\DRW-IV|DR4.FC43354_OP.PV;"2026-07-12 09:17:24,097015";"47,0273284912109"
\\PIAF\PKN Orlen\PI Vision\PKN Orlen\ZAKŁAD PRODUKCYJNY PŁOCK\RAFINERIA\PR03 BLOK PRZEROBU ROPY\DRW-IV|DR4.FC43354_OP.PV;"2026-07-12 09:24:39,085007";"46,9143447875977"
\\PIAF\PKN Orlen\PI Vision\PKN Orlen\ZAKŁAD PRODUKCYJNY PŁOCK\RAFINERIA\PR03 BLOK PRZEROBU ROPY\DRW-IV|DR4.FC43354_OP.PV;"2026-07-12 09:34:49,074005";"47,0197906494141"
\\PIAF\PKN Orlen\PI Vision\PKN Orlen\ZAKŁAD PRODUKCYJNY PŁOCK\RAFINERIA\PR03 BLOK PRZEROBU ROPY\DRW-IV|DR4.FC43354_OP.PV;"2026-07-12 09:58:24,168014";"47,1387786865234"
\\PIAF\PKN Orlen\PI Vision\PKN Orlen\ZAKŁAD PRODUKCYJNY PŁOCK\RAFINERIA\PR03 BLOK PRZEROBU ROPY\DRW-IV|DR4.FC43354_OP.PV;"2026-07-12 10:10:49,236007";"47,2438163757324"
\\PIAF\PKN Orlen\PI Vision\PKN Orlen\ZAKŁAD PRODUKCYJNY PŁOCK\RAFINERIA\PR03 BLOK PRZEROBU ROPY\DRW-IV|DR4.FC43354_OP.PV;"2026-07-12 10:20:49,163009";"47,0186996459961"
\\PIAF\PKN Orlen\PI Vision\PKN Orlen\ZAKŁAD PRODUKCYJNY PŁOCK\RAFINERIA\PR03 BLOK PRZEROBU ROPY\DRW-IV|DR4.FC43354_OP.PV;"2026-07-12 10:33:24,184005";"47,2303161621094"
\\PIAF\PKN Orlen\PI Vision\PKN Orlen\ZAKŁAD PRODUKCYJNY PŁOCK\RAFINERIA\PR03 BLOK PRZEROBU ROPY\DRW-IV|DR4.FC43354_OP.PV;"2026-07-12 11:03:29,213012";"47,2783432006836"
\\PIAF\PKN Orlen\PI Vision\PKN Orlen\ZAKŁAD PRODUKCYJNY PŁOCK\RAFINERIA\PR03 BLOK PRZEROBU ROPY\DRW-IV|DR4.FC43354_OP.PV;"2026-07-12 11:09:39,231003";"47,179988861084"
\\PIAF\PKN Orlen\PI Vision\PKN Orlen\ZAKŁAD PRODUKCYJNY PŁOCK\RAFINERIA\PR03 BLOK PRZEROBU ROPY\DRW-IV|DR4.FC43354_OP.PV;"2026-07-12 11:19:59,173004";"47,2856140136719"
\\PIAF\PKN Orlen\PI Vision\PKN Orlen\ZAKŁAD PRODUKCYJNY PŁOCK\RAFINERIA\PR03 BLOK PRZEROBU ROPY\DRW-IV|DR4.FC43354_OP.PV;"2026-07-12 11:34:39,211014";"47,1930313110352"
\\PIAF\PKN Orlen\PI Vision\PKN Orlen\ZAKŁAD PRODUKCYJNY PŁOCK\RAFINERIA\PR03 BLOK PRZEROBU ROPY\DRW-IV|DR4.FC43354_OP.PV;"2026-07-12 12:19:54,175003";"47,5028533935547"
\\PIAF\PKN Orlen\PI Vision\PKN Orlen\ZAKŁAD PRODUKCYJNY PŁOCK\RAFINERIA\PR03 BLOK PRZEROBU ROPY\DRW-IV|DR4.FC43354_OP.PV;"2026-07-12 13:03:44,116012";"47,554988861084"
\\PIAF\PKN Orlen\PI Vision\PKN Orlen\ZAKŁAD PRODUKCYJNY PŁOCK\RAFINERIA\PR03 BLOK PRZEROBU ROPY\DRW-IV|DR4.FC43354_OP.PV;"2026-07-12 13:20:29,170013";"47,2556114196777"
\\PIAF\PKN Orlen\PI Vision\PKN Orlen\ZAKŁAD PRODUKCYJNY PŁOCK\RAFINERIA\PR03 BLOK PRZEROBU ROPY\DRW-IV|DR4.FC43354_OP.PV;"2026-07-12 13:27:39,126007";"46,9095039367676"
\\PIAF\PKN Orlen\PI Vision\PKN Orlen\ZAKŁAD PRODUKCYJNY PŁOCK\RAFINERIA\PR03 BLOK PRZEROBU ROPY\DRW-IV|DR4.FC43354_OP.PV;"2026-07-12 13:52:34,184005";"47,4653587341309"
\\PIAF\PKN Orlen\PI Vision\PKN Orlen\ZAKŁAD PRODUKCYJNY PŁOCK\RAFINERIA\PR03 BLOK PRZEROBU ROPY\DRW-IV|DR4.FC43354_OP.PV;"2026-07-12 14:14:49,116012";"47,3580322265625"
\\PIAF\PKN Orlen\PI Vision\PKN Orlen\ZAKŁAD PRODUKCYJNY PŁOCK\RAFINERIA\PR03 BLOK PRZEROBU ROPY\DRW-IV|DR4.FC43354_OP.PV;"2026-07-12 14:42:59,181015";"47,6587905883789"
\\PIAF\PKN Orlen\PI Vision\PKN Orlen\ZAKŁAD PRODUKCYJNY PŁOCK\RAFINERIA\PR03 BLOK PRZEROBU ROPY\DRW-IV|DR4.FC43354_OP.PV;"2026-07-12 14:50:34,185013";"47,2353591918945"
\\PIAF\PKN Orlen\PI Vision\PKN Orlen\ZAKŁAD PRODUKCYJNY PŁOCK\RAFINERIA\PR03 BLOK PRZEROBU ROPY\DRW-IV|DR4.FC43354_OP.PV;"2026-07-12 15:14:49,210998";"47,3592224121094"
\\PIAF\PKN Orlen\PI Vision\PKN Orlen\ZAKŁAD PRODUKCYJNY PŁOCK\RAFINERIA\PR03 BLOK PRZEROBU ROPY\DRW-IV|DR4.FC43354_OP.PV;"2026-07-12 15:31:09,218002";"46,7902793884277"
\\PIAF\PKN Orlen\PI Vision\PKN Orlen\ZAKŁAD PRODUKCYJNY PŁOCK\RAFINERIA\PR03 BLOK PRZEROBU ROPY\DRW-IV|DR4.FC43354_OP.PV;"2026-07-12 15:59:24,215012";"46,6769065856934"
\\PIAF\PKN Orlen\PI Vision\PKN Orlen\ZAKŁAD PRODUKCYJNY PŁOCK\RAFINERIA\PR03 BLOK PRZEROBU ROPY\DRW-IV|DR4.FC43354_OP.PV;"2026-07-12 16:21:24,06601";"46,6974792480469"
\\PIAF\PKN Orlen\PI Vision\PKN Orlen\ZAKŁAD PRODUKCYJNY PŁOCK\RAFINERIA\PR03 BLOK PRZEROBU ROPY\DRW-IV|DR4.FC43354_OP.PV;"2026-07-12 16:49:49,17601";"46,263500213623"
\\PIAF\PKN Orlen\PI Vision\PKN Orlen\ZAKŁAD PRODUKCYJNY PŁOCK\RAFINERIA\PR03 BLOK PRZEROBU ROPY\DRW-IV|DR4.FC43354_OP.PV;"2026-07-12 17:10:39,123001";"46,8255462646484"
\\PIAF\PKN Orlen\PI Vision\PKN Orlen\ZAKŁAD PRODUKCYJNY PŁOCK\RAFINERIA\PR03 BLOK PRZEROBU ROPY\DRW-IV|DR4.FC43354_OP.PV;"2026-07-12 17:21:34,175003";"46,6982116699219"
\\PIAF\PKN Orlen\PI Vision\PKN Orlen\ZAKŁAD PRODUKCYJNY PŁOCK\RAFINERIA\PR03 BLOK PRZEROBU ROPY\DRW-IV|DR4.FC43354_OP.PV;"2026-07-12 17:44:19,185013";"47,0221252441406"
\\PIAF\PKN Orlen\PI Vision\PKN Orlen\ZAKŁAD PRODUKCYJNY PŁOCK\RAFINERIA\PR03 BLOK PRZEROBU ROPY\DRW-IV|DR4.FC43354_OP.PV;"2026-07-12 18:05:39,210007";"47,2228164672852"
\\PIAF\PKN Orlen\PI Vision\PKN Orlen\ZAKŁAD PRODUKCYJNY PŁOCK\RAFINERIA\PR03 BLOK PRZEROBU ROPY\DRW-IV|DR4.FC43354_OP.PV;"2026-07-12 18:21:29,095001";"47,2103729248047"
\\PIAF\PKN Orlen\PI Vision\PKN Orlen\ZAKŁAD PRODUKCYJNY PŁOCK\RAFINERIA\PR03 BLOK PRZEROBU ROPY\DRW-IV|DR4.FC43354_OP.PV;"2026-07-12 18:37:39,149002";"47,2023468017578"
\\PIAF\PKN Orlen\PI Vision\PKN Orlen\ZAKŁAD PRODUKCYJNY PŁOCK\RAFINERIA\PR03 BLOK PRZEROBU ROPY\DRW-IV|DR4.FC43354_OP.PV;"2026-07-12 18:43:44,136002";"47,1247978210449"
\\PIAF\PKN Orlen\PI Vision\PKN Orlen\ZAKŁAD PRODUKCYJNY PŁOCK\RAFINERIA\PR03 BLOK PRZEROBU ROPY\DRW-IV|DR4.FC43354_OP.PV;"2026-07-12 18:55:04,125";"46,9047470092773"
\\PIAF\PKN Orlen\PI Vision\PKN Orlen\ZAKŁAD PRODUKCYJNY PŁOCK\RAFINERIA\PR03 BLOK PRZEROBU ROPY\DRW-IV|DR4.FC43354_OP.PV;"2026-07-12 19:36:44,228012";"47,2668724060059"
\\PIAF\PKN Orlen\PI Vision\PKN Orlen\ZAKŁAD PRODUKCYJNY PŁOCK\RAFINERIA\PR03 BLOK PRZEROBU ROPY\DRW-IV|DR4.FC43354_OP.PV;"2026-07-12 20:27:54,241012";"46,8054046630859"
\\PIAF\PKN Orlen\PI Vision\PKN Orlen\ZAKŁAD PRODUKCYJNY PŁOCK\RAFINERIA\PR03 BLOK PRZEROBU ROPY\DRW-IV|DR4.FC43354_OP.PV;"2026-07-12 20:41:59,169006";"46,7071762084961"
\\PIAF\PKN Orlen\PI Vision\PKN Orlen\ZAKŁAD PRODUKCYJNY PŁOCK\RAFINERIA\PR03 BLOK PRZEROBU ROPY\DRW-IV|DR4.FC43354_OP.PV;"2026-07-12 21:26:49,157013";"46,9377746582031"
\\PIAF\PKN Orlen\PI Vision\PKN Orlen\ZAKŁAD PRODUKCYJNY PŁOCK\RAFINERIA\PR03 BLOK PRZEROBU ROPY\DRW-IV|DR4.FC43354_OP.PV;"2026-07-12 22:20:54,118011";"46,7429809570313"
\\PIAF\PKN Orlen\PI Vision\PKN Orlen\ZAKŁAD PRODUKCYJNY PŁOCK\RAFINERIA\PR03 BLOK PRZEROBU ROPY\DRW-IV|DR4.FC43354_OP.PV;"2026-07-12 22:45:29,160003";"46,6688003540039"
\\PIAF\PKN Orlen\PI Vision\PKN Orlen\ZAKŁAD PRODUKCYJNY PŁOCK\RAFINERIA\PR03 BLOK PRZEROBU ROPY\DRW-IV|DR4.FC43354_OP.PV;"2026-07-12 23:06:54,10701";"46,5354423522949"
\\PIAF\PKN Orlen\PI Vision\PKN Orlen\ZAKŁAD PRODUKCYJNY PŁOCK\RAFINERIA\PR03 BLOK PRZEROBU ROPY\DRW-IV|DR4.FC43354_OP.PV;"2026-07-12 23:50:54,111007";"46,8694496154785"
\\PIAF\PKN Orlen\PI Vision\PKN Orlen\ZAKŁAD PRODUKCYJNY PŁOCK\RAFINERIA\PR03 BLOK PRZEROBU ROPY\DRW-IV|DR4.FC43354_OP.PV;"2026-07-12 23:57:34,098007";"46,745288848877"
\\PIAF\PKN Orlen\PI Vision\PKN Orlen\ZAKŁAD PRODUKCYJNY PŁOCK\RAFINERIA\PR03 BLOK PRZEROBU ROPY\DRW-IV|DR4.FC43354_OP.PV;"2026-07-13 00:03:39,085007";"46,8502998352051"
\\PIAF\PKN Orlen\PI Vision\PKN Orlen\ZAKŁAD PRODUKCYJNY PŁOCK\RAFINERIA\PR03 BLOK PRZEROBU ROPY\DRW-IV|DR4.FC43354_OP.PV;"2026-07-13 00:34:24,246002";"47,2665252685547"
\\PIAF\PKN Orlen\PI Vision\PKN Orlen\ZAKŁAD PRODUKCYJNY PŁOCK\RAFINERIA\PR03 BLOK PRZEROBU ROPY\DRW-IV|DR4.FC43354_OP.PV;"2026-07-13 00:54:54,168014";"47,1460876464844"
\\PIAF\PKN Orlen\PI Vision\PKN Orlen\ZAKŁAD PRODUKCYJNY PŁOCK\RAFINERIA\PR03 BLOK PRZEROBU ROPY\DRW-IV|DR4.FC43354_OP.PV;"2026-07-13 01:20:04,210007";"46,8597259521484"
\\PIAF\PKN Orlen\PI Vision\PKN Orlen\ZAKŁAD PRODUKCYJNY PŁOCK\RAFINERIA\PR03 BLOK PRZEROBU ROPY\DRW-IV|DR4.FC43354_OP.PV;"2026-07-13 01:41:09,141006";"46,7690811157227"
\\PIAF\PKN Orlen\PI Vision\PKN Orlen\ZAKŁAD PRODUKCYJNY PŁOCK\RAFINERIA\PR03 BLOK PRZEROBU ROPY\DRW-IV|DR4.FC43354_OP.PV;"2026-07-13 02:10:34,138";"46,8720741271973"
\\PIAF\PKN Orlen\PI Vision\PKN Orlen\ZAKŁAD PRODUKCYJNY PŁOCK\RAFINERIA\PR03 BLOK PRZEROBU ROPY\DRW-IV|DR4.FC43354_OP.PV;"2026-07-13 02:47:54,203003";"46,8625984191895"
\\PIAF\PKN Orlen\PI Vision\PKN Orlen\ZAKŁAD PRODUKCYJNY PŁOCK\RAFINERIA\PR03 BLOK PRZEROBU ROPY\DRW-IV|DR4.FC43354_OP.PV;"2026-07-13 03:24:54,170013";"46,7361297607422"
\\PIAF\PKN Orlen\PI Vision\PKN Orlen\ZAKŁAD PRODUKCYJNY PŁOCK\RAFINERIA\PR03 BLOK PRZEROBU ROPY\DRW-IV|DR4.FC43354_OP.PV;"2026-07-13 04:33:34,093002";"46,5480041503906"
\\PIAF\PKN Orlen\PI Vision\PKN Orlen\ZAKŁAD PRODUKCYJNY PŁOCK\RAFINERIA\PR03 BLOK PRZEROBU ROPY\DRW-IV|DR4.FC43354_OP.PV;"2026-07-13 05:15:29,180008";"46,5840873718262"
\\PIAF\PKN Orlen\PI Vision\PKN Orlen\ZAKŁAD PRODUKCYJNY PŁOCK\RAFINERIA\PR03 BLOK PRZEROBU ROPY\DRW-IV|DR4.FC43354_OP.PV;"2026-07-13 05:41:49,223007";"46,4769020080566"
\\PIAF\PKN Orlen\PI Vision\PKN Orlen\ZAKŁAD PRODUKCYJNY PŁOCK\RAFINERIA\PR03 BLOK PRZEROBU ROPY\DRW-IV|DR4.FC43354_OP.PV;"2026-07-13 05:48:49,226013";"46,3472442626953"
\\PIAF\PKN Orlen\PI Vision\PKN Orlen\ZAKŁAD PRODUKCYJNY PŁOCK\RAFINERIA\PR03 BLOK PRZEROBU ROPY\DRW-IV|DR4.FC43354_OP.PV;"2026-07-13 06:03:59,236007";"46,5266647338867"
\\PIAF\PKN Orlen\PI Vision\PKN Orlen\ZAKŁAD PRODUKCYJNY PŁOCK\RAFINERIA\PR03 BLOK PRZEROBU ROPY\DRW-IV|DR4.FC43354_OP.PV;"2026-07-13 06:09:39,17601";"47,1615371704102"
\\PIAF\PKN Orlen\PI Vision\PKN Orlen\ZAKŁAD PRODUKCYJNY PŁOCK\RAFINERIA\PR03 BLOK PRZEROBU ROPY\DRW-IV|DR4.FC43354_OP.PV;"2026-07-13 06:22:04,244003";"46,9441833496094"
\\PIAF\PKN Orlen\PI Vision\PKN Orlen\ZAKŁAD PRODUKCYJNY PŁOCK\RAFINERIA\PR03 BLOK PRZEROBU ROPY\DRW-IV|DR4.FC43354_OP.PV;"2026-07-13 06:39:09,205002";"46,8253974914551"
\\PIAF\PKN Orlen\PI Vision\PKN Orlen\ZAKŁAD PRODUKCYJNY PŁOCK\RAFINERIA\PR03 BLOK PRZEROBU ROPY\DRW-IV|DR4.FC43354_OP.PV;"2026-07-13 07:05:34,169006";"46,6050872802734"
\\PIAF\PKN Orlen\PI Vision\PKN Orlen\ZAKŁAD PRODUKCYJNY PŁOCK\RAFINERIA\PR03 BLOK PRZEROBU ROPY\DRW-IV|DR4.FC43354_OP.PV;"2026-07-13 07:48:29,20401";"46,4602012634277"
\\PIAF\PKN Orlen\PI Vision\PKN Orlen\ZAKŁAD PRODUKCYJNY PŁOCK\RAFINERIA\PR03 BLOK PRZEROBU ROPY\DRW-IV|DR4.FC43354_OP.PV;"2026-07-13 08:06:59,149002";"46,6782379150391"
\\PIAF\PKN Orlen\PI Vision\PKN Orlen\ZAKŁAD PRODUKCYJNY PŁOCK\RAFINERIA\PR03 BLOK PRZEROBU ROPY\DRW-IV|DR4.FC43354_OP.PV;"2026-07-13 08:38:49,179001";"46,7766876220703"
\\PIAF\PKN Orlen\PI Vision\PKN Orlen\ZAKŁAD PRODUKCYJNY PŁOCK\RAFINERIA\PR03 BLOK PRZEROBU ROPY\DRW-IV|DR4.FC43354_OP.PV;"2026-07-13 08:49:44,121002";"46,9216842651367"
\\PIAF\PKN Orlen\PI Vision\PKN Orlen\ZAKŁAD PRODUKCYJNY PŁOCK\RAFINERIA\PR03 BLOK PRZEROBU ROPY\DRW-IV|DR4.FC43354_OP.PV;"2026-07-13 08:56:29,140014";"46,4802742004395"
\\PIAF\PKN Orlen\PI Vision\PKN Orlen\ZAKŁAD PRODUKCYJNY PŁOCK\RAFINERIA\PR03 BLOK PRZEROBU ROPY\DRW-IV|DR4.FC43354_OP.PV;"2026-07-13 09:45:09,246002";"47,0116806030273"
\\PIAF\PKN Orlen\PI Vision\PKN Orlen\ZAKŁAD PRODUKCYJNY PŁOCK\RAFINERIA\PR03 BLOK PRZEROBU ROPY\DRW-IV|DR4.FC43354_OP.PV;"2026-07-13 10:09:29,194016";"46,4712600708008"
\\PIAF\PKN Orlen\PI Vision\PKN Orlen\ZAKŁAD PRODUKCYJNY PŁOCK\RAFINERIA\PR03 BLOK PRZEROBU ROPY\DRW-IV|DR4.FC43354_OP.PV;"2026-07-13 10:44:39,162002";"46,7738418579102"
\\PIAF\PKN Orlen\PI Vision\PKN Orlen\ZAKŁAD PRODUKCYJNY PŁOCK\RAFINERIA\PR03 BLOK PRZEROBU ROPY\DRW-IV|DR4.FC43354_OP.PV;"2026-07-13 10:59:19,200012";"46,5608673095703"
\\PIAF\PKN Orlen\PI Vision\PKN Orlen\ZAKŁAD PRODUKCYJNY PŁOCK\RAFINERIA\PR03 BLOK PRZEROBU ROPY\DRW-IV|DR4.FC43354_OP.PV;"2026-07-13 11:05:19,156006";"47,0070304870605"
\\PIAF\PKN Orlen\PI Vision\PKN Orlen\ZAKŁAD PRODUKCYJNY PŁOCK\RAFINERIA\PR03 BLOK PRZEROBU ROPY\DRW-IV|DR4.FC43354_OP.PV;"2026-07-13 11:25:34,212006";"46,9652481079102"
\\PIAF\PKN Orlen\PI Vision\PKN Orlen\ZAKŁAD PRODUKCYJNY PŁOCK\RAFINERIA\PR03 BLOK PRZEROBU ROPY\DRW-IV|DR4.FC43354_OP.PV;"2026-07-13 11:42:59,188004";"47,1736145019531"
\\PIAF\PKN Orlen\PI Vision\PKN Orlen\ZAKŁAD PRODUKCYJNY PŁOCK\RAFINERIA\PR03 BLOK PRZEROBU ROPY\DRW-IV|DR4.FC43354_OP.PV;"2026-07-13 11:50:19,207016";"47,2625923156738"
\\PIAF\PKN Orlen\PI Vision\PKN Orlen\ZAKŁAD PRODUKCYJNY PŁOCK\RAFINERIA\PR03 BLOK PRZEROBU ROPY\DRW-IV|DR4.FC43354_OP.PV;"2026-07-13 12:12:39,178009";"47,280948638916"
\\PIAF\PKN Orlen\PI Vision\PKN Orlen\ZAKŁAD PRODUKCYJNY PŁOCK\RAFINERIA\PR03 BLOK PRZEROBU ROPY\DRW-IV|DR4.FC43354_OP.PV;"2026-07-13 12:49:09,210007";"47,0517959594727"
\\PIAF\PKN Orlen\PI Vision\PKN Orlen\ZAKŁAD PRODUKCYJNY PŁOCK\RAFINERIA\PR03 BLOK PRZEROBU ROPY\DRW-IV|DR4.FC43354_OP.PV;"2026-07-13 13:01:39,090012";"47,0671615600586"
\\PIAF\PKN Orlen\PI Vision\PKN Orlen\ZAKŁAD PRODUKCYJNY PŁOCK\RAFINERIA\PR03 BLOK PRZEROBU ROPY\DRW-IV|DR4.FC43354_OP.PV;"2026-07-13 13:15:14,159012";"47,2678375244141"
\\PIAF\PKN Orlen\PI Vision\PKN Orlen\ZAKŁAD PRODUKCYJNY PŁOCK\RAFINERIA\PR03 BLOK PRZEROBU ROPY\DRW-IV|DR4.FC43354_OP.PV;"2026-07-13 13:26:29,117004";"47,3696594238281"
\\PIAF\PKN Orlen\PI Vision\PKN Orlen\ZAKŁAD PRODUKCYJNY PŁOCK\RAFINERIA\PR03 BLOK PRZEROBU ROPY\DRW-IV|DR4.FC43354_OP.PV;"2026-07-13 13:38:44,122009";"47,2963714599609"
\\PIAF\PKN Orlen\PI Vision\PKN Orlen\ZAKŁAD PRODUKCYJNY PŁOCK\RAFINERIA\PR03 BLOK PRZEROBU ROPY\DRW-IV|DR4.FC43354_OP.PV;"2026-07-13 13:53:04,13501";"47,5125274658203"
\\PIAF\PKN Orlen\PI Vision\PKN Orlen\ZAKŁAD PRODUKCYJNY PŁOCK\RAFINERIA\PR03 BLOK PRZEROBU ROPY\DRW-IV|DR4.FC43354_OP.PV;"2026-07-13 14:01:09,216003";"47,4105453491211"
\\PIAF\PKN Orlen\PI Vision\PKN Orlen\ZAKŁAD PRODUKCYJNY PŁOCK\RAFINERIA\PR03 BLOK PRZEROBU ROPY\DRW-IV|DR4.FC43354_OP.PV;"2026-07-13 14:40:39,200012";"47,7166557312012"
\\PIAF\PKN Orlen\PI Vision\PKN Orlen\ZAKŁAD PRODUKCYJNY PŁOCK\RAFINERIA\PR03 BLOK PRZEROBU ROPY\DRW-IV|DR4.FC43354_OP.PV;"2026-07-13 14:53:14,218002";"47,8489952087402"
\\PIAF\PKN Orlen\PI Vision\PKN Orlen\ZAKŁAD PRODUKCYJNY PŁOCK\RAFINERIA\PR03 BLOK PRZEROBU ROPY\DRW-IV|DR4.FC43354_OP.PV;"2026-07-13 14:59:04,221008";"48,632080078125"
\\PIAF\PKN Orlen\PI Vision\PKN Orlen\ZAKŁAD PRODUKCYJNY PŁOCK\RAFINERIA\PR03 BLOK PRZEROBU ROPY\DRW-IV|DR4.FC43354_OP.PV;"2026-07-13 15:10:14,14801";"48,5256538391113"
\\PIAF\PKN Orlen\PI Vision\PKN Orlen\ZAKŁAD PRODUKCYJNY PŁOCK\RAFINERIA\PR03 BLOK PRZEROBU ROPY\DRW-IV|DR4.FC43354_OP.PV;"2026-07-13 15:15:39,213012";"48,9819831848145"
\\PIAF\PKN Orlen\PI Vision\PKN Orlen\ZAKŁAD PRODUKCYJNY PŁOCK\RAFINERIA\PR03 BLOK PRZEROBU ROPY\DRW-IV|DR4.FC43354_OP.PV;"2026-07-13 15:49:24,195999";"48,630054473877"
\\PIAF\PKN Orlen\PI Vision\PKN Orlen\ZAKŁAD PRODUKCYJNY PŁOCK\RAFINERIA\PR03 BLOK PRZEROBU ROPY\DRW-IV|DR4.FC43354_OP.PV;"2026-07-13 16:04:09,156006";"48,0909805297852"
\\PIAF\PKN Orlen\PI Vision\PKN Orlen\ZAKŁAD PRODUKCYJNY PŁOCK\RAFINERIA\PR03 BLOK PRZEROBU ROPY\DRW-IV|DR4.FC43354_OP.PV;"2026-07-13 16:08:29,141998";"47,648738861084"
\\PIAF\PKN Orlen\PI Vision\PKN Orlen\ZAKŁAD PRODUKCYJNY PŁOCK\RAFINERIA\PR03 BLOK PRZEROBU ROPY\DRW-IV|DR4.FC43354_OP.PV;"2026-07-13 16:14:39,059005";"47,927303314209"
\\PIAF\PKN Orlen\PI Vision\PKN Orlen\ZAKŁAD PRODUKCYJNY PŁOCK\RAFINERIA\PR03 BLOK PRZEROBU ROPY\DRW-IV|DR4.FC43354_OP.PV;"2026-07-13 16:18:59,090012";"48,3387260437012"
\\PIAF\PKN Orlen\PI Vision\PKN Orlen\ZAKŁAD PRODUKCYJNY PŁOCK\RAFINERIA\PR03 BLOK PRZEROBU ROPY\DRW-IV|DR4.FC43354_OP.PV;"2026-07-13 16:27:49,062011";"48,5652236938477"
\\PIAF\PKN Orlen\PI Vision\PKN Orlen\ZAKŁAD PRODUKCYJNY PŁOCK\RAFINERIA\PR03 BLOK PRZEROBU ROPY\DRW-IV|DR4.FC43354_OP.PV;"2026-07-13 16:34:19,170013";"48,8858070373535"
\\PIAF\PKN Orlen\PI Vision\PKN Orlen\ZAKŁAD PRODUKCYJNY PŁOCK\RAFINERIA\PR03 BLOK PRZEROBU ROPY\DRW-IV|DR4.FC43354_OP.PV;"2026-07-13 16:48:39,192001";"49,0357818603516"
\\PIAF\PKN Orlen\PI Vision\PKN Orlen\ZAKŁAD PRODUKCYJNY PŁOCK\RAFINERIA\PR03 BLOK PRZEROBU ROPY\DRW-IV|DR4.FC43354_OP.PV;"2026-07-13 16:59:29,103012";"48,8287239074707"
\\PIAF\PKN Orlen\PI Vision\PKN Orlen\ZAKŁAD PRODUKCYJNY PŁOCK\RAFINERIA\PR03 BLOK PRZEROBU ROPY\DRW-IV|DR4.FC43354_OP.PV;"2026-07-13 17:03:44,167999";"48,7457847595215"
\\PIAF\PKN Orlen\PI Vision\PKN Orlen\ZAKŁAD PRODUKCYJNY PŁOCK\RAFINERIA\PR03 BLOK PRZEROBU ROPY\DRW-IV|DR4.FC43354_OP.PV;"2026-07-13 17:12:59,140014";"49,1836814880371"
\\PIAF\PKN Orlen\PI Vision\PKN Orlen\ZAKŁAD PRODUKCYJNY PŁOCK\RAFINERIA\PR03 BLOK PRZEROBU ROPY\DRW-IV|DR4.FC43354_OP.PV;"2026-07-13 17:23:59,114013";"49,4813995361328"
\\PIAF\PKN Orlen\PI Vision\PKN Orlen\ZAKŁAD PRODUKCYJNY PŁOCK\RAFINERIA\PR03 BLOK PRZEROBU ROPY\DRW-IV|DR4.FC43354_OP.PV;"2026-07-13 17:34:19,165008";"48,9764709472656"
\\PIAF\PKN Orlen\PI Vision\PKN Orlen\ZAKŁAD PRODUKCYJNY PŁOCK\RAFINERIA\PR03 BLOK PRZEROBU ROPY\DRW-IV|DR4.FC43354_OP.PV;"2026-07-13 17:54:59,159012";"48,8452377319336"
\\PIAF\PKN Orlen\PI Vision\PKN Orlen\ZAKŁAD PRODUKCYJNY PŁOCK\RAFINERIA\PR03 BLOK PRZEROBU ROPY\DRW-IV|DR4.FC43354_OP.PV;"2026-07-13 18:06:09,085998";"48,8635292053223"
\\PIAF\PKN Orlen\PI Vision\PKN Orlen\ZAKŁAD PRODUKCYJNY PŁOCK\RAFINERIA\PR03 BLOK PRZEROBU ROPY\DRW-IV|DR4.FC43354_OP.PV;"2026-07-13 18:13:49,090012";"49,5122833251953"
\\PIAF\PKN Orlen\PI Vision\PKN Orlen\ZAKŁAD PRODUKCYJNY PŁOCK\RAFINERIA\PR03 BLOK PRZEROBU ROPY\DRW-IV|DR4.FC43354_OP.PV;"2026-07-13 18:19:39,093002";"49,0895805358887"
\\PIAF\PKN Orlen\PI Vision\PKN Orlen\ZAKŁAD PRODUKCYJNY PŁOCK\RAFINERIA\PR03 BLOK PRZEROBU ROPY\DRW-IV|DR4.FC43354_OP.PV;"2026-07-13 18:31:39,114013";"49,294620513916"
\\PIAF\PKN Orlen\PI Vision\PKN Orlen\ZAKŁAD PRODUKCYJNY PŁOCK\RAFINERIA\PR03 BLOK PRZEROBU ROPY\DRW-IV|DR4.FC43354_OP.PV;"2026-07-13 18:53:59,177002";"48,7638816833496"
\\PIAF\PKN Orlen\PI Vision\PKN Orlen\ZAKŁAD PRODUKCYJNY PŁOCK\RAFINERIA\PR03 BLOK PRZEROBU ROPY\DRW-IV|DR4.FC43354_OP.PV;"2026-07-13 19:46:59,169006";"48,9513282775879"
\\PIAF\PKN Orlen\PI Vision\PKN Orlen\ZAKŁAD PRODUKCYJNY PŁOCK\RAFINERIA\PR03 BLOK PRZEROBU ROPY\DRW-IV|DR4.FC43354_OP.PV;"2026-07-13 20:27:54,218002";"48,7437858581543"
\\PIAF\PKN Orlen\PI Vision\PKN Orlen\ZAKŁAD PRODUKCYJNY PŁOCK\RAFINERIA\PR03 BLOK PRZEROBU ROPY\DRW-IV|DR4.FC43354_OP.PV;"2026-07-13 21:48:59,144012";"48,7632255554199"
\\PIAF\PKN Orlen\PI Vision\PKN Orlen\ZAKŁAD PRODUKCYJNY PŁOCK\RAFINERIA\PR03 BLOK PRZEROBU ROPY\DRW-IV|DR4.FC43354_OP.PV;"2026-07-13 21:54:19,178009";"49,5215301513672"
\\PIAF\PKN Orlen\PI Vision\PKN Orlen\ZAKŁAD PRODUKCYJNY PŁOCK\RAFINERIA\PR03 BLOK PRZEROBU ROPY\DRW-IV|DR4.FC43354_OP.PV;"2026-07-13 21:58:14,117004";"49,1874313354492"
\\PIAF\PKN Orlen\PI Vision\PKN Orlen\ZAKŁAD PRODUKCYJNY PŁOCK\RAFINERIA\PR03 BLOK PRZEROBU ROPY\DRW-IV|DR4.FC43354_OP.PV;"2026-07-13 22:03:04,182007";"48,4858856201172"
\\PIAF\PKN Orlen\PI Vision\PKN Orlen\ZAKŁAD PRODUKCYJNY PŁOCK\RAFINERIA\PR03 BLOK PRZEROBU ROPY\DRW-IV|DR4.FC43354_OP.PV;"2026-07-13 22:09:54,122009";"48,6726722717285"
\\PIAF\PKN Orlen\PI Vision\PKN Orlen\ZAKŁAD PRODUKCYJNY PŁOCK\RAFINERIA\PR03 BLOK PRZEROBU ROPY\DRW-IV|DR4.FC43354_OP.PV;"2026-07-13 22:22:29,143005";"48,9804725646973"
\\PIAF\PKN Orlen\PI Vision\PKN Orlen\ZAKŁAD PRODUKCYJNY PŁOCK\RAFINERIA\PR03 BLOK PRZEROBU ROPY\DRW-IV|DR4.FC43354_OP.PV;"2026-07-13 22:37:24,084";"49,5492858886719"
\\PIAF\PKN Orlen\PI Vision\PKN Orlen\ZAKŁAD PRODUKCYJNY PŁOCK\RAFINERIA\PR03 BLOK PRZEROBU ROPY\DRW-IV|DR4.FC43354_OP.PV;"2026-07-13 22:54:19,091003";"49,4221649169922"
\\PIAF\PKN Orlen\PI Vision\PKN Orlen\ZAKŁAD PRODUKCYJNY PŁOCK\RAFINERIA\PR03 BLOK PRZEROBU ROPY\DRW-IV|DR4.FC43354_OP.PV;"2026-07-13 23:00:49,125";"49,7239608764648"
\\PIAF\PKN Orlen\PI Vision\PKN Orlen\ZAKŁAD PRODUKCYJNY PŁOCK\RAFINERIA\PR03 BLOK PRZEROBU ROPY\DRW-IV|DR4.FC43354_OP.PV;"2026-07-13 23:06:19,112015";"50,3997116088867"
\\PIAF\PKN Orlen\PI Vision\PKN Orlen\ZAKŁAD PRODUKCYJNY PŁOCK\RAFINERIA\PR03 BLOK PRZEROBU ROPY\DRW-IV|DR4.FC43354_OP.PV;"2026-07-13 23:13:39,131012";"49,825366973877"
\\PIAF\PKN Orlen\PI Vision\PKN Orlen\ZAKŁAD PRODUKCYJNY PŁOCK\RAFINERIA\PR03 BLOK PRZEROBU ROPY\DRW-IV|DR4.FC43354_OP.PV;"2026-07-13 23:30:29,10701";"50,2452354431152"
\\PIAF\PKN Orlen\PI Vision\PKN Orlen\ZAKŁAD PRODUKCYJNY PŁOCK\RAFINERIA\PR03 BLOK PRZEROBU ROPY\DRW-IV|DR4.FC43354_OP.PV;"2026-07-13 23:33:29,240005";"50,5918884277344"
\\PIAF\PKN Orlen\PI Vision\PKN Orlen\ZAKŁAD PRODUKCYJNY PŁOCK\RAFINERIA\PR03 BLOK PRZEROBU ROPY\DRW-IV|DR4.FC43354_OP.PV;"2026-07-13 23:42:29,228012";"50,9393997192383"
\\PIAF\PKN Orlen\PI Vision\PKN Orlen\ZAKŁAD PRODUKCYJNY PŁOCK\RAFINERIA\PR03 BLOK PRZEROBU ROPY\DRW-IV|DR4.FC43354_OP.PV;"2026-07-13 23:46:34,230011";"51,5885848999023"
\\PIAF\PKN Orlen\PI Vision\PKN Orlen\ZAKŁAD PRODUKCYJNY PŁOCK\RAFINERIA\PR03 BLOK PRZEROBU ROPY\DRW-IV|DR4.FC43354_OP.PV;"2026-07-13 23:53:54,249008";"51,0261306762695"
\\PIAF\PKN Orlen\PI Vision\PKN Orlen\ZAKŁAD PRODUKCYJNY PŁOCK\RAFINERIA\PR03 BLOK PRZEROBU ROPY\DRW-IV|DR4.FC43354_OP.PV;"2026-07-13 23:59:54,20401";"51,476146697998"
\\PIAF\PKN Orlen\PI Vision\PKN Orlen\ZAKŁAD PRODUKCYJNY PŁOCK\RAFINERIA\PR03 BLOK PRZEROBU ROPY\DRW-IV|DR4.FC43354_OP.PV;"2026-07-14 00:05:04,175003";"51,7042503356934"
\\PIAF\PKN Orlen\PI Vision\PKN Orlen\ZAKŁAD PRODUKCYJNY PŁOCK\RAFINERIA\PR03 BLOK PRZEROBU ROPY\DRW-IV|DR4.FC43354_OP.PV;"2026-07-14 00:12:49,259002";"52,1943359375"
\\PIAF\PKN Orlen\PI Vision\PKN Orlen\ZAKŁAD PRODUKCYJNY PŁOCK\RAFINERIA\PR03 BLOK PRZEROBU ROPY\DRW-IV|DR4.FC43354_OP.PV;"2026-07-14 00:21:24,201004";"52,7385139465332"
\\PIAF\PKN Orlen\PI Vision\PKN Orlen\ZAKŁAD PRODUKCYJNY PŁOCK\RAFINERIA\PR03 BLOK PRZEROBU ROPY\DRW-IV|DR4.FC43354_OP.PV;"2026-07-14 00:33:39,206009";"52,2031517028809"
\\PIAF\PKN Orlen\PI Vision\PKN Orlen\ZAKŁAD PRODUKCYJNY PŁOCK\RAFINERIA\PR03 BLOK PRZEROBU ROPY\DRW-IV|DR4.FC43354_OP.PV;"2026-07-14 00:37:49,239013";"51,872386932373"
\\PIAF\PKN Orlen\PI Vision\PKN Orlen\ZAKŁAD PRODUKCYJNY PŁOCK\RAFINERIA\PR03 BLOK PRZEROBU ROPY\DRW-IV|DR4.FC43354_OP.PV;"2026-07-14 00:58:24,201004";"51,9345550537109"
\\PIAF\PKN Orlen\PI Vision\PKN Orlen\ZAKŁAD PRODUKCYJNY PŁOCK\RAFINERIA\PR03 BLOK PRZEROBU ROPY\DRW-IV|DR4.FC43354_OP.PV;"2026-07-14 01:07:04,174011";"51,7113838195801"
\\PIAF\PKN Orlen\PI Vision\PKN Orlen\ZAKŁAD PRODUKCYJNY PŁOCK\RAFINERIA\PR03 BLOK PRZEROBU ROPY\DRW-IV|DR4.FC43354_OP.PV;"2026-07-14 01:14:24,193008";"51,8116340637207"
\\PIAF\PKN Orlen\PI Vision\PKN Orlen\ZAKŁAD PRODUKCYJNY PŁOCK\RAFINERIA\PR03 BLOK PRZEROBU ROPY\DRW-IV|DR4.FC43354_OP.PV;"2026-07-14 01:25:44,182007";"51,7013206481934"
\\PIAF\PKN Orlen\PI Vision\PKN Orlen\ZAKŁAD PRODUKCYJNY PŁOCK\RAFINERIA\PR03 BLOK PRZEROBU ROPY\DRW-IV|DR4.FC43354_OP.PV;"2026-07-14 01:50:09,162002";"51,6886405944824"
\\PIAF\PKN Orlen\PI Vision\PKN Orlen\ZAKŁAD PRODUKCYJNY PŁOCK\RAFINERIA\PR03 BLOK PRZEROBU ROPY\DRW-IV|DR4.FC43354_OP.PV;"2026-07-14 02:15:04,184005";"51,9954566955566"
\\PIAF\PKN Orlen\PI Vision\PKN Orlen\ZAKŁAD PRODUKCYJNY PŁOCK\RAFINERIA\PR03 BLOK PRZEROBU ROPY\DRW-IV|DR4.FC43354_OP.PV;"2026-07-14 02:34:09,129013";"51,9641304016113"
\\PIAF\PKN Orlen\PI Vision\PKN Orlen\ZAKŁAD PRODUKCYJNY PŁOCK\RAFINERIA\PR03 BLOK PRZEROBU ROPY\DRW-IV|DR4.FC43354_OP.PV;"2026-07-14 03:10:29,099014";"51,9901657104492"
\\PIAF\PKN Orlen\PI Vision\PKN Orlen\ZAKŁAD PRODUKCYJNY PŁOCK\RAFINERIA\PR03 BLOK PRZEROBU ROPY\DRW-IV|DR4.FC43354_OP.PV;"2026-07-14 03:49:49,100006";"51,8101272583008"
\\PIAF\PKN Orlen\PI Vision\PKN Orlen\ZAKŁAD PRODUKCYJNY PŁOCK\RAFINERIA\PR03 BLOK PRZEROBU ROPY\DRW-IV|DR4.FC43354_OP.PV;"2026-07-14 04:38:19,208008";"52,0167503356934"
\\PIAF\PKN Orlen\PI Vision\PKN Orlen\ZAKŁAD PRODUKCYJNY PŁOCK\RAFINERIA\PR03 BLOK PRZEROBU ROPY\DRW-IV|DR4.FC43354_OP.PV;"2026-07-14 04:50:49,197006";"51,6935424804688"
\\PIAF\PKN Orlen\PI Vision\PKN Orlen\ZAKŁAD PRODUKCYJNY PŁOCK\RAFINERIA\PR03 BLOK PRZEROBU ROPY\DRW-IV|DR4.FC43354_OP.PV;"2026-07-14 05:02:54,140014";"51,8993492126465"
\\PIAF\PKN Orlen\PI Vision\PKN Orlen\ZAKŁAD PRODUKCYJNY PŁOCK\RAFINERIA\PR03 BLOK PRZEROBU ROPY\DRW-IV|DR4.FC43354_OP.PV;"2026-07-14 05:48:44,17601";"51,8129768371582"
\\PIAF\PKN Orlen\PI Vision\PKN Orlen\ZAKŁAD PRODUKCYJNY PŁOCK\RAFINERIA\PR03 BLOK PRZEROBU ROPY\DRW-IV|DR4.FC43354_OP.PV;"2026-07-14 06:45:34,185013";"51,8194160461426"
\\PIAF\PKN Orlen\PI Vision\PKN Orlen\ZAKŁAD PRODUKCYJNY PŁOCK\RAFINERIA\PR03 BLOK PRZEROBU ROPY\DRW-IV|DR4.FC43354_OP.PV;"2026-07-14 06:53:29,205002";"51,7114372253418"
\\PIAF\PKN Orlen\PI Vision\PKN Orlen\ZAKŁAD PRODUKCYJNY PŁOCK\RAFINERIA\PR03 BLOK PRZEROBU ROPY\DRW-IV|DR4.FC43354_OP.PV;"2026-07-14 07:03:39,193008";"51,8131866455078"
\\PIAF\PKN Orlen\PI Vision\PKN Orlen\ZAKŁAD PRODUKCYJNY PŁOCK\RAFINERIA\PR03 BLOK PRZEROBU ROPY\DRW-IV|DR4.FC43354_OP.PV;"2026-07-14 07:26:39,188004";"51,6095924377441"
\\PIAF\PKN Orlen\PI Vision\PKN Orlen\ZAKŁAD PRODUKCYJNY PŁOCK\RAFINERIA\PR03 BLOK PRZEROBU ROPY\DRW-IV|DR4.FC43354_OP.PV;"2026-07-14 07:36:44,145004";"51,7071418762207"
\\PIAF\PKN Orlen\PI Vision\PKN Orlen\ZAKŁAD PRODUKCYJNY PŁOCK\RAFINERIA\PR03 BLOK PRZEROBU ROPY\DRW-IV|DR4.FC43354_OP.PV;"2026-07-14 07:50:09,151001";"51,8031387329102"
\\PIAF\PKN Orlen\PI Vision\PKN Orlen\ZAKŁAD PRODUKCYJNY PŁOCK\RAFINERIA\PR03 BLOK PRZEROBU ROPY\DRW-IV|DR4.FC43354_OP.PV;"2026-07-14 07:58:04,170013";"51,6976203918457"
\\PIAF\PKN Orlen\PI Vision\PKN Orlen\ZAKŁAD PRODUKCYJNY PŁOCK\RAFINERIA\PR03 BLOK PRZEROBU ROPY\DRW-IV|DR4.FC43354_OP.PV;"2026-07-14 08:50:14,143005";"51,8026695251465"
\\PIAF\PKN Orlen\PI Vision\PKN Orlen\ZAKŁAD PRODUKCYJNY PŁOCK\RAFINERIA\PR03 BLOK PRZEROBU ROPY\DRW-IV|DR4.FC43354_OP.PV;"2026-07-14 09:11:39,190002";"52,1055374145508"
\\PIAF\PKN Orlen\PI Vision\PKN Orlen\ZAKŁAD PRODUKCYJNY PŁOCK\RAFINERIA\PR03 BLOK PRZEROBU ROPY\DRW-IV|DR4.FC43354_OP.PV;"2026-07-14 09:15:44,192001";"52,7466049194336"
\\PIAF\PKN Orlen\PI Vision\PKN Orlen\ZAKŁAD PRODUKCYJNY PŁOCK\RAFINERIA\PR03 BLOK PRZEROBU ROPY\DRW-IV|DR4.FC43354_OP.PV;"2026-07-14 09:23:49,164017";"51,8777046203613"
\\PIAF\PKN Orlen\PI Vision\PKN Orlen\ZAKŁAD PRODUKCYJNY PŁOCK\RAFINERIA\PR03 BLOK PRZEROBU ROPY\DRW-IV|DR4.FC43354_OP.PV;"2026-07-14 09:31:29,199005";"52,4373817443848"
\\PIAF\PKN Orlen\PI Vision\PKN Orlen\ZAKŁAD PRODUKCYJNY PŁOCK\RAFINERIA\PR03 BLOK PRZEROBU ROPY\DRW-IV|DR4.FC43354_OP.PV;"2026-07-14 09:42:19,210007";"52,1041870117188"
\\PIAF\PKN Orlen\PI Vision\PKN Orlen\ZAKŁAD PRODUKCYJNY PŁOCK\RAFINERIA\PR03 BLOK PRZEROBU ROPY\DRW-IV|DR4.FC43354_OP.PV;"2026-07-14 09:47:09,165008";"52,6698150634766"
\\PIAF\PKN Orlen\PI Vision\PKN Orlen\ZAKŁAD PRODUKCYJNY PŁOCK\RAFINERIA\PR03 BLOK PRZEROBU ROPY\DRW-IV|DR4.FC43354_OP.PV;"2026-07-14 09:57:24,185013";"52,1260948181152"
\\PIAF\PKN Orlen\PI Vision\PKN Orlen\ZAKŁAD PRODUKCYJNY PŁOCK\RAFINERIA\PR03 BLOK PRZEROBU ROPY\DRW-IV|DR4.FC43354_OP.PV;"2026-07-14 10:07:24,221008";"52,5392837524414"
\\PIAF\PKN Orlen\PI Vision\PKN Orlen\ZAKŁAD PRODUKCYJNY PŁOCK\RAFINERIA\PR03 BLOK PRZEROBU ROPY\DRW-IV|DR4.FC43354_OP.PV;"2026-07-14 10:40:19,219009";"52,5490074157715"
\\PIAF\PKN Orlen\PI Vision\PKN Orlen\ZAKŁAD PRODUKCYJNY PŁOCK\RAFINERIA\PR03 BLOK PRZEROBU ROPY\DRW-IV|DR4.FC43354_OP.PV;"2026-07-14 11:05:39,215012";"53,0121383666992"
\\PIAF\PKN Orlen\PI Vision\PKN Orlen\ZAKŁAD PRODUKCYJNY PŁOCK\RAFINERIA\PR03 BLOK PRZEROBU ROPY\DRW-IV|DR4.FC43354_OP.PV;"2026-07-14 11:23:09,163009";"52,8151893615723"
\\PIAF\PKN Orlen\PI Vision\PKN Orlen\ZAKŁAD PRODUKCYJNY PŁOCK\RAFINERIA\PR03 BLOK PRZEROBU ROPY\DRW-IV|DR4.FC43354_OP.PV;"2026-07-14 11:36:59,216003";"52,7042236328125"
\\PIAF\PKN Orlen\PI Vision\PKN Orlen\ZAKŁAD PRODUKCYJNY PŁOCK\RAFINERIA\PR03 BLOK PRZEROBU ROPY\DRW-IV|DR4.FC43354_OP.PV;"2026-07-14 11:43:34,172012";"52,7985153198242"
\\PIAF\PKN Orlen\PI Vision\PKN Orlen\ZAKŁAD PRODUKCYJNY PŁOCK\RAFINERIA\PR03 BLOK PRZEROBU ROPY\DRW-IV|DR4.FC43354_OP.PV;"2026-07-14 11:49:54,143005";"53,0279769897461"
\\PIAF\PKN Orlen\PI Vision\PKN Orlen\ZAKŁAD PRODUKCYJNY PŁOCK\RAFINERIA\PR03 BLOK PRZEROBU ROPY\DRW-IV|DR4.FC43354_OP.PV;"2026-07-14 12:10:59,167007";"53,9241104125977"
\\PIAF\PKN Orlen\PI Vision\PKN Orlen\ZAKŁAD PRODUKCYJNY PŁOCK\RAFINERIA\PR03 BLOK PRZEROBU ROPY\DRW-IV|DR4.FC43354_OP.PV;"2026-07-14 12:29:49,128006";"52,6035118103027"
\\PIAF\PKN Orlen\PI Vision\PKN Orlen\ZAKŁAD PRODUKCYJNY PŁOCK\RAFINERIA\PR03 BLOK PRZEROBU ROPY\DRW-IV|DR4.FC43354_OP.PV;"2026-07-14 12:52:34,138";"53,0449905395508"
\\PIAF\PKN Orlen\PI Vision\PKN Orlen\ZAKŁAD PRODUKCYJNY PŁOCK\RAFINERIA\PR03 BLOK PRZEROBU ROPY\DRW-IV|DR4.FC43354_OP.PV;"2026-07-14 12:55:49,155014";"52,5657119750977"
\\PIAF\PKN Orlen\PI Vision\PKN Orlen\ZAKŁAD PRODUKCYJNY PŁOCK\RAFINERIA\PR03 BLOK PRZEROBU ROPY\DRW-IV|DR4.FC43354_OP.PV;"2026-07-14 12:58:18,149002";"52,5253028869629"
\\PIAF\PKN Orlen\PI Vision\PKN Orlen\ZAKŁAD PRODUKCYJNY PŁOCK\RAFINERIA\PR03 BLOK PRZEROBU ROPY\DRW-IV|DR4.FC43354_OP.PV;"2026-07-14 13:04:53,196014";"53,1810302734375"
\\PIAF\PKN Orlen\PI Vision\PKN Orlen\ZAKŁAD PRODUKCYJNY PŁOCK\RAFINERIA\PR03 BLOK PRZEROBU ROPY\DRW-IV|DR4.FC43354_OP.PV;"2026-07-14 13:11:43,180008";"52,7565040588379"
\\PIAF\PKN Orlen\PI Vision\PKN Orlen\ZAKŁAD PRODUKCYJNY PŁOCK\RAFINERIA\PR03 BLOK PRZEROBU ROPY\DRW-IV|DR4.FC43354_OP.PV;"2026-07-14 13:22:53,212006";"52,8686790466309"
\\PIAF\PKN Orlen\PI Vision\PKN Orlen\ZAKŁAD PRODUKCYJNY PŁOCK\RAFINERIA\PR03 BLOK PRZEROBU ROPY\DRW-IV|DR4.FC43354_OP.PV;"2026-07-14 13:29:48,227005";"52,6560134887695"
\\PIAF\PKN Orlen\PI Vision\PKN Orlen\ZAKŁAD PRODUKCYJNY PŁOCK\RAFINERIA\PR03 BLOK PRZEROBU ROPY\DRW-IV|DR4.FC43354_OP.PV;"2026-07-14 13:34:28,118011";"53,5671730041504"
\\PIAF\PKN Orlen\PI Vision\PKN Orlen\ZAKŁAD PRODUKCYJNY PŁOCK\RAFINERIA\PR03 BLOK PRZEROBU ROPY\DRW-IV|DR4.FC43354_OP.PV;"2026-07-14 13:42:58,243011";"53,1318664550781"
\\PIAF\PKN Orlen\PI Vision\PKN Orlen\ZAKŁAD PRODUKCYJNY PŁOCK\RAFINERIA\PR03 BLOK PRZEROBU ROPY\DRW-IV|DR4.FC43354_OP.PV;"2026-07-14 14:39:13,134002";"53,5789031982422"
\\PIAF\PKN Orlen\PI Vision\PKN Orlen\ZAKŁAD PRODUKCYJNY PŁOCK\RAFINERIA\PR03 BLOK PRZEROBU ROPY\DRW-IV|DR4.FC43354_OP.PV;"2026-07-14 15:06:33,165008";"53,4417266845703"
\\PIAF\PKN Orlen\PI Vision\PKN Orlen\ZAKŁAD PRODUKCYJNY PŁOCK\RAFINERIA\PR03 BLOK PRZEROBU ROPY\DRW-IV|DR4.FC43354_OP.PV;"2026-07-14 15:38:28,165008";"53,6778869628906"
\\PIAF\PKN Orlen\PI Vision\PKN Orlen\ZAKŁAD PRODUKCYJNY PŁOCK\RAFINERIA\PR03 BLOK PRZEROBU ROPY\DRW-IV|DR4.FC43354_OP.PV;"2026-07-14 15:46:53,180008";"53,3116340637207"
\\PIAF\PKN Orlen\PI Vision\PKN Orlen\ZAKŁAD PRODUKCYJNY PŁOCK\RAFINERIA\PR03 BLOK PRZEROBU ROPY\DRW-IV|DR4.FC43354_OP.PV;"2026-07-14 15:59:28,180008";"53,5744438171387"
\\PIAF\PKN Orlen\PI Vision\PKN Orlen\ZAKŁAD PRODUKCYJNY PŁOCK\RAFINERIA\PR03 BLOK PRZEROBU ROPY\DRW-IV|DR4.FC43354_OP.PV;"2026-07-14 16:09:48,149002";"53,4677391052246"
\\PIAF\PKN Orlen\PI Vision\PKN Orlen\ZAKŁAD PRODUKCYJNY PŁOCK\RAFINERIA\PR03 BLOK PRZEROBU ROPY\DRW-IV|DR4.FC43354_OP.PV;"2026-07-14 16:30:08,149002";"53,3702392578125"
\\PIAF\PKN Orlen\PI Vision\PKN Orlen\ZAKŁAD PRODUKCYJNY PŁOCK\RAFINERIA\PR03 BLOK PRZEROBU ROPY\DRW-IV|DR4.FC43354_OP.PV;"2026-07-14 16:47:08,149002";"53,4947853088379"
\\PIAF\PKN Orlen\PI Vision\PKN Orlen\ZAKŁAD PRODUKCYJNY PŁOCK\RAFINERIA\PR03 BLOK PRZEROBU ROPY\DRW-IV|DR4.FC43354_OP.PV;"2026-07-14 17:00:03,134002";"53,3960456848145"
\\PIAF\PKN Orlen\PI Vision\PKN Orlen\ZAKŁAD PRODUKCYJNY PŁOCK\RAFINERIA\PR03 BLOK PRZEROBU ROPY\DRW-IV|DR4.FC43354_OP.PV;"2026-07-14 17:13:48,180008";"53,5040550231934"
\\PIAF\PKN Orlen\PI Vision\PKN Orlen\ZAKŁAD PRODUKCYJNY PŁOCK\RAFINERIA\PR03 BLOK PRZEROBU ROPY\DRW-IV|DR4.FC43354_OP.PV;"2026-07-14 17:22:13,196014";"53,4055595397949"
\\PIAF\PKN Orlen\PI Vision\PKN Orlen\ZAKŁAD PRODUKCYJNY PŁOCK\RAFINERIA\PR03 BLOK PRZEROBU ROPY\DRW-IV|DR4.FC43354_OP.PV;"2026-07-14 17:31:28,102005";"53,1938323974609"
\\PIAF\PKN Orlen\PI Vision\PKN Orlen\ZAKŁAD PRODUKCYJNY PŁOCK\RAFINERIA\PR03 BLOK PRZEROBU ROPY\DRW-IV|DR4.FC43354_OP.PV;"2026-07-14 17:48:33,165008";"53,2167739868164"
\\PIAF\PKN Orlen\PI Vision\PKN Orlen\ZAKŁAD PRODUKCYJNY PŁOCK\RAFINERIA\PR03 BLOK PRZEROBU ROPY\DRW-IV|DR4.FC43354_OP.PV;"2026-07-14 18:29:28,102005";"53,1320190429688"
\\PIAF\PKN Orlen\PI Vision\PKN Orlen\ZAKŁAD PRODUKCYJNY PŁOCK\RAFINERIA\PR03 BLOK PRZEROBU ROPY\DRW-IV|DR4.FC43354_OP.PV;"2026-07-14 18:36:23,102005";"53,0158386230469"
\\PIAF\PKN Orlen\PI Vision\PKN Orlen\ZAKŁAD PRODUKCYJNY PŁOCK\RAFINERIA\PR03 BLOK PRZEROBU ROPY\DRW-IV|DR4.FC43354_OP.PV;"2026-07-14 18:43:53,102005";"53,0915374755859"
\\PIAF\PKN Orlen\PI Vision\PKN Orlen\ZAKŁAD PRODUKCYJNY PŁOCK\RAFINERIA\PR03 BLOK PRZEROBU ROPY\DRW-IV|DR4.FC43354_OP.PV;"2026-07-14 18:46:33,118011";"52,6553916931152"
\\PIAF\PKN Orlen\PI Vision\PKN Orlen\ZAKŁAD PRODUKCYJNY PŁOCK\RAFINERIA\PR03 BLOK PRZEROBU ROPY\DRW-IV|DR4.FC43354_OP.PV;"2026-07-14 18:54:33,087006";"53,2018508911133"
\\PIAF\PKN Orlen\PI Vision\PKN Orlen\ZAKŁAD PRODUKCYJNY PŁOCK\RAFINERIA\PR03 BLOK PRZEROBU ROPY\DRW-IV|DR4.FC43354_OP.PV;"2026-07-14 19:02:43,118011";"52,762939453125"
\\PIAF\PKN Orlen\PI Vision\PKN Orlen\ZAKŁAD PRODUKCYJNY PŁOCK\RAFINERIA\PR03 BLOK PRZEROBU ROPY\DRW-IV|DR4.FC43354_OP.PV;"2026-07-14 19:14:23,071014";"52,658260345459"
\\PIAF\PKN Orlen\PI Vision\PKN Orlen\ZAKŁAD PRODUKCYJNY PŁOCK\RAFINERIA\PR03 BLOK PRZEROBU ROPY\DRW-IV|DR4.FC43354_OP.PV;"2026-07-14 19:28:08,264999";"52,9916954040527"
\\PIAF\PKN Orlen\PI Vision\PKN Orlen\ZAKŁAD PRODUKCYJNY PŁOCK\RAFINERIA\PR03 BLOK PRZEROBU ROPY\DRW-IV|DR4.FC43354_OP.PV;"2026-07-14 19:46:58,264999";"52,8043174743652"
\\PIAF\PKN Orlen\PI Vision\PKN Orlen\ZAKŁAD PRODUKCYJNY PŁOCK\RAFINERIA\PR03 BLOK PRZEROBU ROPY\DRW-IV|DR4.FC43354_OP.PV;"2026-07-14 19:56:33,234009";"52,9178314208984"
\\PIAF\PKN Orlen\PI Vision\PKN Orlen\ZAKŁAD PRODUKCYJNY PŁOCK\RAFINERIA\PR03 BLOK PRZEROBU ROPY\DRW-IV|DR4.FC43354_OP.PV;"2026-07-14 20:02:43,249008";"52,7089996337891"
\\PIAF\PKN Orlen\PI Vision\PKN Orlen\ZAKŁAD PRODUKCYJNY PŁOCK\RAFINERIA\PR03 BLOK PRZEROBU ROPY\DRW-IV|DR4.FC43354_OP.PV;"2026-07-14 20:11:43,234009";"53,0188407897949"
\\PIAF\PKN Orlen\PI Vision\PKN Orlen\ZAKŁAD PRODUKCYJNY PŁOCK\RAFINERIA\PR03 BLOK PRZEROBU ROPY\DRW-IV|DR4.FC43354_OP.PV;"2026-07-14 20:20:33,202011";"52,6803207397461"
\\PIAF\PKN Orlen\PI Vision\PKN Orlen\ZAKŁAD PRODUKCYJNY PŁOCK\RAFINERIA\PR03 BLOK PRZEROBU ROPY\DRW-IV|DR4.FC43354_OP.PV;"2026-07-14 20:28:23,202011";"52,7991638183594"
\\PIAF\PKN Orlen\PI Vision\PKN Orlen\ZAKŁAD PRODUKCYJNY PŁOCK\RAFINERIA\PR03 BLOK PRZEROBU ROPY\DRW-IV|DR4.FC43354_OP.PV;"2026-07-14 20:36:18,234009";"52,5664138793945"
\\PIAF\PKN Orlen\PI Vision\PKN Orlen\ZAKŁAD PRODUKCYJNY PŁOCK\RAFINERIA\PR03 BLOK PRZEROBU ROPY\DRW-IV|DR4.FC43354_OP.PV;"2026-07-14 20:38:43,155014";"52,8156433105469"
\\PIAF\PKN Orlen\PI Vision\PKN Orlen\ZAKŁAD PRODUKCYJNY PŁOCK\RAFINERIA\PR03 BLOK PRZEROBU ROPY\DRW-IV|DR4.FC43354_OP.PV;"2026-07-14 20:52:13,187011";"52,7860794067383"
\\PIAF\PKN Orlen\PI Vision\PKN Orlen\ZAKŁAD PRODUKCYJNY PŁOCK\RAFINERIA\PR03 BLOK PRZEROBU ROPY\DRW-IV|DR4.FC43354_OP.PV;"2026-07-14 20:53:38,249008";"53,0706253051758"
\\PIAF\PKN Orlen\PI Vision\PKN Orlen\ZAKŁAD PRODUKCYJNY PŁOCK\RAFINERIA\PR03 BLOK PRZEROBU ROPY\DRW-IV|DR4.FC43354_OP.PV;"2026-07-14 21:02:23,187011";"52,3951072692871"
\\PIAF\PKN Orlen\PI Vision\PKN Orlen\ZAKŁAD PRODUKCYJNY PŁOCK\RAFINERIA\PR03 BLOK PRZEROBU ROPY\DRW-IV|DR4.FC43354_OP.PV;"2026-07-14 21:10:43,218002";"52,498722076416"
\\PIAF\PKN Orlen\PI Vision\PKN Orlen\ZAKŁAD PRODUKCYJNY PŁOCK\RAFINERIA\PR03 BLOK PRZEROBU ROPY\DRW-IV|DR4.FC43354_OP.PV;"2026-07-14 21:25:08,171005";"52,8098526000977"
\\PIAF\PKN Orlen\PI Vision\PKN Orlen\ZAKŁAD PRODUKCYJNY PŁOCK\RAFINERIA\PR03 BLOK PRZEROBU ROPY\DRW-IV|DR4.FC43354_OP.PV;"2026-07-14 21:38:48,202011";"52,3475189208984"
\\PIAF\PKN Orlen\PI Vision\PKN Orlen\ZAKŁAD PRODUKCYJNY PŁOCK\RAFINERIA\PR03 BLOK PRZEROBU ROPY\DRW-IV|DR4.FC43354_OP.PV;"2026-07-14 21:43:28,218002";"52,8796501159668"
\\PIAF\PKN Orlen\PI Vision\PKN Orlen\ZAKŁAD PRODUKCYJNY PŁOCK\RAFINERIA\PR03 BLOK PRZEROBU ROPY\DRW-IV|DR4.FC43354_OP.PV;"2026-07-14 21:51:43,171005";"52,339225769043"
\\PIAF\PKN Orlen\PI Vision\PKN Orlen\ZAKŁAD PRODUKCYJNY PŁOCK\RAFINERIA\PR03 BLOK PRZEROBU ROPY\DRW-IV|DR4.FC43354_OP.PV;"2026-07-14 21:58:28,234009";"52,6858711242676"
\\PIAF\PKN Orlen\PI Vision\PKN Orlen\ZAKŁAD PRODUKCYJNY PŁOCK\RAFINERIA\PR03 BLOK PRZEROBU ROPY\DRW-IV|DR4.FC43354_OP.PV;"2026-07-14 22:07:43,202011";"52,265438079834"
\\PIAF\PKN Orlen\PI Vision\PKN Orlen\ZAKŁAD PRODUKCYJNY PŁOCK\RAFINERIA\PR03 BLOK PRZEROBU ROPY\DRW-IV|DR4.FC43354_OP.PV;"2026-07-14 22:16:53,139999";"52,703987121582"
\\PIAF\PKN Orlen\PI Vision\PKN Orlen\ZAKŁAD PRODUKCYJNY PŁOCK\RAFINERIA\PR03 BLOK PRZEROBU ROPY\DRW-IV|DR4.FC43354_OP.PV;"2026-07-14 22:24:18,156006";"52,486988067627"
\\PIAF\PKN Orlen\PI Vision\PKN Orlen\ZAKŁAD PRODUKCYJNY PŁOCK\RAFINERIA\PR03 BLOK PRZEROBU ROPY\DRW-IV|DR4.FC43354_OP.PV;"2026-07-14 22:36:08,139999";"52,5300941467285"
\\PIAF\PKN Orlen\PI Vision\PKN Orlen\ZAKŁAD PRODUKCYJNY PŁOCK\RAFINERIA\PR03 BLOK PRZEROBU ROPY\DRW-IV|DR4.FC43354_OP.PV;"2026-07-14 22:43:28,124008";"52,4031562805176"
\\PIAF\PKN Orlen\PI Vision\PKN Orlen\ZAKŁAD PRODUKCYJNY PŁOCK\RAFINERIA\PR03 BLOK PRZEROBU ROPY\DRW-IV|DR4.FC43354_OP.PV;"2026-07-14 22:47:38,155014";"52,8201637268066"
\\PIAF\PKN Orlen\PI Vision\PKN Orlen\ZAKŁAD PRODUKCYJNY PŁOCK\RAFINERIA\PR03 BLOK PRZEROBU ROPY\DRW-IV|DR4.FC43354_OP.PV;"2026-07-14 22:53:03,171005";"52,4953880310059"
\\PIAF\PKN Orlen\PI Vision\PKN Orlen\ZAKŁAD PRODUKCYJNY PŁOCK\RAFINERIA\PR03 BLOK PRZEROBU ROPY\DRW-IV|DR4.FC43354_OP.PV;"2026-07-14 23:05:28,202011";"52,7070503234863"
\\PIAF\PKN Orlen\PI Vision\PKN Orlen\ZAKŁAD PRODUKCYJNY PŁOCK\RAFINERIA\PR03 BLOK PRZEROBU ROPY\DRW-IV|DR4.FC43354_OP.PV;"2026-07-14 23:07:23,124008";"52,3879432678223"
\\PIAF\PKN Orlen\PI Vision\PKN Orlen\ZAKŁAD PRODUKCYJNY PŁOCK\RAFINERIA\PR03 BLOK PRZEROBU ROPY\DRW-IV|DR4.FC43354_OP.PV;"2026-07-14 23:13:13,139999";"52,723331451416"
\\PIAF\PKN Orlen\PI Vision\PKN Orlen\ZAKŁAD PRODUKCYJNY PŁOCK\RAFINERIA\PR03 BLOK PRZEROBU ROPY\DRW-IV|DR4.FC43354_OP.PV;"2026-07-14 23:19:48,124008";"52,412841796875"
\\PIAF\PKN Orlen\PI Vision\PKN Orlen\ZAKŁAD PRODUKCYJNY PŁOCK\RAFINERIA\PR03 BLOK PRZEROBU ROPY\DRW-IV|DR4.FC43354_OP.PV;"2026-07-14 23:22:38,139999";"51,9659652709961"
\\PIAF\PKN Orlen\PI Vision\PKN Orlen\ZAKŁAD PRODUKCYJNY PŁOCK\RAFINERIA\PR03 BLOK PRZEROBU ROPY\DRW-IV|DR4.FC43354_OP.PV;"2026-07-14 23:28:28,140014";"52,6518898010254"
\\PIAF\PKN Orlen\PI Vision\PKN Orlen\ZAKŁAD PRODUKCYJNY PŁOCK\RAFINERIA\PR03 BLOK PRZEROBU ROPY\DRW-IV|DR4.FC43354_OP.PV;"2026-07-14 23:43:58,124008";"52,4212036132813"
\\PIAF\PKN Orlen\PI Vision\PKN Orlen\ZAKŁAD PRODUKCYJNY PŁOCK\RAFINERIA\PR03 BLOK PRZEROBU ROPY\DRW-IV|DR4.FC43354_OP.PV;"2026-07-14 23:52:03,124008";"52,5515441894531"
\\PIAF\PKN Orlen\PI Vision\PKN Orlen\ZAKŁAD PRODUKCYJNY PŁOCK\RAFINERIA\PR03 BLOK PRZEROBU ROPY\DRW-IV|DR4.FC43354_OP.PV;"2026-07-14 23:59:03,218002";"52,2729110717773"
\\PIAF\PKN Orlen\PI Vision\PKN Orlen\ZAKŁAD PRODUKCYJNY PŁOCK\RAFINERIA\PR03 BLOK PRZEROBU ROPY\DRW-IV|DR4.FC43354_OP.PV;"2026-07-15 00:01:53,187011";"52,8435249328613"
\\PIAF\PKN Orlen\PI Vision\PKN Orlen\ZAKŁAD PRODUKCYJNY PŁOCK\RAFINERIA\PR03 BLOK PRZEROBU ROPY\DRW-IV|DR4.FC43354_OP.PV;"2026-07-15 00:15:48,109009";"52,6405181884766"
\\PIAF\PKN Orlen\PI Vision\PKN Orlen\ZAKŁAD PRODUKCYJNY PŁOCK\RAFINERIA\PR03 BLOK PRZEROBU ROPY\DRW-IV|DR4.FC43354_OP.PV;"2026-07-15 00:32:33,171005";"52,7406425476074"
\\PIAF\PKN Orlen\PI Vision\PKN Orlen\ZAKŁAD PRODUKCYJNY PŁOCK\RAFINERIA\PR03 BLOK PRZEROBU ROPY\DRW-IV|DR4.FC43354_OP.PV;"2026-07-15 00:37:13,202011";"52,3047828674316"
\\PIAF\PKN Orlen\PI Vision\PKN Orlen\ZAKŁAD PRODUKCYJNY PŁOCK\RAFINERIA\PR03 BLOK PRZEROBU ROPY\DRW-IV|DR4.FC43354_OP.PV;"2026-07-15 00:43:43,187011";"52,854320526123"
\\PIAF\PKN Orlen\PI Vision\PKN Orlen\ZAKŁAD PRODUKCYJNY PŁOCK\RAFINERIA\PR03 BLOK PRZEROBU ROPY\DRW-IV|DR4.FC43354_OP.PV;"2026-07-15 00:49:58,109009";"52,6841697692871"
\\PIAF\PKN Orlen\PI Vision\PKN Orlen\ZAKŁAD PRODUKCYJNY PŁOCK\RAFINERIA\PR03 BLOK PRZEROBU ROPY\DRW-IV|DR4.FC43354_OP.PV;"2026-07-15 00:53:18,124008";"52,0987167358398"
\\PIAF\PKN Orlen\PI Vision\PKN Orlen\ZAKŁAD PRODUKCYJNY PŁOCK\RAFINERIA\PR03 BLOK PRZEROBU ROPY\DRW-IV|DR4.FC43354_OP.PV;"2026-07-15 01:00:08,109009";"52,6534461975098"
\\PIAF\PKN Orlen\PI Vision\PKN Orlen\ZAKŁAD PRODUKCYJNY PŁOCK\RAFINERIA\PR03 BLOK PRZEROBU ROPY\DRW-IV|DR4.FC43354_OP.PV;"2026-07-15 01:16:43,124008";"52,3156051635742"
\\PIAF\PKN Orlen\PI Vision\PKN Orlen\ZAKŁAD PRODUKCYJNY PŁOCK\RAFINERIA\PR03 BLOK PRZEROBU ROPY\DRW-IV|DR4.FC43354_OP.PV;"2026-07-15 01:19:43,171005";"52,8989334106445"
\\PIAF\PKN Orlen\PI Vision\PKN Orlen\ZAKŁAD PRODUKCYJNY PŁOCK\RAFINERIA\PR03 BLOK PRZEROBU ROPY\DRW-IV|DR4.FC43354_OP.PV;"2026-07-15 01:26:33,155014";"52,572151184082"
\\PIAF\PKN Orlen\PI Vision\PKN Orlen\ZAKŁAD PRODUKCYJNY PŁOCK\RAFINERIA\PR03 BLOK PRZEROBU ROPY\DRW-IV|DR4.FC43354_OP.PV;"2026-07-15 01:46:43,109009";"52,4653587341309"
\\PIAF\PKN Orlen\PI Vision\PKN Orlen\ZAKŁAD PRODUKCYJNY PŁOCK\RAFINERIA\PR03 BLOK PRZEROBU ROPY\DRW-IV|DR4.FC43354_OP.PV;"2026-07-15 01:50:48,139999";"52,3560905456543"
\\PIAF\PKN Orlen\PI Vision\PKN Orlen\ZAKŁAD PRODUKCYJNY PŁOCK\RAFINERIA\PR03 BLOK PRZEROBU ROPY\DRW-IV|DR4.FC43354_OP.PV;"2026-07-15 01:55:03,124008";"52,8824729919434"
\\PIAF\PKN Orlen\PI Vision\PKN Orlen\ZAKŁAD PRODUKCYJNY PŁOCK\RAFINERIA\PR03 BLOK PRZEROBU ROPY\DRW-IV|DR4.FC43354_OP.PV;"2026-07-15 02:03:58,109009";"52,2459678649902"
\\PIAF\PKN Orlen\PI Vision\PKN Orlen\ZAKŁAD PRODUKCYJNY PŁOCK\RAFINERIA\PR03 BLOK PRZEROBU ROPY\DRW-IV|DR4.FC43354_OP.PV;"2026-07-15 02:14:38,187011";"52,6044960021973"
\\PIAF\PKN Orlen\PI Vision\PKN Orlen\ZAKŁAD PRODUKCYJNY PŁOCK\RAFINERIA\PR03 BLOK PRZEROBU ROPY\DRW-IV|DR4.FC43354_OP.PV;"2026-07-15 02:19:13,124008";"52,2518348693848"
\\PIAF\PKN Orlen\PI Vision\PKN Orlen\ZAKŁAD PRODUKCYJNY PŁOCK\RAFINERIA\PR03 BLOK PRZEROBU ROPY\DRW-IV|DR4.FC43354_OP.PV;"2026-07-15 02:23:43,093002";"51,9089546203613"
\\PIAF\PKN Orlen\PI Vision\PKN Orlen\ZAKŁAD PRODUKCYJNY PŁOCK\RAFINERIA\PR03 BLOK PRZEROBU ROPY\DRW-IV|DR4.FC43354_OP.PV;"2026-07-15 02:29:53,154999";"52,4711608886719"
\\PIAF\PKN Orlen\PI Vision\PKN Orlen\ZAKŁAD PRODUKCYJNY PŁOCK\RAFINERIA\PR03 BLOK PRZEROBU ROPY\DRW-IV|DR4.FC43354_OP.PV;"2026-07-15 02:39:33,093002";"52,2525634765625"
\\PIAF\PKN Orlen\PI Vision\PKN Orlen\ZAKŁAD PRODUKCYJNY PŁOCK\RAFINERIA\PR03 BLOK PRZEROBU ROPY\DRW-IV|DR4.FC43354_OP.PV;"2026-07-15 02:54:28,109009";"52,4706382751465"
\\PIAF\PKN Orlen\PI Vision\PKN Orlen\ZAKŁAD PRODUKCYJNY PŁOCK\RAFINERIA\PR03 BLOK PRZEROBU ROPY\DRW-IV|DR4.FC43354_OP.PV;"2026-07-15 02:59:58,109009";"52,3698196411133"
\\PIAF\PKN Orlen\PI Vision\PKN Orlen\ZAKŁAD PRODUKCYJNY PŁOCK\RAFINERIA\PR03 BLOK PRZEROBU ROPY\DRW-IV|DR4.FC43354_OP.PV;"2026-07-15 03:24:18,171005";"52,2852516174316"
\\PIAF\PKN Orlen\PI Vision\PKN Orlen\ZAKŁAD PRODUKCYJNY PŁOCK\RAFINERIA\PR03 BLOK PRZEROBU ROPY\DRW-IV|DR4.FC43354_OP.PV;"2026-07-15 03:38:53,155014";"52,1669044494629"
\\PIAF\PKN Orlen\PI Vision\PKN Orlen\ZAKŁAD PRODUKCYJNY PŁOCK\RAFINERIA\PR03 BLOK PRZEROBU ROPY\DRW-IV|DR4.FC43354_OP.PV;"2026-07-15 03:44:48,21701";"52,0535202026367"
\\PIAF\PKN Orlen\PI Vision\PKN Orlen\ZAKŁAD PRODUKCYJNY PŁOCK\RAFINERIA\PR03 BLOK PRZEROBU ROPY\DRW-IV|DR4.FC43354_OP.PV;"2026-07-15 03:52:33,171005";"52,2910461425781"
\\PIAF\PKN Orlen\PI Vision\PKN Orlen\ZAKŁAD PRODUKCYJNY PŁOCK\RAFINERIA\PR03 BLOK PRZEROBU ROPY\DRW-IV|DR4.FC43354_OP.PV;"2026-07-15 04:19:23,124008";"52,1939811706543"
\\PIAF\PKN Orlen\PI Vision\PKN Orlen\ZAKŁAD PRODUKCYJNY PŁOCK\RAFINERIA\PR03 BLOK PRZEROBU ROPY\DRW-IV|DR4.FC43354_OP.PV;"2026-07-15 04:26:33,202011";"52,4231185913086"
\\PIAF\PKN Orlen\PI Vision\PKN Orlen\ZAKŁAD PRODUKCYJNY PŁOCK\RAFINERIA\PR03 BLOK PRZEROBU ROPY\DRW-IV|DR4.FC43354_OP.PV;"2026-07-15 04:32:48,171005";"52,0784873962402"
\\PIAF\PKN Orlen\PI Vision\PKN Orlen\ZAKŁAD PRODUKCYJNY PŁOCK\RAFINERIA\PR03 BLOK PRZEROBU ROPY\DRW-IV|DR4.FC43354_OP.PV;"2026-07-15 04:35:58,171005";"52,4150009155273"
\\PIAF\PKN Orlen\PI Vision\PKN Orlen\ZAKŁAD PRODUKCYJNY PŁOCK\RAFINERIA\PR03 BLOK PRZEROBU ROPY\DRW-IV|DR4.FC43354_OP.PV;"2026-07-15 04:45:43,139008";"52,1062469482422"
\\PIAF\PKN Orlen\PI Vision\PKN Orlen\ZAKŁAD PRODUKCYJNY PŁOCK\RAFINERIA\PR03 BLOK PRZEROBU ROPY\DRW-IV|DR4.FC43354_OP.PV;"2026-07-15 04:49:23,124008";"52,5227279663086"
\\PIAF\PKN Orlen\PI Vision\PKN Orlen\ZAKŁAD PRODUKCYJNY PŁOCK\RAFINERIA\PR03 BLOK PRZEROBU ROPY\DRW-IV|DR4.FC43354_OP.PV;"2026-07-15 04:58:38,108001";"52,0694541931152"
\\PIAF\PKN Orlen\PI Vision\PKN Orlen\ZAKŁAD PRODUKCYJNY PŁOCK\RAFINERIA\PR03 BLOK PRZEROBU ROPY\DRW-IV|DR4.FC43354_OP.PV;"2026-07-15 05:02:38,202011";"52,4087829589844"
\\PIAF\PKN Orlen\PI Vision\PKN Orlen\ZAKŁAD PRODUKCYJNY PŁOCK\RAFINERIA\PR03 BLOK PRZEROBU ROPY\DRW-IV|DR4.FC43354_OP.PV;"2026-07-15 05:18:18,202011";"52,1847839355469"
\\PIAF\PKN Orlen\PI Vision\PKN Orlen\ZAKŁAD PRODUKCYJNY PŁOCK\RAFINERIA\PR03 BLOK PRZEROBU ROPY\DRW-IV|DR4.FC43354_OP.PV;"2026-07-15 05:26:43,202011";"52,3819961547852"
\\PIAF\PKN Orlen\PI Vision\PKN Orlen\ZAKŁAD PRODUKCYJNY PŁOCK\RAFINERIA\PR03 BLOK PRZEROBU ROPY\DRW-IV|DR4.FC43354_OP.PV;"2026-07-15 05:34:48,202011";"52,0339202880859"
\\PIAF\PKN Orlen\PI Vision\PKN Orlen\ZAKŁAD PRODUKCYJNY PŁOCK\RAFINERIA\PR03 BLOK PRZEROBU ROPY\DRW-IV|DR4.FC43354_OP.PV;"2026-07-15 05:39:13,186004";"52,2611961364746"
\\PIAF\PKN Orlen\PI Vision\PKN Orlen\ZAKŁAD PRODUKCYJNY PŁOCK\RAFINERIA\PR03 BLOK PRZEROBU ROPY\DRW-IV|DR4.FC43354_OP.PV;"2026-07-15 05:41:38,139008";"52,602725982666"
\\PIAF\PKN Orlen\PI Vision\PKN Orlen\ZAKŁAD PRODUKCYJNY PŁOCK\RAFINERIA\PR03 BLOK PRZEROBU ROPY\DRW-IV|DR4.FC43354_OP.PV;"2026-07-15 05:50:48,155014";"51,7394828796387"
\\PIAF\PKN Orlen\PI Vision\PKN Orlen\ZAKŁAD PRODUKCYJNY PŁOCK\RAFINERIA\PR03 BLOK PRZEROBU ROPY\DRW-IV|DR4.FC43354_OP.PV;"2026-07-15 05:56:58,108001";"52,6288871765137"
\\PIAF\PKN Orlen\PI Vision\PKN Orlen\ZAKŁAD PRODUKCYJNY PŁOCK\RAFINERIA\PR03 BLOK PRZEROBU ROPY\DRW-IV|DR4.FC43354_OP.PV;"2026-07-15 06:01:38,202011";"52,0417442321777"
\\PIAF\PKN Orlen\PI Vision\PKN Orlen\ZAKŁAD PRODUKCYJNY PŁOCK\RAFINERIA\PR03 BLOK PRZEROBU ROPY\DRW-IV|DR4.FC43354_OP.PV;"2026-07-15 06:19:33,09201";"52,2579650878906"
\\PIAF\PKN Orlen\PI Vision\PKN Orlen\ZAKŁAD PRODUKCYJNY PŁOCK\RAFINERIA\PR03 BLOK PRZEROBU ROPY\DRW-IV|DR4.FC43354_OP.PV;"2026-07-15 06:26:38,154999";"52,4868812561035"
\\PIAF\PKN Orlen\PI Vision\PKN Orlen\ZAKŁAD PRODUKCYJNY PŁOCK\RAFINERIA\PR03 BLOK PRZEROBU ROPY\DRW-IV|DR4.FC43354_OP.PV;"2026-07-15 06:38:18,21701";"52,6647758483887"
\\PIAF\PKN Orlen\PI Vision\PKN Orlen\ZAKŁAD PRODUKCYJNY PŁOCK\RAFINERIA\PR03 BLOK PRZEROBU ROPY\DRW-IV|DR4.FC43354_OP.PV;"2026-07-15 06:42:08,09201";"52,7682456970215"
\\PIAF\PKN Orlen\PI Vision\PKN Orlen\ZAKŁAD PRODUKCYJNY PŁOCK\RAFINERIA\PR03 BLOK PRZEROBU ROPY\DRW-IV|DR4.FC43354_OP.PV;"2026-07-15 06:47:38,124008";"52,1153755187988"
\\PIAF\PKN Orlen\PI Vision\PKN Orlen\ZAKŁAD PRODUKCYJNY PŁOCK\RAFINERIA\PR03 BLOK PRZEROBU ROPY\DRW-IV|DR4.FC43354_OP.PV;"2026-07-15 06:53:58,171005";"52,7905311584473"
\\PIAF\PKN Orlen\PI Vision\PKN Orlen\ZAKŁAD PRODUKCYJNY PŁOCK\RAFINERIA\PR03 BLOK PRZEROBU ROPY\DRW-IV|DR4.FC43354_OP.PV;"2026-07-15 07:03:33,09201";"52,4117240905762"
\\PIAF\PKN Orlen\PI Vision\PKN Orlen\ZAKŁAD PRODUKCYJNY PŁOCK\RAFINERIA\PR03 BLOK PRZEROBU ROPY\DRW-IV|DR4.FC43354_OP.PV;"2026-07-15 07:07:58,171005";"52,3236770629883"
\\PIAF\PKN Orlen\PI Vision\PKN Orlen\ZAKŁAD PRODUKCYJNY PŁOCK\RAFINERIA\PR03 BLOK PRZEROBU ROPY\DRW-IV|DR4.FC43354_OP.PV;"2026-07-15 07:18:08,186004";"51,1421165466309"
\\PIAF\PKN Orlen\PI Vision\PKN Orlen\ZAKŁAD PRODUKCYJNY PŁOCK\RAFINERIA\PR03 BLOK PRZEROBU ROPY\DRW-IV|DR4.FC43354_OP.PV;"2026-07-15 07:21:43,139008";"51,4335289001465"
\\PIAF\PKN Orlen\PI Vision\PKN Orlen\ZAKŁAD PRODUKCYJNY PŁOCK\RAFINERIA\PR03 BLOK PRZEROBU ROPY\DRW-IV|DR4.FC43354_OP.PV;"2026-07-15 07:24:43,077011";"52,0855522155762"
\\PIAF\PKN Orlen\PI Vision\PKN Orlen\ZAKŁAD PRODUKCYJNY PŁOCK\RAFINERIA\PR03 BLOK PRZEROBU ROPY\DRW-IV|DR4.FC43354_OP.PV;"2026-07-15 07:39:53,108001";"52,181266784668"
\\PIAF\PKN Orlen\PI Vision\PKN Orlen\ZAKŁAD PRODUKCYJNY PŁOCK\RAFINERIA\PR03 BLOK PRZEROBU ROPY\DRW-IV|DR4.FC43354_OP.PV;"2026-07-15 07:42:48,108001";"52,7533645629883"
\\PIAF\PKN Orlen\PI Vision\PKN Orlen\ZAKŁAD PRODUKCYJNY PŁOCK\RAFINERIA\PR03 BLOK PRZEROBU ROPY\DRW-IV|DR4.FC43354_OP.PV;"2026-07-15 07:55:08,139008";"52,6544380187988"
\\PIAF\PKN Orlen\PI Vision\PKN Orlen\ZAKŁAD PRODUKCYJNY PŁOCK\RAFINERIA\PR03 BLOK PRZEROBU ROPY\DRW-IV|DR4.FC43354_OP.PV;"2026-07-15 08:00:28,108001";"52,418025970459"
\\PIAF\PKN Orlen\PI Vision\PKN Orlen\ZAKŁAD PRODUKCYJNY PŁOCK\RAFINERIA\PR03 BLOK PRZEROBU ROPY\DRW-IV|DR4.FC43354_OP.PV;"2026-07-15 08:04:43,108001";"51,5724487304688"
\\PIAF\PKN Orlen\PI Vision\PKN Orlen\ZAKŁAD PRODUKCYJNY PŁOCK\RAFINERIA\PR03 BLOK PRZEROBU ROPY\DRW-IV|DR4.FC43354_OP.PV;"2026-07-15 08:09:48,139008";"52,1500816345215"
\\PIAF\PKN Orlen\PI Vision\PKN Orlen\ZAKŁAD PRODUKCYJNY PŁOCK\RAFINERIA\PR03 BLOK PRZEROBU ROPY\DRW-IV|DR4.FC43354_OP.PV;"2026-07-15 08:25:23,139008";"51,7105102539063"
\\PIAF\PKN Orlen\PI Vision\PKN Orlen\ZAKŁAD PRODUKCYJNY PŁOCK\RAFINERIA\PR03 BLOK PRZEROBU ROPY\DRW-IV|DR4.FC43354_OP.PV;"2026-07-15 08:28:08,077011";"52,1515998840332"
\\PIAF\PKN Orlen\PI Vision\PKN Orlen\ZAKŁAD PRODUKCYJNY PŁOCK\RAFINERIA\PR03 BLOK PRZEROBU ROPY\DRW-IV|DR4.FC43354_OP.PV;"2026-07-15 08:45:08,154999";"51,9226837158203"
\\PIAF\PKN Orlen\PI Vision\PKN Orlen\ZAKŁAD PRODUKCYJNY PŁOCK\RAFINERIA\PR03 BLOK PRZEROBU ROPY\DRW-IV|DR4.FC43354_OP.PV;"2026-07-15 08:58:33,186004";"52,6314125061035"
\\PIAF\PKN Orlen\PI Vision\PKN Orlen\ZAKŁAD PRODUKCYJNY PŁOCK\RAFINERIA\PR03 BLOK PRZEROBU ROPY\DRW-IV|DR4.FC43354_OP.PV;"2026-07-15 08:59:23,139008";"52,3823738098145"
\\PIAF\PKN Orlen\PI Vision\PKN Orlen\ZAKŁAD PRODUKCYJNY PŁOCK\RAFINERIA\PR03 BLOK PRZEROBU ROPY\DRW-IV|DR4.FC43354_OP.PV;"2026-07-15 09:07:28,077011";"52,8106422424316"
\\PIAF\PKN Orlen\PI Vision\PKN Orlen\ZAKŁAD PRODUKCYJNY PŁOCK\RAFINERIA\PR03 BLOK PRZEROBU ROPY\DRW-IV|DR4.FC43354_OP.PV;"2026-07-15 09:16:23,09201";"52,4865837097168"
\\PIAF\PKN Orlen\PI Vision\PKN Orlen\ZAKŁAD PRODUKCYJNY PŁOCK\RAFINERIA\PR03 BLOK PRZEROBU ROPY\DRW-IV|DR4.FC43354_OP.PV;"2026-07-15 09:19:03,139008";"52,1665458679199"
\\PIAF\PKN Orlen\PI Vision\PKN Orlen\ZAKŁAD PRODUKCYJNY PŁOCK\RAFINERIA\PR03 BLOK PRZEROBU ROPY\DRW-IV|DR4.FC43354_OP.PV;"2026-07-15 09:24:53,171005";"52,8250579833984"
\\PIAF\PKN Orlen\PI Vision\PKN Orlen\ZAKŁAD PRODUKCYJNY PŁOCK\RAFINERIA\PR03 BLOK PRZEROBU ROPY\DRW-IV|DR4.FC43354_OP.PV;"2026-07-15 09:26:38,171005";"53,3625946044922"
\\PIAF\PKN Orlen\PI Vision\PKN Orlen\ZAKŁAD PRODUKCYJNY PŁOCK\RAFINERIA\PR03 BLOK PRZEROBU ROPY\DRW-IV|DR4.FC43354_OP.PV;"2026-07-15 09:37:53,171005";"52,5700874328613"
\\PIAF\PKN Orlen\PI Vision\PKN Orlen\ZAKŁAD PRODUKCYJNY PŁOCK\RAFINERIA\PR03 BLOK PRZEROBU ROPY\DRW-IV|DR4.FC43354_OP.PV;"2026-07-15 09:40:53,09201";"52,5039100646973"
\\PIAF\PKN Orlen\PI Vision\PKN Orlen\ZAKŁAD PRODUKCYJNY PŁOCK\RAFINERIA\PR03 BLOK PRZEROBU ROPY\DRW-IV|DR4.FC43354_OP.PV;"2026-07-15 09:45:38,171005";"51,2185363769531"
\\PIAF\PKN Orlen\PI Vision\PKN Orlen\ZAKŁAD PRODUKCYJNY PŁOCK\RAFINERIA\PR03 BLOK PRZEROBU ROPY\DRW-IV|DR4.FC43354_OP.PV;"2026-07-15 09:54:18,123001";"52,0841484069824"
\\PIAF\PKN Orlen\PI Vision\PKN Orlen\ZAKŁAD PRODUKCYJNY PŁOCK\RAFINERIA\PR03 BLOK PRZEROBU ROPY\DRW-IV|DR4.FC43354_OP.PV;"2026-07-15 10:07:18,223007";"51,7336692810059"
\\PIAF\PKN Orlen\PI Vision\PKN Orlen\ZAKŁAD PRODUKCYJNY PŁOCK\RAFINERIA\PR03 BLOK PRZEROBU ROPY\DRW-IV|DR4.FC43354_OP.PV;"2026-07-15 10:10:38,091003";"52,6699256896973"
\\PIAF\PKN Orlen\PI Vision\PKN Orlen\ZAKŁAD PRODUKCYJNY PŁOCK\RAFINERIA\PR03 BLOK PRZEROBU ROPY\DRW-IV|DR4.FC43354_OP.PV;"2026-07-15 10:17:13,154007";"52,4524269104004"
\\PIAF\PKN Orlen\PI Vision\PKN Orlen\ZAKŁAD PRODUKCYJNY PŁOCK\RAFINERIA\PR03 BLOK PRZEROBU ROPY\DRW-IV|DR4.FC43354_OP.PV;"2026-07-15 10:27:08,10701";"52,6542549133301"
\\PIAF\PKN Orlen\PI Vision\PKN Orlen\ZAKŁAD PRODUKCYJNY PŁOCK\RAFINERIA\PR03 BLOK PRZEROBU ROPY\DRW-IV|DR4.FC43354_OP.PV;"2026-07-15 10:42:28,091003";"52,6456604003906"
\\PIAF\PKN Orlen\PI Vision\PKN Orlen\ZAKŁAD PRODUKCYJNY PŁOCK\RAFINERIA\PR03 BLOK PRZEROBU ROPY\DRW-IV|DR4.FC43354_OP.PV;"2026-07-15 10:46:18,207001";"52,9968605041504"
\\PIAF\PKN Orlen\PI Vision\PKN Orlen\ZAKŁAD PRODUKCYJNY PŁOCK\RAFINERIA\PR03 BLOK PRZEROBU ROPY\DRW-IV|DR4.FC43354_OP.PV;"2026-07-15 10:59:58,254013";"53,1955184936523"
\\PIAF\PKN Orlen\PI Vision\PKN Orlen\ZAKŁAD PRODUKCYJNY PŁOCK\RAFINERIA\PR03 BLOK PRZEROBU ROPY\DRW-IV|DR4.FC43354_OP.PV;"2026-07-15 11:04:23,254013";"52,9792938232422"
\\PIAF\PKN Orlen\PI Vision\PKN Orlen\ZAKŁAD PRODUKCYJNY PŁOCK\RAFINERIA\PR03 BLOK PRZEROBU ROPY\DRW-IV|DR4.FC43354_OP.PV;"2026-07-15 11:07:48,238006";"52,3227310180664"
\\PIAF\PKN Orlen\PI Vision\PKN Orlen\ZAKŁAD PRODUKCYJNY PŁOCK\RAFINERIA\PR03 BLOK PRZEROBU ROPY\DRW-IV|DR4.FC43354_OP.PV;"2026-07-15 11:12:18,207001";"52,7608757019043"
\\PIAF\PKN Orlen\PI Vision\PKN Orlen\ZAKŁAD PRODUKCYJNY PŁOCK\RAFINERIA\PR03 BLOK PRZEROBU ROPY\DRW-IV|DR4.FC43354_OP.PV;"2026-07-15 11:15:28,223007";"53,1935615539551"
\\PIAF\PKN Orlen\PI Vision\PKN Orlen\ZAKŁAD PRODUKCYJNY PŁOCK\RAFINERIA\PR03 BLOK PRZEROBU ROPY\DRW-IV|DR4.FC43354_OP.PV;"2026-07-15 11:21:43,285003";"52,5652046203613"
\\PIAF\PKN Orlen\PI Vision\PKN Orlen\ZAKŁAD PRODUKCYJNY PŁOCK\RAFINERIA\PR03 BLOK PRZEROBU ROPY\DRW-IV|DR4.FC43354_OP.PV;"2026-07-15 11:23:23,270004";"52,2150115966797"
\\PIAF\PKN Orlen\PI Vision\PKN Orlen\ZAKŁAD PRODUKCYJNY PŁOCK\RAFINERIA\PR03 BLOK PRZEROBU ROPY\DRW-IV|DR4.FC43354_OP.PV;"2026-07-15 11:34:43,19101";"53,084774017334"
\\PIAF\PKN Orlen\PI Vision\PKN Orlen\ZAKŁAD PRODUKCYJNY PŁOCK\RAFINERIA\PR03 BLOK PRZEROBU ROPY\DRW-IV|DR4.FC43354_OP.PV;"2026-07-15 11:38:18,238006";"52,7191123962402"
\\PIAF\PKN Orlen\PI Vision\PKN Orlen\ZAKŁAD PRODUKCYJNY PŁOCK\RAFINERIA\PR03 BLOK PRZEROBU ROPY\DRW-IV|DR4.FC43354_OP.PV;"2026-07-15 11:49:48,254013";"52,9373016357422"
\\PIAF\PKN Orlen\PI Vision\PKN Orlen\ZAKŁAD PRODUKCYJNY PŁOCK\RAFINERIA\PR03 BLOK PRZEROBU ROPY\DRW-IV|DR4.FC43354_OP.PV;"2026-07-15 11:58:08,254013";"52,1774368286133"
\\PIAF\PKN Orlen\PI Vision\PKN Orlen\ZAKŁAD PRODUKCYJNY PŁOCK\RAFINERIA\PR03 BLOK PRZEROBU ROPY\DRW-IV|DR4.FC43354_OP.PV;"2026-07-15 12:17:38,238006";"53,0412254333496"
\\PIAF\PKN Orlen\PI Vision\PKN Orlen\ZAKŁAD PRODUKCYJNY PŁOCK\RAFINERIA\PR03 BLOK PRZEROBU ROPY\DRW-IV|DR4.FC43354_OP.PV;"2026-07-15 12:25:08,145004";"52,6829299926758"
\\PIAF\PKN Orlen\PI Vision\PKN Orlen\ZAKŁAD PRODUKCYJNY PŁOCK\RAFINERIA\PR03 BLOK PRZEROBU ROPY\DRW-IV|DR4.FC43354_OP.PV;"2026-07-15 12:29:48,160003";"51,9481430053711"
\\PIAF\PKN Orlen\PI Vision\PKN Orlen\ZAKŁAD PRODUKCYJNY PŁOCK\RAFINERIA\PR03 BLOK PRZEROBU ROPY\DRW-IV|DR4.FC43354_OP.PV;"2026-07-15 12:33:43,207001";"52,6300582885742"
\\PIAF\PKN Orlen\PI Vision\PKN Orlen\ZAKŁAD PRODUKCYJNY PŁOCK\RAFINERIA\PR03 BLOK PRZEROBU ROPY\DRW-IV|DR4.FC43354_OP.PV;"2026-07-15 12:40:08,17601";"53,9976768493652"
\\PIAF\PKN Orlen\PI Vision\PKN Orlen\ZAKŁAD PRODUKCYJNY PŁOCK\RAFINERIA\PR03 BLOK PRZEROBU ROPY\DRW-IV|DR4.FC43354_OP.PV;"2026-07-15 12:43:33,144012";"53,4843444824219"
\\PIAF\PKN Orlen\PI Vision\PKN Orlen\ZAKŁAD PRODUKCYJNY PŁOCK\RAFINERIA\PR03 BLOK PRZEROBU ROPY\DRW-IV|DR4.FC43354_OP.PV;"2026-07-15 12:46:58,238006";"52,3265838623047"
\\PIAF\PKN Orlen\PI Vision\PKN Orlen\ZAKŁAD PRODUKCYJNY PŁOCK\RAFINERIA\PR03 BLOK PRZEROBU ROPY\DRW-IV|DR4.FC43354_OP.PV;"2026-07-15 12:55:28,160003";"53,2007942199707"
\\PIAF\PKN Orlen\PI Vision\PKN Orlen\ZAKŁAD PRODUKCYJNY PŁOCK\RAFINERIA\PR03 BLOK PRZEROBU ROPY\DRW-IV|DR4.FC43354_OP.PV;"2026-07-15 13:04:48,19101";"53,3294639587402"
\\PIAF\PKN Orlen\PI Vision\PKN Orlen\ZAKŁAD PRODUKCYJNY PŁOCK\RAFINERIA\PR03 BLOK PRZEROBU ROPY\DRW-IV|DR4.FC43354_OP.PV;"2026-07-15 13:09:48,207001";"53,4518089294434"
\\PIAF\PKN Orlen\PI Vision\PKN Orlen\ZAKŁAD PRODUKCYJNY PŁOCK\RAFINERIA\PR03 BLOK PRZEROBU ROPY\DRW-IV|DR4.FC43354_OP.PV;"2026-07-15 13:17:38,223007";"53,3451728820801"
\\PIAF\PKN Orlen\PI Vision\PKN Orlen\ZAKŁAD PRODUKCYJNY PŁOCK\RAFINERIA\PR03 BLOK PRZEROBU ROPY\DRW-IV|DR4.FC43354_OP.PV;"2026-07-15 13:28:03,17601";"53,8752136230469"
\\PIAF\PKN Orlen\PI Vision\PKN Orlen\ZAKŁAD PRODUKCYJNY PŁOCK\RAFINERIA\PR03 BLOK PRZEROBU ROPY\DRW-IV|DR4.FC43354_OP.PV;"2026-07-15 13:31:43,17601";"53,3438606262207"
\\PIAF\PKN Orlen\PI Vision\PKN Orlen\ZAKŁAD PRODUKCYJNY PŁOCK\RAFINERIA\PR03 BLOK PRZEROBU ROPY\DRW-IV|DR4.FC43354_OP.PV;"2026-07-15 13:38:43,145004";"53,6950836181641"
\\PIAF\PKN Orlen\PI Vision\PKN Orlen\ZAKŁAD PRODUKCYJNY PŁOCK\RAFINERIA\PR03 BLOK PRZEROBU ROPY\DRW-IV|DR4.FC43354_OP.PV;"2026-07-15 13:43:53,160003";"53,796703338623"
\\PIAF\PKN Orlen\PI Vision\PKN Orlen\ZAKŁAD PRODUKCYJNY PŁOCK\RAFINERIA\PR03 BLOK PRZEROBU ROPY\DRW-IV|DR4.FC43354_OP.PV;"2026-07-15 13:48:03,223007";"53,3138961791992"
\\PIAF\PKN Orlen\PI Vision\PKN Orlen\ZAKŁAD PRODUKCYJNY PŁOCK\RAFINERIA\PR03 BLOK PRZEROBU ROPY\DRW-IV|DR4.FC43354_OP.PV;"2026-07-15 14:07:03,17601";"54,0898895263672"
\\PIAF\PKN Orlen\PI Vision\PKN Orlen\ZAKŁAD PRODUKCYJNY PŁOCK\RAFINERIA\PR03 BLOK PRZEROBU ROPY\DRW-IV|DR4.FC43354_OP.PV;"2026-07-15 14:16:58,207001";"53,7719802856445"
\\PIAF\PKN Orlen\PI Vision\PKN Orlen\ZAKŁAD PRODUKCYJNY PŁOCK\RAFINERIA\PR03 BLOK PRZEROBU ROPY\DRW-IV|DR4.FC43354_OP.PV;"2026-07-15 14:20:53,160003";"53,665355682373"
\\PIAF\PKN Orlen\PI Vision\PKN Orlen\ZAKŁAD PRODUKCYJNY PŁOCK\RAFINERIA\PR03 BLOK PRZEROBU ROPY\DRW-IV|DR4.FC43354_OP.PV;"2026-07-15 14:26:48,207001";"53,7673416137695"
\\PIAF\PKN Orlen\PI Vision\PKN Orlen\ZAKŁAD PRODUKCYJNY PŁOCK\RAFINERIA\PR03 BLOK PRZEROBU ROPY\DRW-IV|DR4.FC43354_OP.PV;"2026-07-15 14:36:18,145004";"53,78857421875"
\\PIAF\PKN Orlen\PI Vision\PKN Orlen\ZAKŁAD PRODUKCYJNY PŁOCK\RAFINERIA\PR03 BLOK PRZEROBU ROPY\DRW-IV|DR4.FC43354_OP.PV;"2026-07-15 14:47:03,160003";"53,6538391113281"
\\PIAF\PKN Orlen\PI Vision\PKN Orlen\ZAKŁAD PRODUKCYJNY PŁOCK\RAFINERIA\PR03 BLOK PRZEROBU ROPY\DRW-IV|DR4.FC43354_OP.PV;"2026-07-15 14:55:28,207001";"53,8775939941406"
\\PIAF\PKN Orlen\PI Vision\PKN Orlen\ZAKŁAD PRODUKCYJNY PŁOCK\RAFINERIA\PR03 BLOK PRZEROBU ROPY\DRW-IV|DR4.FC43354_OP.PV;"2026-07-15 14:57:53,129013";"53,3042831420898"
\\PIAF\PKN Orlen\PI Vision\PKN Orlen\ZAKŁAD PRODUKCYJNY PŁOCK\RAFINERIA\PR03 BLOK PRZEROBU ROPY\DRW-IV|DR4.FC43354_OP.PV;"2026-07-15 15:08:08,129013";"53,8627967834473"
\\PIAF\PKN Orlen\PI Vision\PKN Orlen\ZAKŁAD PRODUKCYJNY PŁOCK\RAFINERIA\PR03 BLOK PRZEROBU ROPY\DRW-IV|DR4.FC43354_OP.PV;"2026-07-15 15:14:58,207001";"53,2065124511719"
\\PIAF\PKN Orlen\PI Vision\PKN Orlen\ZAKŁAD PRODUKCYJNY PŁOCK\RAFINERIA\PR03 BLOK PRZEROBU ROPY\DRW-IV|DR4.FC43354_OP.PV;"2026-07-15 15:20:53,17601";"53,661262512207"
\\PIAF\PKN Orlen\PI Vision\PKN Orlen\ZAKŁAD PRODUKCYJNY PŁOCK\RAFINERIA\PR03 BLOK PRZEROBU ROPY\DRW-IV|DR4.FC43354_OP.PV;"2026-07-15 15:27:58,113006";"53,2098159790039"
\\PIAF\PKN Orlen\PI Vision\PKN Orlen\ZAKŁAD PRODUKCYJNY PŁOCK\RAFINERIA\PR03 BLOK PRZEROBU ROPY\DRW-IV|DR4.FC43354_OP.PV;"2026-07-15 15:40:33,19101";"53,5725440979004"
\\PIAF\PKN Orlen\PI Vision\PKN Orlen\ZAKŁAD PRODUKCYJNY PŁOCK\RAFINERIA\PR03 BLOK PRZEROBU ROPY\DRW-IV|DR4.FC43354_OP.PV;"2026-07-15 16:03:23,160003";"52,8585433959961"
\\PIAF\PKN Orlen\PI Vision\PKN Orlen\ZAKŁAD PRODUKCYJNY PŁOCK\RAFINERIA\PR03 BLOK PRZEROBU ROPY\DRW-IV|DR4.FC43354_OP.PV;"2026-07-15 16:08:38,160003";"53,5100326538086"
\\PIAF\PKN Orlen\PI Vision\PKN Orlen\ZAKŁAD PRODUKCYJNY PŁOCK\RAFINERIA\PR03 BLOK PRZEROBU ROPY\DRW-IV|DR4.FC43354_OP.PV;"2026-07-15 16:15:08,113006";"52,7440414428711"
\\PIAF\PKN Orlen\PI Vision\PKN Orlen\ZAKŁAD PRODUKCYJNY PŁOCK\RAFINERIA\PR03 BLOK PRZEROBU ROPY\DRW-IV|DR4.FC43354_OP.PV;"2026-07-15 16:22:38,19101";"53,406379699707"
\\PIAF\PKN Orlen\PI Vision\PKN Orlen\ZAKŁAD PRODUKCYJNY PŁOCK\RAFINERIA\PR03 BLOK PRZEROBU ROPY\DRW-IV|DR4.FC43354_OP.PV;"2026-07-15 16:27:43,160003";"52,9512596130371"
\\PIAF\PKN Orlen\PI Vision\PKN Orlen\ZAKŁAD PRODUKCYJNY PŁOCK\RAFINERIA\PR03 BLOK PRZEROBU ROPY\DRW-IV|DR4.FC43354_OP.PV;"2026-07-15 16:29:38,113006";"52,599681854248"
\\PIAF\PKN Orlen\PI Vision\PKN Orlen\ZAKŁAD PRODUKCYJNY PŁOCK\RAFINERIA\PR03 BLOK PRZEROBU ROPY\DRW-IV|DR4.FC43354_OP.PV;"2026-07-15 16:34:23,207001";"53,0300064086914"
\\PIAF\PKN Orlen\PI Vision\PKN Orlen\ZAKŁAD PRODUKCYJNY PŁOCK\RAFINERIA\PR03 BLOK PRZEROBU ROPY\DRW-IV|DR4.FC43354_OP.PV;"2026-07-15 16:38:48,19101";"53,7615165710449"
\\PIAF\PKN Orlen\PI Vision\PKN Orlen\ZAKŁAD PRODUKCYJNY PŁOCK\RAFINERIA\PR03 BLOK PRZEROBU ROPY\DRW-IV|DR4.FC43354_OP.PV;"2026-07-15 16:43:18,17601";"53,3351631164551"
\\PIAF\PKN Orlen\PI Vision\PKN Orlen\ZAKŁAD PRODUKCYJNY PŁOCK\RAFINERIA\PR03 BLOK PRZEROBU ROPY\DRW-IV|DR4.FC43354_OP.PV;"2026-07-15 16:52:43,098007";"53,4163475036621"
\\PIAF\PKN Orlen\PI Vision\PKN Orlen\ZAKŁAD PRODUKCYJNY PŁOCK\RAFINERIA\PR03 BLOK PRZEROBU ROPY\DRW-IV|DR4.FC43354_OP.PV;"2026-07-15 16:57:43,113006";"52,7445449829102"
\\PIAF\PKN Orlen\PI Vision\PKN Orlen\ZAKŁAD PRODUKCYJNY PŁOCK\RAFINERIA\PR03 BLOK PRZEROBU ROPY\DRW-IV|DR4.FC43354_OP.PV;"2026-07-15 17:02:08,160003";"53,2075347900391"
\\PIAF\PKN Orlen\PI Vision\PKN Orlen\ZAKŁAD PRODUKCYJNY PŁOCK\RAFINERIA\PR03 BLOK PRZEROBU ROPY\DRW-IV|DR4.FC43354_OP.PV;"2026-07-15 17:06:33,113006";"53,6240119934082"
\\PIAF\PKN Orlen\PI Vision\PKN Orlen\ZAKŁAD PRODUKCYJNY PŁOCK\RAFINERIA\PR03 BLOK PRZEROBU ROPY\DRW-IV|DR4.FC43354_OP.PV;"2026-07-15 17:13:28,160003";"53,1687507629395"
\\PIAF\PKN Orlen\PI Vision\PKN Orlen\ZAKŁAD PRODUKCYJNY PŁOCK\RAFINERIA\PR03 BLOK PRZEROBU ROPY\DRW-IV|DR4.FC43354_OP.PV;"2026-07-15 17:20:43,082001";"53,7184524536133"
\\PIAF\PKN Orlen\PI Vision\PKN Orlen\ZAKŁAD PRODUKCYJNY PŁOCK\RAFINERIA\PR03 BLOK PRZEROBU ROPY\DRW-IV|DR4.FC43354_OP.PV;"2026-07-15 17:26:23,129013";"53,2563934326172"
\\PIAF\PKN Orlen\PI Vision\PKN Orlen\ZAKŁAD PRODUKCYJNY PŁOCK\RAFINERIA\PR03 BLOK PRZEROBU ROPY\DRW-IV|DR4.FC43354_OP.PV;"2026-07-15 17:37:43,207001";"53,875804901123"
\\PIAF\PKN Orlen\PI Vision\PKN Orlen\ZAKŁAD PRODUKCYJNY PŁOCK\RAFINERIA\PR03 BLOK PRZEROBU ROPY\DRW-IV|DR4.FC43354_OP.PV;"2026-07-15 17:51:23,145004";"53,4692993164063"
\\PIAF\PKN Orlen\PI Vision\PKN Orlen\ZAKŁAD PRODUKCYJNY PŁOCK\RAFINERIA\PR03 BLOK PRZEROBU ROPY\DRW-IV|DR4.FC43354_OP.PV;"2026-07-15 18:00:13,082001";"53,5845680236816"
\\PIAF\PKN Orlen\PI Vision\PKN Orlen\ZAKŁAD PRODUKCYJNY PŁOCK\RAFINERIA\PR03 BLOK PRZEROBU ROPY\DRW-IV|DR4.FC43354_OP.PV;"2026-07-15 18:02:58,160003";"53,230770111084"
\\PIAF\PKN Orlen\PI Vision\PKN Orlen\ZAKŁAD PRODUKCYJNY PŁOCK\RAFINERIA\PR03 BLOK PRZEROBU ROPY\DRW-IV|DR4.FC43354_OP.PV;"2026-07-15 18:12:33,06601";"53,9010047912598"
\\PIAF\PKN Orlen\PI Vision\PKN Orlen\ZAKŁAD PRODUKCYJNY PŁOCK\RAFINERIA\PR03 BLOK PRZEROBU ROPY\DRW-IV|DR4.FC43354_OP.PV;"2026-07-15 18:23:33,145004";"53,5764045715332"
\\PIAF\PKN Orlen\PI Vision\PKN Orlen\ZAKŁAD PRODUKCYJNY PŁOCK\RAFINERIA\PR03 BLOK PRZEROBU ROPY\DRW-IV|DR4.FC43354_OP.PV;"2026-07-15 18:28:48,113006";"53,9938354492188"
\\PIAF\PKN Orlen\PI Vision\PKN Orlen\ZAKŁAD PRODUKCYJNY PŁOCK\RAFINERIA\PR03 BLOK PRZEROBU ROPY\DRW-IV|DR4.FC43354_OP.PV;"2026-07-15 18:36:28,129013";"53,4584617614746"
\\PIAF\PKN Orlen\PI Vision\PKN Orlen\ZAKŁAD PRODUKCYJNY PŁOCK\RAFINERIA\PR03 BLOK PRZEROBU ROPY\DRW-IV|DR4.FC43354_OP.PV;"2026-07-15 18:43:13,17601";"53,7764320373535"
\\PIAF\PKN Orlen\PI Vision\PKN Orlen\ZAKŁAD PRODUKCYJNY PŁOCK\RAFINERIA\PR03 BLOK PRZEROBU ROPY\DRW-IV|DR4.FC43354_OP.PV;"2026-07-15 19:03:53,213012";"53,8887901306152"
\\PIAF\PKN Orlen\PI Vision\PKN Orlen\ZAKŁAD PRODUKCYJNY PŁOCK\RAFINERIA\PR03 BLOK PRZEROBU ROPY\DRW-IV|DR4.FC43354_OP.PV;"2026-07-15 19:22:23,198013";"53,8608360290527"
\\PIAF\PKN Orlen\PI Vision\PKN Orlen\ZAKŁAD PRODUKCYJNY PŁOCK\RAFINERIA\PR03 BLOK PRZEROBU ROPY\DRW-IV|DR4.FC43354_OP.PV;"2026-07-15 19:29:08,26001";"54,1392707824707"
\\PIAF\PKN Orlen\PI Vision\PKN Orlen\ZAKŁAD PRODUKCYJNY PŁOCK\RAFINERIA\PR03 BLOK PRZEROBU ROPY\DRW-IV|DR4.FC43354_OP.PV;"2026-07-15 19:36:43,213012";"53,7924842834473"
\\PIAF\PKN Orlen\PI Vision\PKN Orlen\ZAKŁAD PRODUKCYJNY PŁOCK\RAFINERIA\PR03 BLOK PRZEROBU ROPY\DRW-IV|DR4.FC43354_OP.PV;"2026-07-15 19:41:18,213012";"54,1247138977051"
\\PIAF\PKN Orlen\PI Vision\PKN Orlen\ZAKŁAD PRODUKCYJNY PŁOCK\RAFINERIA\PR03 BLOK PRZEROBU ROPY\DRW-IV|DR4.FC43354_OP.PV;"2026-07-15 19:51:33,26001";"53,8151321411133"
\\PIAF\PKN Orlen\PI Vision\PKN Orlen\ZAKŁAD PRODUKCYJNY PŁOCK\RAFINERIA\PR03 BLOK PRZEROBU ROPY\DRW-IV|DR4.FC43354_OP.PV;"2026-07-15 20:08:28,229004";"53,9183311462402"
\\PIAF\PKN Orlen\PI Vision\PKN Orlen\ZAKŁAD PRODUKCYJNY PŁOCK\RAFINERIA\PR03 BLOK PRZEROBU ROPY\DRW-IV|DR4.FC43354_OP.PV;"2026-07-15 20:14:23,213012";"53,7209892272949"
\\PIAF\PKN Orlen\PI Vision\PKN Orlen\ZAKŁAD PRODUKCYJNY PŁOCK\RAFINERIA\PR03 BLOK PRZEROBU ROPY\DRW-IV|DR4.FC43354_OP.PV;"2026-07-15 20:39:43,198013";"53,6005363464355"
\\PIAF\PKN Orlen\PI Vision\PKN Orlen\ZAKŁAD PRODUKCYJNY PŁOCK\RAFINERIA\PR03 BLOK PRZEROBU ROPY\DRW-IV|DR4.FC43354_OP.PV;"2026-07-15 20:46:43,213012";"53,3698539733887"
\\PIAF\PKN Orlen\PI Vision\PKN Orlen\ZAKŁAD PRODUKCYJNY PŁOCK\RAFINERIA\PR03 BLOK PRZEROBU ROPY\DRW-IV|DR4.FC43354_OP.PV;"2026-07-15 20:59:03,12001";"53,4785499572754"
\\PIAF\PKN Orlen\PI Vision\PKN Orlen\ZAKŁAD PRODUKCYJNY PŁOCK\RAFINERIA\PR03 BLOK PRZEROBU ROPY\DRW-IV|DR4.FC43354_OP.PV;"2026-07-15 21:10:38,229004";"53,1451721191406"
\\PIAF\PKN Orlen\PI Vision\PKN Orlen\ZAKŁAD PRODUKCYJNY PŁOCK\RAFINERIA\PR03 BLOK PRZEROBU ROPY\DRW-IV|DR4.FC43354_OP.PV;"2026-07-15 21:21:03,119003";"53,4452629089355"
\\PIAF\PKN Orlen\PI Vision\PKN Orlen\ZAKŁAD PRODUKCYJNY PŁOCK\RAFINERIA\PR03 BLOK PRZEROBU ROPY\DRW-IV|DR4.FC43354_OP.PV;"2026-07-15 21:29:18,229004";"52,9512481689453"
\\PIAF\PKN Orlen\PI Vision\PKN Orlen\ZAKŁAD PRODUKCYJNY PŁOCK\RAFINERIA\PR03 BLOK PRZEROBU ROPY\DRW-IV|DR4.FC43354_OP.PV;"2026-07-15 21:39:13,151001";"53,0643310546875"
\\PIAF\PKN Orlen\PI Vision\PKN Orlen\ZAKŁAD PRODUKCYJNY PŁOCK\RAFINERIA\PR03 BLOK PRZEROBU ROPY\DRW-IV|DR4.FC43354_OP.PV;"2026-07-15 21:45:13,213012";"53,1881561279297"
\\PIAF\PKN Orlen\PI Vision\PKN Orlen\ZAKŁAD PRODUKCYJNY PŁOCK\RAFINERIA\PR03 BLOK PRZEROBU ROPY\DRW-IV|DR4.FC43354_OP.PV;"2026-07-15 21:49:48,13501";"53,6968269348145"
\\PIAF\PKN Orlen\PI Vision\PKN Orlen\ZAKŁAD PRODUKCYJNY PŁOCK\RAFINERIA\PR03 BLOK PRZEROBU ROPY\DRW-IV|DR4.FC43354_OP.PV;"2026-07-15 21:56:48,182007";"52,9248046875"
\\PIAF\PKN Orlen\PI Vision\PKN Orlen\ZAKŁAD PRODUKCYJNY PŁOCK\RAFINERIA\PR03 BLOK PRZEROBU ROPY\DRW-IV|DR4.FC43354_OP.PV;"2026-07-15 22:01:43,182007";"53,5844192504883"
\\PIAF\PKN Orlen\PI Vision\PKN Orlen\ZAKŁAD PRODUKCYJNY PŁOCK\RAFINERIA\PR03 BLOK PRZEROBU ROPY\DRW-IV|DR4.FC43354_OP.PV;"2026-07-15 22:08:48,166016";"52,9426155090332"
\\PIAF\PKN Orlen\PI Vision\PKN Orlen\ZAKŁAD PRODUKCYJNY PŁOCK\RAFINERIA\PR03 BLOK PRZEROBU ROPY\DRW-IV|DR4.FC43354_OP.PV;"2026-07-15 22:17:08,26001";"53,4996719360352"
\\PIAF\PKN Orlen\PI Vision\PKN Orlen\ZAKŁAD PRODUKCYJNY PŁOCK\RAFINERIA\PR03 BLOK PRZEROBU ROPY\DRW-IV|DR4.FC43354_OP.PV;"2026-07-15 22:35:28,213012";"53,3701019287109"
\\PIAF\PKN Orlen\PI Vision\PKN Orlen\ZAKŁAD PRODUKCYJNY PŁOCK\RAFINERIA\PR03 BLOK PRZEROBU ROPY\DRW-IV|DR4.FC43354_OP.PV;"2026-07-15 22:45:38,213012";"53,263427734375"
\\PIAF\PKN Orlen\PI Vision\PKN Orlen\ZAKŁAD PRODUKCYJNY PŁOCK\RAFINERIA\PR03 BLOK PRZEROBU ROPY\DRW-IV|DR4.FC43354_OP.PV;"2026-07-15 22:52:48,198013";"53,461669921875"
\\PIAF\PKN Orlen\PI Vision\PKN Orlen\ZAKŁAD PRODUKCYJNY PŁOCK\RAFINERIA\PR03 BLOK PRZEROBU ROPY\DRW-IV|DR4.FC43354_OP.PV;"2026-07-15 23:20:53,182007";"53,3054847717285"
\\PIAF\PKN Orlen\PI Vision\PKN Orlen\ZAKŁAD PRODUKCYJNY PŁOCK\RAFINERIA\PR03 BLOK PRZEROBU ROPY\DRW-IV|DR4.FC43354_OP.PV;"2026-07-16 00:01:33,151001";"53,0017051696777"
\\PIAF\PKN Orlen\PI Vision\PKN Orlen\ZAKŁAD PRODUKCYJNY PŁOCK\RAFINERIA\PR03 BLOK PRZEROBU ROPY\DRW-IV|DR4.FC43354_OP.PV;"2026-07-16 00:11:13,166";"52,8952178955078"
\\PIAF\PKN Orlen\PI Vision\PKN Orlen\ZAKŁAD PRODUKCYJNY PŁOCK\RAFINERIA\PR03 BLOK PRZEROBU ROPY\DRW-IV|DR4.FC43354_OP.PV;"2026-07-16 00:18:58,13501";"52,6956977844238"
\\PIAF\PKN Orlen\PI Vision\PKN Orlen\ZAKŁAD PRODUKCYJNY PŁOCK\RAFINERIA\PR03 BLOK PRZEROBU ROPY\DRW-IV|DR4.FC43354_OP.PV;"2026-07-16 00:22:33,166016";"53,1192855834961"
\\PIAF\PKN Orlen\PI Vision\PKN Orlen\ZAKŁAD PRODUKCYJNY PŁOCK\RAFINERIA\PR03 BLOK PRZEROBU ROPY\DRW-IV|DR4.FC43354_OP.PV;"2026-07-16 00:31:38,12001";"52,5725479125977"
\\PIAF\PKN Orlen\PI Vision\PKN Orlen\ZAKŁAD PRODUKCYJNY PŁOCK\RAFINERIA\PR03 BLOK PRZEROBU ROPY\DRW-IV|DR4.FC43354_OP.PV;"2026-07-16 00:42:43,182007";"52,7974319458008"
\\PIAF\PKN Orlen\PI Vision\PKN Orlen\ZAKŁAD PRODUKCYJNY PŁOCK\RAFINERIA\PR03 BLOK PRZEROBU ROPY\DRW-IV|DR4.FC43354_OP.PV;"2026-07-16 01:33:33,166";"52,8714637756348"
\\PIAF\PKN Orlen\PI Vision\PKN Orlen\ZAKŁAD PRODUKCYJNY PŁOCK\RAFINERIA\PR03 BLOK PRZEROBU ROPY\DRW-IV|DR4.FC43354_OP.PV;"2026-07-16 01:45:43,166";"52,6746292114258"
\\PIAF\PKN Orlen\PI Vision\PKN Orlen\ZAKŁAD PRODUKCYJNY PŁOCK\RAFINERIA\PR03 BLOK PRZEROBU ROPY\DRW-IV|DR4.FC43354_OP.PV;"2026-07-16 02:12:28,166";"52,6440124511719"
\\PIAF\PKN Orlen\PI Vision\PKN Orlen\ZAKŁAD PRODUKCYJNY PŁOCK\RAFINERIA\PR03 BLOK PRZEROBU ROPY\DRW-IV|DR4.FC43354_OP.PV;"2026-07-16 02:17:23,182007";"52,3470306396484"
\\PIAF\PKN Orlen\PI Vision\PKN Orlen\ZAKŁAD PRODUKCYJNY PŁOCK\RAFINERIA\PR03 BLOK PRZEROBU ROPY\DRW-IV|DR4.FC43354_OP.PV;"2026-07-16 02:34:08,13501";"52,3740081787109"
\\PIAF\PKN Orlen\PI Vision\PKN Orlen\ZAKŁAD PRODUKCYJNY PŁOCK\RAFINERIA\PR03 BLOK PRZEROBU ROPY\DRW-IV|DR4.FC43354_OP.PV;"2026-07-16 02:53:13,251007";"52,1402015686035"
\\PIAF\PKN Orlen\PI Vision\PKN Orlen\ZAKŁAD PRODUKCYJNY PŁOCK\RAFINERIA\PR03 BLOK PRZEROBU ROPY\DRW-IV|DR4.FC43354_OP.PV;"2026-07-16 03:21:03,20401";"52,2276420593262"
\\PIAF\PKN Orlen\PI Vision\PKN Orlen\ZAKŁAD PRODUKCYJNY PŁOCK\RAFINERIA\PR03 BLOK PRZEROBU ROPY\DRW-IV|DR4.FC43354_OP.PV;"2026-07-16 03:25:33,173004";"51,8076667785645"
\\PIAF\PKN Orlen\PI Vision\PKN Orlen\ZAKŁAD PRODUKCYJNY PŁOCK\RAFINERIA\PR03 BLOK PRZEROBU ROPY\DRW-IV|DR4.FC43354_OP.PV;"2026-07-16 03:32:18,188004";"52,3540420532227"
\\PIAF\PKN Orlen\PI Vision\PKN Orlen\ZAKŁAD PRODUKCYJNY PŁOCK\RAFINERIA\PR03 BLOK PRZEROBU ROPY\DRW-IV|DR4.FC43354_OP.PV;"2026-07-16 03:44:03,188004";"52,0299301147461"
\\PIAF\PKN Orlen\PI Vision\PKN Orlen\ZAKŁAD PRODUKCYJNY PŁOCK\RAFINERIA\PR03 BLOK PRZEROBU ROPY\DRW-IV|DR4.FC43354_OP.PV;"2026-07-16 03:54:23,20401";"52,3473739624023"
\\PIAF\PKN Orlen\PI Vision\PKN Orlen\ZAKŁAD PRODUKCYJNY PŁOCK\RAFINERIA\PR03 BLOK PRZEROBU ROPY\DRW-IV|DR4.FC43354_OP.PV;"2026-07-16 04:08:03,235001";"52,4770240783691"
\\PIAF\PKN Orlen\PI Vision\PKN Orlen\ZAKŁAD PRODUKCYJNY PŁOCK\RAFINERIA\PR03 BLOK PRZEROBU ROPY\DRW-IV|DR4.FC43354_OP.PV;"2026-07-16 04:14:28,235001";"52,3560523986816"
\\PIAF\PKN Orlen\PI Vision\PKN Orlen\ZAKŁAD PRODUKCYJNY PŁOCK\RAFINERIA\PR03 BLOK PRZEROBU ROPY\DRW-IV|DR4.FC43354_OP.PV;"2026-07-16 04:33:08,20401";"52,6254920959473"
\\PIAF\PKN Orlen\PI Vision\PKN Orlen\ZAKŁAD PRODUKCYJNY PŁOCK\RAFINERIA\PR03 BLOK PRZEROBU ROPY\DRW-IV|DR4.FC43354_OP.PV;"2026-07-16 05:11:43,188004";"52,9822006225586"
\\PIAF\PKN Orlen\PI Vision\PKN Orlen\ZAKŁAD PRODUKCYJNY PŁOCK\RAFINERIA\PR03 BLOK PRZEROBU ROPY\DRW-IV|DR4.FC43354_OP.PV;"2026-07-16 05:17:53,157013";"52,7759437561035"
\\PIAF\PKN Orlen\PI Vision\PKN Orlen\ZAKŁAD PRODUKCYJNY PŁOCK\RAFINERIA\PR03 BLOK PRZEROBU ROPY\DRW-IV|DR4.FC43354_OP.PV;"2026-07-16 05:38:23,188004";"52,5814895629883"
\\PIAF\PKN Orlen\PI Vision\PKN Orlen\ZAKŁAD PRODUKCYJNY PŁOCK\RAFINERIA\PR03 BLOK PRZEROBU ROPY\DRW-IV|DR4.FC43354_OP.PV;"2026-07-16 05:48:08,141006";"52,8230171203613"
\\PIAF\PKN Orlen\PI Vision\PKN Orlen\ZAKŁAD PRODUKCYJNY PŁOCK\RAFINERIA\PR03 BLOK PRZEROBU ROPY\DRW-IV|DR4.FC43354_OP.PV;"2026-07-16 05:53:48,235016";"52,6901588439941"
\\PIAF\PKN Orlen\PI Vision\PKN Orlen\ZAKŁAD PRODUKCYJNY PŁOCK\RAFINERIA\PR03 BLOK PRZEROBU ROPY\DRW-IV|DR4.FC43354_OP.PV;"2026-07-16 06:01:28,188004";"52,8009910583496"
\\PIAF\PKN Orlen\PI Vision\PKN Orlen\ZAKŁAD PRODUKCYJNY PŁOCK\RAFINERIA\PR03 BLOK PRZEROBU ROPY\DRW-IV|DR4.FC43354_OP.PV;"2026-07-16 06:20:33,298004";"53,0272903442383"
\\PIAF\PKN Orlen\PI Vision\PKN Orlen\ZAKŁAD PRODUKCYJNY PŁOCK\RAFINERIA\PR03 BLOK PRZEROBU ROPY\DRW-IV|DR4.FC43354_OP.PV;"2026-07-16 06:28:43,157013";"53,1371192932129"
\\PIAF\PKN Orlen\PI Vision\PKN Orlen\ZAKŁAD PRODUKCYJNY PŁOCK\RAFINERIA\PR03 BLOK PRZEROBU ROPY\DRW-IV|DR4.FC43354_OP.PV;"2026-07-16 06:34:58,235001";"53,0362281799316"
\\PIAF\PKN Orlen\PI Vision\PKN Orlen\ZAKŁAD PRODUKCYJNY PŁOCK\RAFINERIA\PR03 BLOK PRZEROBU ROPY\DRW-IV|DR4.FC43354_OP.PV;"2026-07-16 06:38:08,220001";"53,4736709594727"
\\PIAF\PKN Orlen\PI Vision\PKN Orlen\ZAKŁAD PRODUKCYJNY PŁOCK\RAFINERIA\PR03 BLOK PRZEROBU ROPY\DRW-IV|DR4.FC43354_OP.PV;"2026-07-16 06:45:38,20401";"53,0726737976074"
\\PIAF\PKN Orlen\PI Vision\PKN Orlen\ZAKŁAD PRODUKCYJNY PŁOCK\RAFINERIA\PR03 BLOK PRZEROBU ROPY\DRW-IV|DR4.FC43354_OP.PV;"2026-07-16 07:01:58,20401";"53,0660095214844"
\\PIAF\PKN Orlen\PI Vision\PKN Orlen\ZAKŁAD PRODUKCYJNY PŁOCK\RAFINERIA\PR03 BLOK PRZEROBU ROPY\DRW-IV|DR4.FC43354_OP.PV;"2026-07-16 07:09:53,20401";"52,9470672607422"
\\PIAF\PKN Orlen\PI Vision\PKN Orlen\ZAKŁAD PRODUKCYJNY PŁOCK\RAFINERIA\PR03 BLOK PRZEROBU ROPY\DRW-IV|DR4.FC43354_OP.PV;"2026-07-16 07:18:53,141006";"53,0479164123535"
\\PIAF\PKN Orlen\PI Vision\PKN Orlen\ZAKŁAD PRODUKCYJNY PŁOCK\RAFINERIA\PR03 BLOK PRZEROBU ROPY\DRW-IV|DR4.FC43354_OP.PV;"2026-07-16 07:27:58,235001";"53,2645034790039"
\\PIAF\PKN Orlen\PI Vision\PKN Orlen\ZAKŁAD PRODUKCYJNY PŁOCK\RAFINERIA\PR03 BLOK PRZEROBU ROPY\DRW-IV|DR4.FC43354_OP.PV;"2026-07-16 07:33:13,188004";"53,3814926147461"
\\PIAF\PKN Orlen\PI Vision\PKN Orlen\ZAKŁAD PRODUKCYJNY PŁOCK\RAFINERIA\PR03 BLOK PRZEROBU ROPY\DRW-IV|DR4.FC43354_OP.PV;"2026-07-16 07:38:28,188004";"53,0746917724609"
\\PIAF\PKN Orlen\PI Vision\PKN Orlen\ZAKŁAD PRODUKCYJNY PŁOCK\RAFINERIA\PR03 BLOK PRZEROBU ROPY\DRW-IV|DR4.FC43354_OP.PV;"2026-07-16 07:45:03,157013";"53,4963684082031"
\\PIAF\PKN Orlen\PI Vision\PKN Orlen\ZAKŁAD PRODUKCYJNY PŁOCK\RAFINERIA\PR03 BLOK PRZEROBU ROPY\DRW-IV|DR4.FC43354_OP.PV;"2026-07-16 08:01:28,157013";"52,954418182373"
\\PIAF\PKN Orlen\PI Vision\PKN Orlen\ZAKŁAD PRODUKCYJNY PŁOCK\RAFINERIA\PR03 BLOK PRZEROBU ROPY\DRW-IV|DR4.FC43354_OP.PV;"2026-07-16 08:17:48,173004";"52,8486404418945"
\\PIAF\PKN Orlen\PI Vision\PKN Orlen\ZAKŁAD PRODUKCYJNY PŁOCK\RAFINERIA\PR03 BLOK PRZEROBU ROPY\DRW-IV|DR4.FC43354_OP.PV;"2026-07-16 08:21:53,20401";"52,2803573608398"
\\PIAF\PKN Orlen\PI Vision\PKN Orlen\ZAKŁAD PRODUKCYJNY PŁOCK\RAFINERIA\PR03 BLOK PRZEROBU ROPY\DRW-IV|DR4.FC43354_OP.PV;"2026-07-16 08:28:13,188004";"52,7046356201172"
\\PIAF\PKN Orlen\PI Vision\PKN Orlen\ZAKŁAD PRODUKCYJNY PŁOCK\RAFINERIA\PR03 BLOK PRZEROBU ROPY\DRW-IV|DR4.FC43354_OP.PV;"2026-07-16 09:03:28,095001";"52,9176368713379"
\\PIAF\PKN Orlen\PI Vision\PKN Orlen\ZAKŁAD PRODUKCYJNY PŁOCK\RAFINERIA\PR03 BLOK PRZEROBU ROPY\DRW-IV|DR4.FC43354_OP.PV;"2026-07-16 09:17:08,173004";"53,1502952575684"
\\PIAF\PKN Orlen\PI Vision\PKN Orlen\ZAKŁAD PRODUKCYJNY PŁOCK\RAFINERIA\PR03 BLOK PRZEROBU ROPY\DRW-IV|DR4.FC43354_OP.PV;"2026-07-16 09:45:28,126007";"53,6828804016113"
\\PIAF\PKN Orlen\PI Vision\PKN Orlen\ZAKŁAD PRODUKCYJNY PŁOCK\RAFINERIA\PR03 BLOK PRZEROBU ROPY\DRW-IV|DR4.FC43354_OP.PV;"2026-07-16 10:02:28,126007";"53,5692405700684"
\\PIAF\PKN Orlen\PI Vision\PKN Orlen\ZAKŁAD PRODUKCYJNY PŁOCK\RAFINERIA\PR03 BLOK PRZEROBU ROPY\DRW-IV|DR4.FC43354_OP.PV;"2026-07-16 10:08:18,157013";"52,9035339355469"
\\PIAF\PKN Orlen\PI Vision\PKN Orlen\ZAKŁAD PRODUKCYJNY PŁOCK\RAFINERIA\PR03 BLOK PRZEROBU ROPY\DRW-IV|DR4.FC43354_OP.PV;"2026-07-16 10:15:53,110001";"53,6423759460449"
\\PIAF\PKN Orlen\PI Vision\PKN Orlen\ZAKŁAD PRODUKCYJNY PŁOCK\RAFINERIA\PR03 BLOK PRZEROBU ROPY\DRW-IV|DR4.FC43354_OP.PV;"2026-07-16 10:24:13,173004";"53,4011421203613"
\\PIAF\PKN Orlen\PI Vision\PKN Orlen\ZAKŁAD PRODUKCYJNY PŁOCK\RAFINERIA\PR03 BLOK PRZEROBU ROPY\DRW-IV|DR4.FC43354_OP.PV;"2026-07-16 10:27:33,110016";"53,8815879821777"
\\PIAF\PKN Orlen\PI Vision\PKN Orlen\ZAKŁAD PRODUKCYJNY PŁOCK\RAFINERIA\PR03 BLOK PRZEROBU ROPY\DRW-IV|DR4.FC43354_OP.PV;"2026-07-16 11:01:13,141006";"53,5692901611328"
\\PIAF\PKN Orlen\PI Vision\PKN Orlen\ZAKŁAD PRODUKCYJNY PŁOCK\RAFINERIA\PR03 BLOK PRZEROBU ROPY\DRW-IV|DR4.FC43354_OP.PV;"2026-07-16 11:17:13,095001";"53,2594261169434"
\\PIAF\PKN Orlen\PI Vision\PKN Orlen\ZAKŁAD PRODUKCYJNY PŁOCK\RAFINERIA\PR03 BLOK PRZEROBU ROPY\DRW-IV|DR4.FC43354_OP.PV;"2026-07-16 11:21:33,126007";"53,6772346496582"
\\PIAF\PKN Orlen\PI Vision\PKN Orlen\ZAKŁAD PRODUKCYJNY PŁOCK\RAFINERIA\PR03 BLOK PRZEROBU ROPY\DRW-IV|DR4.FC43354_OP.PV;"2026-07-16 11:30:23,063004";"53,7841987609863"
\\PIAF\PKN Orlen\PI Vision\PKN Orlen\ZAKŁAD PRODUKCYJNY PŁOCK\RAFINERIA\PR03 BLOK PRZEROBU ROPY\DRW-IV|DR4.FC43354_OP.PV;"2026-07-16 11:32:38,141006";"54,1170921325684"
\\PIAF\PKN Orlen\PI Vision\PKN Orlen\ZAKŁAD PRODUKCYJNY PŁOCK\RAFINERIA\PR03 BLOK PRZEROBU ROPY\DRW-IV|DR4.FC43354_OP.PV;"2026-07-16 11:38:53,179001";"53,7107429504395"
\\PIAF\PKN Orlen\PI Vision\PKN Orlen\ZAKŁAD PRODUKCYJNY PŁOCK\RAFINERIA\PR03 BLOK PRZEROBU ROPY\DRW-IV|DR4.FC43354_OP.PV;"2026-07-16 12:13:43,179001";"53,9040222167969"
\\PIAF\PKN Orlen\PI Vision\PKN Orlen\ZAKŁAD PRODUKCYJNY PŁOCK\RAFINERIA\PR03 BLOK PRZEROBU ROPY\DRW-IV|DR4.FC43354_OP.PV;"2026-07-16 12:21:38,257004";"54,0210189819336"
\\PIAF\PKN Orlen\PI Vision\PKN Orlen\ZAKŁAD PRODUKCYJNY PŁOCK\RAFINERIA\PR03 BLOK PRZEROBU ROPY\DRW-IV|DR4.FC43354_OP.PV;"2026-07-16 12:29:08,241012";"53,1557121276855"
\\PIAF\PKN Orlen\PI Vision\PKN Orlen\ZAKŁAD PRODUKCYJNY PŁOCK\RAFINERIA\PR03 BLOK PRZEROBU ROPY\DRW-IV|DR4.FC43354_OP.PV;"2026-07-16 12:35:33,163009";"53,8951721191406"
\\PIAF\PKN Orlen\PI Vision\PKN Orlen\ZAKŁAD PRODUKCYJNY PŁOCK\RAFINERIA\PR03 BLOK PRZEROBU ROPY\DRW-IV|DR4.FC43354_OP.PV;"2026-07-16 12:47:28,195007";"54,0123748779297"
\\PIAF\PKN Orlen\PI Vision\PKN Orlen\ZAKŁAD PRODUKCYJNY PŁOCK\RAFINERIA\PR03 BLOK PRZEROBU ROPY\DRW-IV|DR4.FC43354_OP.PV;"2026-07-16 12:52:08,210007";"54,1312255859375"
\\PIAF\PKN Orlen\PI Vision\PKN Orlen\ZAKŁAD PRODUKCYJNY PŁOCK\RAFINERIA\PR03 BLOK PRZEROBU ROPY\DRW-IV|DR4.FC43354_OP.PV;"2026-07-16 12:55:43,14801";"53,7819137573242"
\\PIAF\PKN Orlen\PI Vision\PKN Orlen\ZAKŁAD PRODUKCYJNY PŁOCK\RAFINERIA\PR03 BLOK PRZEROBU ROPY\DRW-IV|DR4.FC43354_OP.PV;"2026-07-16 13:14:08,163009";"54,1013488769531"
\\PIAF\PKN Orlen\PI Vision\PKN Orlen\ZAKŁAD PRODUKCYJNY PŁOCK\RAFINERIA\PR03 BLOK PRZEROBU ROPY\DRW-IV|DR4.FC43354_OP.PV;"2026-07-16 13:27:28,27301";"54,003002166748"
\\PIAF\PKN Orlen\PI Vision\PKN Orlen\ZAKŁAD PRODUKCYJNY PŁOCK\RAFINERIA\PR03 BLOK PRZEROBU ROPY\DRW-IV|DR4.FC43354_OP.PV;"2026-07-16 13:32:33,210007";"54,119686126709"
\\PIAF\PKN Orlen\PI Vision\PKN Orlen\ZAKŁAD PRODUKCYJNY PŁOCK\RAFINERIA\PR03 BLOK PRZEROBU ROPY\DRW-IV|DR4.FC43354_OP.PV;"2026-07-16 13:42:38,195007";"54,0091438293457"
\\PIAF\PKN Orlen\PI Vision\PKN Orlen\ZAKŁAD PRODUKCYJNY PŁOCK\RAFINERIA\PR03 BLOK PRZEROBU ROPY\DRW-IV|DR4.FC43354_OP.PV;"2026-07-16 14:06:28,210007";"53,8694267272949"
\\PIAF\PKN Orlen\PI Vision\PKN Orlen\ZAKŁAD PRODUKCYJNY PŁOCK\RAFINERIA\PR03 BLOK PRZEROBU ROPY\DRW-IV|DR4.FC43354_OP.PV;"2026-07-16 14:14:03,210007";"54,1743011474609"
\\PIAF\PKN Orlen\PI Vision\PKN Orlen\ZAKŁAD PRODUKCYJNY PŁOCK\RAFINERIA\PR03 BLOK PRZEROBU ROPY\DRW-IV|DR4.FC43354_OP.PV;"2026-07-16 14:19:43,14801";"53,8531074523926"
\\PIAF\PKN Orlen\PI Vision\PKN Orlen\ZAKŁAD PRODUKCYJNY PŁOCK\RAFINERIA\PR03 BLOK PRZEROBU ROPY\DRW-IV|DR4.FC43354_OP.PV;"2026-07-16 14:24:03,226013";"53,2800979614258"
\\PIAF\PKN Orlen\PI Vision\PKN Orlen\ZAKŁAD PRODUKCYJNY PŁOCK\RAFINERIA\PR03 BLOK PRZEROBU ROPY\DRW-IV|DR4.FC43354_OP.PV;"2026-07-16 14:41:08,14801";"53,0906829833984"
\\PIAF\PKN Orlen\PI Vision\PKN Orlen\ZAKŁAD PRODUKCYJNY PŁOCK\RAFINERIA\PR03 BLOK PRZEROBU ROPY\DRW-IV|DR4.FC43354_OP.PV;"2026-07-16 14:53:53,14801";"52,9264793395996"
\\PIAF\PKN Orlen\PI Vision\PKN Orlen\ZAKŁAD PRODUKCYJNY PŁOCK\RAFINERIA\PR03 BLOK PRZEROBU ROPY\DRW-IV|DR4.FC43354_OP.PV;"2026-07-16 15:09:28,163009";"52,8641777038574"
\\PIAF\PKN Orlen\PI Vision\PKN Orlen\ZAKŁAD PRODUKCYJNY PŁOCK\RAFINERIA\PR03 BLOK PRZEROBU ROPY\DRW-IV|DR4.FC43354_OP.PV;"2026-07-16 15:15:58,241012";"53,1695899963379"
\\PIAF\PKN Orlen\PI Vision\PKN Orlen\ZAKŁAD PRODUKCYJNY PŁOCK\RAFINERIA\PR03 BLOK PRZEROBU ROPY\DRW-IV|DR4.FC43354_OP.PV;"2026-07-16 15:21:03,194016";"53,278507232666"
\\PIAF\PKN Orlen\PI Vision\PKN Orlen\ZAKŁAD PRODUKCYJNY PŁOCK\RAFINERIA\PR03 BLOK PRZEROBU ROPY\DRW-IV|DR4.FC43354_OP.PV;"2026-07-16 15:35:43,226013";"52,9629974365234"
\\PIAF\PKN Orlen\PI Vision\PKN Orlen\ZAKŁAD PRODUKCYJNY PŁOCK\RAFINERIA\PR03 BLOK PRZEROBU ROPY\DRW-IV|DR4.FC43354_OP.PV;"2026-07-16 15:49:58,163009";"53,5303611755371"
\\PIAF\PKN Orlen\PI Vision\PKN Orlen\ZAKŁAD PRODUKCYJNY PŁOCK\RAFINERIA\PR03 BLOK PRZEROBU ROPY\DRW-IV|DR4.FC43354_OP.PV;"2026-07-16 16:17:28,14801";"53,8542251586914"
\\PIAF\PKN Orlen\PI Vision\PKN Orlen\ZAKŁAD PRODUKCYJNY PŁOCK\RAFINERIA\PR03 BLOK PRZEROBU ROPY\DRW-IV|DR4.FC43354_OP.PV;"2026-07-16 16:26:08,132004";"53,0860900878906"
\\PIAF\PKN Orlen\PI Vision\PKN Orlen\ZAKŁAD PRODUKCYJNY PŁOCK\RAFINERIA\PR03 BLOK PRZEROBU ROPY\DRW-IV|DR4.FC43354_OP.PV;"2026-07-16 16:35:28,163009";"53,3060264587402"
\\PIAF\PKN Orlen\PI Vision\PKN Orlen\ZAKŁAD PRODUKCYJNY PŁOCK\RAFINERIA\PR03 BLOK PRZEROBU ROPY\DRW-IV|DR4.FC43354_OP.PV;"2026-07-16 17:00:18,14801";"53,9393920898438"
\\PIAF\PKN Orlen\PI Vision\PKN Orlen\ZAKŁAD PRODUKCYJNY PŁOCK\RAFINERIA\PR03 BLOK PRZEROBU ROPY\DRW-IV|DR4.FC43354_OP.PV;"2026-07-16 17:09:53,163009";"53,9089775085449"
\\PIAF\PKN Orlen\PI Vision\PKN Orlen\ZAKŁAD PRODUKCYJNY PŁOCK\RAFINERIA\PR03 BLOK PRZEROBU ROPY\DRW-IV|DR4.FC43354_OP.PV;"2026-07-16 17:16:18,163009";"54,1599922180176"
\\PIAF\PKN Orlen\PI Vision\PKN Orlen\ZAKŁAD PRODUKCYJNY PŁOCK\RAFINERIA\PR03 BLOK PRZEROBU ROPY\DRW-IV|DR4.FC43354_OP.PV;"2026-07-16 17:22:33,101013";"53,5272407531738"
\\PIAF\PKN Orlen\PI Vision\PKN Orlen\ZAKŁAD PRODUKCYJNY PŁOCK\RAFINERIA\PR03 BLOK PRZEROBU ROPY\DRW-IV|DR4.FC43354_OP.PV;"2026-07-16 17:31:58,179016";"53,8547439575195"
\\PIAF\PKN Orlen\PI Vision\PKN Orlen\ZAKŁAD PRODUKCYJNY PŁOCK\RAFINERIA\PR03 BLOK PRZEROBU ROPY\DRW-IV|DR4.FC43354_OP.PV;"2026-07-16 17:37:48,195007";"53,7514953613281"
\\PIAF\PKN Orlen\PI Vision\PKN Orlen\ZAKŁAD PRODUKCYJNY PŁOCK\RAFINERIA\PR03 BLOK PRZEROBU ROPY\DRW-IV|DR4.FC43354_OP.PV;"2026-07-16 17:43:18,195007";"54,4027404785156"
\\PIAF\PKN Orlen\PI Vision\PKN Orlen\ZAKŁAD PRODUKCYJNY PŁOCK\RAFINERIA\PR03 BLOK PRZEROBU ROPY\DRW-IV|DR4.FC43354_OP.PV;"2026-07-16 17:53:58,12001";"54,1664161682129"
\\PIAF\PKN Orlen\PI Vision\PKN Orlen\ZAKŁAD PRODUKCYJNY PŁOCK\RAFINERIA\PR03 BLOK PRZEROBU ROPY\DRW-IV|DR4.FC43354_OP.PV;"2026-07-16 18:17:48,166";"54,530143737793"
\\PIAF\PKN Orlen\PI Vision\PKN Orlen\ZAKŁAD PRODUKCYJNY PŁOCK\RAFINERIA\PR03 BLOK PRZEROBU ROPY\DRW-IV|DR4.FC43354_OP.PV;"2026-07-16 18:27:23,14801";"54,6483268737793"
\\PIAF\PKN Orlen\PI Vision\PKN Orlen\ZAKŁAD PRODUKCYJNY PŁOCK\RAFINERIA\PR03 BLOK PRZEROBU ROPY\DRW-IV|DR4.FC43354_OP.PV;"2026-07-16 18:41:53,085007";"54,5891799926758"
\\PIAF\PKN Orlen\PI Vision\PKN Orlen\ZAKŁAD PRODUKCYJNY PŁOCK\RAFINERIA\PR03 BLOK PRZEROBU ROPY\DRW-IV|DR4.FC43354_OP.PV;"2026-07-16 18:45:18,179001";"54,2207374572754"
\\PIAF\PKN Orlen\PI Vision\PKN Orlen\ZAKŁAD PRODUKCYJNY PŁOCK\RAFINERIA\PR03 BLOK PRZEROBU ROPY\DRW-IV|DR4.FC43354_OP.PV;"2026-07-16 18:51:13,116012";"54,7691345214844"
\\PIAF\PKN Orlen\PI Vision\PKN Orlen\ZAKŁAD PRODUKCYJNY PŁOCK\RAFINERIA\PR03 BLOK PRZEROBU ROPY\DRW-IV|DR4.FC43354_OP.PV;"2026-07-16 18:55:53,116012";"54,8804969787598"
\\PIAF\PKN Orlen\PI Vision\PKN Orlen\ZAKŁAD PRODUKCYJNY PŁOCK\RAFINERIA\PR03 BLOK PRZEROBU ROPY\DRW-IV|DR4.FC43354_OP.PV;"2026-07-16 19:00:28,320007";"54,1261253356934"
\\PIAF\PKN Orlen\PI Vision\PKN Orlen\ZAKŁAD PRODUKCYJNY PŁOCK\RAFINERIA\PR03 BLOK PRZEROBU ROPY\DRW-IV|DR4.FC43354_OP.PV;"2026-07-16 19:11:28,116012";"54,5649108886719"
\\PIAF\PKN Orlen\PI Vision\PKN Orlen\ZAKŁAD PRODUKCYJNY PŁOCK\RAFINERIA\PR03 BLOK PRZEROBU ROPY\DRW-IV|DR4.FC43354_OP.PV;"2026-07-16 19:16:03,195007";"54,0042915344238"
\\PIAF\PKN Orlen\PI Vision\PKN Orlen\ZAKŁAD PRODUKCYJNY PŁOCK\RAFINERIA\PR03 BLOK PRZEROBU ROPY\DRW-IV|DR4.FC43354_OP.PV;"2026-07-16 19:22:08,195007";"54,5396041870117"
\\PIAF\PKN Orlen\PI Vision\PKN Orlen\ZAKŁAD PRODUKCYJNY PŁOCK\RAFINERIA\PR03 BLOK PRZEROBU ROPY\DRW-IV|DR4.FC43354_OP.PV;"2026-07-16 19:35:28,116012";"54,1991004943848"
\\PIAF\PKN Orlen\PI Vision\PKN Orlen\ZAKŁAD PRODUKCYJNY PŁOCK\RAFINERIA\PR03 BLOK PRZEROBU ROPY\DRW-IV|DR4.FC43354_OP.PV;"2026-07-16 19:42:08,116012";"54,4096488952637"
\\PIAF\PKN Orlen\PI Vision\PKN Orlen\ZAKŁAD PRODUKCYJNY PŁOCK\RAFINERIA\PR03 BLOK PRZEROBU ROPY\DRW-IV|DR4.FC43354_OP.PV;"2026-07-16 19:50:48,116012";"54,292667388916"
\\PIAF\PKN Orlen\PI Vision\PKN Orlen\ZAKŁAD PRODUKCYJNY PŁOCK\RAFINERIA\PR03 BLOK PRZEROBU ROPY\DRW-IV|DR4.FC43354_OP.PV;"2026-07-16 19:57:33,132004";"54,3927803039551"
\\PIAF\PKN Orlen\PI Vision\PKN Orlen\ZAKŁAD PRODUKCYJNY PŁOCK\RAFINERIA\PR03 BLOK PRZEROBU ROPY\DRW-IV|DR4.FC43354_OP.PV;"2026-07-16 20:16:13,216003";"53,7684516906738"
\\PIAF\PKN Orlen\PI Vision\PKN Orlen\ZAKŁAD PRODUKCYJNY PŁOCK\RAFINERIA\PR03 BLOK PRZEROBU ROPY\DRW-IV|DR4.FC43354_OP.PV;"2026-07-16 21:08:03,154007";"53,3240966796875"
\\PIAF\PKN Orlen\PI Vision\PKN Orlen\ZAKŁAD PRODUKCYJNY PŁOCK\RAFINERIA\PR03 BLOK PRZEROBU ROPY\DRW-IV|DR4.FC43354_OP.PV;"2026-07-16 21:11:03,185013";"53,0040664672852"
\\PIAF\PKN Orlen\PI Vision\PKN Orlen\ZAKŁAD PRODUKCYJNY PŁOCK\RAFINERIA\PR03 BLOK PRZEROBU ROPY\DRW-IV|DR4.FC43354_OP.PV;"2026-07-16 21:20:38,216003";"53,2069625854492"
\\PIAF\PKN Orlen\PI Vision\PKN Orlen\ZAKŁAD PRODUKCYJNY PŁOCK\RAFINERIA\PR03 BLOK PRZEROBU ROPY\DRW-IV|DR4.FC43354_OP.PV;"2026-07-16 21:26:38,201004";"53,092342376709"
\\PIAF\PKN Orlen\PI Vision\PKN Orlen\ZAKŁAD PRODUKCYJNY PŁOCK\RAFINERIA\PR03 BLOK PRZEROBU ROPY\DRW-IV|DR4.FC43354_OP.PV;"2026-07-16 21:32:23,185013";"53,3029174804688"
\\PIAF\PKN Orlen\PI Vision\PKN Orlen\ZAKŁAD PRODUKCYJNY PŁOCK\RAFINERIA\PR03 BLOK PRZEROBU ROPY\DRW-IV|DR4.FC43354_OP.PV;"2026-07-16 21:37:43,154007";"52,6287879943848"
\\PIAF\PKN Orlen\PI Vision\PKN Orlen\ZAKŁAD PRODUKCYJNY PŁOCK\RAFINERIA\PR03 BLOK PRZEROBU ROPY\DRW-IV|DR4.FC43354_OP.PV;"2026-07-16 21:40:48,23201";"53,0004501342773"
\\PIAF\PKN Orlen\PI Vision\PKN Orlen\ZAKŁAD PRODUKCYJNY PŁOCK\RAFINERIA\PR03 BLOK PRZEROBU ROPY\DRW-IV|DR4.FC43354_OP.PV;"2026-07-16 21:45:08,23201";"54,4071464538574"
\\PIAF\PKN Orlen\PI Vision\PKN Orlen\ZAKŁAD PRODUKCYJNY PŁOCK\RAFINERIA\PR03 BLOK PRZEROBU ROPY\DRW-IV|DR4.FC43354_OP.PV;"2026-07-16 21:53:28,248001";"54,3082008361816"
\\PIAF\PKN Orlen\PI Vision\PKN Orlen\ZAKŁAD PRODUKCYJNY PŁOCK\RAFINERIA\PR03 BLOK PRZEROBU ROPY\DRW-IV|DR4.FC43354_OP.PV;"2026-07-16 21:59:18,185013";"54,5241279602051"
\\PIAF\PKN Orlen\PI Vision\PKN Orlen\ZAKŁAD PRODUKCYJNY PŁOCK\RAFINERIA\PR03 BLOK PRZEROBU ROPY\DRW-IV|DR4.FC43354_OP.PV;"2026-07-16 22:08:23,138";"53,8612899780273"
\\PIAF\PKN Orlen\PI Vision\PKN Orlen\ZAKŁAD PRODUKCYJNY PŁOCK\RAFINERIA\PR03 BLOK PRZEROBU ROPY\DRW-IV|DR4.FC43354_OP.PV;"2026-07-16 22:21:03,216003";"53,965217590332"
\\PIAF\PKN Orlen\PI Vision\PKN Orlen\ZAKŁAD PRODUKCYJNY PŁOCK\RAFINERIA\PR03 BLOK PRZEROBU ROPY\DRW-IV|DR4.FC43354_OP.PV;"2026-07-16 22:49:13,138";"53,2174835205078"
\\PIAF\PKN Orlen\PI Vision\PKN Orlen\ZAKŁAD PRODUKCYJNY PŁOCK\RAFINERIA\PR03 BLOK PRZEROBU ROPY\DRW-IV|DR4.FC43354_OP.PV;"2026-07-16 23:10:13,185013";"53,3478546142578"
\\PIAF\PKN Orlen\PI Vision\PKN Orlen\ZAKŁAD PRODUKCYJNY PŁOCK\RAFINERIA\PR03 BLOK PRZEROBU ROPY\DRW-IV|DR4.FC43354_OP.PV;"2026-07-16 23:14:23,10701";"53,764461517334"
\\PIAF\PKN Orlen\PI Vision\PKN Orlen\ZAKŁAD PRODUKCYJNY PŁOCK\RAFINERIA\PR03 BLOK PRZEROBU ROPY\DRW-IV|DR4.FC43354_OP.PV;"2026-07-16 23:29:38,138";"53,6694107055664"
\\PIAF\PKN Orlen\PI Vision\PKN Orlen\ZAKŁAD PRODUKCYJNY PŁOCK\RAFINERIA\PR03 BLOK PRZEROBU ROPY\DRW-IV|DR4.FC43354_OP.PV;"2026-07-16 23:33:33,201004";"53,5701446533203"
\\PIAF\PKN Orlen\PI Vision\PKN Orlen\ZAKŁAD PRODUKCYJNY PŁOCK\RAFINERIA\PR03 BLOK PRZEROBU ROPY\DRW-IV|DR4.FC43354_OP.PV;"2026-07-16 23:37:28,138";"53,9937438964844"
\\PIAF\PKN Orlen\PI Vision\PKN Orlen\ZAKŁAD PRODUKCYJNY PŁOCK\RAFINERIA\PR03 BLOK PRZEROBU ROPY\DRW-IV|DR4.FC43354_OP.PV;"2026-07-16 23:45:33,23201";"53,4761276245117"
\\PIAF\PKN Orlen\PI Vision\PKN Orlen\ZAKŁAD PRODUKCYJNY PŁOCK\RAFINERIA\PR03 BLOK PRZEROBU ROPY\DRW-IV|DR4.FC43354_OP.PV;"2026-07-16 23:47:23,154007";"53,2008171081543"
\\PIAF\PKN Orlen\PI Vision\PKN Orlen\ZAKŁAD PRODUKCYJNY PŁOCK\RAFINERIA\PR03 BLOK PRZEROBU ROPY\DRW-IV|DR4.FC43354_OP.PV;"2026-07-17 00:01:03,138";"52,9832229614258"
\\PIAF\PKN Orlen\PI Vision\PKN Orlen\ZAKŁAD PRODUKCYJNY PŁOCK\RAFINERIA\PR03 BLOK PRZEROBU ROPY\DRW-IV|DR4.FC43354_OP.PV;"2026-07-17 00:03:43,170013";"53,2975730895996"
\\PIAF\PKN Orlen\PI Vision\PKN Orlen\ZAKŁAD PRODUKCYJNY PŁOCK\RAFINERIA\PR03 BLOK PRZEROBU ROPY\DRW-IV|DR4.FC43354_OP.PV;"2026-07-17 00:15:43,123001";"52,968017578125"
\\PIAF\PKN Orlen\PI Vision\PKN Orlen\ZAKŁAD PRODUKCYJNY PŁOCK\RAFINERIA\PR03 BLOK PRZEROBU ROPY\DRW-IV|DR4.FC43354_OP.PV;"2026-07-17 00:33:53,123001";"53,3024940490723"
\\PIAF\PKN Orlen\PI Vision\PKN Orlen\ZAKŁAD PRODUKCYJNY PŁOCK\RAFINERIA\PR03 BLOK PRZEROBU ROPY\DRW-IV|DR4.FC43354_OP.PV;"2026-07-17 00:50:23,185013";"52,7010192871094"
\\PIAF\PKN Orlen\PI Vision\PKN Orlen\ZAKŁAD PRODUKCYJNY PŁOCK\RAFINERIA\PR03 BLOK PRZEROBU ROPY\DRW-IV|DR4.FC43354_OP.PV;"2026-07-17 01:05:53,138";"52,8800926208496"
\\PIAF\PKN Orlen\PI Vision\PKN Orlen\ZAKŁAD PRODUKCYJNY PŁOCK\RAFINERIA\PR03 BLOK PRZEROBU ROPY\DRW-IV|DR4.FC43354_OP.PV;"2026-07-17 01:26:53,154007";"52,8706359863281"
\\PIAF\PKN Orlen\PI Vision\PKN Orlen\ZAKŁAD PRODUKCYJNY PŁOCK\RAFINERIA\PR03 BLOK PRZEROBU ROPY\DRW-IV|DR4.FC43354_OP.PV;"2026-07-17 01:35:48,10701";"53,2660713195801"
\\PIAF\PKN Orlen\PI Vision\PKN Orlen\ZAKŁAD PRODUKCYJNY PŁOCK\RAFINERIA\PR03 BLOK PRZEROBU ROPY\DRW-IV|DR4.FC43354_OP.PV;"2026-07-17 01:39:33,091003";"52,9178047180176"
\\PIAF\PKN Orlen\PI Vision\PKN Orlen\ZAKŁAD PRODUKCYJNY PŁOCK\RAFINERIA\PR03 BLOK PRZEROBU ROPY\DRW-IV|DR4.FC43354_OP.PV;"2026-07-17 01:52:13,138";"53,1440849304199"
\\PIAF\PKN Orlen\PI Vision\PKN Orlen\ZAKŁAD PRODUKCYJNY PŁOCK\RAFINERIA\PR03 BLOK PRZEROBU ROPY\DRW-IV|DR4.FC43354_OP.PV;"2026-07-17 02:03:38,10701";"53,1281127929688"
\\PIAF\PKN Orlen\PI Vision\PKN Orlen\ZAKŁAD PRODUKCYJNY PŁOCK\RAFINERIA\PR03 BLOK PRZEROBU ROPY\DRW-IV|DR4.FC43354_OP.PV;"2026-07-17 02:21:03,091003";"53,1322288513184"
\\PIAF\PKN Orlen\PI Vision\PKN Orlen\ZAKŁAD PRODUKCYJNY PŁOCK\RAFINERIA\PR03 BLOK PRZEROBU ROPY\DRW-IV|DR4.FC43354_OP.PV;"2026-07-17 02:30:13,138";"52,5391044616699"
\\PIAF\PKN Orlen\PI Vision\PKN Orlen\ZAKŁAD PRODUKCYJNY PŁOCK\RAFINERIA\PR03 BLOK PRZEROBU ROPY\DRW-IV|DR4.FC43354_OP.PV;"2026-07-17 02:50:23,123001";"52,6344451904297"
\\PIAF\PKN Orlen\PI Vision\PKN Orlen\ZAKŁAD PRODUKCYJNY PŁOCK\RAFINERIA\PR03 BLOK PRZEROBU ROPY\DRW-IV|DR4.FC43354_OP.PV;"2026-07-17 03:06:58,123001";"52,5522575378418"
\\PIAF\PKN Orlen\PI Vision\PKN Orlen\ZAKŁAD PRODUKCYJNY PŁOCK\RAFINERIA\PR03 BLOK PRZEROBU ROPY\DRW-IV|DR4.FC43354_OP.PV;"2026-07-17 03:27:18,185013";"52,7819595336914"
\\PIAF\PKN Orlen\PI Vision\PKN Orlen\ZAKŁAD PRODUKCYJNY PŁOCK\RAFINERIA\PR03 BLOK PRZEROBU ROPY\DRW-IV|DR4.FC43354_OP.PV;"2026-07-17 03:40:08,138";"52,9992828369141"
\\PIAF\PKN Orlen\PI Vision\PKN Orlen\ZAKŁAD PRODUKCYJNY PŁOCK\RAFINERIA\PR03 BLOK PRZEROBU ROPY\DRW-IV|DR4.FC43354_OP.PV;"2026-07-17 03:47:53,201004";"53,008960723877"
\\PIAF\PKN Orlen\PI Vision\PKN Orlen\ZAKŁAD PRODUKCYJNY PŁOCK\RAFINERIA\PR03 BLOK PRZEROBU ROPY\DRW-IV|DR4.FC43354_OP.PV;"2026-07-17 04:31:23,207001";"52,5705070495605"
\\PIAF\PKN Orlen\PI Vision\PKN Orlen\ZAKŁAD PRODUKCYJNY PŁOCK\RAFINERIA\PR03 BLOK PRZEROBU ROPY\DRW-IV|DR4.FC43354_OP.PV;"2026-07-17 05:18:53,17601";"52,2084922790527"
\\PIAF\PKN Orlen\PI Vision\PKN Orlen\ZAKŁAD PRODUKCYJNY PŁOCK\RAFINERIA\PR03 BLOK PRZEROBU ROPY\DRW-IV|DR4.FC43354_OP.PV;"2026-07-17 05:23:53,238006";"52,3122634887695"
\\PIAF\PKN Orlen\PI Vision\PKN Orlen\ZAKŁAD PRODUKCYJNY PŁOCK\RAFINERIA\PR03 BLOK PRZEROBU ROPY\DRW-IV|DR4.FC43354_OP.PV;"2026-07-17 06:00:53,17601";"52,5934524536133"
\\PIAF\PKN Orlen\PI Vision\PKN Orlen\ZAKŁAD PRODUKCYJNY PŁOCK\RAFINERIA\PR03 BLOK PRZEROBU ROPY\DRW-IV|DR4.FC43354_OP.PV;"2026-07-17 06:18:38,17601";"52,6956939697266"
\\PIAF\PKN Orlen\PI Vision\PKN Orlen\ZAKŁAD PRODUKCYJNY PŁOCK\RAFINERIA\PR03 BLOK PRZEROBU ROPY\DRW-IV|DR4.FC43354_OP.PV;"2026-07-17 06:26:23,160003";"52,5956916809082"
\\PIAF\PKN Orlen\PI Vision\PKN Orlen\ZAKŁAD PRODUKCYJNY PŁOCK\RAFINERIA\PR03 BLOK PRZEROBU ROPY\DRW-IV|DR4.FC43354_OP.PV;"2026-07-17 06:54:58,19101";"52,4504013061523"
\\PIAF\PKN Orlen\PI Vision\PKN Orlen\ZAKŁAD PRODUKCYJNY PŁOCK\RAFINERIA\PR03 BLOK PRZEROBU ROPY\DRW-IV|DR4.FC43354_OP.PV;"2026-07-17 07:03:28,160003";"52,672737121582"
\\PIAF\PKN Orlen\PI Vision\PKN Orlen\ZAKŁAD PRODUKCYJNY PŁOCK\RAFINERIA\PR03 BLOK PRZEROBU ROPY\DRW-IV|DR4.FC43354_OP.PV;"2026-07-17 07:12:33,19101";"52,5627250671387"
\\PIAF\PKN Orlen\PI Vision\PKN Orlen\ZAKŁAD PRODUKCYJNY PŁOCK\RAFINERIA\PR03 BLOK PRZEROBU ROPY\DRW-IV|DR4.FC43354_OP.PV;"2026-07-17 07:19:18,223007";"51,6951675415039"
\\PIAF\PKN Orlen\PI Vision\PKN Orlen\ZAKŁAD PRODUKCYJNY PŁOCK\RAFINERIA\PR03 BLOK PRZEROBU ROPY\DRW-IV|DR4.FC43354_OP.PV;"2026-07-17 07:24:53,238006";"52,1412086486816"
\\PIAF\PKN Orlen\PI Vision\PKN Orlen\ZAKŁAD PRODUKCYJNY PŁOCK\RAFINERIA\PR03 BLOK PRZEROBU ROPY\DRW-IV|DR4.FC43354_OP.PV;"2026-07-17 07:28:23,129013";"52,5951766967773"
\\PIAF\PKN Orlen\PI Vision\PKN Orlen\ZAKŁAD PRODUKCYJNY PŁOCK\RAFINERIA\PR03 BLOK PRZEROBU ROPY\DRW-IV|DR4.FC43354_OP.PV;"2026-07-17 07:40:03,129013";"52,3731575012207"
\\PIAF\PKN Orlen\PI Vision\PKN Orlen\ZAKŁAD PRODUKCYJNY PŁOCK\RAFINERIA\PR03 BLOK PRZEROBU ROPY\DRW-IV|DR4.FC43354_OP.PV;"2026-07-17 08:03:53,17601";"52,8080673217773"
\\PIAF\PKN Orlen\PI Vision\PKN Orlen\ZAKŁAD PRODUKCYJNY PŁOCK\RAFINERIA\PR03 BLOK PRZEROBU ROPY\DRW-IV|DR4.FC43354_OP.PV;"2026-07-17 08:12:58,207001";"51,9290008544922"
\\PIAF\PKN Orlen\PI Vision\PKN Orlen\ZAKŁAD PRODUKCYJNY PŁOCK\RAFINERIA\PR03 BLOK PRZEROBU ROPY\DRW-IV|DR4.FC43354_OP.PV;"2026-07-17 08:20:28,207001";"52,5847320556641"
\\PIAF\PKN Orlen\PI Vision\PKN Orlen\ZAKŁAD PRODUKCYJNY PŁOCK\RAFINERIA\PR03 BLOK PRZEROBU ROPY\DRW-IV|DR4.FC43354_OP.PV;"2026-07-17 08:29:28,17601";"52,693431854248"
\\PIAF\PKN Orlen\PI Vision\PKN Orlen\ZAKŁAD PRODUKCYJNY PŁOCK\RAFINERIA\PR03 BLOK PRZEROBU ROPY\DRW-IV|DR4.FC43354_OP.PV;"2026-07-17 08:35:53,17601";"52,9126052856445"
\\PIAF\PKN Orlen\PI Vision\PKN Orlen\ZAKŁAD PRODUKCYJNY PŁOCK\RAFINERIA\PR03 BLOK PRZEROBU ROPY\DRW-IV|DR4.FC43354_OP.PV;"2026-07-17 08:41:23,160003";"52,8036079406738"
\\PIAF\PKN Orlen\PI Vision\PKN Orlen\ZAKŁAD PRODUKCYJNY PŁOCK\RAFINERIA\PR03 BLOK PRZEROBU ROPY\DRW-IV|DR4.FC43354_OP.PV;"2026-07-17 08:46:28,207001";"52,9242630004883"
\\PIAF\PKN Orlen\PI Vision\PKN Orlen\ZAKŁAD PRODUKCYJNY PŁOCK\RAFINERIA\PR03 BLOK PRZEROBU ROPY\DRW-IV|DR4.FC43354_OP.PV;"2026-07-17 08:53:03,160003";"52,7072639465332"
\\PIAF\PKN Orlen\PI Vision\PKN Orlen\ZAKŁAD PRODUKCYJNY PŁOCK\RAFINERIA\PR03 BLOK PRZEROBU ROPY\DRW-IV|DR4.FC43354_OP.PV;"2026-07-17 08:57:53,113006";"53,5155067443848"
\\PIAF\PKN Orlen\PI Vision\PKN Orlen\ZAKŁAD PRODUKCYJNY PŁOCK\RAFINERIA\PR03 BLOK PRZEROBU ROPY\DRW-IV|DR4.FC43354_OP.PV;"2026-07-17 09:05:58,129013";"52,5012245178223"
\\PIAF\PKN Orlen\PI Vision\PKN Orlen\ZAKŁAD PRODUKCYJNY PŁOCK\RAFINERIA\PR03 BLOK PRZEROBU ROPY\DRW-IV|DR4.FC43354_OP.PV;"2026-07-17 09:10:48,113006";"53,0670280456543"
\\PIAF\PKN Orlen\PI Vision\PKN Orlen\ZAKŁAD PRODUKCYJNY PŁOCK\RAFINERIA\PR03 BLOK PRZEROBU ROPY\DRW-IV|DR4.FC43354_OP.PV;"2026-07-17 09:15:18,160003";"52,4978904724121"
\\PIAF\PKN Orlen\PI Vision\PKN Orlen\ZAKŁAD PRODUKCYJNY PŁOCK\RAFINERIA\PR03 BLOK PRZEROBU ROPY\DRW-IV|DR4.FC43354_OP.PV;"2026-07-17 09:17:38,160003";"51,9351234436035"
\\PIAF\PKN Orlen\PI Vision\PKN Orlen\ZAKŁAD PRODUKCYJNY PŁOCK\RAFINERIA\PR03 BLOK PRZEROBU ROPY\DRW-IV|DR4.FC43354_OP.PV;"2026-07-17 09:23:13,19101";"52,3743667602539"
\\PIAF\PKN Orlen\PI Vision\PKN Orlen\ZAKŁAD PRODUKCYJNY PŁOCK\RAFINERIA\PR03 BLOK PRZEROBU ROPY\DRW-IV|DR4.FC43354_OP.PV;"2026-07-17 09:27:03,113006";"53,0306167602539"
\\PIAF\PKN Orlen\PI Vision\PKN Orlen\ZAKŁAD PRODUKCYJNY PŁOCK\RAFINERIA\PR03 BLOK PRZEROBU ROPY\DRW-IV|DR4.FC43354_OP.PV;"2026-07-17 09:34:08,160003";"52,7232246398926"
\\PIAF\PKN Orlen\PI Vision\PKN Orlen\ZAKŁAD PRODUKCYJNY PŁOCK\RAFINERIA\PR03 BLOK PRZEROBU ROPY\DRW-IV|DR4.FC43354_OP.PV;"2026-07-17 09:55:33,17601";"52,8460006713867"
\\PIAF\PKN Orlen\PI Vision\PKN Orlen\ZAKŁAD PRODUKCYJNY PŁOCK\RAFINERIA\PR03 BLOK PRZEROBU ROPY\DRW-IV|DR4.FC43354_OP.PV;"2026-07-17 10:00:58,160003";"52,6860809326172"
\\PIAF\PKN Orlen\PI Vision\PKN Orlen\ZAKŁAD PRODUKCYJNY PŁOCK\RAFINERIA\PR03 BLOK PRZEROBU ROPY\DRW-IV|DR4.FC43354_OP.PV;"2026-07-17 10:05:08,113006";"52,4369888305664"
\\PIAF\PKN Orlen\PI Vision\PKN Orlen\ZAKŁAD PRODUKCYJNY PŁOCK\RAFINERIA\PR03 BLOK PRZEROBU ROPY\DRW-IV|DR4.FC43354_OP.PV;"2026-07-17 10:10:38,129013";"52,9593811035156"
\\PIAF\PKN Orlen\PI Vision\PKN Orlen\ZAKŁAD PRODUKCYJNY PŁOCK\RAFINERIA\PR03 BLOK PRZEROBU ROPY\DRW-IV|DR4.FC43354_OP.PV;"2026-07-17 10:54:58,145004";"52,7848777770996"
\\PIAF\PKN Orlen\PI Vision\PKN Orlen\ZAKŁAD PRODUKCYJNY PŁOCK\RAFINERIA\PR03 BLOK PRZEROBU ROPY\DRW-IV|DR4.FC43354_OP.PV;"2026-07-17 10:59:33,160003";"52,8921089172363"
\\PIAF\PKN Orlen\PI Vision\PKN Orlen\ZAKŁAD PRODUKCYJNY PŁOCK\RAFINERIA\PR03 BLOK PRZEROBU ROPY\DRW-IV|DR4.FC43354_OP.PV;"2026-07-17 11:09:33,129013";"52,6654396057129"
\\PIAF\PKN Orlen\PI Vision\PKN Orlen\ZAKŁAD PRODUKCYJNY PŁOCK\RAFINERIA\PR03 BLOK PRZEROBU ROPY\DRW-IV|DR4.FC43354_OP.PV;"2026-07-17 11:18:48,145004";"53,1276588439941"
\\PIAF\PKN Orlen\PI Vision\PKN Orlen\ZAKŁAD PRODUKCYJNY PŁOCK\RAFINERIA\PR03 BLOK PRZEROBU ROPY\DRW-IV|DR4.FC43354_OP.PV;"2026-07-17 11:25:03,082001";"52,8892860412598"
\\PIAF\PKN Orlen\PI Vision\PKN Orlen\ZAKŁAD PRODUKCYJNY PŁOCK\RAFINERIA\PR03 BLOK PRZEROBU ROPY\DRW-IV|DR4.FC43354_OP.PV;"2026-07-17 11:33:28,098007";"53,0483055114746"
\\PIAF\PKN Orlen\PI Vision\PKN Orlen\ZAKŁAD PRODUKCYJNY PŁOCK\RAFINERIA\PR03 BLOK PRZEROBU ROPY\DRW-IV|DR4.FC43354_OP.PV;"2026-07-17 11:43:03,145004";"52,916259765625"
\\PIAF\PKN Orlen\PI Vision\PKN Orlen\ZAKŁAD PRODUKCYJNY PŁOCK\RAFINERIA\PR03 BLOK PRZEROBU ROPY\DRW-IV|DR4.FC43354_OP.PV;"2026-07-17 11:52:48,129013";"52,6927185058594"
\\PIAF\PKN Orlen\PI Vision\PKN Orlen\ZAKŁAD PRODUKCYJNY PŁOCK\RAFINERIA\PR03 BLOK PRZEROBU ROPY\DRW-IV|DR4.FC43354_OP.PV;"2026-07-17 12:04:38,113006";"52,8995513916016"
\\PIAF\PKN Orlen\PI Vision\PKN Orlen\ZAKŁAD PRODUKCYJNY PŁOCK\RAFINERIA\PR03 BLOK PRZEROBU ROPY\DRW-IV|DR4.FC43354_OP.PV;"2026-07-17 12:09:08,082001";"52,8039665222168"
\\PIAF\PKN Orlen\PI Vision\PKN Orlen\ZAKŁAD PRODUKCYJNY PŁOCK\RAFINERIA\PR03 BLOK PRZEROBU ROPY\DRW-IV|DR4.FC43354_OP.PV;"2026-07-17 12:22:08,082001";"53,1289863586426"
\\PIAF\PKN Orlen\PI Vision\PKN Orlen\ZAKŁAD PRODUKCYJNY PŁOCK\RAFINERIA\PR03 BLOK PRZEROBU ROPY\DRW-IV|DR4.FC43354_OP.PV;"2026-07-17 12:42:58,129013";"53,3398704528809"
\\PIAF\PKN Orlen\PI Vision\PKN Orlen\ZAKŁAD PRODUKCYJNY PŁOCK\RAFINERIA\PR03 BLOK PRZEROBU ROPY\DRW-IV|DR4.FC43354_OP.PV;"2026-07-17 12:51:28,145004";"53,0223236083984"
\\PIAF\PKN Orlen\PI Vision\PKN Orlen\ZAKŁAD PRODUKCYJNY PŁOCK\RAFINERIA\PR03 BLOK PRZEROBU ROPY\DRW-IV|DR4.FC43354_OP.PV;"2026-07-17 12:56:43,160003";"53,1380882263184"
\\PIAF\PKN Orlen\PI Vision\PKN Orlen\ZAKŁAD PRODUKCYJNY PŁOCK\RAFINERIA\PR03 BLOK PRZEROBU ROPY\DRW-IV|DR4.FC43354_OP.PV;"2026-07-17 13:01:38,160003";"53,0254020690918"
\\PIAF\PKN Orlen\PI Vision\PKN Orlen\ZAKŁAD PRODUKCYJNY PŁOCK\RAFINERIA\PR03 BLOK PRZEROBU ROPY\DRW-IV|DR4.FC43354_OP.PV;"2026-07-17 13:05:28,098007";"53,4484901428223"
\\PIAF\PKN Orlen\PI Vision\PKN Orlen\ZAKŁAD PRODUKCYJNY PŁOCK\RAFINERIA\PR03 BLOK PRZEROBU ROPY\DRW-IV|DR4.FC43354_OP.PV;"2026-07-17 13:15:28,24501";"53,6890258789063"
\\PIAF\PKN Orlen\PI Vision\PKN Orlen\ZAKŁAD PRODUKCYJNY PŁOCK\RAFINERIA\PR03 BLOK PRZEROBU ROPY\DRW-IV|DR4.FC43354_OP.PV;"2026-07-17 13:17:48,160003";"54,009090423584"
\\PIAF\PKN Orlen\PI Vision\PKN Orlen\ZAKŁAD PRODUKCYJNY PŁOCK\RAFINERIA\PR03 BLOK PRZEROBU ROPY\DRW-IV|DR4.FC43354_OP.PV;"2026-07-17 13:25:48,082001";"53,1888732910156"
\\PIAF\PKN Orlen\PI Vision\PKN Orlen\ZAKŁAD PRODUKCYJNY PŁOCK\RAFINERIA\PR03 BLOK PRZEROBU ROPY\DRW-IV|DR4.FC43354_OP.PV;"2026-07-17 13:33:13,26001";"53,4124794006348"
\\PIAF\PKN Orlen\PI Vision\PKN Orlen\ZAKŁAD PRODUKCYJNY PŁOCK\RAFINERIA\PR03 BLOK PRZEROBU ROPY\DRW-IV|DR4.FC43354_OP.PV;"2026-07-17 13:36:38,26001";"53,5103797912598"
\\PIAF\PKN Orlen\PI Vision\PKN Orlen\ZAKŁAD PRODUKCYJNY PŁOCK\RAFINERIA\PR03 BLOK PRZEROBU ROPY\DRW-IV|DR4.FC43354_OP.PV;"2026-07-17 13:43:13,26001";"52,8547592163086"
\\PIAF\PKN Orlen\PI Vision\PKN Orlen\ZAKŁAD PRODUKCYJNY PŁOCK\RAFINERIA\PR03 BLOK PRZEROBU ROPY\DRW-IV|DR4.FC43354_OP.PV;"2026-07-17 14:03:33,182007";"52,4172439575195"
\\PIAF\PKN Orlen\PI Vision\PKN Orlen\ZAKŁAD PRODUKCYJNY PŁOCK\RAFINERIA\PR03 BLOK PRZEROBU ROPY\DRW-IV|DR4.FC43354_OP.PV;"2026-07-17 14:08:08,166";"53,205078125"
\\PIAF\PKN Orlen\PI Vision\PKN Orlen\ZAKŁAD PRODUKCYJNY PŁOCK\RAFINERIA\PR03 BLOK PRZEROBU ROPY\DRW-IV|DR4.FC43354_OP.PV;"2026-07-17 14:13:58,213012";"52,7419281005859"
\\PIAF\PKN Orlen\PI Vision\PKN Orlen\ZAKŁAD PRODUKCYJNY PŁOCK\RAFINERIA\PR03 BLOK PRZEROBU ROPY\DRW-IV|DR4.FC43354_OP.PV;"2026-07-17 14:26:43,182007";"52,6243362426758"
\\PIAF\PKN Orlen\PI Vision\PKN Orlen\ZAKŁAD PRODUKCYJNY PŁOCK\RAFINERIA\PR03 BLOK PRZEROBU ROPY\DRW-IV|DR4.FC43354_OP.PV;"2026-07-17 14:29:13,24501";"52,283634185791"
\\PIAF\PKN Orlen\PI Vision\PKN Orlen\ZAKŁAD PRODUKCYJNY PŁOCK\RAFINERIA\PR03 BLOK PRZEROBU ROPY\DRW-IV|DR4.FC43354_OP.PV;"2026-07-17 14:38:03,182007";"53,0307693481445"
\\PIAF\PKN Orlen\PI Vision\PKN Orlen\ZAKŁAD PRODUKCYJNY PŁOCK\RAFINERIA\PR03 BLOK PRZEROBU ROPY\DRW-IV|DR4.FC43354_OP.PV;"2026-07-17 14:46:28,24501";"52,3921508789063"
\\PIAF\PKN Orlen\PI Vision\PKN Orlen\ZAKŁAD PRODUKCYJNY PŁOCK\RAFINERIA\PR03 BLOK PRZEROBU ROPY\DRW-IV|DR4.FC43354_OP.PV;"2026-07-17 14:52:28,213012";"52,9416770935059"
\\PIAF\PKN Orlen\PI Vision\PKN Orlen\ZAKŁAD PRODUKCYJNY PŁOCK\RAFINERIA\PR03 BLOK PRZEROBU ROPY\DRW-IV|DR4.FC43354_OP.PV;"2026-07-17 14:58:23,151001";"52,5077705383301"
\\PIAF\PKN Orlen\PI Vision\PKN Orlen\ZAKŁAD PRODUKCYJNY PŁOCK\RAFINERIA\PR03 BLOK PRZEROBU ROPY\DRW-IV|DR4.FC43354_OP.PV;"2026-07-17 15:03:18,166";"52,3974876403809"
\\PIAF\PKN Orlen\PI Vision\PKN Orlen\ZAKŁAD PRODUKCYJNY PŁOCK\RAFINERIA\PR03 BLOK PRZEROBU ROPY\DRW-IV|DR4.FC43354_OP.PV;"2026-07-17 15:07:33,229004";"52,822998046875"
\\PIAF\PKN Orlen\PI Vision\PKN Orlen\ZAKŁAD PRODUKCYJNY PŁOCK\RAFINERIA\PR03 BLOK PRZEROBU ROPY\DRW-IV|DR4.FC43354_OP.PV;"2026-07-17 15:18:58,182007";"52,5776062011719"
\\PIAF\PKN Orlen\PI Vision\PKN Orlen\ZAKŁAD PRODUKCYJNY PŁOCK\RAFINERIA\PR03 BLOK PRZEROBU ROPY\DRW-IV|DR4.FC43354_OP.PV;"2026-07-17 15:38:53,151001";"52,7056083679199"
\\PIAF\PKN Orlen\PI Vision\PKN Orlen\ZAKŁAD PRODUKCYJNY PŁOCK\RAFINERIA\PR03 BLOK PRZEROBU ROPY\DRW-IV|DR4.FC43354_OP.PV;"2026-07-17 15:58:38,12001";"52,8093147277832"
\\PIAF\PKN Orlen\PI Vision\PKN Orlen\ZAKŁAD PRODUKCYJNY PŁOCK\RAFINERIA\PR03 BLOK PRZEROBU ROPY\DRW-IV|DR4.FC43354_OP.PV;"2026-07-17 16:05:28,182007";"52,6936264038086"
\\PIAF\PKN Orlen\PI Vision\PKN Orlen\ZAKŁAD PRODUKCYJNY PŁOCK\RAFINERIA\PR03 BLOK PRZEROBU ROPY\DRW-IV|DR4.FC43354_OP.PV;"2026-07-17 16:14:28,166";"52,8042678833008"
\\PIAF\PKN Orlen\PI Vision\PKN Orlen\ZAKŁAD PRODUKCYJNY PŁOCK\RAFINERIA\PR03 BLOK PRZEROBU ROPY\DRW-IV|DR4.FC43354_OP.PV;"2026-07-17 16:22:18,182007";"52,6905288696289"
\\PIAF\PKN Orlen\PI Vision\PKN Orlen\ZAKŁAD PRODUKCYJNY PŁOCK\RAFINERIA\PR03 BLOK PRZEROBU ROPY\DRW-IV|DR4.FC43354_OP.PV;"2026-07-17 16:30:48,182007";"52,7956085205078"
\\PIAF\PKN Orlen\PI Vision\PKN Orlen\ZAKŁAD PRODUKCYJNY PŁOCK\RAFINERIA\PR03 BLOK PRZEROBU ROPY\DRW-IV|DR4.FC43354_OP.PV;"2026-07-17 16:59:43,182007";"52,3879356384277"
\\PIAF\PKN Orlen\PI Vision\PKN Orlen\ZAKŁAD PRODUKCYJNY PŁOCK\RAFINERIA\PR03 BLOK PRZEROBU ROPY\DRW-IV|DR4.FC43354_OP.PV;"2026-07-17 17:06:08,213012";"52,6235771179199"
\\PIAF\PKN Orlen\PI Vision\PKN Orlen\ZAKŁAD PRODUKCYJNY PŁOCK\RAFINERIA\PR03 BLOK PRZEROBU ROPY\DRW-IV|DR4.FC43354_OP.PV;"2026-07-17 17:08:28,119003";"52,9648628234863"
\\PIAF\PKN Orlen\PI Vision\PKN Orlen\ZAKŁAD PRODUKCYJNY PŁOCK\RAFINERIA\PR03 BLOK PRZEROBU ROPY\DRW-IV|DR4.FC43354_OP.PV;"2026-07-17 17:13:43,213012";"52,5430068969727"
\\PIAF\PKN Orlen\PI Vision\PKN Orlen\ZAKŁAD PRODUKCYJNY PŁOCK\RAFINERIA\PR03 BLOK PRZEROBU ROPY\DRW-IV|DR4.FC43354_OP.PV;"2026-07-17 17:28:13,198013";"52,7752113342285"
\\PIAF\PKN Orlen\PI Vision\PKN Orlen\ZAKŁAD PRODUKCYJNY PŁOCK\RAFINERIA\PR03 BLOK PRZEROBU ROPY\DRW-IV|DR4.FC43354_OP.PV;"2026-07-17 17:33:33,166";"52,618766784668"
\\PIAF\PKN Orlen\PI Vision\PKN Orlen\ZAKŁAD PRODUKCYJNY PŁOCK\RAFINERIA\PR03 BLOK PRZEROBU ROPY\DRW-IV|DR4.FC43354_OP.PV;"2026-07-17 17:53:18,213012";"52,7154235839844"
\\PIAF\PKN Orlen\PI Vision\PKN Orlen\ZAKŁAD PRODUKCYJNY PŁOCK\RAFINERIA\PR03 BLOK PRZEROBU ROPY\DRW-IV|DR4.FC43354_OP.PV;"2026-07-17 18:19:58,182007";"52,5420532226563"
\\PIAF\PKN Orlen\PI Vision\PKN Orlen\ZAKŁAD PRODUKCYJNY PŁOCK\RAFINERIA\PR03 BLOK PRZEROBU ROPY\DRW-IV|DR4.FC43354_OP.PV;"2026-07-17 19:06:48,151001";"52,2676162719727"
\\PIAF\PKN Orlen\PI Vision\PKN Orlen\ZAKŁAD PRODUKCYJNY PŁOCK\RAFINERIA\PR03 BLOK PRZEROBU ROPY\DRW-IV|DR4.FC43354_OP.PV;"2026-07-17 19:24:38,151001";"52,2613525390625"
\\PIAF\PKN Orlen\PI Vision\PKN Orlen\ZAKŁAD PRODUKCYJNY PŁOCK\RAFINERIA\PR03 BLOK PRZEROBU ROPY\DRW-IV|DR4.FC43354_OP.PV;"2026-07-17 19:59:43,104004";"52,425350189209"
\\PIAF\PKN Orlen\PI Vision\PKN Orlen\ZAKŁAD PRODUKCYJNY PŁOCK\RAFINERIA\PR03 BLOK PRZEROBU ROPY\DRW-IV|DR4.FC43354_OP.PV;"2026-07-17 20:14:53,12001";"52,3974876403809"
\\PIAF\PKN Orlen\PI Vision\PKN Orlen\ZAKŁAD PRODUKCYJNY PŁOCK\RAFINERIA\PR03 BLOK PRZEROBU ROPY\DRW-IV|DR4.FC43354_OP.PV;"2026-07-17 20:34:43,166";"52,1890563964844"
\\PIAF\PKN Orlen\PI Vision\PKN Orlen\ZAKŁAD PRODUKCYJNY PŁOCK\RAFINERIA\PR03 BLOK PRZEROBU ROPY\DRW-IV|DR4.FC43354_OP.PV;"2026-07-17 20:47:23,198013";"52,3095970153809"
\\PIAF\PKN Orlen\PI Vision\PKN Orlen\ZAKŁAD PRODUKCYJNY PŁOCK\RAFINERIA\PR03 BLOK PRZEROBU ROPY\DRW-IV|DR4.FC43354_OP.PV;"2026-07-17 21:00:13,182007";"52,5326156616211"
\\PIAF\PKN Orlen\PI Vision\PKN Orlen\ZAKŁAD PRODUKCYJNY PŁOCK\RAFINERIA\PR03 BLOK PRZEROBU ROPY\DRW-IV|DR4.FC43354_OP.PV;"2026-07-17 21:47:03,12001";"53,7679023742676"
\\PIAF\PKN Orlen\PI Vision\PKN Orlen\ZAKŁAD PRODUKCYJNY PŁOCK\RAFINERIA\PR03 BLOK PRZEROBU ROPY\DRW-IV|DR4.FC43354_OP.PV;"2026-07-17 21:58:53,104004";"53,761833190918"
\\PIAF\PKN Orlen\PI Vision\PKN Orlen\ZAKŁAD PRODUKCYJNY PŁOCK\RAFINERIA\PR03 BLOK PRZEROBU ROPY\DRW-IV|DR4.FC43354_OP.PV;"2026-07-17 22:17:18,220001";"53,5916290283203"
\\PIAF\PKN Orlen\PI Vision\PKN Orlen\ZAKŁAD PRODUKCYJNY PŁOCK\RAFINERIA\PR03 BLOK PRZEROBU ROPY\DRW-IV|DR4.FC43354_OP.PV;"2026-07-17 22:25:43,266006";"52,4028968811035"
\\PIAF\PKN Orlen\PI Vision\PKN Orlen\ZAKŁAD PRODUKCYJNY PŁOCK\RAFINERIA\PR03 BLOK PRZEROBU ROPY\DRW-IV|DR4.FC43354_OP.PV;"2026-07-17 22:33:53,188004";"53,0649147033691"
\\PIAF\PKN Orlen\PI Vision\PKN Orlen\ZAKŁAD PRODUKCYJNY PŁOCK\RAFINERIA\PR03 BLOK PRZEROBU ROPY\DRW-IV|DR4.FC43354_OP.PV;"2026-07-17 22:46:18,251007";"52,8508720397949"
\\PIAF\PKN Orlen\PI Vision\PKN Orlen\ZAKŁAD PRODUKCYJNY PŁOCK\RAFINERIA\PR03 BLOK PRZEROBU ROPY\DRW-IV|DR4.FC43354_OP.PV;"2026-07-17 22:56:53,173004";"53,594051361084"
\\PIAF\PKN Orlen\PI Vision\PKN Orlen\ZAKŁAD PRODUKCYJNY PŁOCK\RAFINERIA\PR03 BLOK PRZEROBU ROPY\DRW-IV|DR4.FC43354_OP.PV;"2026-07-17 23:13:53,251007";"53,2515754699707"
\\PIAF\PKN Orlen\PI Vision\PKN Orlen\ZAKŁAD PRODUKCYJNY PŁOCK\RAFINERIA\PR03 BLOK PRZEROBU ROPY\DRW-IV|DR4.FC43354_OP.PV;"2026-07-17 23:53:28,20401";"53,8470191955566"
\\PIAF\PKN Orlen\PI Vision\PKN Orlen\ZAKŁAD PRODUKCYJNY PŁOCK\RAFINERIA\PR03 BLOK PRZEROBU ROPY\DRW-IV|DR4.FC43354_OP.PV;"2026-07-18 00:00:18,20401";"53,7200775146484"
\\PIAF\PKN Orlen\PI Vision\PKN Orlen\ZAKŁAD PRODUKCYJNY PŁOCK\RAFINERIA\PR03 BLOK PRZEROBU ROPY\DRW-IV|DR4.FC43354_OP.PV;"2026-07-18 00:02:38,220001";"54,0334167480469"
\\PIAF\PKN Orlen\PI Vision\PKN Orlen\ZAKŁAD PRODUKCYJNY PŁOCK\RAFINERIA\PR03 BLOK PRZEROBU ROPY\DRW-IV|DR4.FC43354_OP.PV;"2026-07-18 00:13:03,157013";"53,9218521118164"
\\PIAF\PKN Orlen\PI Vision\PKN Orlen\ZAKŁAD PRODUKCYJNY PŁOCK\RAFINERIA\PR03 BLOK PRZEROBU ROPY\DRW-IV|DR4.FC43354_OP.PV;"2026-07-18 00:28:13,141006";"53,8950080871582"
\\PIAF\PKN Orlen\PI Vision\PKN Orlen\ZAKŁAD PRODUKCYJNY PŁOCK\RAFINERIA\PR03 BLOK PRZEROBU ROPY\DRW-IV|DR4.FC43354_OP.PV;"2026-07-18 00:33:38,188004";"54,0146408081055"
\\PIAF\PKN Orlen\PI Vision\PKN Orlen\ZAKŁAD PRODUKCYJNY PŁOCK\RAFINERIA\PR03 BLOK PRZEROBU ROPY\DRW-IV|DR4.FC43354_OP.PV;"2026-07-18 00:40:18,173004";"53,3554763793945"
\\PIAF\PKN Orlen\PI Vision\PKN Orlen\ZAKŁAD PRODUKCYJNY PŁOCK\RAFINERIA\PR03 BLOK PRZEROBU ROPY\DRW-IV|DR4.FC43354_OP.PV;"2026-07-18 00:49:13,188004";"53,5237846374512"
\\PIAF\PKN Orlen\PI Vision\PKN Orlen\ZAKŁAD PRODUKCYJNY PŁOCK\RAFINERIA\PR03 BLOK PRZEROBU ROPY\DRW-IV|DR4.FC43354_OP.PV;"2026-07-18 00:53:08,173004";"53,2033805847168"
\\PIAF\PKN Orlen\PI Vision\PKN Orlen\ZAKŁAD PRODUKCYJNY PŁOCK\RAFINERIA\PR03 BLOK PRZEROBU ROPY\DRW-IV|DR4.FC43354_OP.PV;"2026-07-18 01:06:23,157013";"53,3172187805176"
\\PIAF\PKN Orlen\PI Vision\PKN Orlen\ZAKŁAD PRODUKCYJNY PŁOCK\RAFINERIA\PR03 BLOK PRZEROBU ROPY\DRW-IV|DR4.FC43354_OP.PV;"2026-07-18 01:23:58,173004";"53,3664627075195"
\\PIAF\PKN Orlen\PI Vision\PKN Orlen\ZAKŁAD PRODUKCYJNY PŁOCK\RAFINERIA\PR03 BLOK PRZEROBU ROPY\DRW-IV|DR4.FC43354_OP.PV;"2026-07-18 01:35:33,235001";"53,1501579284668"
\\PIAF\PKN Orlen\PI Vision\PKN Orlen\ZAKŁAD PRODUKCYJNY PŁOCK\RAFINERIA\PR03 BLOK PRZEROBU ROPY\DRW-IV|DR4.FC43354_OP.PV;"2026-07-18 01:41:28,20401";"53,710033416748"
\\PIAF\PKN Orlen\PI Vision\PKN Orlen\ZAKŁAD PRODUKCYJNY PŁOCK\RAFINERIA\PR03 BLOK PRZEROBU ROPY\DRW-IV|DR4.FC43354_OP.PV;"2026-07-18 02:00:43,188004";"52,8298263549805"
\\PIAF\PKN Orlen\PI Vision\PKN Orlen\ZAKŁAD PRODUKCYJNY PŁOCK\RAFINERIA\PR03 BLOK PRZEROBU ROPY\DRW-IV|DR4.FC43354_OP.PV;"2026-07-18 02:07:23,20401";"52,255672454834"
\\PIAF\PKN Orlen\PI Vision\PKN Orlen\ZAKŁAD PRODUKCYJNY PŁOCK\RAFINERIA\PR03 BLOK PRZEROBU ROPY\DRW-IV|DR4.FC43354_OP.PV;"2026-07-18 02:18:18,157013";"52,1567573547363"
\\PIAF\PKN Orlen\PI Vision\PKN Orlen\ZAKŁAD PRODUKCYJNY PŁOCK\RAFINERIA\PR03 BLOK PRZEROBU ROPY\DRW-IV|DR4.FC43354_OP.PV;"2026-07-18 02:54:38,20401";"52,5215110778809"
\\PIAF\PKN Orlen\PI Vision\PKN Orlen\ZAKŁAD PRODUKCYJNY PŁOCK\RAFINERIA\PR03 BLOK PRZEROBU ROPY\DRW-IV|DR4.FC43354_OP.PV;"2026-07-18 03:30:53,20401";"53,0395317077637"
\\PIAF\PKN Orlen\PI Vision\PKN Orlen\ZAKŁAD PRODUKCYJNY PŁOCK\RAFINERIA\PR03 BLOK PRZEROBU ROPY\DRW-IV|DR4.FC43354_OP.PV;"2026-07-18 03:36:53,188004";"53,8275032043457"
\\PIAF\PKN Orlen\PI Vision\PKN Orlen\ZAKŁAD PRODUKCYJNY PŁOCK\RAFINERIA\PR03 BLOK PRZEROBU ROPY\DRW-IV|DR4.FC43354_OP.PV;"2026-07-18 04:03:48,141006";"53,3336296081543"
\\PIAF\PKN Orlen\PI Vision\PKN Orlen\ZAKŁAD PRODUKCYJNY PŁOCK\RAFINERIA\PR03 BLOK PRZEROBU ROPY\DRW-IV|DR4.FC43354_OP.PV;"2026-07-18 04:19:33,157013";"53,4134368896484"
\\PIAF\PKN Orlen\PI Vision\PKN Orlen\ZAKŁAD PRODUKCYJNY PŁOCK\RAFINERIA\PR03 BLOK PRZEROBU ROPY\DRW-IV|DR4.FC43354_OP.PV;"2026-07-18 04:36:13,173004";"53,020751953125"
\\PIAF\PKN Orlen\PI Vision\PKN Orlen\ZAKŁAD PRODUKCYJNY PŁOCK\RAFINERIA\PR03 BLOK PRZEROBU ROPY\DRW-IV|DR4.FC43354_OP.PV;"2026-07-18 04:42:43,126007";"53,7196884155273"
\\PIAF\PKN Orlen\PI Vision\PKN Orlen\ZAKŁAD PRODUKCYJNY PŁOCK\RAFINERIA\PR03 BLOK PRZEROBU ROPY\DRW-IV|DR4.FC43354_OP.PV;"2026-07-18 05:01:38,094009";"53,6600799560547"
\\PIAF\PKN Orlen\PI Vision\PKN Orlen\ZAKŁAD PRODUKCYJNY PŁOCK\RAFINERIA\PR03 BLOK PRZEROBU ROPY\DRW-IV|DR4.FC43354_OP.PV;"2026-07-18 05:03:28,157013";"53,2853965759277"
\\PIAF\PKN Orlen\PI Vision\PKN Orlen\ZAKŁAD PRODUKCYJNY PŁOCK\RAFINERIA\PR03 BLOK PRZEROBU ROPY\DRW-IV|DR4.FC43354_OP.PV;"2026-07-18 05:11:18,157013";"54,0774688720703"
\\PIAF\PKN Orlen\PI Vision\PKN Orlen\ZAKŁAD PRODUKCYJNY PŁOCK\RAFINERIA\PR03 BLOK PRZEROBU ROPY\DRW-IV|DR4.FC43354_OP.PV;"2026-07-18 05:34:08,126007";"53,2227020263672"
\\PIAF\PKN Orlen\PI Vision\PKN Orlen\ZAKŁAD PRODUKCYJNY PŁOCK\RAFINERIA\PR03 BLOK PRZEROBU ROPY\DRW-IV|DR4.FC43354_OP.PV;"2026-07-18 05:48:03,157013";"52,5369987487793"
\\PIAF\PKN Orlen\PI Vision\PKN Orlen\ZAKŁAD PRODUKCYJNY PŁOCK\RAFINERIA\PR03 BLOK PRZEROBU ROPY\DRW-IV|DR4.FC43354_OP.PV;"2026-07-18 06:02:13,110001";"52,1351928710938"
\\PIAF\PKN Orlen\PI Vision\PKN Orlen\ZAKŁAD PRODUKCYJNY PŁOCK\RAFINERIA\PR03 BLOK PRZEROBU ROPY\DRW-IV|DR4.FC43354_OP.PV;"2026-07-18 06:31:38,126007";"53,0708885192871"
\\PIAF\PKN Orlen\PI Vision\PKN Orlen\ZAKŁAD PRODUKCYJNY PŁOCK\RAFINERIA\PR03 BLOK PRZEROBU ROPY\DRW-IV|DR4.FC43354_OP.PV;"2026-07-18 06:58:58,07901";"52,8933181762695"
\\PIAF\PKN Orlen\PI Vision\PKN Orlen\ZAKŁAD PRODUKCYJNY PŁOCK\RAFINERIA\PR03 BLOK PRZEROBU ROPY\DRW-IV|DR4.FC43354_OP.PV;"2026-07-18 07:07:28,095001";"53,0945777893066"
\\PIAF\PKN Orlen\PI Vision\PKN Orlen\ZAKŁAD PRODUKCYJNY PŁOCK\RAFINERIA\PR03 BLOK PRZEROBU ROPY\DRW-IV|DR4.FC43354_OP.PV;"2026-07-18 07:13:28,095001";"52,8828887939453"
\\PIAF\PKN Orlen\PI Vision\PKN Orlen\ZAKŁAD PRODUKCYJNY PŁOCK\RAFINERIA\PR03 BLOK PRZEROBU ROPY\DRW-IV|DR4.FC43354_OP.PV;"2026-07-18 07:19:28,095001";"52,7780380249023"
\\PIAF\PKN Orlen\PI Vision\PKN Orlen\ZAKŁAD PRODUKCYJNY PŁOCK\RAFINERIA\PR03 BLOK PRZEROBU ROPY\DRW-IV|DR4.FC43354_OP.PV;"2026-07-18 07:26:43,126007";"53,1186637878418"
\\PIAF\PKN Orlen\PI Vision\PKN Orlen\ZAKŁAD PRODUKCYJNY PŁOCK\RAFINERIA\PR03 BLOK PRZEROBU ROPY\DRW-IV|DR4.FC43354_OP.PV;"2026-07-18 07:32:13,257004";"52,2453079223633"
\\PIAF\PKN Orlen\PI Vision\PKN Orlen\ZAKŁAD PRODUKCYJNY PŁOCK\RAFINERIA\PR03 BLOK PRZEROBU ROPY\DRW-IV|DR4.FC43354_OP.PV;"2026-07-18 07:43:03,195007";"52,7826042175293"
\\PIAF\PKN Orlen\PI Vision\PKN Orlen\ZAKŁAD PRODUKCYJNY PŁOCK\RAFINERIA\PR03 BLOK PRZEROBU ROPY\DRW-IV|DR4.FC43354_OP.PV;"2026-07-18 07:55:18,195007";"52,5711326599121"
\\PIAF\PKN Orlen\PI Vision\PKN Orlen\ZAKŁAD PRODUKCYJNY PŁOCK\RAFINERIA\PR03 BLOK PRZEROBU ROPY\DRW-IV|DR4.FC43354_OP.PV;"2026-07-18 08:14:53,179001";"52,598217010498"
\\PIAF\PKN Orlen\PI Vision\PKN Orlen\ZAKŁAD PRODUKCYJNY PŁOCK\RAFINERIA\PR03 BLOK PRZEROBU ROPY\DRW-IV|DR4.FC43354_OP.PV;"2026-07-18 08:35:18,226013";"52,6893501281738"
\\PIAF\PKN Orlen\PI Vision\PKN Orlen\ZAKŁAD PRODUKCYJNY PŁOCK\RAFINERIA\PR03 BLOK PRZEROBU ROPY\DRW-IV|DR4.FC43354_OP.PV;"2026-07-18 08:42:03,194016";"52,4754981994629"
\\PIAF\PKN Orlen\PI Vision\PKN Orlen\ZAKŁAD PRODUKCYJNY PŁOCK\RAFINERIA\PR03 BLOK PRZEROBU ROPY\DRW-IV|DR4.FC43354_OP.PV;"2026-07-18 08:46:43,210007";"52,360725402832"
\\PIAF\PKN Orlen\PI Vision\PKN Orlen\ZAKŁAD PRODUKCYJNY PŁOCK\RAFINERIA\PR03 BLOK PRZEROBU ROPY\DRW-IV|DR4.FC43354_OP.PV;"2026-07-18 08:53:48,257004";"52,4657516479492"
\\PIAF\PKN Orlen\PI Vision\PKN Orlen\ZAKŁAD PRODUKCYJNY PŁOCK\RAFINERIA\PR03 BLOK PRZEROBU ROPY\DRW-IV|DR4.FC43354_OP.PV;"2026-07-18 09:10:18,257004";"52,3730316162109"
\\PIAF\PKN Orlen\PI Vision\PKN Orlen\ZAKŁAD PRODUKCYJNY PŁOCK\RAFINERIA\PR03 BLOK PRZEROBU ROPY\DRW-IV|DR4.FC43354_OP.PV;"2026-07-18 09:54:33,210007";"52,104793548584"
\\PIAF\PKN Orlen\PI Vision\PKN Orlen\ZAKŁAD PRODUKCYJNY PŁOCK\RAFINERIA\PR03 BLOK PRZEROBU ROPY\DRW-IV|DR4.FC43354_OP.PV;"2026-07-18 10:09:08,14801";"52,4171562194824"
\\PIAF\PKN Orlen\PI Vision\PKN Orlen\ZAKŁAD PRODUKCYJNY PŁOCK\RAFINERIA\PR03 BLOK PRZEROBU ROPY\DRW-IV|DR4.FC43354_OP.PV;"2026-07-18 10:31:18,132004";"52,1127662658691"
\\PIAF\PKN Orlen\PI Vision\PKN Orlen\ZAKŁAD PRODUKCYJNY PŁOCK\RAFINERIA\PR03 BLOK PRZEROBU ROPY\DRW-IV|DR4.FC43354_OP.PV;"2026-07-18 10:36:43,226013";"52,2216186523438"
\\PIAF\PKN Orlen\PI Vision\PKN Orlen\ZAKŁAD PRODUKCYJNY PŁOCK\RAFINERIA\PR03 BLOK PRZEROBU ROPY\DRW-IV|DR4.FC43354_OP.PV;"2026-07-18 11:31:28,179001";"52,0505332946777"
\\PIAF\PKN Orlen\PI Vision\PKN Orlen\ZAKŁAD PRODUKCYJNY PŁOCK\RAFINERIA\PR03 BLOK PRZEROBU ROPY\DRW-IV|DR4.FC43354_OP.PV;"2026-07-18 11:53:23,210007";"52,3388900756836"
\\PIAF\PKN Orlen\PI Vision\PKN Orlen\ZAKŁAD PRODUKCYJNY PŁOCK\RAFINERIA\PR03 BLOK PRZEROBU ROPY\DRW-IV|DR4.FC43354_OP.PV;"2026-07-18 12:14:38,163009";"52,2055816650391"
\\PIAF\PKN Orlen\PI Vision\PKN Orlen\ZAKŁAD PRODUKCYJNY PŁOCK\RAFINERIA\PR03 BLOK PRZEROBU ROPY\DRW-IV|DR4.FC43354_OP.PV;"2026-07-18 12:20:43,241012";"52,3253707885742"
\\PIAF\PKN Orlen\PI Vision\PKN Orlen\ZAKŁAD PRODUKCYJNY PŁOCK\RAFINERIA\PR03 BLOK PRZEROBU ROPY\DRW-IV|DR4.FC43354_OP.PV;"2026-07-18 13:08:18,195007";"51,7021255493164"
\\PIAF\PKN Orlen\PI Vision\PKN Orlen\ZAKŁAD PRODUKCYJNY PŁOCK\RAFINERIA\PR03 BLOK PRZEROBU ROPY\DRW-IV|DR4.FC43354_OP.PV;"2026-07-18 13:15:43,14801";"51,8138427734375"
\\PIAF\PKN Orlen\PI Vision\PKN Orlen\ZAKŁAD PRODUKCYJNY PŁOCK\RAFINERIA\PR03 BLOK PRZEROBU ROPY\DRW-IV|DR4.FC43354_OP.PV;"2026-07-18 13:37:13,132004";"51,917236328125"
\\PIAF\PKN Orlen\PI Vision\PKN Orlen\ZAKŁAD PRODUKCYJNY PŁOCK\RAFINERIA\PR03 BLOK PRZEROBU ROPY\DRW-IV|DR4.FC43354_OP.PV;"2026-07-18 13:45:18,179001";"52,1362609863281"
\\PIAF\PKN Orlen\PI Vision\PKN Orlen\ZAKŁAD PRODUKCYJNY PŁOCK\RAFINERIA\PR03 BLOK PRZEROBU ROPY\DRW-IV|DR4.FC43354_OP.PV;"2026-07-18 14:04:53,116012";"52,3406028747559"
\\PIAF\PKN Orlen\PI Vision\PKN Orlen\ZAKŁAD PRODUKCYJNY PŁOCK\RAFINERIA\PR03 BLOK PRZEROBU ROPY\DRW-IV|DR4.FC43354_OP.PV;"2026-07-18 14:26:48,14801";"52,2441596984863"
\\PIAF\PKN Orlen\PI Vision\PKN Orlen\ZAKŁAD PRODUKCYJNY PŁOCK\RAFINERIA\PR03 BLOK PRZEROBU ROPY\DRW-IV|DR4.FC43354_OP.PV;"2026-07-18 14:32:08,116012";"52,0157356262207"
\\PIAF\PKN Orlen\PI Vision\PKN Orlen\ZAKŁAD PRODUKCYJNY PŁOCK\RAFINERIA\PR03 BLOK PRZEROBU ROPY\DRW-IV|DR4.FC43354_OP.PV;"2026-07-18 14:50:13,101013";"52,5646858215332"
\\PIAF\PKN Orlen\PI Vision\PKN Orlen\ZAKŁAD PRODUKCYJNY PŁOCK\RAFINERIA\PR03 BLOK PRZEROBU ROPY\DRW-IV|DR4.FC43354_OP.PV;"2026-07-18 15:09:13,116012";"52,8663444519043"
\\PIAF\PKN Orlen\PI Vision\PKN Orlen\ZAKŁAD PRODUKCYJNY PŁOCK\RAFINERIA\PR03 BLOK PRZEROBU ROPY\DRW-IV|DR4.FC43354_OP.PV;"2026-07-18 15:20:48,085007";"52,7323951721191"
\\PIAF\PKN Orlen\PI Vision\PKN Orlen\ZAKŁAD PRODUKCYJNY PŁOCK\RAFINERIA\PR03 BLOK PRZEROBU ROPY\DRW-IV|DR4.FC43354_OP.PV;"2026-07-18 15:24:33,132004";"53,0590705871582"
\\PIAF\PKN Orlen\PI Vision\PKN Orlen\ZAKŁAD PRODUKCYJNY PŁOCK\RAFINERIA\PR03 BLOK PRZEROBU ROPY\DRW-IV|DR4.FC43354_OP.PV;"2026-07-18 15:37:43,132004";"52,956600189209"
\\PIAF\PKN Orlen\PI Vision\PKN Orlen\ZAKŁAD PRODUKCYJNY PŁOCK\RAFINERIA\PR03 BLOK PRZEROBU ROPY\DRW-IV|DR4.FC43354_OP.PV;"2026-07-18 15:47:08,101013";"53,0845947265625"
\\PIAF\PKN Orlen\PI Vision\PKN Orlen\ZAKŁAD PRODUKCYJNY PŁOCK\RAFINERIA\PR03 BLOK PRZEROBU ROPY\DRW-IV|DR4.FC43354_OP.PV;"2026-07-18 16:01:38,169006";"52,9418334960938"
\\PIAF\PKN Orlen\PI Vision\PKN Orlen\ZAKŁAD PRODUKCYJNY PŁOCK\RAFINERIA\PR03 BLOK PRZEROBU ROPY\DRW-IV|DR4.FC43354_OP.PV;"2026-07-18 16:07:28,14801";"52,5071067810059"
\\PIAF\PKN Orlen\PI Vision\PKN Orlen\ZAKŁAD PRODUKCYJNY PŁOCK\RAFINERIA\PR03 BLOK PRZEROBU ROPY\DRW-IV|DR4.FC43354_OP.PV;"2026-07-18 16:11:28,132004";"52,654857635498"
\\PIAF\PKN Orlen\PI Vision\PKN Orlen\ZAKŁAD PRODUKCYJNY PŁOCK\RAFINERIA\PR03 BLOK PRZEROBU ROPY\DRW-IV|DR4.FC43354_OP.PV;"2026-07-18 16:20:18,170013";"52,2831230163574"
\\PIAF\PKN Orlen\PI Vision\PKN Orlen\ZAKŁAD PRODUKCYJNY PŁOCK\RAFINERIA\PR03 BLOK PRZEROBU ROPY\DRW-IV|DR4.FC43354_OP.PV;"2026-07-18 16:28:28,14801";"52,8493156433105"
\\PIAF\PKN Orlen\PI Vision\PKN Orlen\ZAKŁAD PRODUKCYJNY PŁOCK\RAFINERIA\PR03 BLOK PRZEROBU ROPY\DRW-IV|DR4.FC43354_OP.PV;"2026-07-18 16:41:28,154007";"52,731990814209"
\\PIAF\PKN Orlen\PI Vision\PKN Orlen\ZAKŁAD PRODUKCYJNY PŁOCK\RAFINERIA\PR03 BLOK PRZEROBU ROPY\DRW-IV|DR4.FC43354_OP.PV;"2026-07-18 16:55:08,201004";"53,1531600952148"
\\PIAF\PKN Orlen\PI Vision\PKN Orlen\ZAKŁAD PRODUKCYJNY PŁOCK\RAFINERIA\PR03 BLOK PRZEROBU ROPY\DRW-IV|DR4.FC43354_OP.PV;"2026-07-18 17:16:13,216003";"53,0821266174316"
\\PIAF\PKN Orlen\PI Vision\PKN Orlen\ZAKŁAD PRODUKCYJNY PŁOCK\RAFINERIA\PR03 BLOK PRZEROBU ROPY\DRW-IV|DR4.FC43354_OP.PV;"2026-07-18 17:29:53,248001";"52,4971694946289"
\\PIAF\PKN Orlen\PI Vision\PKN Orlen\ZAKŁAD PRODUKCYJNY PŁOCK\RAFINERIA\PR03 BLOK PRZEROBU ROPY\DRW-IV|DR4.FC43354_OP.PV;"2026-07-18 17:36:23,23201";"52,7120399475098"
\\PIAF\PKN Orlen\PI Vision\PKN Orlen\ZAKŁAD PRODUKCYJNY PŁOCK\RAFINERIA\PR03 BLOK PRZEROBU ROPY\DRW-IV|DR4.FC43354_OP.PV;"2026-07-18 17:39:23,185013";"53,0645027160645"
\\PIAF\PKN Orlen\PI Vision\PKN Orlen\ZAKŁAD PRODUKCYJNY PŁOCK\RAFINERIA\PR03 BLOK PRZEROBU ROPY\DRW-IV|DR4.FC43354_OP.PV;"2026-07-18 17:54:53,185013";"52,8217658996582"
\\PIAF\PKN Orlen\PI Vision\PKN Orlen\ZAKŁAD PRODUKCYJNY PŁOCK\RAFINERIA\PR03 BLOK PRZEROBU ROPY\DRW-IV|DR4.FC43354_OP.PV;"2026-07-18 18:06:18,263";"53,0763320922852"
\\PIAF\PKN Orlen\PI Vision\PKN Orlen\ZAKŁAD PRODUKCYJNY PŁOCK\RAFINERIA\PR03 BLOK PRZEROBU ROPY\DRW-IV|DR4.FC43354_OP.PV;"2026-07-18 18:17:03,138";"52,9729690551758"
\\PIAF\PKN Orlen\PI Vision\PKN Orlen\ZAKŁAD PRODUKCYJNY PŁOCK\RAFINERIA\PR03 BLOK PRZEROBU ROPY\DRW-IV|DR4.FC43354_OP.PV;"2026-07-18 18:40:53,216003";"52,9209594726563"
\\PIAF\PKN Orlen\PI Vision\PKN Orlen\ZAKŁAD PRODUKCYJNY PŁOCK\RAFINERIA\PR03 BLOK PRZEROBU ROPY\DRW-IV|DR4.FC43354_OP.PV;"2026-07-18 19:07:18,263";"53,0111846923828"
\\PIAF\PKN Orlen\PI Vision\PKN Orlen\ZAKŁAD PRODUKCYJNY PŁOCK\RAFINERIA\PR03 BLOK PRZEROBU ROPY\DRW-IV|DR4.FC43354_OP.PV;"2026-07-18 19:20:43,263";"53,1150283813477"
\\PIAF\PKN Orlen\PI Vision\PKN Orlen\ZAKŁAD PRODUKCYJNY PŁOCK\RAFINERIA\PR03 BLOK PRZEROBU ROPY\DRW-IV|DR4.FC43354_OP.PV;"2026-07-18 19:42:08,123001";"53,4068565368652"
\\PIAF\PKN Orlen\PI Vision\PKN Orlen\ZAKŁAD PRODUKCYJNY PŁOCK\RAFINERIA\PR03 BLOK PRZEROBU ROPY\DRW-IV|DR4.FC43354_OP.PV;"2026-07-18 19:57:53,170013";"53,515209197998"
\\PIAF\PKN Orlen\PI Vision\PKN Orlen\ZAKŁAD PRODUKCYJNY PŁOCK\RAFINERIA\PR03 BLOK PRZEROBU ROPY\DRW-IV|DR4.FC43354_OP.PV;"2026-07-18 20:06:48,216003";"53,8153648376465"
\\PIAF\PKN Orlen\PI Vision\PKN Orlen\ZAKŁAD PRODUKCYJNY PŁOCK\RAFINERIA\PR03 BLOK PRZEROBU ROPY\DRW-IV|DR4.FC43354_OP.PV;"2026-07-18 20:19:08,154007";"53,5438117980957"
\\PIAF\PKN Orlen\PI Vision\PKN Orlen\ZAKŁAD PRODUKCYJNY PŁOCK\RAFINERIA\PR03 BLOK PRZEROBU ROPY\DRW-IV|DR4.FC43354_OP.PV;"2026-07-18 20:25:18,138";"53,755069732666"
\\PIAF\PKN Orlen\PI Vision\PKN Orlen\ZAKŁAD PRODUKCYJNY PŁOCK\RAFINERIA\PR03 BLOK PRZEROBU ROPY\DRW-IV|DR4.FC43354_OP.PV;"2026-07-18 20:40:08,123001";"53,8633232116699"
\\PIAF\PKN Orlen\PI Vision\PKN Orlen\ZAKŁAD PRODUKCYJNY PŁOCK\RAFINERIA\PR03 BLOK PRZEROBU ROPY\DRW-IV|DR4.FC43354_OP.PV;"2026-07-18 20:48:08,154007";"53,7517585754395"
\\PIAF\PKN Orlen\PI Vision\PKN Orlen\ZAKŁAD PRODUKCYJNY PŁOCK\RAFINERIA\PR03 BLOK PRZEROBU ROPY\DRW-IV|DR4.FC43354_OP.PV;"2026-07-18 21:11:58,123001";"54,016975402832"
\\PIAF\PKN Orlen\PI Vision\PKN Orlen\ZAKŁAD PRODUKCYJNY PŁOCK\RAFINERIA\PR03 BLOK PRZEROBU ROPY\DRW-IV|DR4.FC43354_OP.PV;"2026-07-18 21:30:38,10701";"53,8937873840332"
\\PIAF\PKN Orlen\PI Vision\PKN Orlen\ZAKŁAD PRODUKCYJNY PŁOCK\RAFINERIA\PR03 BLOK PRZEROBU ROPY\DRW-IV|DR4.FC43354_OP.PV;"2026-07-18 22:21:18,138";"53,8068161010742"
\\PIAF\PKN Orlen\PI Vision\PKN Orlen\ZAKŁAD PRODUKCYJNY PŁOCK\RAFINERIA\PR03 BLOK PRZEROBU ROPY\DRW-IV|DR4.FC43354_OP.PV;"2026-07-18 22:46:43,10701";"53,5324630737305"
\\PIAF\PKN Orlen\PI Vision\PKN Orlen\ZAKŁAD PRODUKCYJNY PŁOCK\RAFINERIA\PR03 BLOK PRZEROBU ROPY\DRW-IV|DR4.FC43354_OP.PV;"2026-07-18 23:26:33,138";"53,424976348877"
\\PIAF\PKN Orlen\PI Vision\PKN Orlen\ZAKŁAD PRODUKCYJNY PŁOCK\RAFINERIA\PR03 BLOK PRZEROBU ROPY\DRW-IV|DR4.FC43354_OP.PV;"2026-07-18 23:34:23,154007";"53,5321655273438"
\\PIAF\PKN Orlen\PI Vision\PKN Orlen\ZAKŁAD PRODUKCYJNY PŁOCK\RAFINERIA\PR03 BLOK PRZEROBU ROPY\DRW-IV|DR4.FC43354_OP.PV;"2026-07-19 00:19:08,170013";"53,4428634643555"
\\PIAF\PKN Orlen\PI Vision\PKN Orlen\ZAKŁAD PRODUKCYJNY PŁOCK\RAFINERIA\PR03 BLOK PRZEROBU ROPY\DRW-IV|DR4.FC43354_OP.PV;"2026-07-19 00:24:33,154007";"53,1301879882813"
\\PIAF\PKN Orlen\PI Vision\PKN Orlen\ZAKŁAD PRODUKCYJNY PŁOCK\RAFINERIA\PR03 BLOK PRZEROBU ROPY\DRW-IV|DR4.FC43354_OP.PV;"2026-07-19 01:02:28,10701";"53,3227767944336"
\\PIAF\PKN Orlen\PI Vision\PKN Orlen\ZAKŁAD PRODUKCYJNY PŁOCK\RAFINERIA\PR03 BLOK PRZEROBU ROPY\DRW-IV|DR4.FC43354_OP.PV;"2026-07-19 01:49:58,254013";"52,9510498046875"
\\PIAF\PKN Orlen\PI Vision\PKN Orlen\ZAKŁAD PRODUKCYJNY PŁOCK\RAFINERIA\PR03 BLOK PRZEROBU ROPY\DRW-IV|DR4.FC43354_OP.PV;"2026-07-19 02:08:58,238006";"52,8799438476563"
\\PIAF\PKN Orlen\PI Vision\PKN Orlen\ZAKŁAD PRODUKCYJNY PŁOCK\RAFINERIA\PR03 BLOK PRZEROBU ROPY\DRW-IV|DR4.FC43354_OP.PV;"2026-07-19 02:31:03,19101";"52,6734313964844"
\\PIAF\PKN Orlen\PI Vision\PKN Orlen\ZAKŁAD PRODUKCYJNY PŁOCK\RAFINERIA\PR03 BLOK PRZEROBU ROPY\DRW-IV|DR4.FC43354_OP.PV;"2026-07-19 02:53:08,160003";"52,7682456970215"
\\PIAF\PKN Orlen\PI Vision\PKN Orlen\ZAKŁAD PRODUKCYJNY PŁOCK\RAFINERIA\PR03 BLOK PRZEROBU ROPY\DRW-IV|DR4.FC43354_OP.PV;"2026-07-19 02:59:08,238006";"52,5446853637695"
\\PIAF\PKN Orlen\PI Vision\PKN Orlen\ZAKŁAD PRODUKCYJNY PŁOCK\RAFINERIA\PR03 BLOK PRZEROBU ROPY\DRW-IV|DR4.FC43354_OP.PV;"2026-07-19 03:13:18,150009";"52,3277626037598"
\\PIAF\PKN Orlen\PI Vision\PKN Orlen\ZAKŁAD PRODUKCYJNY PŁOCK\RAFINERIA\PR03 BLOK PRZEROBU ROPY\DRW-IV|DR4.FC43354_OP.PV;"2026-07-19 03:18:03,228012";"52,892391204834"
\\PIAF\PKN Orlen\PI Vision\PKN Orlen\ZAKŁAD PRODUKCYJNY PŁOCK\RAFINERIA\PR03 BLOK PRZEROBU ROPY\DRW-IV|DR4.FC43354_OP.PV;"2026-07-19 03:28:53,221008";"52,4716300964355"
\\PIAF\PKN Orlen\PI Vision\PKN Orlen\ZAKŁAD PRODUKCYJNY PŁOCK\RAFINERIA\PR03 BLOK PRZEROBU ROPY\DRW-IV|DR4.FC43354_OP.PV;"2026-07-19 04:11:58,143005";"52,7709541320801"
\\PIAF\PKN Orlen\PI Vision\PKN Orlen\ZAKŁAD PRODUKCYJNY PŁOCK\RAFINERIA\PR03 BLOK PRZEROBU ROPY\DRW-IV|DR4.FC43354_OP.PV;"2026-07-19 04:17:23,112";"52,9753646850586"
\\PIAF\PKN Orlen\PI Vision\PKN Orlen\ZAKŁAD PRODUKCYJNY PŁOCK\RAFINERIA\PR03 BLOK PRZEROBU ROPY\DRW-IV|DR4.FC43354_OP.PV;"2026-07-19 04:24:58,190002";"52,3082695007324"
\\PIAF\PKN Orlen\PI Vision\PKN Orlen\ZAKŁAD PRODUKCYJNY PŁOCK\RAFINERIA\PR03 BLOK PRZEROBU ROPY\DRW-IV|DR4.FC43354_OP.PV;"2026-07-19 04:41:53,159012";"52,8745155334473"
\\PIAF\PKN Orlen\PI Vision\PKN Orlen\ZAKŁAD PRODUKCYJNY PŁOCK\RAFINERIA\PR03 BLOK PRZEROBU ROPY\DRW-IV|DR4.FC43354_OP.PV;"2026-07-19 04:46:23,143005";"52,6435813903809"
\\PIAF\PKN Orlen\PI Vision\PKN Orlen\ZAKŁAD PRODUKCYJNY PŁOCK\RAFINERIA\PR03 BLOK PRZEROBU ROPY\DRW-IV|DR4.FC43354_OP.PV;"2026-07-19 04:49:43,112";"51,9574356079102"
\\PIAF\PKN Orlen\PI Vision\PKN Orlen\ZAKŁAD PRODUKCYJNY PŁOCK\RAFINERIA\PR03 BLOK PRZEROBU ROPY\DRW-IV|DR4.FC43354_OP.PV;"2026-07-19 04:54:23,190002";"52,4077377319336"
\\PIAF\PKN Orlen\PI Vision\PKN Orlen\ZAKŁAD PRODUKCYJNY PŁOCK\RAFINERIA\PR03 BLOK PRZEROBU ROPY\DRW-IV|DR4.FC43354_OP.PV;"2026-07-19 04:58:43,174011";"53,3089027404785"
\\PIAF\PKN Orlen\PI Vision\PKN Orlen\ZAKŁAD PRODUKCYJNY PŁOCK\RAFINERIA\PR03 BLOK PRZEROBU ROPY\DRW-IV|DR4.FC43354_OP.PV;"2026-07-19 05:08:03,159012";"52,6728744506836"
\\PIAF\PKN Orlen\PI Vision\PKN Orlen\ZAKŁAD PRODUKCYJNY PŁOCK\RAFINERIA\PR03 BLOK PRZEROBU ROPY\DRW-IV|DR4.FC43354_OP.PV;"2026-07-19 05:10:33,112";"52,3503684997559"
\\PIAF\PKN Orlen\PI Vision\PKN Orlen\ZAKŁAD PRODUKCYJNY PŁOCK\RAFINERIA\PR03 BLOK PRZEROBU ROPY\DRW-IV|DR4.FC43354_OP.PV;"2026-07-19 05:17:43,112";"52,776294708252"
\\PIAF\PKN Orlen\PI Vision\PKN Orlen\ZAKŁAD PRODUKCYJNY PŁOCK\RAFINERIA\PR03 BLOK PRZEROBU ROPY\DRW-IV|DR4.FC43354_OP.PV;"2026-07-19 05:25:43,159012";"52,8943748474121"
\\PIAF\PKN Orlen\PI Vision\PKN Orlen\ZAKŁAD PRODUKCYJNY PŁOCK\RAFINERIA\PR03 BLOK PRZEROBU ROPY\DRW-IV|DR4.FC43354_OP.PV;"2026-07-19 05:35:18,174011";"52,7593040466309"
\\PIAF\PKN Orlen\PI Vision\PKN Orlen\ZAKŁAD PRODUKCYJNY PŁOCK\RAFINERIA\PR03 BLOK PRZEROBU ROPY\DRW-IV|DR4.FC43354_OP.PV;"2026-07-19 05:38:18,112";"53,0802307128906"
\\PIAF\PKN Orlen\PI Vision\PKN Orlen\ZAKŁAD PRODUKCYJNY PŁOCK\RAFINERIA\PR03 BLOK PRZEROBU ROPY\DRW-IV|DR4.FC43354_OP.PV;"2026-07-19 05:42:33,206009";"52,7327461242676"
\\PIAF\PKN Orlen\PI Vision\PKN Orlen\ZAKŁAD PRODUKCYJNY PŁOCK\RAFINERIA\PR03 BLOK PRZEROBU ROPY\DRW-IV|DR4.FC43354_OP.PV;"2026-07-19 05:46:18,128006";"52,0428428649902"
\\PIAF\PKN Orlen\PI Vision\PKN Orlen\ZAKŁAD PRODUKCYJNY PŁOCK\RAFINERIA\PR03 BLOK PRZEROBU ROPY\DRW-IV|DR4.FC43354_OP.PV;"2026-07-19 05:53:33,128006";"52,7464828491211"
\\PIAF\PKN Orlen\PI Vision\PKN Orlen\ZAKŁAD PRODUKCYJNY PŁOCK\RAFINERIA\PR03 BLOK PRZEROBU ROPY\DRW-IV|DR4.FC43354_OP.PV;"2026-07-19 06:01:03,143005";"51,9924545288086"
\\PIAF\PKN Orlen\PI Vision\PKN Orlen\ZAKŁAD PRODUKCYJNY PŁOCK\RAFINERIA\PR03 BLOK PRZEROBU ROPY\DRW-IV|DR4.FC43354_OP.PV;"2026-07-19 06:07:03,096008";"52,7493171691895"
\\PIAF\PKN Orlen\PI Vision\PKN Orlen\ZAKŁAD PRODUKCYJNY PŁOCK\RAFINERIA\PR03 BLOK PRZEROBU ROPY\DRW-IV|DR4.FC43354_OP.PV;"2026-07-19 06:24:53,128006";"53,1205902099609"
\\PIAF\PKN Orlen\PI Vision\PKN Orlen\ZAKŁAD PRODUKCYJNY PŁOCK\RAFINERIA\PR03 BLOK PRZEROBU ROPY\DRW-IV|DR4.FC43354_OP.PV;"2026-07-19 06:37:33,112";"52,9127006530762"
\\PIAF\PKN Orlen\PI Vision\PKN Orlen\ZAKŁAD PRODUKCYJNY PŁOCK\RAFINERIA\PR03 BLOK PRZEROBU ROPY\DRW-IV|DR4.FC43354_OP.PV;"2026-07-19 07:03:13,112015";"53,1791458129883"
\\PIAF\PKN Orlen\PI Vision\PKN Orlen\ZAKŁAD PRODUKCYJNY PŁOCK\RAFINERIA\PR03 BLOK PRZEROBU ROPY\DRW-IV|DR4.FC43354_OP.PV;"2026-07-19 07:37:08,096008";"53,179027557373"
\\PIAF\PKN Orlen\PI Vision\PKN Orlen\ZAKŁAD PRODUKCYJNY PŁOCK\RAFINERIA\PR03 BLOK PRZEROBU ROPY\DRW-IV|DR4.FC43354_OP.PV;"2026-07-19 08:00:23,159012";"53,3611373901367"
\\PIAF\PKN Orlen\PI Vision\PKN Orlen\ZAKŁAD PRODUKCYJNY PŁOCK\RAFINERIA\PR03 BLOK PRZEROBU ROPY\DRW-IV|DR4.FC43354_OP.PV;"2026-07-19 08:02:43,159012";"53,0267753601074"
\\PIAF\PKN Orlen\PI Vision\PKN Orlen\ZAKŁAD PRODUKCYJNY PŁOCK\RAFINERIA\PR03 BLOK PRZEROBU ROPY\DRW-IV|DR4.FC43354_OP.PV;"2026-07-19 08:21:43,143005";"53,4555435180664"
\\PIAF\PKN Orlen\PI Vision\PKN Orlen\ZAKŁAD PRODUKCYJNY PŁOCK\RAFINERIA\PR03 BLOK PRZEROBU ROPY\DRW-IV|DR4.FC43354_OP.PV;"2026-07-19 08:44:13,228012";"53,4106369018555"
\\PIAF\PKN Orlen\PI Vision\PKN Orlen\ZAKŁAD PRODUKCYJNY PŁOCK\RAFINERIA\PR03 BLOK PRZEROBU ROPY\DRW-IV|DR4.FC43354_OP.PV;"2026-07-19 08:59:48,212006";"53,4400024414063"
\\PIAF\PKN Orlen\PI Vision\PKN Orlen\ZAKŁAD PRODUKCYJNY PŁOCK\RAFINERIA\PR03 BLOK PRZEROBU ROPY\DRW-IV|DR4.FC43354_OP.PV;"2026-07-19 09:20:53,196014";"53,269832611084"
\\PIAF\PKN Orlen\PI Vision\PKN Orlen\ZAKŁAD PRODUKCYJNY PŁOCK\RAFINERIA\PR03 BLOK PRZEROBU ROPY\DRW-IV|DR4.FC43354_OP.PV;"2026-07-19 09:49:53,149002";"53,3873672485352"
\\PIAF\PKN Orlen\PI Vision\PKN Orlen\ZAKŁAD PRODUKCYJNY PŁOCK\RAFINERIA\PR03 BLOK PRZEROBU ROPY\DRW-IV|DR4.FC43354_OP.PV;"2026-07-19 09:53:53,228012";"52,8346977233887"
\\PIAF\PKN Orlen\PI Vision\PKN Orlen\ZAKŁAD PRODUKCYJNY PŁOCK\RAFINERIA\PR03 BLOK PRZEROBU ROPY\DRW-IV|DR4.FC43354_OP.PV;"2026-07-19 10:00:23,196014";"53,1447334289551"
\\PIAF\PKN Orlen\PI Vision\PKN Orlen\ZAKŁAD PRODUKCYJNY PŁOCK\RAFINERIA\PR03 BLOK PRZEROBU ROPY\DRW-IV|DR4.FC43354_OP.PV;"2026-07-19 10:06:53,228012";"53,2296333312988"
\\PIAF\PKN Orlen\PI Vision\PKN Orlen\ZAKŁAD PRODUKCYJNY PŁOCK\RAFINERIA\PR03 BLOK PRZEROBU ROPY\DRW-IV|DR4.FC43354_OP.PV;"2026-07-19 10:27:28,243011";"53,0679969787598"
\\PIAF\PKN Orlen\PI Vision\PKN Orlen\ZAKŁAD PRODUKCYJNY PŁOCK\RAFINERIA\PR03 BLOK PRZEROBU ROPY\DRW-IV|DR4.FC43354_OP.PV;"2026-07-19 10:35:38,181015";"53,0738677978516"
\\PIAF\PKN Orlen\PI Vision\PKN Orlen\ZAKŁAD PRODUKCYJNY PŁOCK\RAFINERIA\PR03 BLOK PRZEROBU ROPY\DRW-IV|DR4.FC43354_OP.PV;"2026-07-19 11:03:38,196014";"53,2793006896973"
\\PIAF\PKN Orlen\PI Vision\PKN Orlen\ZAKŁAD PRODUKCYJNY PŁOCK\RAFINERIA\PR03 BLOK PRZEROBU ROPY\DRW-IV|DR4.FC43354_OP.PV;"2026-07-19 11:12:48,181";"53,5015678405762"
\\PIAF\PKN Orlen\PI Vision\PKN Orlen\ZAKŁAD PRODUKCYJNY PŁOCK\RAFINERIA\PR03 BLOK PRZEROBU ROPY\DRW-IV|DR4.FC43354_OP.PV;"2026-07-19 11:34:58,196014";"53,3987312316895"
\\PIAF\PKN Orlen\PI Vision\PKN Orlen\ZAKŁAD PRODUKCYJNY PŁOCK\RAFINERIA\PR03 BLOK PRZEROBU ROPY\DRW-IV|DR4.FC43354_OP.PV;"2026-07-19 11:44:58,181";"53,5718612670898"
\\PIAF\PKN Orlen\PI Vision\PKN Orlen\ZAKŁAD PRODUKCYJNY PŁOCK\RAFINERIA\PR03 BLOK PRZEROBU ROPY\DRW-IV|DR4.FC43354_OP.PV;"2026-07-19 11:52:43,274002";"53,3878288269043"
\\PIAF\PKN Orlen\PI Vision\PKN Orlen\ZAKŁAD PRODUKCYJNY PŁOCK\RAFINERIA\PR03 BLOK PRZEROBU ROPY\DRW-IV|DR4.FC43354_OP.PV;"2026-07-19 11:58:13,181";"53,2678756713867"
\\PIAF\PKN Orlen\PI Vision\PKN Orlen\ZAKŁAD PRODUKCYJNY PŁOCK\RAFINERIA\PR03 BLOK PRZEROBU ROPY\DRW-IV|DR4.FC43354_OP.PV;"2026-07-19 12:02:43,150009";"53,722599029541"
\\PIAF\PKN Orlen\PI Vision\PKN Orlen\ZAKŁAD PRODUKCYJNY PŁOCK\RAFINERIA\PR03 BLOK PRZEROBU ROPY\DRW-IV|DR4.FC43354_OP.PV;"2026-07-19 12:11:48,228012";"53,1870536804199"
\\PIAF\PKN Orlen\PI Vision\PKN Orlen\ZAKŁAD PRODUKCYJNY PŁOCK\RAFINERIA\PR03 BLOK PRZEROBU ROPY\DRW-IV|DR4.FC43354_OP.PV;"2026-07-19 12:18:18,150009";"53,4036865234375"
\\PIAF\PKN Orlen\PI Vision\PKN Orlen\ZAKŁAD PRODUKCYJNY PŁOCK\RAFINERIA\PR03 BLOK PRZEROBU ROPY\DRW-IV|DR4.FC43354_OP.PV;"2026-07-19 12:23:23,212006";"52,7326354980469"
\\PIAF\PKN Orlen\PI Vision\PKN Orlen\ZAKŁAD PRODUKCYJNY PŁOCK\RAFINERIA\PR03 BLOK PRZEROBU ROPY\DRW-IV|DR4.FC43354_OP.PV;"2026-07-19 12:32:08,165008";"52,7091598510742"
\\PIAF\PKN Orlen\PI Vision\PKN Orlen\ZAKŁAD PRODUKCYJNY PŁOCK\RAFINERIA\PR03 BLOK PRZEROBU ROPY\DRW-IV|DR4.FC43354_OP.PV;"2026-07-19 12:46:38,212006";"53,1750984191895"
\\PIAF\PKN Orlen\PI Vision\PKN Orlen\ZAKŁAD PRODUKCYJNY PŁOCK\RAFINERIA\PR03 BLOK PRZEROBU ROPY\DRW-IV|DR4.FC43354_OP.PV;"2026-07-19 12:49:58,150009";"53,2930641174316"
\\PIAF\PKN Orlen\PI Vision\PKN Orlen\ZAKŁAD PRODUKCYJNY PŁOCK\RAFINERIA\PR03 BLOK PRZEROBU ROPY\DRW-IV|DR4.FC43354_OP.PV;"2026-07-19 12:53:33,196014";"52,6172981262207"
\\PIAF\PKN Orlen\PI Vision\PKN Orlen\ZAKŁAD PRODUKCYJNY PŁOCK\RAFINERIA\PR03 BLOK PRZEROBU ROPY\DRW-IV|DR4.FC43354_OP.PV;"2026-07-19 13:11:53,196014";"53,115306854248"
\\PIAF\PKN Orlen\PI Vision\PKN Orlen\ZAKŁAD PRODUKCYJNY PŁOCK\RAFINERIA\PR03 BLOK PRZEROBU ROPY\DRW-IV|DR4.FC43354_OP.PV;"2026-07-19 13:18:28,181";"53,2181243896484"
\\PIAF\PKN Orlen\PI Vision\PKN Orlen\ZAKŁAD PRODUKCYJNY PŁOCK\RAFINERIA\PR03 BLOK PRZEROBU ROPY\DRW-IV|DR4.FC43354_OP.PV;"2026-07-19 13:35:18,165008";"53,3358612060547"
\\PIAF\PKN Orlen\PI Vision\PKN Orlen\ZAKŁAD PRODUKCYJNY PŁOCK\RAFINERIA\PR03 BLOK PRZEROBU ROPY\DRW-IV|DR4.FC43354_OP.PV;"2026-07-19 13:56:03,103012";"53,1477508544922"
\\PIAF\PKN Orlen\PI Vision\PKN Orlen\ZAKŁAD PRODUKCYJNY PŁOCK\RAFINERIA\PR03 BLOK PRZEROBU ROPY\DRW-IV|DR4.FC43354_OP.PV;"2026-07-19 14:01:13,195999";"53,4642677307129"
\\PIAF\PKN Orlen\PI Vision\PKN Orlen\ZAKŁAD PRODUKCYJNY PŁOCK\RAFINERIA\PR03 BLOK PRZEROBU ROPY\DRW-IV|DR4.FC43354_OP.PV;"2026-07-19 14:19:53,118011";"53,684928894043"
\\PIAF\PKN Orlen\PI Vision\PKN Orlen\ZAKŁAD PRODUKCYJNY PŁOCK\RAFINERIA\PR03 BLOK PRZEROBU ROPY\DRW-IV|DR4.FC43354_OP.PV;"2026-07-19 14:27:38,150009";"53,3578948974609"
\\PIAF\PKN Orlen\PI Vision\PKN Orlen\ZAKŁAD PRODUKCYJNY PŁOCK\RAFINERIA\PR03 BLOK PRZEROBU ROPY\DRW-IV|DR4.FC43354_OP.PV;"2026-07-19 14:36:03,165008";"53,5987548828125"
\\PIAF\PKN Orlen\PI Vision\PKN Orlen\ZAKŁAD PRODUKCYJNY PŁOCK\RAFINERIA\PR03 BLOK PRZEROBU ROPY\DRW-IV|DR4.FC43354_OP.PV;"2026-07-19 14:42:18,118011";"53,4012031555176"
\\PIAF\PKN Orlen\PI Vision\PKN Orlen\ZAKŁAD PRODUKCYJNY PŁOCK\RAFINERIA\PR03 BLOK PRZEROBU ROPY\DRW-IV|DR4.FC43354_OP.PV;"2026-07-19 14:46:23,181";"52,8583908081055"
\\PIAF\PKN Orlen\PI Vision\PKN Orlen\ZAKŁAD PRODUKCYJNY PŁOCK\RAFINERIA\PR03 BLOK PRZEROBU ROPY\DRW-IV|DR4.FC43354_OP.PV;"2026-07-19 14:52:33,212006";"53,5483665466309"
\\PIAF\PKN Orlen\PI Vision\PKN Orlen\ZAKŁAD PRODUKCYJNY PŁOCK\RAFINERIA\PR03 BLOK PRZEROBU ROPY\DRW-IV|DR4.FC43354_OP.PV;"2026-07-19 14:59:23,195999";"53,1119079589844"
\\PIAF\PKN Orlen\PI Vision\PKN Orlen\ZAKŁAD PRODUKCYJNY PŁOCK\RAFINERIA\PR03 BLOK PRZEROBU ROPY\DRW-IV|DR4.FC43354_OP.PV;"2026-07-19 15:05:53,228012";"53,427360534668"
\\PIAF\PKN Orlen\PI Vision\PKN Orlen\ZAKŁAD PRODUKCYJNY PŁOCK\RAFINERIA\PR03 BLOK PRZEROBU ROPY\DRW-IV|DR4.FC43354_OP.PV;"2026-07-19 15:20:43,165008";"53,2998428344727"
\\PIAF\PKN Orlen\PI Vision\PKN Orlen\ZAKŁAD PRODUKCYJNY PŁOCK\RAFINERIA\PR03 BLOK PRZEROBU ROPY\DRW-IV|DR4.FC43354_OP.PV;"2026-07-19 15:38:23,103012";"53,4087982177734"
\\PIAF\PKN Orlen\PI Vision\PKN Orlen\ZAKŁAD PRODUKCYJNY PŁOCK\RAFINERIA\PR03 BLOK PRZEROBU ROPY\DRW-IV|DR4.FC43354_OP.PV;"2026-07-19 16:08:38,150009";"53,3675651550293"
\\PIAF\PKN Orlen\PI Vision\PKN Orlen\ZAKŁAD PRODUKCYJNY PŁOCK\RAFINERIA\PR03 BLOK PRZEROBU ROPY\DRW-IV|DR4.FC43354_OP.PV;"2026-07-19 16:39:38,103012";"53,0648155212402"
\\PIAF\PKN Orlen\PI Vision\PKN Orlen\ZAKŁAD PRODUKCYJNY PŁOCK\RAFINERIA\PR03 BLOK PRZEROBU ROPY\DRW-IV|DR4.FC43354_OP.PV;"2026-07-19 16:43:08,165008";"53,4751968383789"
\\PIAF\PKN Orlen\PI Vision\PKN Orlen\ZAKŁAD PRODUKCYJNY PŁOCK\RAFINERIA\PR03 BLOK PRZEROBU ROPY\DRW-IV|DR4.FC43354_OP.PV;"2026-07-19 16:55:03,165008";"53,1503791809082"
\\PIAF\PKN Orlen\PI Vision\PKN Orlen\ZAKŁAD PRODUKCYJNY PŁOCK\RAFINERIA\PR03 BLOK PRZEROBU ROPY\DRW-IV|DR4.FC43354_OP.PV;"2026-07-19 17:29:43,196014";"53,048225402832"
\\PIAF\PKN Orlen\PI Vision\PKN Orlen\ZAKŁAD PRODUKCYJNY PŁOCK\RAFINERIA\PR03 BLOK PRZEROBU ROPY\DRW-IV|DR4.FC43354_OP.PV;"2026-07-19 17:32:58,118011";"52,7163352966309"
\\PIAF\PKN Orlen\PI Vision\PKN Orlen\ZAKŁAD PRODUKCYJNY PŁOCK\RAFINERIA\PR03 BLOK PRZEROBU ROPY\DRW-IV|DR4.FC43354_OP.PV;"2026-07-19 17:42:18,071014";"52,6091232299805"
\\PIAF\PKN Orlen\PI Vision\PKN Orlen\ZAKŁAD PRODUKCYJNY PŁOCK\RAFINERIA\PR03 BLOK PRZEROBU ROPY\DRW-IV|DR4.FC43354_OP.PV;"2026-07-19 17:47:08,165008";"52,0569839477539"
\\PIAF\PKN Orlen\PI Vision\PKN Orlen\ZAKŁAD PRODUKCYJNY PŁOCK\RAFINERIA\PR03 BLOK PRZEROBU ROPY\DRW-IV|DR4.FC43354_OP.PV;"2026-07-19 17:58:33,156006";"52,0616912841797"
\\PIAF\PKN Orlen\PI Vision\PKN Orlen\ZAKŁAD PRODUKCYJNY PŁOCK\RAFINERIA\PR03 BLOK PRZEROBU ROPY\DRW-IV|DR4.FC43354_OP.PV;"2026-07-19 18:02:03,203003";"51,7289237976074"
\\PIAF\PKN Orlen\PI Vision\PKN Orlen\ZAKŁAD PRODUKCYJNY PŁOCK\RAFINERIA\PR03 BLOK PRZEROBU ROPY\DRW-IV|DR4.FC43354_OP.PV;"2026-07-19 18:12:08,218002";"51,9681663513184"
\\PIAF\PKN Orlen\PI Vision\PKN Orlen\ZAKŁAD PRODUKCYJNY PŁOCK\RAFINERIA\PR03 BLOK PRZEROBU ROPY\DRW-IV|DR4.FC43354_OP.PV;"2026-07-19 18:17:28,203003";"51,2478065490723"
\\PIAF\PKN Orlen\PI Vision\PKN Orlen\ZAKŁAD PRODUKCYJNY PŁOCK\RAFINERIA\PR03 BLOK PRZEROBU ROPY\DRW-IV|DR4.FC43354_OP.PV;"2026-07-19 18:25:23,218002";"52,1158752441406"
\\PIAF\PKN Orlen\PI Vision\PKN Orlen\ZAKŁAD PRODUKCYJNY PŁOCK\RAFINERIA\PR03 BLOK PRZEROBU ROPY\DRW-IV|DR4.FC43354_OP.PV;"2026-07-19 18:44:08,171005";"51,7895584106445"
\\PIAF\PKN Orlen\PI Vision\PKN Orlen\ZAKŁAD PRODUKCYJNY PŁOCK\RAFINERIA\PR03 BLOK PRZEROBU ROPY\DRW-IV|DR4.FC43354_OP.PV;"2026-07-19 18:51:13,218002";"52,3543434143066"
\\PIAF\PKN Orlen\PI Vision\PKN Orlen\ZAKŁAD PRODUKCYJNY PŁOCK\RAFINERIA\PR03 BLOK PRZEROBU ROPY\DRW-IV|DR4.FC43354_OP.PV;"2026-07-19 19:00:58,203003";"52,5648918151855"
\\PIAF\PKN Orlen\PI Vision\PKN Orlen\ZAKŁAD PRODUKCYJNY PŁOCK\RAFINERIA\PR03 BLOK PRZEROBU ROPY\DRW-IV|DR4.FC43354_OP.PV;"2026-07-19 19:07:23,203003";"52,4542236328125"
\\PIAF\PKN Orlen\PI Vision\PKN Orlen\ZAKŁAD PRODUKCYJNY PŁOCK\RAFINERIA\PR03 BLOK PRZEROBU ROPY\DRW-IV|DR4.FC43354_OP.PV;"2026-07-19 19:14:43,203003";"52,5558128356934"
\\PIAF\PKN Orlen\PI Vision\PKN Orlen\ZAKŁAD PRODUKCYJNY PŁOCK\RAFINERIA\PR03 BLOK PRZEROBU ROPY\DRW-IV|DR4.FC43354_OP.PV;"2026-07-19 19:51:18,156006";"52,0316390991211"
\\PIAF\PKN Orlen\PI Vision\PKN Orlen\ZAKŁAD PRODUKCYJNY PŁOCK\RAFINERIA\PR03 BLOK PRZEROBU ROPY\DRW-IV|DR4.FC43354_OP.PV;"2026-07-19 20:04:43,218002";"52,3107299804688"
\\PIAF\PKN Orlen\PI Vision\PKN Orlen\ZAKŁAD PRODUKCYJNY PŁOCK\RAFINERIA\PR03 BLOK PRZEROBU ROPY\DRW-IV|DR4.FC43354_OP.PV;"2026-07-19 20:13:08,249008";"51,8234710693359"
\\PIAF\PKN Orlen\PI Vision\PKN Orlen\ZAKŁAD PRODUKCYJNY PŁOCK\RAFINERIA\PR03 BLOK PRZEROBU ROPY\DRW-IV|DR4.FC43354_OP.PV;"2026-07-19 20:29:53,25";"51,7007026672363"
\\PIAF\PKN Orlen\PI Vision\PKN Orlen\ZAKŁAD PRODUKCYJNY PŁOCK\RAFINERIA\PR03 BLOK PRZEROBU ROPY\DRW-IV|DR4.FC43354_OP.PV;"2026-07-19 20:52:43,139999";"51,6002769470215"
\\PIAF\PKN Orlen\PI Vision\PKN Orlen\ZAKŁAD PRODUKCYJNY PŁOCK\RAFINERIA\PR03 BLOK PRZEROBU ROPY\DRW-IV|DR4.FC43354_OP.PV;"2026-07-19 21:46:03,171005";"51,4350280761719"
\\PIAF\PKN Orlen\PI Vision\PKN Orlen\ZAKŁAD PRODUKCYJNY PŁOCK\RAFINERIA\PR03 BLOK PRZEROBU ROPY\DRW-IV|DR4.FC43354_OP.PV;"2026-07-19 21:53:13,156006";"51,8666572570801"
\\PIAF\PKN Orlen\PI Vision\PKN Orlen\ZAKŁAD PRODUKCYJNY PŁOCK\RAFINERIA\PR03 BLOK PRZEROBU ROPY\DRW-IV|DR4.FC43354_OP.PV;"2026-07-19 22:04:13,140014";"51,7639427185059"
\\PIAF\PKN Orlen\PI Vision\PKN Orlen\ZAKŁAD PRODUKCYJNY PŁOCK\RAFINERIA\PR03 BLOK PRZEROBU ROPY\DRW-IV|DR4.FC43354_OP.PV;"2026-07-19 22:11:03,203003";"52,2843627929688"
\\PIAF\PKN Orlen\PI Vision\PKN Orlen\ZAKŁAD PRODUKCYJNY PŁOCK\RAFINERIA\PR03 BLOK PRZEROBU ROPY\DRW-IV|DR4.FC43354_OP.PV;"2026-07-19 22:26:03,187011";"52,0624008178711"
\\PIAF\PKN Orlen\PI Vision\PKN Orlen\ZAKŁAD PRODUKCYJNY PŁOCK\RAFINERIA\PR03 BLOK PRZEROBU ROPY\DRW-IV|DR4.FC43354_OP.PV;"2026-07-19 22:30:58,109009";"52,7062644958496"
\\PIAF\PKN Orlen\PI Vision\PKN Orlen\ZAKŁAD PRODUKCYJNY PŁOCK\RAFINERIA\PR03 BLOK PRZEROBU ROPY\DRW-IV|DR4.FC43354_OP.PV;"2026-07-19 22:35:53,125015";"52,2370414733887"
\\PIAF\PKN Orlen\PI Vision\PKN Orlen\ZAKŁAD PRODUKCYJNY PŁOCK\RAFINERIA\PR03 BLOK PRZEROBU ROPY\DRW-IV|DR4.FC43354_OP.PV;"2026-07-19 22:39:13,218002";"51,5799560546875"
\\PIAF\PKN Orlen\PI Vision\PKN Orlen\ZAKŁAD PRODUKCYJNY PŁOCK\RAFINERIA\PR03 BLOK PRZEROBU ROPY\DRW-IV|DR4.FC43354_OP.PV;"2026-07-19 22:44:28,156006";"51,8000068664551"
\\PIAF\PKN Orlen\PI Vision\PKN Orlen\ZAKŁAD PRODUKCYJNY PŁOCK\RAFINERIA\PR03 BLOK PRZEROBU ROPY\DRW-IV|DR4.FC43354_OP.PV;"2026-07-19 22:48:43,124008";"52,0483741760254"
\\PIAF\PKN Orlen\PI Vision\PKN Orlen\ZAKŁAD PRODUKCYJNY PŁOCK\RAFINERIA\PR03 BLOK PRZEROBU ROPY\DRW-IV|DR4.FC43354_OP.PV;"2026-07-19 22:55:58,156006";"50,7870140075684"
\\PIAF\PKN Orlen\PI Vision\PKN Orlen\ZAKŁAD PRODUKCYJNY PŁOCK\RAFINERIA\PR03 BLOK PRZEROBU ROPY\DRW-IV|DR4.FC43354_OP.PV;"2026-07-19 23:16:08,187011";"51,1203804016113"
\\PIAF\PKN Orlen\PI Vision\PKN Orlen\ZAKŁAD PRODUKCYJNY PŁOCK\RAFINERIA\PR03 BLOK PRZEROBU ROPY\DRW-IV|DR4.FC43354_OP.PV;"2026-07-19 23:20:23,187011";"51,5783157348633"
\\PIAF\PKN Orlen\PI Vision\PKN Orlen\ZAKŁAD PRODUKCYJNY PŁOCK\RAFINERIA\PR03 BLOK PRZEROBU ROPY\DRW-IV|DR4.FC43354_OP.PV;"2026-07-19 23:33:23,171005";"51,1676979064941"
\\PIAF\PKN Orlen\PI Vision\PKN Orlen\ZAKŁAD PRODUKCYJNY PŁOCK\RAFINERIA\PR03 BLOK PRZEROBU ROPY\DRW-IV|DR4.FC43354_OP.PV;"2026-07-19 23:39:43,203003";"51,5552978515625"
\\PIAF\PKN Orlen\PI Vision\PKN Orlen\ZAKŁAD PRODUKCYJNY PŁOCK\RAFINERIA\PR03 BLOK PRZEROBU ROPY\DRW-IV|DR4.FC43354_OP.PV;"2026-07-19 23:44:28,156006";"52,2479019165039"
\\PIAF\PKN Orlen\PI Vision\PKN Orlen\ZAKŁAD PRODUKCYJNY PŁOCK\RAFINERIA\PR03 BLOK PRZEROBU ROPY\DRW-IV|DR4.FC43354_OP.PV;"2026-07-19 23:53:38,140014";"51,5956840515137"
\\PIAF\PKN Orlen\PI Vision\PKN Orlen\ZAKŁAD PRODUKCYJNY PŁOCK\RAFINERIA\PR03 BLOK PRZEROBU ROPY\DRW-IV|DR4.FC43354_OP.PV;"2026-07-19 23:59:58,171005";"52,1106605529785"
\\PIAF\PKN Orlen\PI Vision\PKN Orlen\ZAKŁAD PRODUKCYJNY PŁOCK\RAFINERIA\PR03 BLOK PRZEROBU ROPY\DRW-IV|DR4.FC43354_OP.PV;"2026-07-20 00:05:08,093002";"52,2690391540527"
\\PIAF\PKN Orlen\PI Vision\PKN Orlen\ZAKŁAD PRODUKCYJNY PŁOCK\RAFINERIA\PR03 BLOK PRZEROBU ROPY\DRW-IV|DR4.FC43354_OP.PV;"2026-07-20 00:12:03,171005";"51,1136283874512"
\\PIAF\PKN Orlen\PI Vision\PKN Orlen\ZAKŁAD PRODUKCYJNY PŁOCK\RAFINERIA\PR03 BLOK PRZEROBU ROPY\DRW-IV|DR4.FC43354_OP.PV;"2026-07-20 00:18:43,093002";"51,887622833252"
\\PIAF\PKN Orlen\PI Vision\PKN Orlen\ZAKŁAD PRODUKCYJNY PŁOCK\RAFINERIA\PR03 BLOK PRZEROBU ROPY\DRW-IV|DR4.FC43354_OP.PV;"2026-07-20 00:27:18,109009";"51,7869567871094"
\\PIAF\PKN Orlen\PI Vision\PKN Orlen\ZAKŁAD PRODUKCYJNY PŁOCK\RAFINERIA\PR03 BLOK PRZEROBU ROPY\DRW-IV|DR4.FC43354_OP.PV;"2026-07-20 00:38:38,093002";"52,0164604187012"
\\PIAF\PKN Orlen\PI Vision\PKN Orlen\ZAKŁAD PRODUKCYJNY PŁOCK\RAFINERIA\PR03 BLOK PRZEROBU ROPY\DRW-IV|DR4.FC43354_OP.PV;"2026-07-20 00:44:13,109009";"51,5702743530273"
\\PIAF\PKN Orlen\PI Vision\PKN Orlen\ZAKŁAD PRODUKCYJNY PŁOCK\RAFINERIA\PR03 BLOK PRZEROBU ROPY\DRW-IV|DR4.FC43354_OP.PV;"2026-07-20 00:51:33,171005";"52,1026878356934"
\\PIAF\PKN Orlen\PI Vision\PKN Orlen\ZAKŁAD PRODUKCYJNY PŁOCK\RAFINERIA\PR03 BLOK PRZEROBU ROPY\DRW-IV|DR4.FC43354_OP.PV;"2026-07-20 01:05:13,187011";"51,7966766357422"
\\PIAF\PKN Orlen\PI Vision\PKN Orlen\ZAKŁAD PRODUKCYJNY PŁOCK\RAFINERIA\PR03 BLOK PRZEROBU ROPY\DRW-IV|DR4.FC43354_OP.PV;"2026-07-20 01:11:23,093002";"52,0007095336914"
\\PIAF\PKN Orlen\PI Vision\PKN Orlen\ZAKŁAD PRODUKCYJNY PŁOCK\RAFINERIA\PR03 BLOK PRZEROBU ROPY\DRW-IV|DR4.FC43354_OP.PV;"2026-07-20 01:16:03,187011";"51,3256912231445"
\\PIAF\PKN Orlen\PI Vision\PKN Orlen\ZAKŁAD PRODUKCYJNY PŁOCK\RAFINERIA\PR03 BLOK PRZEROBU ROPY\DRW-IV|DR4.FC43354_OP.PV;"2026-07-20 01:25:43,187011";"51,6558685302734"
\\PIAF\PKN Orlen\PI Vision\PKN Orlen\ZAKŁAD PRODUKCYJNY PŁOCK\RAFINERIA\PR03 BLOK PRZEROBU ROPY\DRW-IV|DR4.FC43354_OP.PV;"2026-07-20 01:28:33,187011";"51,2059593200684"
\\PIAF\PKN Orlen\PI Vision\PKN Orlen\ZAKŁAD PRODUKCYJNY PŁOCK\RAFINERIA\PR03 BLOK PRZEROBU ROPY\DRW-IV|DR4.FC43354_OP.PV;"2026-07-20 01:40:48,139999";"51,5231971740723"
\\PIAF\PKN Orlen\PI Vision\PKN Orlen\ZAKŁAD PRODUKCYJNY PŁOCK\RAFINERIA\PR03 BLOK PRZEROBU ROPY\DRW-IV|DR4.FC43354_OP.PV;"2026-07-20 01:47:33,125";"50,8708610534668"
\\PIAF\PKN Orlen\PI Vision\PKN Orlen\ZAKŁAD PRODUKCYJNY PŁOCK\RAFINERIA\PR03 BLOK PRZEROBU ROPY\DRW-IV|DR4.FC43354_OP.PV;"2026-07-20 01:58:33,171005";"51,0604705810547"
\\PIAF\PKN Orlen\PI Vision\PKN Orlen\ZAKŁAD PRODUKCYJNY PŁOCK\RAFINERIA\PR03 BLOK PRZEROBU ROPY\DRW-IV|DR4.FC43354_OP.PV;"2026-07-20 02:57:53,109009";"51,0987739562988"
\\PIAF\PKN Orlen\PI Vision\PKN Orlen\ZAKŁAD PRODUKCYJNY PŁOCK\RAFINERIA\PR03 BLOK PRZEROBU ROPY\DRW-IV|DR4.FC43354_OP.PV;"2026-07-20 03:05:48,124008";"50,9849586486816"
\\PIAF\PKN Orlen\PI Vision\PKN Orlen\ZAKŁAD PRODUKCYJNY PŁOCK\RAFINERIA\PR03 BLOK PRZEROBU ROPY\DRW-IV|DR4.FC43354_OP.PV;"2026-07-20 03:09:33,109009";"51,3026275634766"
\\PIAF\PKN Orlen\PI Vision\PKN Orlen\ZAKŁAD PRODUKCYJNY PŁOCK\RAFINERIA\PR03 BLOK PRZEROBU ROPY\DRW-IV|DR4.FC43354_OP.PV;"2026-07-20 03:21:13,209015";"51,1707458496094"
\\PIAF\PKN Orlen\PI Vision\PKN Orlen\ZAKŁAD PRODUKCYJNY PŁOCK\RAFINERIA\PR03 BLOK PRZEROBU ROPY\DRW-IV|DR4.FC43354_OP.PV;"2026-07-20 04:01:33,193008";"50,6302185058594"
\\PIAF\PKN Orlen\PI Vision\PKN Orlen\ZAKŁAD PRODUKCYJNY PŁOCK\RAFINERIA\PR03 BLOK PRZEROBU ROPY\DRW-IV|DR4.FC43354_OP.PV;"2026-07-20 04:17:43,193008";"50,3995895385742"
\\PIAF\PKN Orlen\PI Vision\PKN Orlen\ZAKŁAD PRODUKCYJNY PŁOCK\RAFINERIA\PR03 BLOK PRZEROBU ROPY\DRW-IV|DR4.FC43354_OP.PV;"2026-07-20 04:24:38,162002";"50,5076179504395"
\\PIAF\PKN Orlen\PI Vision\PKN Orlen\ZAKŁAD PRODUKCYJNY PŁOCK\RAFINERIA\PR03 BLOK PRZEROBU ROPY\DRW-IV|DR4.FC43354_OP.PV;"2026-07-20 04:28:03,240005";"50,1537170410156"
\\PIAF\PKN Orlen\PI Vision\PKN Orlen\ZAKŁAD PRODUKCYJNY PŁOCK\RAFINERIA\PR03 BLOK PRZEROBU ROPY\DRW-IV|DR4.FC43354_OP.PV;"2026-07-20 04:47:43,240005";"50,4283294677734"
\\PIAF\PKN Orlen\PI Vision\PKN Orlen\ZAKŁAD PRODUKCYJNY PŁOCK\RAFINERIA\PR03 BLOK PRZEROBU ROPY\DRW-IV|DR4.FC43354_OP.PV;"2026-07-20 05:02:08,225006";"50,6375503540039"
\\PIAF\PKN Orlen\PI Vision\PKN Orlen\ZAKŁAD PRODUKCYJNY PŁOCK\RAFINERIA\PR03 BLOK PRZEROBU ROPY\DRW-IV|DR4.FC43354_OP.PV;"2026-07-20 05:18:18,209";"50,4161148071289"
\\PIAF\PKN Orlen\PI Vision\PKN Orlen\ZAKŁAD PRODUKCYJNY PŁOCK\RAFINERIA\PR03 BLOK PRZEROBU ROPY\DRW-IV|DR4.FC43354_OP.PV;"2026-07-20 05:35:58,209015";"50,5214996337891"
\\PIAF\PKN Orlen\PI Vision\PKN Orlen\ZAKŁAD PRODUKCYJNY PŁOCK\RAFINERIA\PR03 BLOK PRZEROBU ROPY\DRW-IV|DR4.FC43354_OP.PV;"2026-07-20 05:44:23,146011";"50,5537567138672"
\\PIAF\PKN Orlen\PI Vision\PKN Orlen\ZAKŁAD PRODUKCYJNY PŁOCK\RAFINERIA\PR03 BLOK PRZEROBU ROPY\DRW-IV|DR4.FC43354_OP.PV;"2026-07-20 06:00:23,178009";"50,2163429260254"
\\PIAF\PKN Orlen\PI Vision\PKN Orlen\ZAKŁAD PRODUKCYJNY PŁOCK\RAFINERIA\PR03 BLOK PRZEROBU ROPY\DRW-IV|DR4.FC43354_OP.PV;"2026-07-20 06:08:53,162002";"50,6566581726074"
\\PIAF\PKN Orlen\PI Vision\PKN Orlen\ZAKŁAD PRODUKCYJNY PŁOCK\RAFINERIA\PR03 BLOK PRZEROBU ROPY\DRW-IV|DR4.FC43354_OP.PV;"2026-07-20 06:26:43,209015";"50,2664642333984"
\\PIAF\PKN Orlen\PI Vision\PKN Orlen\ZAKŁAD PRODUKCYJNY PŁOCK\RAFINERIA\PR03 BLOK PRZEROBU ROPY\DRW-IV|DR4.FC43354_OP.PV;"2026-07-20 07:00:43,146011";"50,2412490844727"
\\PIAF\PKN Orlen\PI Vision\PKN Orlen\ZAKŁAD PRODUKCYJNY PŁOCK\RAFINERIA\PR03 BLOK PRZEROBU ROPY\DRW-IV|DR4.FC43354_OP.PV;"2026-07-20 07:14:03,146011";"50,4301300048828"
\\PIAF\PKN Orlen\PI Vision\PKN Orlen\ZAKŁAD PRODUKCYJNY PŁOCK\RAFINERIA\PR03 BLOK PRZEROBU ROPY\DRW-IV|DR4.FC43354_OP.PV;"2026-07-20 07:28:23,178009";"50,6080436706543"
\\PIAF\PKN Orlen\PI Vision\PKN Orlen\ZAKŁAD PRODUKCYJNY PŁOCK\RAFINERIA\PR03 BLOK PRZEROBU ROPY\DRW-IV|DR4.FC43354_OP.PV;"2026-07-20 07:31:38,115005";"50,9853897094727"
\\PIAF\PKN Orlen\PI Vision\PKN Orlen\ZAKŁAD PRODUKCYJNY PŁOCK\RAFINERIA\PR03 BLOK PRZEROBU ROPY\DRW-IV|DR4.FC43354_OP.PV;"2026-07-20 07:36:58,193008";"50,6553916931152"
\\PIAF\PKN Orlen\PI Vision\PKN Orlen\ZAKŁAD PRODUKCYJNY PŁOCK\RAFINERIA\PR03 BLOK PRZEROBU ROPY\DRW-IV|DR4.FC43354_OP.PV;"2026-07-20 07:48:38,162002";"50,8667411804199"
\\PIAF\PKN Orlen\PI Vision\PKN Orlen\ZAKŁAD PRODUKCYJNY PŁOCK\RAFINERIA\PR03 BLOK PRZEROBU ROPY\DRW-IV|DR4.FC43354_OP.PV;"2026-07-20 07:54:48,131012";"50,75244140625"
\\PIAF\PKN Orlen\PI Vision\PKN Orlen\ZAKŁAD PRODUKCYJNY PŁOCK\RAFINERIA\PR03 BLOK PRZEROBU ROPY\DRW-IV|DR4.FC43354_OP.PV;"2026-07-20 07:59:53,209015";"51,1925201416016"
\\PIAF\PKN Orlen\PI Vision\PKN Orlen\ZAKŁAD PRODUKCYJNY PŁOCK\RAFINERIA\PR03 BLOK PRZEROBU ROPY\DRW-IV|DR4.FC43354_OP.PV;"2026-07-20 08:06:53,162002";"50,8725242614746"
\\PIAF\PKN Orlen\PI Vision\PKN Orlen\ZAKŁAD PRODUKCYJNY PŁOCK\RAFINERIA\PR03 BLOK PRZEROBU ROPY\DRW-IV|DR4.FC43354_OP.PV;"2026-07-20 08:26:48,162002";"50,857063293457"
\\PIAF\PKN Orlen\PI Vision\PKN Orlen\ZAKŁAD PRODUKCYJNY PŁOCK\RAFINERIA\PR03 BLOK PRZEROBU ROPY\DRW-IV|DR4.FC43354_OP.PV;"2026-07-20 08:38:53,193008";"50,5075798034668"
\\PIAF\PKN Orlen\PI Vision\PKN Orlen\ZAKŁAD PRODUKCYJNY PŁOCK\RAFINERIA\PR03 BLOK PRZEROBU ROPY\DRW-IV|DR4.FC43354_OP.PV;"2026-07-20 08:45:03,162002";"51,2050933837891"
\\PIAF\PKN Orlen\PI Vision\PKN Orlen\ZAKŁAD PRODUKCYJNY PŁOCK\RAFINERIA\PR03 BLOK PRZEROBU ROPY\DRW-IV|DR4.FC43354_OP.PV;"2026-07-20 08:56:53,131012";"50,6192893981934"
\\PIAF\PKN Orlen\PI Vision\PKN Orlen\ZAKŁAD PRODUKCYJNY PŁOCK\RAFINERIA\PR03 BLOK PRZEROBU ROPY\DRW-IV|DR4.FC43354_OP.PV;"2026-07-20 09:00:18,115005";"51,1849365234375"
\\PIAF\PKN Orlen\PI Vision\PKN Orlen\ZAKŁAD PRODUKCYJNY PŁOCK\RAFINERIA\PR03 BLOK PRZEROBU ROPY\DRW-IV|DR4.FC43354_OP.PV;"2026-07-20 09:06:33,178009";"50,6321601867676"
\\PIAF\PKN Orlen\PI Vision\PKN Orlen\ZAKŁAD PRODUKCYJNY PŁOCK\RAFINERIA\PR03 BLOK PRZEROBU ROPY\DRW-IV|DR4.FC43354_OP.PV;"2026-07-20 09:09:23,146011";"50,2981262207031"
\\PIAF\PKN Orlen\PI Vision\PKN Orlen\ZAKŁAD PRODUKCYJNY PŁOCK\RAFINERIA\PR03 BLOK PRZEROBU ROPY\DRW-IV|DR4.FC43354_OP.PV;"2026-07-20 09:20:08,162002";"50,8342399597168"
\\PIAF\PKN Orlen\PI Vision\PKN Orlen\ZAKŁAD PRODUKCYJNY PŁOCK\RAFINERIA\PR03 BLOK PRZEROBU ROPY\DRW-IV|DR4.FC43354_OP.PV;"2026-07-20 09:22:58,131012";"51,2624359130859"
\\PIAF\PKN Orlen\PI Vision\PKN Orlen\ZAKŁAD PRODUKCYJNY PŁOCK\RAFINERIA\PR03 BLOK PRZEROBU ROPY\DRW-IV|DR4.FC43354_OP.PV;"2026-07-20 09:28:18,193008";"50,7167739868164"
\\PIAF\PKN Orlen\PI Vision\PKN Orlen\ZAKŁAD PRODUKCYJNY PŁOCK\RAFINERIA\PR03 BLOK PRZEROBU ROPY\DRW-IV|DR4.FC43354_OP.PV;"2026-07-20 09:40:53,162002";"50,9288902282715"
\\PIAF\PKN Orlen\PI Vision\PKN Orlen\ZAKŁAD PRODUKCYJNY PŁOCK\RAFINERIA\PR03 BLOK PRZEROBU ROPY\DRW-IV|DR4.FC43354_OP.PV;"2026-07-20 09:59:18,115005";"50,7189178466797"
\\PIAF\PKN Orlen\PI Vision\PKN Orlen\ZAKŁAD PRODUKCYJNY PŁOCK\RAFINERIA\PR03 BLOK PRZEROBU ROPY\DRW-IV|DR4.FC43354_OP.PV;"2026-07-20 10:03:03,225006";"51,1570587158203"
\\PIAF\PKN Orlen\PI Vision\PKN Orlen\ZAKŁAD PRODUKCYJNY PŁOCK\RAFINERIA\PR03 BLOK PRZEROBU ROPY\DRW-IV|DR4.FC43354_OP.PV;"2026-07-20 10:14:08,100006";"51,0683822631836"
\\PIAF\PKN Orlen\PI Vision\PKN Orlen\ZAKŁAD PRODUKCYJNY PŁOCK\RAFINERIA\PR03 BLOK PRZEROBU ROPY\DRW-IV|DR4.FC43354_OP.PV;"2026-07-20 10:18:03,193008";"51,3840560913086"
\\PIAF\PKN Orlen\PI Vision\PKN Orlen\ZAKŁAD PRODUKCYJNY PŁOCK\RAFINERIA\PR03 BLOK PRZEROBU ROPY\DRW-IV|DR4.FC43354_OP.PV;"2026-07-20 10:25:28,193008";"50,9375762939453"
\\PIAF\PKN Orlen\PI Vision\PKN Orlen\ZAKŁAD PRODUKCYJNY PŁOCK\RAFINERIA\PR03 BLOK PRZEROBU ROPY\DRW-IV|DR4.FC43354_OP.PV;"2026-07-20 10:28:53,162002";"50,4434661865234"
\\PIAF\PKN Orlen\PI Vision\PKN Orlen\ZAKŁAD PRODUKCYJNY PŁOCK\RAFINERIA\PR03 BLOK PRZEROBU ROPY\DRW-IV|DR4.FC43354_OP.PV;"2026-07-20 10:49:23,084";"51,1011123657227"
\\PIAF\PKN Orlen\PI Vision\PKN Orlen\ZAKŁAD PRODUKCYJNY PŁOCK\RAFINERIA\PR03 BLOK PRZEROBU ROPY\DRW-IV|DR4.FC43354_OP.PV;"2026-07-20 11:00:03,099014";"50,5729637145996"
\\PIAF\PKN Orlen\PI Vision\PKN Orlen\ZAKŁAD PRODUKCYJNY PŁOCK\RAFINERIA\PR03 BLOK PRZEROBU ROPY\DRW-IV|DR4.FC43354_OP.PV;"2026-07-20 11:11:48,178009";"50,5715026855469"
\\PIAF\PKN Orlen\PI Vision\PKN Orlen\ZAKŁAD PRODUKCYJNY PŁOCK\RAFINERIA\PR03 BLOK PRZEROBU ROPY\DRW-IV|DR4.FC43354_OP.PV;"2026-07-20 11:29:48,162002";"50,6433639526367"
\\PIAF\PKN Orlen\PI Vision\PKN Orlen\ZAKŁAD PRODUKCYJNY PŁOCK\RAFINERIA\PR03 BLOK PRZEROBU ROPY\DRW-IV|DR4.FC43354_OP.PV;"2026-07-20 11:37:38,084015";"50,446361541748"
\\PIAF\PKN Orlen\PI Vision\PKN Orlen\ZAKŁAD PRODUKCYJNY PŁOCK\RAFINERIA\PR03 BLOK PRZEROBU ROPY\DRW-IV|DR4.FC43354_OP.PV;"2026-07-20 11:41:48,146011";"49,9803581237793"
\\PIAF\PKN Orlen\PI Vision\PKN Orlen\ZAKŁAD PRODUKCYJNY PŁOCK\RAFINERIA\PR03 BLOK PRZEROBU ROPY\DRW-IV|DR4.FC43354_OP.PV;"2026-07-20 11:53:48,084015";"50,2871170043945"
\\PIAF\PKN Orlen\PI Vision\PKN Orlen\ZAKŁAD PRODUKCYJNY PŁOCK\RAFINERIA\PR03 BLOK PRZEROBU ROPY\DRW-IV|DR4.FC43354_OP.PV;"2026-07-20 12:04:28,162002";"50,1806449890137"
\\PIAF\PKN Orlen\PI Vision\PKN Orlen\ZAKŁAD PRODUKCYJNY PŁOCK\RAFINERIA\PR03 BLOK PRZEROBU ROPY\DRW-IV|DR4.FC43354_OP.PV;"2026-07-20 12:11:18,146011";"50,1926116943359"
\\PIAF\PKN Orlen\PI Vision\PKN Orlen\ZAKŁAD PRODUKCYJNY PŁOCK\RAFINERIA\PR03 BLOK PRZEROBU ROPY\DRW-IV|DR4.FC43354_OP.PV;"2026-07-20 12:13:48,131012";"49,8409652709961"
\\PIAF\PKN Orlen\PI Vision\PKN Orlen\ZAKŁAD PRODUKCYJNY PŁOCK\RAFINERIA\PR03 BLOK PRZEROBU ROPY\DRW-IV|DR4.FC43354_OP.PV;"2026-07-20 12:24:03,178009";"50,2605018615723"
\\PIAF\PKN Orlen\PI Vision\PKN Orlen\ZAKŁAD PRODUKCYJNY PŁOCK\RAFINERIA\PR03 BLOK PRZEROBU ROPY\DRW-IV|DR4.FC43354_OP.PV;"2026-07-20 12:29:13,099014";"49,5986404418945"
\\PIAF\PKN Orlen\PI Vision\PKN Orlen\ZAKŁAD PRODUKCYJNY PŁOCK\RAFINERIA\PR03 BLOK PRZEROBU ROPY\DRW-IV|DR4.FC43354_OP.PV;"2026-07-20 12:37:03,146011";"49,9180374145508"
\\PIAF\PKN Orlen\PI Vision\PKN Orlen\ZAKŁAD PRODUKCYJNY PŁOCK\RAFINERIA\PR03 BLOK PRZEROBU ROPY\DRW-IV|DR4.FC43354_OP.PV;"2026-07-20 12:40:08,115005";"50,3655395507813"
\\PIAF\PKN Orlen\PI Vision\PKN Orlen\ZAKŁAD PRODUKCYJNY PŁOCK\RAFINERIA\PR03 BLOK PRZEROBU ROPY\DRW-IV|DR4.FC43354_OP.PV;"2026-07-20 12:57:28,084015";"50,4944686889648"
\\PIAF\PKN Orlen\PI Vision\PKN Orlen\ZAKŁAD PRODUKCYJNY PŁOCK\RAFINERIA\PR03 BLOK PRZEROBU ROPY\DRW-IV|DR4.FC43354_OP.PV;"2026-07-20 13:05:48,168014";"50,2988014221191"
\\PIAF\PKN Orlen\PI Vision\PKN Orlen\ZAKŁAD PRODUKCYJNY PŁOCK\RAFINERIA\PR03 BLOK PRZEROBU ROPY\DRW-IV|DR4.FC43354_OP.PV;"2026-07-20 13:17:23,231003";"50,5069618225098"
\\PIAF\PKN Orlen\PI Vision\PKN Orlen\ZAKŁAD PRODUKCYJNY PŁOCK\RAFINERIA\PR03 BLOK PRZEROBU ROPY\DRW-IV|DR4.FC43354_OP.PV;"2026-07-20 13:24:33,231003";"50,2875556945801"
\\PIAF\PKN Orlen\PI Vision\PKN Orlen\ZAKŁAD PRODUKCYJNY PŁOCK\RAFINERIA\PR03 BLOK PRZEROBU ROPY\DRW-IV|DR4.FC43354_OP.PV;"2026-07-20 13:43:23,231003";"50,2646980285645"
\\PIAF\PKN Orlen\PI Vision\PKN Orlen\ZAKŁAD PRODUKCYJNY PŁOCK\RAFINERIA\PR03 BLOK PRZEROBU ROPY\DRW-IV|DR4.FC43354_OP.PV;"2026-07-20 13:54:53,231003";"50,3891067504883"
\\PIAF\PKN Orlen\PI Vision\PKN Orlen\ZAKŁAD PRODUKCYJNY PŁOCK\RAFINERIA\PR03 BLOK PRZEROBU ROPY\DRW-IV|DR4.FC43354_OP.PV;"2026-07-20 14:10:18,199005";"49,4084358215332"
\\PIAF\PKN Orlen\PI Vision\PKN Orlen\ZAKŁAD PRODUKCYJNY PŁOCK\RAFINERIA\PR03 BLOK PRZEROBU ROPY\DRW-IV|DR4.FC43354_OP.PV;"2026-07-20 14:29:28,153015";"50,3654747009277"
\\PIAF\PKN Orlen\PI Vision\PKN Orlen\ZAKŁAD PRODUKCYJNY PŁOCK\RAFINERIA\PR03 BLOK PRZEROBU ROPY\DRW-IV|DR4.FC43354_OP.PV;"2026-07-20 14:43:43,199005";"50,5674667358398"
\\PIAF\PKN Orlen\PI Vision\PKN Orlen\ZAKŁAD PRODUKCYJNY PŁOCK\RAFINERIA\PR03 BLOK PRZEROBU ROPY\DRW-IV|DR4.FC43354_OP.PV;"2026-07-20 14:56:48,184005";"50,3850364685059"
\\PIAF\PKN Orlen\PI Vision\PKN Orlen\ZAKŁAD PRODUKCYJNY PŁOCK\RAFINERIA\PR03 BLOK PRZEROBU ROPY\DRW-IV|DR4.FC43354_OP.PV;"2026-07-20 15:27:33,231003";"50,5974311828613"
\\PIAF\PKN Orlen\PI Vision\PKN Orlen\ZAKŁAD PRODUKCYJNY PŁOCK\RAFINERIA\PR03 BLOK PRZEROBU ROPY\DRW-IV|DR4.FC43354_OP.PV;"2026-07-20 15:34:53,215012";"51,0221633911133"
\\PIAF\PKN Orlen\PI Vision\PKN Orlen\ZAKŁAD PRODUKCYJNY PŁOCK\RAFINERIA\PR03 BLOK PRZEROBU ROPY\DRW-IV|DR4.FC43354_OP.PV;"2026-07-20 15:39:13,153";"51,3312644958496"
\\PIAF\PKN Orlen\PI Vision\PKN Orlen\ZAKŁAD PRODUKCYJNY PŁOCK\RAFINERIA\PR03 BLOK PRZEROBU ROPY\DRW-IV|DR4.FC43354_OP.PV;"2026-07-20 15:45:53,153015";"50,9964599609375"
\\PIAF\PKN Orlen\PI Vision\PKN Orlen\ZAKŁAD PRODUKCYJNY PŁOCK\RAFINERIA\PR03 BLOK PRZEROBU ROPY\DRW-IV|DR4.FC43354_OP.PV;"2026-07-20 15:51:23,184005";"50,683666229248"
\\PIAF\PKN Orlen\PI Vision\PKN Orlen\ZAKŁAD PRODUKCYJNY PŁOCK\RAFINERIA\PR03 BLOK PRZEROBU ROPY\DRW-IV|DR4.FC43354_OP.PV;"2026-07-20 16:00:48,153015";"50,580924987793"
\\PIAF\PKN Orlen\PI Vision\PKN Orlen\ZAKŁAD PRODUKCYJNY PŁOCK\RAFINERIA\PR03 BLOK PRZEROBU ROPY\DRW-IV|DR4.FC43354_OP.PV;"2026-07-20 16:13:13,215012";"50,4556121826172"
\\PIAF\PKN Orlen\PI Vision\PKN Orlen\ZAKŁAD PRODUKCYJNY PŁOCK\RAFINERIA\PR03 BLOK PRZEROBU ROPY\DRW-IV|DR4.FC43354_OP.PV;"2026-07-20 16:19:28,215012";"50,3570976257324"
\\PIAF\PKN Orlen\PI Vision\PKN Orlen\ZAKŁAD PRODUKCYJNY PŁOCK\RAFINERIA\PR03 BLOK PRZEROBU ROPY\DRW-IV|DR4.FC43354_OP.PV;"2026-07-20 16:24:53,184005";"50,7970581054688"
\\PIAF\PKN Orlen\PI Vision\PKN Orlen\ZAKŁAD PRODUKCYJNY PŁOCK\RAFINERIA\PR03 BLOK PRZEROBU ROPY\DRW-IV|DR4.FC43354_OP.PV;"2026-07-20 16:36:03,168014";"50,4422760009766"
\\PIAF\PKN Orlen\PI Vision\PKN Orlen\ZAKŁAD PRODUKCYJNY PŁOCK\RAFINERIA\PR03 BLOK PRZEROBU ROPY\DRW-IV|DR4.FC43354_OP.PV;"2026-07-20 16:42:08,184005";"50,7095680236816"
\\PIAF\PKN Orlen\PI Vision\PKN Orlen\ZAKŁAD PRODUKCYJNY PŁOCK\RAFINERIA\PR03 BLOK PRZEROBU ROPY\DRW-IV|DR4.FC43354_OP.PV;"2026-07-20 16:45:18,137008";"50,3621940612793"
\\PIAF\PKN Orlen\PI Vision\PKN Orlen\ZAKŁAD PRODUKCYJNY PŁOCK\RAFINERIA\PR03 BLOK PRZEROBU ROPY\DRW-IV|DR4.FC43354_OP.PV;"2026-07-20 16:58:33,184005";"50,4925498962402"
\\PIAF\PKN Orlen\PI Vision\PKN Orlen\ZAKŁAD PRODUKCYJNY PŁOCK\RAFINERIA\PR03 BLOK PRZEROBU ROPY\DRW-IV|DR4.FC43354_OP.PV;"2026-07-20 17:17:13,168014";"50,1847038269043"
\\PIAF\PKN Orlen\PI Vision\PKN Orlen\ZAKŁAD PRODUKCYJNY PŁOCK\RAFINERIA\PR03 BLOK PRZEROBU ROPY\DRW-IV|DR4.FC43354_OP.PV;"2026-07-20 17:32:13,184005";"50,1387367248535"
\\PIAF\PKN Orlen\PI Vision\PKN Orlen\ZAKŁAD PRODUKCYJNY PŁOCK\RAFINERIA\PR03 BLOK PRZEROBU ROPY\DRW-IV|DR4.FC43354_OP.PV;"2026-07-20 17:40:18,184005";"50,4380073547363"
\\PIAF\PKN Orlen\PI Vision\PKN Orlen\ZAKŁAD PRODUKCYJNY PŁOCK\RAFINERIA\PR03 BLOK PRZEROBU ROPY\DRW-IV|DR4.FC43354_OP.PV;"2026-07-20 17:48:08,215012";"50,0292701721191"
\\PIAF\PKN Orlen\PI Vision\PKN Orlen\ZAKŁAD PRODUKCYJNY PŁOCK\RAFINERIA\PR03 BLOK PRZEROBU ROPY\DRW-IV|DR4.FC43354_OP.PV;"2026-07-20 17:59:13,137008";"50,1472129821777"
\\PIAF\PKN Orlen\PI Vision\PKN Orlen\ZAKŁAD PRODUKCYJNY PŁOCK\RAFINERIA\PR03 BLOK PRZEROBU ROPY\DRW-IV|DR4.FC43354_OP.PV;"2026-07-20 18:16:08,199005";"49,9519538879395"
\\PIAF\PKN Orlen\PI Vision\PKN Orlen\ZAKŁAD PRODUKCYJNY PŁOCK\RAFINERIA\PR03 BLOK PRZEROBU ROPY\DRW-IV|DR4.FC43354_OP.PV;"2026-07-20 18:21:13,168014";"49,5912055969238"
\\PIAF\PKN Orlen\PI Vision\PKN Orlen\ZAKŁAD PRODUKCYJNY PŁOCK\RAFINERIA\PR03 BLOK PRZEROBU ROPY\DRW-IV|DR4.FC43354_OP.PV;"2026-07-20 18:46:08,121002";"50,0278053283691"
\\PIAF\PKN Orlen\PI Vision\PKN Orlen\ZAKŁAD PRODUKCYJNY PŁOCK\RAFINERIA\PR03 BLOK PRZEROBU ROPY\DRW-IV|DR4.FC43354_OP.PV;"2026-07-20 18:58:23,137008";"50,2422561645508"
\\PIAF\PKN Orlen\PI Vision\PKN Orlen\ZAKŁAD PRODUKCYJNY PŁOCK\RAFINERIA\PR03 BLOK PRZEROBU ROPY\DRW-IV|DR4.FC43354_OP.PV;"2026-07-20 19:05:33,121002";"50,0277290344238"
\\PIAF\PKN Orlen\PI Vision\PKN Orlen\ZAKŁAD PRODUKCYJNY PŁOCK\RAFINERIA\PR03 BLOK PRZEROBU ROPY\DRW-IV|DR4.FC43354_OP.PV;"2026-07-20 19:13:08,153015";"50,246826171875"
\\PIAF\PKN Orlen\PI Vision\PKN Orlen\ZAKŁAD PRODUKCYJNY PŁOCK\RAFINERIA\PR03 BLOK PRZEROBU ROPY\DRW-IV|DR4.FC43354_OP.PV;"2026-07-20 19:20:33,106003";"50,1584854125977"
\\PIAF\PKN Orlen\PI Vision\PKN Orlen\ZAKŁAD PRODUKCYJNY PŁOCK\RAFINERIA\PR03 BLOK PRZEROBU ROPY\DRW-IV|DR4.FC43354_OP.PV;"2026-07-20 19:47:48,153015";"50,3663101196289"
\\PIAF\PKN Orlen\PI Vision\PKN Orlen\ZAKŁAD PRODUKCYJNY PŁOCK\RAFINERIA\PR03 BLOK PRZEROBU ROPY\DRW-IV|DR4.FC43354_OP.PV;"2026-07-20 19:58:13,168014";"50,6081924438477"
\\PIAF\PKN Orlen\PI Vision\PKN Orlen\ZAKŁAD PRODUKCYJNY PŁOCK\RAFINERIA\PR03 BLOK PRZEROBU ROPY\DRW-IV|DR4.FC43354_OP.PV;"2026-07-20 20:01:43,168014";"50,168586730957"
\\PIAF\PKN Orlen\PI Vision\PKN Orlen\ZAKŁAD PRODUKCYJNY PŁOCK\RAFINERIA\PR03 BLOK PRZEROBU ROPY\DRW-IV|DR4.FC43354_OP.PV;"2026-07-20 20:15:03,168014";"50,1857986450195"
\\PIAF\PKN Orlen\PI Vision\PKN Orlen\ZAKŁAD PRODUKCYJNY PŁOCK\RAFINERIA\PR03 BLOK PRZEROBU ROPY\DRW-IV|DR4.FC43354_OP.PV;"2026-07-20 20:41:23,137008";"50,0720443725586"
\\PIAF\PKN Orlen\PI Vision\PKN Orlen\ZAKŁAD PRODUKCYJNY PŁOCK\RAFINERIA\PR03 BLOK PRZEROBU ROPY\DRW-IV|DR4.FC43354_OP.PV;"2026-07-20 20:50:38,168014";"49,7118148803711"
\\PIAF\PKN Orlen\PI Vision\PKN Orlen\ZAKŁAD PRODUKCYJNY PŁOCK\RAFINERIA\PR03 BLOK PRZEROBU ROPY\DRW-IV|DR4.FC43354_OP.PV;"2026-07-20 20:58:53,106003";"49,5599136352539"
\\PIAF\PKN Orlen\PI Vision\PKN Orlen\ZAKŁAD PRODUKCYJNY PŁOCK\RAFINERIA\PR03 BLOK PRZEROBU ROPY\DRW-IV|DR4.FC43354_OP.PV;"2026-07-20 21:05:53,121002";"49,4380035400391"
\\PIAF\PKN Orlen\PI Vision\PKN Orlen\ZAKŁAD PRODUKCYJNY PŁOCK\RAFINERIA\PR03 BLOK PRZEROBU ROPY\DRW-IV|DR4.FC43354_OP.PV;"2026-07-20 21:21:43,137008";"49,5331039428711"
\\PIAF\PKN Orlen\PI Vision\PKN Orlen\ZAKŁAD PRODUKCYJNY PŁOCK\RAFINERIA\PR03 BLOK PRZEROBU ROPY\DRW-IV|DR4.FC43354_OP.PV;"2026-07-20 22:00:28,190002";"49,3571395874023"
\\PIAF\PKN Orlen\PI Vision\PKN Orlen\ZAKŁAD PRODUKCYJNY PŁOCK\RAFINERIA\PR03 BLOK PRZEROBU ROPY\DRW-IV|DR4.FC43354_OP.PV;"2026-07-20 22:08:18,237";"50,1054878234863"
\\PIAF\PKN Orlen\PI Vision\PKN Orlen\ZAKŁAD PRODUKCYJNY PŁOCK\RAFINERIA\PR03 BLOK PRZEROBU ROPY\DRW-IV|DR4.FC43354_OP.PV;"2026-07-20 22:35:18,159012";"49,4962196350098"
\\PIAF\PKN Orlen\PI Vision\PKN Orlen\ZAKŁAD PRODUKCYJNY PŁOCK\RAFINERIA\PR03 BLOK PRZEROBU ROPY\DRW-IV|DR4.FC43354_OP.PV;"2026-07-20 22:38:08,253006";"50,0594215393066"
\\PIAF\PKN Orlen\PI Vision\PKN Orlen\ZAKŁAD PRODUKCYJNY PŁOCK\RAFINERIA\PR03 BLOK PRZEROBU ROPY\DRW-IV|DR4.FC43354_OP.PV;"2026-07-20 22:44:08,221008";"49,637996673584"
\\PIAF\PKN Orlen\PI Vision\PKN Orlen\ZAKŁAD PRODUKCYJNY PŁOCK\RAFINERIA\PR03 BLOK PRZEROBU ROPY\DRW-IV|DR4.FC43354_OP.PV;"2026-07-20 23:09:23,159012";"49,5541343688965"
\\PIAF\PKN Orlen\PI Vision\PKN Orlen\ZAKŁAD PRODUKCYJNY PŁOCK\RAFINERIA\PR03 BLOK PRZEROBU ROPY\DRW-IV|DR4.FC43354_OP.PV;"2026-07-20 23:13:48,206009";"48,9728355407715"
\\PIAF\PKN Orlen\PI Vision\PKN Orlen\ZAKŁAD PRODUKCYJNY PŁOCK\RAFINERIA\PR03 BLOK PRZEROBU ROPY\DRW-IV|DR4.FC43354_OP.PV;"2026-07-20 23:35:33,221008";"49,4012870788574"
\\PIAF\PKN Orlen\PI Vision\PKN Orlen\ZAKŁAD PRODUKCYJNY PŁOCK\RAFINERIA\PR03 BLOK PRZEROBU ROPY\DRW-IV|DR4.FC43354_OP.PV;"2026-07-20 23:54:13,159012";"48,9779739379883"
\\PIAF\PKN Orlen\PI Vision\PKN Orlen\ZAKŁAD PRODUKCYJNY PŁOCK\RAFINERIA\PR03 BLOK PRZEROBU ROPY\DRW-IV|DR4.FC43354_OP.PV;"2026-07-20 23:57:23,159012";"48,8377990722656"
\\PIAF\PKN Orlen\PI Vision\PKN Orlen\ZAKŁAD PRODUKCYJNY PŁOCK\RAFINERIA\PR03 BLOK PRZEROBU ROPY\DRW-IV|DR4.FC43354_OP.PV;"2026-07-21 00:04:13,237";"48,9412803649902"
\\PIAF\PKN Orlen\PI Vision\PKN Orlen\ZAKŁAD PRODUKCYJNY PŁOCK\RAFINERIA\PR03 BLOK PRZEROBU ROPY\DRW-IV|DR4.FC43354_OP.PV;"2026-07-21 00:23:18,221008";"48,4030151367188"
\\PIAF\PKN Orlen\PI Vision\PKN Orlen\ZAKŁAD PRODUKCYJNY PŁOCK\RAFINERIA\PR03 BLOK PRZEROBU ROPY\DRW-IV|DR4.FC43354_OP.PV;"2026-07-21 00:53:43,253006";"48,0932312011719"
\\PIAF\PKN Orlen\PI Vision\PKN Orlen\ZAKŁAD PRODUKCYJNY PŁOCK\RAFINERIA\PR03 BLOK PRZEROBU ROPY\DRW-IV|DR4.FC43354_OP.PV;"2026-07-21 01:29:38,131012";"48,3424034118652"
\\PIAF\PKN Orlen\PI Vision\PKN Orlen\ZAKŁAD PRODUKCYJNY PŁOCK\RAFINERIA\PR03 BLOK PRZEROBU ROPY\DRW-IV|DR4.FC43354_OP.PV;"2026-07-21 01:46:53,103012";"48,2758026123047"
\\PIAF\PKN Orlen\PI Vision\PKN Orlen\ZAKŁAD PRODUKCYJNY PŁOCK\RAFINERIA\PR03 BLOK PRZEROBU ROPY\DRW-IV|DR4.FC43354_OP.PV;"2026-07-21 01:58:53,118011";"47,8685913085938"
\\PIAF\PKN Orlen\PI Vision\PKN Orlen\ZAKŁAD PRODUKCYJNY PŁOCK\RAFINERIA\PR03 BLOK PRZEROBU ROPY\DRW-IV|DR4.FC43354_OP.PV;"2026-07-21 02:13:53,187011";"48,0796966552734"
\\PIAF\PKN Orlen\PI Vision\PKN Orlen\ZAKŁAD PRODUKCYJNY PŁOCK\RAFINERIA\PR03 BLOK PRZEROBU ROPY\DRW-IV|DR4.FC43354_OP.PV;"2026-07-21 02:21:08,209015";"48,1873168945313"
\\PIAF\PKN Orlen\PI Vision\PKN Orlen\ZAKŁAD PRODUKCYJNY PŁOCK\RAFINERIA\PR03 BLOK PRZEROBU ROPY\DRW-IV|DR4.FC43354_OP.PV;"2026-07-21 02:50:03,153015";"48,0302352905273"
\\PIAF\PKN Orlen\PI Vision\PKN Orlen\ZAKŁAD PRODUKCYJNY PŁOCK\RAFINERIA\PR03 BLOK PRZEROBU ROPY\DRW-IV|DR4.FC43354_OP.PV;"2026-07-21 03:02:38,159012";"48,2318687438965"
\\PIAF\PKN Orlen\PI Vision\PKN Orlen\ZAKŁAD PRODUKCYJNY PŁOCK\RAFINERIA\PR03 BLOK PRZEROBU ROPY\DRW-IV|DR4.FC43354_OP.PV;"2026-07-21 03:09:33,175003";"48,4667854309082"
\\PIAF\PKN Orlen\PI Vision\PKN Orlen\ZAKŁAD PRODUKCYJNY PŁOCK\RAFINERIA\PR03 BLOK PRZEROBU ROPY\DRW-IV|DR4.FC43354_OP.PV;"2026-07-21 03:38:13,112";"48,2400131225586"
\\PIAF\PKN Orlen\PI Vision\PKN Orlen\ZAKŁAD PRODUKCYJNY PŁOCK\RAFINERIA\PR03 BLOK PRZEROBU ROPY\DRW-IV|DR4.FC43354_OP.PV;"2026-07-21 03:46:23,165008";"48,1354675292969"
\\PIAF\PKN Orlen\PI Vision\PKN Orlen\ZAKŁAD PRODUKCYJNY PŁOCK\RAFINERIA\PR03 BLOK PRZEROBU ROPY\DRW-IV|DR4.FC43354_OP.PV;"2026-07-21 04:12:33,134002";"48,0767517089844"
\\PIAF\PKN Orlen\PI Vision\PKN Orlen\ZAKŁAD PRODUKCYJNY PŁOCK\RAFINERIA\PR03 BLOK PRZEROBU ROPY\DRW-IV|DR4.FC43354_OP.PV;"2026-07-21 04:20:38,134002";"48,6123657226563"
\\PIAF\PKN Orlen\PI Vision\PKN Orlen\ZAKŁAD PRODUKCYJNY PŁOCK\RAFINERIA\PR03 BLOK PRZEROBU ROPY\DRW-IV|DR4.FC43354_OP.PV;"2026-07-21 04:37:33,103012";"48,767406463623"
\\PIAF\PKN Orlen\PI Vision\PKN Orlen\ZAKŁAD PRODUKCYJNY PŁOCK\RAFINERIA\PR03 BLOK PRZEROBU ROPY\DRW-IV|DR4.FC43354_OP.PV;"2026-07-21 04:58:13,212006";"48,438232421875"
\\PIAF\PKN Orlen\PI Vision\PKN Orlen\ZAKŁAD PRODUKCYJNY PŁOCK\RAFINERIA\PR03 BLOK PRZEROBU ROPY\DRW-IV|DR4.FC43354_OP.PV;"2026-07-21 05:01:13,134002";"48,8721771240234"
\\PIAF\PKN Orlen\PI Vision\PKN Orlen\ZAKŁAD PRODUKCYJNY PŁOCK\RAFINERIA\PR03 BLOK PRZEROBU ROPY\DRW-IV|DR4.FC43354_OP.PV;"2026-07-21 05:10:33,165008";"48,2396621704102"
\\PIAF\PKN Orlen\PI Vision\PKN Orlen\ZAKŁAD PRODUKCYJNY PŁOCK\RAFINERIA\PR03 BLOK PRZEROBU ROPY\DRW-IV|DR4.FC43354_OP.PV;"2026-07-21 05:18:23,134002";"48,8880882263184"
\\PIAF\PKN Orlen\PI Vision\PKN Orlen\ZAKŁAD PRODUKCYJNY PŁOCK\RAFINERIA\PR03 BLOK PRZEROBU ROPY\DRW-IV|DR4.FC43354_OP.PV;"2026-07-21 05:27:53,149002";"48,4791717529297"
\\PIAF\PKN Orlen\PI Vision\PKN Orlen\ZAKŁAD PRODUKCYJNY PŁOCK\RAFINERIA\PR03 BLOK PRZEROBU ROPY\DRW-IV|DR4.FC43354_OP.PV;"2026-07-21 05:34:33,149002";"48,9021682739258"
\\PIAF\PKN Orlen\PI Vision\PKN Orlen\ZAKŁAD PRODUKCYJNY PŁOCK\RAFINERIA\PR03 BLOK PRZEROBU ROPY\DRW-IV|DR4.FC43354_OP.PV;"2026-07-21 05:45:48,181";"48,7988815307617"
\\PIAF\PKN Orlen\PI Vision\PKN Orlen\ZAKŁAD PRODUKCYJNY PŁOCK\RAFINERIA\PR03 BLOK PRZEROBU ROPY\DRW-IV|DR4.FC43354_OP.PV;"2026-07-21 05:52:33,118011";"48,8984451293945"
\\PIAF\PKN Orlen\PI Vision\PKN Orlen\ZAKŁAD PRODUKCYJNY PŁOCK\RAFINERIA\PR03 BLOK PRZEROBU ROPY\DRW-IV|DR4.FC43354_OP.PV;"2026-07-21 05:57:48,134002";"48,4293251037598"
\\PIAF\PKN Orlen\PI Vision\PKN Orlen\ZAKŁAD PRODUKCYJNY PŁOCK\RAFINERIA\PR03 BLOK PRZEROBU ROPY\DRW-IV|DR4.FC43354_OP.PV;"2026-07-21 06:47:03,134002";"48,9654388427734"
\\PIAF\PKN Orlen\PI Vision\PKN Orlen\ZAKŁAD PRODUKCYJNY PŁOCK\RAFINERIA\PR03 BLOK PRZEROBU ROPY\DRW-IV|DR4.FC43354_OP.PV;"2026-07-21 07:06:23,165008";"48,7684478759766"
\\PIAF\PKN Orlen\PI Vision\PKN Orlen\ZAKŁAD PRODUKCYJNY PŁOCK\RAFINERIA\PR03 BLOK PRZEROBU ROPY\DRW-IV|DR4.FC43354_OP.PV;"2026-07-21 07:10:43,181";"49,0795631408691"
\\PIAF\PKN Orlen\PI Vision\PKN Orlen\ZAKŁAD PRODUKCYJNY PŁOCK\RAFINERIA\PR03 BLOK PRZEROBU ROPY\DRW-IV|DR4.FC43354_OP.PV;"2026-07-21 07:45:18,149002";"49,1073303222656"
\\PIAF\PKN Orlen\PI Vision\PKN Orlen\ZAKŁAD PRODUKCYJNY PŁOCK\RAFINERIA\PR03 BLOK PRZEROBU ROPY\DRW-IV|DR4.FC43354_OP.PV;"2026-07-21 07:57:08,181015";"48,4743499755859"
\\PIAF\PKN Orlen\PI Vision\PKN Orlen\ZAKŁAD PRODUKCYJNY PŁOCK\RAFINERIA\PR03 BLOK PRZEROBU ROPY\DRW-IV|DR4.FC43354_OP.PV;"2026-07-21 08:23:28,103012";"48,3526229858398"
\\PIAF\PKN Orlen\PI Vision\PKN Orlen\ZAKŁAD PRODUKCYJNY PŁOCK\RAFINERIA\PR03 BLOK PRZEROBU ROPY\DRW-IV|DR4.FC43354_OP.PV;"2026-07-21 08:28:18,165008";"48,5684928894043"
\\PIAF\PKN Orlen\PI Vision\PKN Orlen\ZAKŁAD PRODUKCYJNY PŁOCK\RAFINERIA\PR03 BLOK PRZEROBU ROPY\DRW-IV|DR4.FC43354_OP.PV;"2026-07-21 08:31:23,150009";"49,0282440185547"
\\PIAF\PKN Orlen\PI Vision\PKN Orlen\ZAKŁAD PRODUKCYJNY PŁOCK\RAFINERIA\PR03 BLOK PRZEROBU ROPY\DRW-IV|DR4.FC43354_OP.PV;"2026-07-21 08:40:13,134002";"48,488338470459"
\\PIAF\PKN Orlen\PI Vision\PKN Orlen\ZAKŁAD PRODUKCYJNY PŁOCK\RAFINERIA\PR03 BLOK PRZEROBU ROPY\DRW-IV|DR4.FC43354_OP.PV;"2026-07-21 08:59:23,196014";"48,619140625"
\\PIAF\PKN Orlen\PI Vision\PKN Orlen\ZAKŁAD PRODUKCYJNY PŁOCK\RAFINERIA\PR03 BLOK PRZEROBU ROPY\DRW-IV|DR4.FC43354_OP.PV;"2026-07-21 09:11:43,196014";"48,5156784057617"
\\PIAF\PKN Orlen\PI Vision\PKN Orlen\ZAKŁAD PRODUKCYJNY PŁOCK\RAFINERIA\PR03 BLOK PRZEROBU ROPY\DRW-IV|DR4.FC43354_OP.PV;"2026-07-21 09:35:33,212006";"48,1060752868652"
\\PIAF\PKN Orlen\PI Vision\PKN Orlen\ZAKŁAD PRODUKCYJNY PŁOCK\RAFINERIA\PR03 BLOK PRZEROBU ROPY\DRW-IV|DR4.FC43354_OP.PV;"2026-07-21 09:52:03,181015";"48,0842056274414"
\\PIAF\PKN Orlen\PI Vision\PKN Orlen\ZAKŁAD PRODUKCYJNY PŁOCK\RAFINERIA\PR03 BLOK PRZEROBU ROPY\DRW-IV|DR4.FC43354_OP.PV;"2026-07-21 09:57:28,150009";"47,9521293640137"
\\PIAF\PKN Orlen\PI Vision\PKN Orlen\ZAKŁAD PRODUKCYJNY PŁOCK\RAFINERIA\PR03 BLOK PRZEROBU ROPY\DRW-IV|DR4.FC43354_OP.PV;"2026-07-21 10:34:48,134002";"47,8530426025391"
\\PIAF\PKN Orlen\PI Vision\PKN Orlen\ZAKŁAD PRODUKCYJNY PŁOCK\RAFINERIA\PR03 BLOK PRZEROBU ROPY\DRW-IV|DR4.FC43354_OP.PV;"2026-07-21 10:41:53,134002";"47,7694625854492"
\\PIAF\PKN Orlen\PI Vision\PKN Orlen\ZAKŁAD PRODUKCYJNY PŁOCK\RAFINERIA\PR03 BLOK PRZEROBU ROPY\DRW-IV|DR4.FC43354_OP.PV;"2026-07-21 11:29:23,150009";"48,0546340942383"
\\PIAF\PKN Orlen\PI Vision\PKN Orlen\ZAKŁAD PRODUKCYJNY PŁOCK\RAFINERIA\PR03 BLOK PRZEROBU ROPY\DRW-IV|DR4.FC43354_OP.PV;"2026-07-21 11:44:18,150009";"48,4688758850098"
\\PIAF\PKN Orlen\PI Vision\PKN Orlen\ZAKŁAD PRODUKCYJNY PŁOCK\RAFINERIA\PR03 BLOK PRZEROBU ROPY\DRW-IV|DR4.FC43354_OP.PV;"2026-07-21 12:02:18,165008";"48,6410446166992"
\\PIAF\PKN Orlen\PI Vision\PKN Orlen\ZAKŁAD PRODUKCYJNY PŁOCK\RAFINERIA\PR03 BLOK PRZEROBU ROPY\DRW-IV|DR4.FC43354_OP.PV;"2026-07-21 12:14:53,118011";"48,4240875244141"
\\PIAF\PKN Orlen\PI Vision\PKN Orlen\ZAKŁAD PRODUKCYJNY PŁOCK\RAFINERIA\PR03 BLOK PRZEROBU ROPY\DRW-IV|DR4.FC43354_OP.PV;"2026-07-21 12:49:13,087006";"48,5991363525391"
\\PIAF\PKN Orlen\PI Vision\PKN Orlen\ZAKŁAD PRODUKCYJNY PŁOCK\RAFINERIA\PR03 BLOK PRZEROBU ROPY\DRW-IV|DR4.FC43354_OP.PV;"2026-07-21 13:03:33,118011";"48,7015190124512"
\\PIAF\PKN Orlen\PI Vision\PKN Orlen\ZAKŁAD PRODUKCYJNY PŁOCK\RAFINERIA\PR03 BLOK PRZEROBU ROPY\DRW-IV|DR4.FC43354_OP.PV;"2026-07-21 13:06:33,165008";"48,3713073730469"
\\PIAF\PKN Orlen\PI Vision\PKN Orlen\ZAKŁAD PRODUKCYJNY PŁOCK\RAFINERIA\PR03 BLOK PRZEROBU ROPY\DRW-IV|DR4.FC43354_OP.PV;"2026-07-21 13:18:28,181";"48,6157875061035"
\\PIAF\PKN Orlen\PI Vision\PKN Orlen\ZAKŁAD PRODUKCYJNY PŁOCK\RAFINERIA\PR03 BLOK PRZEROBU ROPY\DRW-IV|DR4.FC43354_OP.PV;"2026-07-21 13:45:33,181015";"48,7818374633789"
\\PIAF\PKN Orlen\PI Vision\PKN Orlen\ZAKŁAD PRODUKCYJNY PŁOCK\RAFINERIA\PR03 BLOK PRZEROBU ROPY\DRW-IV|DR4.FC43354_OP.PV;"2026-07-21 14:01:38,181";"48,7051734924316"
\\PIAF\PKN Orlen\PI Vision\PKN Orlen\ZAKŁAD PRODUKCYJNY PŁOCK\RAFINERIA\PR03 BLOK PRZEROBU ROPY\DRW-IV|DR4.FC43354_OP.PV;"2026-07-21 14:24:38,071014";"48,8906745910645"
\\PIAF\PKN Orlen\PI Vision\PKN Orlen\ZAKŁAD PRODUKCYJNY PŁOCK\RAFINERIA\PR03 BLOK PRZEROBU ROPY\DRW-IV|DR4.FC43354_OP.PV;"2026-07-21 14:49:38,103012";"48,438591003418"
\\PIAF\PKN Orlen\PI Vision\PKN Orlen\ZAKŁAD PRODUKCYJNY PŁOCK\RAFINERIA\PR03 BLOK PRZEROBU ROPY\DRW-IV|DR4.FC43354_OP.PV;"2026-07-21 14:57:28,187011";"48,881721496582"
\\PIAF\PKN Orlen\PI Vision\PKN Orlen\ZAKŁAD PRODUKCYJNY PŁOCK\RAFINERIA\PR03 BLOK PRZEROBU ROPY\DRW-IV|DR4.FC43354_OP.PV;"2026-07-21 15:18:43,149002";"48,4260635375977"
\\PIAF\PKN Orlen\PI Vision\PKN Orlen\ZAKŁAD PRODUKCYJNY PŁOCK\RAFINERIA\PR03 BLOK PRZEROBU ROPY\DRW-IV|DR4.FC43354_OP.PV;"2026-07-21 15:35:58,218002";"48,327091217041"
\\PIAF\PKN Orlen\PI Vision\PKN Orlen\ZAKŁAD PRODUKCYJNY PŁOCK\RAFINERIA\PR03 BLOK PRZEROBU ROPY\DRW-IV|DR4.FC43354_OP.PV;"2026-07-21 15:53:58,264999";"48,556282043457"
\\PIAF\PKN Orlen\PI Vision\PKN Orlen\ZAKŁAD PRODUKCYJNY PŁOCK\RAFINERIA\PR03 BLOK PRZEROBU ROPY\DRW-IV|DR4.FC43354_OP.PV;"2026-07-21 16:01:43,218002";"48,0097808837891"
\\PIAF\PKN Orlen\PI Vision\PKN Orlen\ZAKŁAD PRODUKCYJNY PŁOCK\RAFINERIA\PR03 BLOK PRZEROBU ROPY\DRW-IV|DR4.FC43354_OP.PV;"2026-07-21 16:26:38,265014";"48,6742744445801"
\\PIAF\PKN Orlen\PI Vision\PKN Orlen\ZAKŁAD PRODUKCYJNY PŁOCK\RAFINERIA\PR03 BLOK PRZEROBU ROPY\DRW-IV|DR4.FC43354_OP.PV;"2026-07-21 16:42:33,234009";"48,5666770935059"
\\PIAF\PKN Orlen\PI Vision\PKN Orlen\ZAKŁAD PRODUKCYJNY PŁOCK\RAFINERIA\PR03 BLOK PRZEROBU ROPY\DRW-IV|DR4.FC43354_OP.PV;"2026-07-21 17:05:03,234009";"49,008903503418"
\\PIAF\PKN Orlen\PI Vision\PKN Orlen\ZAKŁAD PRODUKCYJNY PŁOCK\RAFINERIA\PR03 BLOK PRZEROBU ROPY\DRW-IV|DR4.FC43354_OP.PV;"2026-07-21 17:07:48,203003";"49,4355545043945"
\\PIAF\PKN Orlen\PI Vision\PKN Orlen\ZAKŁAD PRODUKCYJNY PŁOCK\RAFINERIA\PR03 BLOK PRZEROBU ROPY\DRW-IV|DR4.FC43354_OP.PV;"2026-07-21 17:11:33,218002";"49,0817184448242"
\\PIAF\PKN Orlen\PI Vision\PKN Orlen\ZAKŁAD PRODUKCYJNY PŁOCK\RAFINERIA\PR03 BLOK PRZEROBU ROPY\DRW-IV|DR4.FC43354_OP.PV;"2026-07-21 17:16:38,171005";"47,4083595275879"
\\PIAF\PKN Orlen\PI Vision\PKN Orlen\ZAKŁAD PRODUKCYJNY PŁOCK\RAFINERIA\PR03 BLOK PRZEROBU ROPY\DRW-IV|DR4.FC43354_OP.PV;"2026-07-21 17:21:13,140014";"47,7021789550781"
\\PIAF\PKN Orlen\PI Vision\PKN Orlen\ZAKŁAD PRODUKCYJNY PŁOCK\RAFINERIA\PR03 BLOK PRZEROBU ROPY\DRW-IV|DR4.FC43354_OP.PV;"2026-07-21 17:25:28,265014";"48,3068923950195"
\\PIAF\PKN Orlen\PI Vision\PKN Orlen\ZAKŁAD PRODUKCYJNY PŁOCK\RAFINERIA\PR03 BLOK PRZEROBU ROPY\DRW-IV|DR4.FC43354_OP.PV;"2026-07-21 17:32:53,156006";"47,6531448364258"
\\PIAF\PKN Orlen\PI Vision\PKN Orlen\ZAKŁAD PRODUKCYJNY PŁOCK\RAFINERIA\PR03 BLOK PRZEROBU ROPY\DRW-IV|DR4.FC43354_OP.PV;"2026-07-21 18:03:13,156006";"48,1907806396484"
\\PIAF\PKN Orlen\PI Vision\PKN Orlen\ZAKŁAD PRODUKCYJNY PŁOCK\RAFINERIA\PR03 BLOK PRZEROBU ROPY\DRW-IV|DR4.FC43354_OP.PV;"2026-07-21 18:09:03,187011";"48,8301391601563"
\\PIAF\PKN Orlen\PI Vision\PKN Orlen\ZAKŁAD PRODUKCYJNY PŁOCK\RAFINERIA\PR03 BLOK PRZEROBU ROPY\DRW-IV|DR4.FC43354_OP.PV;"2026-07-21 18:20:48,140014";"48,7186584472656"
\\PIAF\PKN Orlen\PI Vision\PKN Orlen\ZAKŁAD PRODUKCYJNY PŁOCK\RAFINERIA\PR03 BLOK PRZEROBU ROPY\DRW-IV|DR4.FC43354_OP.PV;"2026-07-21 18:38:43,156006";"49,1372337341309"
\\PIAF\PKN Orlen\PI Vision\PKN Orlen\ZAKŁAD PRODUKCYJNY PŁOCK\RAFINERIA\PR03 BLOK PRZEROBU ROPY\DRW-IV|DR4.FC43354_OP.PV;"2026-07-21 19:03:23,203003";"49,0262260437012"
\\PIAF\PKN Orlen\PI Vision\PKN Orlen\ZAKŁAD PRODUKCYJNY PŁOCK\RAFINERIA\PR03 BLOK PRZEROBU ROPY\DRW-IV|DR4.FC43354_OP.PV;"2026-07-21 19:31:13,218002";"48,6647033691406"
\\PIAF\PKN Orlen\PI Vision\PKN Orlen\ZAKŁAD PRODUKCYJNY PŁOCK\RAFINERIA\PR03 BLOK PRZEROBU ROPY\DRW-IV|DR4.FC43354_OP.PV;"2026-07-21 19:32:38,124008";"48,7661666870117"
\\PIAF\PKN Orlen\PI Vision\PKN Orlen\ZAKŁAD PRODUKCYJNY PŁOCK\RAFINERIA\PR03 BLOK PRZEROBU ROPY\DRW-IV|DR4.FC43354_OP.PV;"2026-07-21 19:33:18,156006";"49,2106552124023"
\\PIAF\PKN Orlen\PI Vision\PKN Orlen\ZAKŁAD PRODUKCYJNY PŁOCK\RAFINERIA\PR03 BLOK PRZEROBU ROPY\DRW-IV|DR4.FC43354_OP.PV;"2026-07-21 19:41:03,171005";"48,7754859924316"
\\PIAF\PKN Orlen\PI Vision\PKN Orlen\ZAKŁAD PRODUKCYJNY PŁOCK\RAFINERIA\PR03 BLOK PRZEROBU ROPY\DRW-IV|DR4.FC43354_OP.PV;"2026-07-21 19:48:38,218002";"49,1002731323242"
\\PIAF\PKN Orlen\PI Vision\PKN Orlen\ZAKŁAD PRODUKCYJNY PŁOCK\RAFINERIA\PR03 BLOK PRZEROBU ROPY\DRW-IV|DR4.FC43354_OP.PV;"2026-07-21 20:20:48,140014";"48,6232681274414"
\\PIAF\PKN Orlen\PI Vision\PKN Orlen\ZAKŁAD PRODUKCYJNY PŁOCK\RAFINERIA\PR03 BLOK PRZEROBU ROPY\DRW-IV|DR4.FC43354_OP.PV;"2026-07-21 21:34:13,203003";"48,3379402160645"
\\PIAF\PKN Orlen\PI Vision\PKN Orlen\ZAKŁAD PRODUKCYJNY PŁOCK\RAFINERIA\PR03 BLOK PRZEROBU ROPY\DRW-IV|DR4.FC43354_OP.PV;"2026-07-21 21:47:08,203003";"48,1309204101563"
\\PIAF\PKN Orlen\PI Vision\PKN Orlen\ZAKŁAD PRODUKCYJNY PŁOCK\RAFINERIA\PR03 BLOK PRZEROBU ROPY\DRW-IV|DR4.FC43354_OP.PV;"2026-07-21 21:58:23,109009";"48,4623565673828"
\\PIAF\PKN Orlen\PI Vision\PKN Orlen\ZAKŁAD PRODUKCYJNY PŁOCK\RAFINERIA\PR03 BLOK PRZEROBU ROPY\DRW-IV|DR4.FC43354_OP.PV;"2026-07-21 22:02:08,109009";"49,1431694030762"
\\PIAF\PKN Orlen\PI Vision\PKN Orlen\ZAKŁAD PRODUKCYJNY PŁOCK\RAFINERIA\PR03 BLOK PRZEROBU ROPY\DRW-IV|DR4.FC43354_OP.PV;"2026-07-21 22:40:18,093002";"48,589412689209"
\\PIAF\PKN Orlen\PI Vision\PKN Orlen\ZAKŁAD PRODUKCYJNY PŁOCK\RAFINERIA\PR03 BLOK PRZEROBU ROPY\DRW-IV|DR4.FC43354_OP.PV;"2026-07-21 23:06:18,171005";"48,5625839233398"
\\PIAF\PKN Orlen\PI Vision\PKN Orlen\ZAKŁAD PRODUKCYJNY PŁOCK\RAFINERIA\PR03 BLOK PRZEROBU ROPY\DRW-IV|DR4.FC43354_OP.PV;"2026-07-21 23:13:33,203003";"48,3035316467285"
\\PIAF\PKN Orlen\PI Vision\PKN Orlen\ZAKŁAD PRODUKCYJNY PŁOCK\RAFINERIA\PR03 BLOK PRZEROBU ROPY\DRW-IV|DR4.FC43354_OP.PV;"2026-07-21 23:18:28,187011";"48,8741340637207"
\\PIAF\PKN Orlen\PI Vision\PKN Orlen\ZAKŁAD PRODUKCYJNY PŁOCK\RAFINERIA\PR03 BLOK PRZEROBU ROPY\DRW-IV|DR4.FC43354_OP.PV;"2026-07-21 23:25:08,109009";"48,3136444091797"
\\PIAF\PKN Orlen\PI Vision\PKN Orlen\ZAKŁAD PRODUKCYJNY PŁOCK\RAFINERIA\PR03 BLOK PRZEROBU ROPY\DRW-IV|DR4.FC43354_OP.PV;"2026-07-21 23:32:43,171005";"48,6664352416992"
\\PIAF\PKN Orlen\PI Vision\PKN Orlen\ZAKŁAD PRODUKCYJNY PŁOCK\RAFINERIA\PR03 BLOK PRZEROBU ROPY\DRW-IV|DR4.FC43354_OP.PV;"2026-07-21 23:45:03,156006";"48,569450378418"
\\PIAF\PKN Orlen\PI Vision\PKN Orlen\ZAKŁAD PRODUKCYJNY PŁOCK\RAFINERIA\PR03 BLOK PRZEROBU ROPY\DRW-IV|DR4.FC43354_OP.PV;"2026-07-21 23:51:58,156006";"48,6902809143066"
\\PIAF\PKN Orlen\PI Vision\PKN Orlen\ZAKŁAD PRODUKCYJNY PŁOCK\RAFINERIA\PR03 BLOK PRZEROBU ROPY\DRW-IV|DR4.FC43354_OP.PV;"2026-07-22 00:00:18,156006";"48,6050453186035"
\\PIAF\PKN Orlen\PI Vision\PKN Orlen\ZAKŁAD PRODUKCYJNY PŁOCK\RAFINERIA\PR03 BLOK PRZEROBU ROPY\DRW-IV|DR4.FC43354_OP.PV;"2026-07-22 00:53:53,140014";"48,5200576782227"
\\PIAF\PKN Orlen\PI Vision\PKN Orlen\ZAKŁAD PRODUKCYJNY PŁOCK\RAFINERIA\PR03 BLOK PRZEROBU ROPY\DRW-IV|DR4.FC43354_OP.PV;"2026-07-22 01:03:33,125015";"48,6469764709473"
\\PIAF\PKN Orlen\PI Vision\PKN Orlen\ZAKŁAD PRODUKCYJNY PŁOCK\RAFINERIA\PR03 BLOK PRZEROBU ROPY\DRW-IV|DR4.FC43354_OP.PV;"2026-07-22 01:08:13,140014";"48,1934127807617"
\\PIAF\PKN Orlen\PI Vision\PKN Orlen\ZAKŁAD PRODUKCYJNY PŁOCK\RAFINERIA\PR03 BLOK PRZEROBU ROPY\DRW-IV|DR4.FC43354_OP.PV;"2026-07-22 01:34:48,125";"48,6524238586426"
\\PIAF\PKN Orlen\PI Vision\PKN Orlen\ZAKŁAD PRODUKCYJNY PŁOCK\RAFINERIA\PR03 BLOK PRZEROBU ROPY\DRW-IV|DR4.FC43354_OP.PV;"2026-07-22 01:48:48,078003";"48,4721755981445"
\\PIAF\PKN Orlen\PI Vision\PKN Orlen\ZAKŁAD PRODUKCYJNY PŁOCK\RAFINERIA\PR03 BLOK PRZEROBU ROPY\DRW-IV|DR4.FC43354_OP.PV;"2026-07-22 02:26:13,156006";"48,3804588317871"
\\PIAF\PKN Orlen\PI Vision\PKN Orlen\ZAKŁAD PRODUKCYJNY PŁOCK\RAFINERIA\PR03 BLOK PRZEROBU ROPY\DRW-IV|DR4.FC43354_OP.PV;"2026-07-22 02:50:48,124008";"48,3549041748047"
\\PIAF\PKN Orlen\PI Vision\PKN Orlen\ZAKŁAD PRODUKCYJNY PŁOCK\RAFINERIA\PR03 BLOK PRZEROBU ROPY\DRW-IV|DR4.FC43354_OP.PV;"2026-07-22 03:22:33,240005";"48,3721313476563"
\\PIAF\PKN Orlen\PI Vision\PKN Orlen\ZAKŁAD PRODUKCYJNY PŁOCK\RAFINERIA\PR03 BLOK PRZEROBU ROPY\DRW-IV|DR4.FC43354_OP.PV;"2026-07-22 03:57:58,240005";"48,1553955078125"
\\PIAF\PKN Orlen\PI Vision\PKN Orlen\ZAKŁAD PRODUKCYJNY PŁOCK\RAFINERIA\PR03 BLOK PRZEROBU ROPY\DRW-IV|DR4.FC43354_OP.PV;"2026-07-22 04:18:03,209015";"48,4185180664063"
\\PIAF\PKN Orlen\PI Vision\PKN Orlen\ZAKŁAD PRODUKCYJNY PŁOCK\RAFINERIA\PR03 BLOK PRZEROBU ROPY\DRW-IV|DR4.FC43354_OP.PV;"2026-07-22 04:49:53,162002";"48,1120414733887"
\\PIAF\PKN Orlen\PI Vision\PKN Orlen\ZAKŁAD PRODUKCYJNY PŁOCK\RAFINERIA\PR03 BLOK PRZEROBU ROPY\DRW-IV|DR4.FC43354_OP.PV;"2026-07-22 05:09:18,146011";"48,2924728393555"
\\PIAF\PKN Orlen\PI Vision\PKN Orlen\ZAKŁAD PRODUKCYJNY PŁOCK\RAFINERIA\PR03 BLOK PRZEROBU ROPY\DRW-IV|DR4.FC43354_OP.PV;"2026-07-22 05:19:43,240005";"48,2692909240723"
\\PIAF\PKN Orlen\PI Vision\PKN Orlen\ZAKŁAD PRODUKCYJNY PŁOCK\RAFINERIA\PR03 BLOK PRZEROBU ROPY\DRW-IV|DR4.FC43354_OP.PV;"2026-07-22 05:32:53,209";"48,0757598876953"
\\PIAF\PKN Orlen\PI Vision\PKN Orlen\ZAKŁAD PRODUKCYJNY PŁOCK\RAFINERIA\PR03 BLOK PRZEROBU ROPY\DRW-IV|DR4.FC43354_OP.PV;"2026-07-22 05:38:33,162002";"47,3343086242676"
\\PIAF\PKN Orlen\PI Vision\PKN Orlen\ZAKŁAD PRODUKCYJNY PŁOCK\RAFINERIA\PR03 BLOK PRZEROBU ROPY\DRW-IV|DR4.FC43354_OP.PV;"2026-07-22 05:51:28,256012";"47,4515342712402"
\\PIAF\PKN Orlen\PI Vision\PKN Orlen\ZAKŁAD PRODUKCYJNY PŁOCK\RAFINERIA\PR03 BLOK PRZEROBU ROPY\DRW-IV|DR4.FC43354_OP.PV;"2026-07-22 05:58:58,162002";"47,1058769226074"
\\PIAF\PKN Orlen\PI Vision\PKN Orlen\ZAKŁAD PRODUKCYJNY PŁOCK\RAFINERIA\PR03 BLOK PRZEROBU ROPY\DRW-IV|DR4.FC43354_OP.PV;"2026-07-22 06:12:58,209015";"47,7646484375"
\\PIAF\PKN Orlen\PI Vision\PKN Orlen\ZAKŁAD PRODUKCYJNY PŁOCK\RAFINERIA\PR03 BLOK PRZEROBU ROPY\DRW-IV|DR4.FC43354_OP.PV;"2026-07-22 06:43:23,131012";"48,1600875854492"
\\PIAF\PKN Orlen\PI Vision\PKN Orlen\ZAKŁAD PRODUKCYJNY PŁOCK\RAFINERIA\PR03 BLOK PRZEROBU ROPY\DRW-IV|DR4.FC43354_OP.PV;"2026-07-22 07:29:43,146011";"48,3915252685547"
\\PIAF\PKN Orlen\PI Vision\PKN Orlen\ZAKŁAD PRODUKCYJNY PŁOCK\RAFINERIA\PR03 BLOK PRZEROBU ROPY\DRW-IV|DR4.FC43354_OP.PV;"2026-07-22 07:46:23,193008";"48,7931938171387"
\\PIAF\PKN Orlen\PI Vision\PKN Orlen\ZAKŁAD PRODUKCYJNY PŁOCK\RAFINERIA\PR03 BLOK PRZEROBU ROPY\DRW-IV|DR4.FC43354_OP.PV;"2026-07-22 07:49:03,115005";"49,130313873291"
\\PIAF\PKN Orlen\PI Vision\PKN Orlen\ZAKŁAD PRODUKCYJNY PŁOCK\RAFINERIA\PR03 BLOK PRZEROBU ROPY\DRW-IV|DR4.FC43354_OP.PV;"2026-07-22 07:58:28,193008";"48,567985534668"
\\PIAF\PKN Orlen\PI Vision\PKN Orlen\ZAKŁAD PRODUKCYJNY PŁOCK\RAFINERIA\PR03 BLOK PRZEROBU ROPY\DRW-IV|DR4.FC43354_OP.PV;"2026-07-22 08:01:48,178009";"48,9056434631348"
\\PIAF\PKN Orlen\PI Vision\PKN Orlen\ZAKŁAD PRODUKCYJNY PŁOCK\RAFINERIA\PR03 BLOK PRZEROBU ROPY\DRW-IV|DR4.FC43354_OP.PV;"2026-07-22 08:09:33,178009";"48,1234855651855"
\\PIAF\PKN Orlen\PI Vision\PKN Orlen\ZAKŁAD PRODUKCYJNY PŁOCK\RAFINERIA\PR03 BLOK PRZEROBU ROPY\DRW-IV|DR4.FC43354_OP.PV;"2026-07-22 08:20:03,131012";"48,7460289001465"
\\PIAF\PKN Orlen\PI Vision\PKN Orlen\ZAKŁAD PRODUKCYJNY PŁOCK\RAFINERIA\PR03 BLOK PRZEROBU ROPY\DRW-IV|DR4.FC43354_OP.PV;"2026-07-22 08:24:58,162002";"48,4301109313965"
\\PIAF\PKN Orlen\PI Vision\PKN Orlen\ZAKŁAD PRODUKCYJNY PŁOCK\RAFINERIA\PR03 BLOK PRZEROBU ROPY\DRW-IV|DR4.FC43354_OP.PV;"2026-07-22 08:37:43,209015";"48,7449684143066"
\\PIAF\PKN Orlen\PI Vision\PKN Orlen\ZAKŁAD PRODUKCYJNY PŁOCK\RAFINERIA\PR03 BLOK PRZEROBU ROPY\DRW-IV|DR4.FC43354_OP.PV;"2026-07-22 08:51:28,146011";"47,8701057434082"
\\PIAF\PKN Orlen\PI Vision\PKN Orlen\ZAKŁAD PRODUKCYJNY PŁOCK\RAFINERIA\PR03 BLOK PRZEROBU ROPY\DRW-IV|DR4.FC43354_OP.PV;"2026-07-22 09:02:28,131012";"48,1918678283691"
\\PIAF\PKN Orlen\PI Vision\PKN Orlen\ZAKŁAD PRODUKCYJNY PŁOCK\RAFINERIA\PR03 BLOK PRZEROBU ROPY\DRW-IV|DR4.FC43354_OP.PV;"2026-07-22 09:07:13,162002";"47,3120651245117"
\\PIAF\PKN Orlen\PI Vision\PKN Orlen\ZAKŁAD PRODUKCYJNY PŁOCK\RAFINERIA\PR03 BLOK PRZEROBU ROPY\DRW-IV|DR4.FC43354_OP.PV;"2026-07-22 09:16:03,100006";"48,066032409668"
\\PIAF\PKN Orlen\PI Vision\PKN Orlen\ZAKŁAD PRODUKCYJNY PŁOCK\RAFINERIA\PR03 BLOK PRZEROBU ROPY\DRW-IV|DR4.FC43354_OP.PV;"2026-07-22 09:39:23,162002";"48,3753623962402"
\\PIAF\PKN Orlen\PI Vision\PKN Orlen\ZAKŁAD PRODUKCYJNY PŁOCK\RAFINERIA\PR03 BLOK PRZEROBU ROPY\DRW-IV|DR4.FC43354_OP.PV;"2026-07-22 10:18:38,099014";"48,541130065918"
\\PIAF\PKN Orlen\PI Vision\PKN Orlen\ZAKŁAD PRODUKCYJNY PŁOCK\RAFINERIA\PR03 BLOK PRZEROBU ROPY\DRW-IV|DR4.FC43354_OP.PV;"2026-07-22 10:37:03,084015";"48,7744903564453"
\\PIAF\PKN Orlen\PI Vision\PKN Orlen\ZAKŁAD PRODUKCYJNY PŁOCK\RAFINERIA\PR03 BLOK PRZEROBU ROPY\DRW-IV|DR4.FC43354_OP.PV;"2026-07-22 10:53:38,193008";"48,8337783813477"
\\PIAF\PKN Orlen\PI Vision\PKN Orlen\ZAKŁAD PRODUKCYJNY PŁOCK\RAFINERIA\PR03 BLOK PRZEROBU ROPY\DRW-IV|DR4.FC43354_OP.PV;"2026-07-22 11:06:18,146011";"48,6858062744141"
\\PIAF\PKN Orlen\PI Vision\PKN Orlen\ZAKŁAD PRODUKCYJNY PŁOCK\RAFINERIA\PR03 BLOK PRZEROBU ROPY\DRW-IV|DR4.FC43354_OP.PV;"2026-07-22 11:17:28,162002";"48,9883117675781"
\\PIAF\PKN Orlen\PI Vision\PKN Orlen\ZAKŁAD PRODUKCYJNY PŁOCK\RAFINERIA\PR03 BLOK PRZEROBU ROPY\DRW-IV|DR4.FC43354_OP.PV;"2026-07-22 11:32:18,099014";"48,9361915588379"
\\PIAF\PKN Orlen\PI Vision\PKN Orlen\ZAKŁAD PRODUKCYJNY PŁOCK\RAFINERIA\PR03 BLOK PRZEROBU ROPY\DRW-IV|DR4.FC43354_OP.PV;"2026-07-22 11:52:13,131012";"49,2402992248535"
\\PIAF\PKN Orlen\PI Vision\PKN Orlen\ZAKŁAD PRODUKCYJNY PŁOCK\RAFINERIA\PR03 BLOK PRZEROBU ROPY\DRW-IV|DR4.FC43354_OP.PV;"2026-07-22 12:00:48,099014";"49,1462898254395"
\\PIAF\PKN Orlen\PI Vision\PKN Orlen\ZAKŁAD PRODUKCYJNY PŁOCK\RAFINERIA\PR03 BLOK PRZEROBU ROPY\DRW-IV|DR4.FC43354_OP.PV;"2026-07-22 12:24:33,131012";"49,0489120483398"
\\PIAF\PKN Orlen\PI Vision\PKN Orlen\ZAKŁAD PRODUKCYJNY PŁOCK\RAFINERIA\PR03 BLOK PRZEROBU ROPY\DRW-IV|DR4.FC43354_OP.PV;"2026-07-22 12:42:08,184005";"48,7282371520996"
\\PIAF\PKN Orlen\PI Vision\PKN Orlen\ZAKŁAD PRODUKCYJNY PŁOCK\RAFINERIA\PR03 BLOK PRZEROBU ROPY\DRW-IV|DR4.FC43354_OP.PV;"2026-07-22 13:15:33,262008";"48,5988731384277"
\\PIAF\PKN Orlen\PI Vision\PKN Orlen\ZAKŁAD PRODUKCYJNY PŁOCK\RAFINERIA\PR03 BLOK PRZEROBU ROPY\DRW-IV|DR4.FC43354_OP.PV;"2026-07-22 14:14:58,153015";"48,2950019836426"
\\PIAF\PKN Orlen\PI Vision\PKN Orlen\ZAKŁAD PRODUKCYJNY PŁOCK\RAFINERIA\PR03 BLOK PRZEROBU ROPY\DRW-IV|DR4.FC43354_OP.PV;"2026-07-22 14:34:43,168014";"48,0809555053711"
\\PIAF\PKN Orlen\PI Vision\PKN Orlen\ZAKŁAD PRODUKCYJNY PŁOCK\RAFINERIA\PR03 BLOK PRZEROBU ROPY\DRW-IV|DR4.FC43354_OP.PV;"2026-07-22 14:39:53,262008";"47,7742347717285"
\\PIAF\PKN Orlen\PI Vision\PKN Orlen\ZAKŁAD PRODUKCYJNY PŁOCK\RAFINERIA\PR03 BLOK PRZEROBU ROPY\DRW-IV|DR4.FC43354_OP.PV;"2026-07-22 14:55:23,153";"47,5692520141602"
\\PIAF\PKN Orlen\PI Vision\PKN Orlen\ZAKŁAD PRODUKCYJNY PŁOCK\RAFINERIA\PR03 BLOK PRZEROBU ROPY\DRW-IV|DR4.FC43354_OP.PV;"2026-07-22 15:05:03,137008";"47,9781036376953"
\\PIAF\PKN Orlen\PI Vision\PKN Orlen\ZAKŁAD PRODUKCYJNY PŁOCK\RAFINERIA\PR03 BLOK PRZEROBU ROPY\DRW-IV|DR4.FC43354_OP.PV;"2026-07-22 15:18:58,153015";"47,9630851745605"
\\PIAF\PKN Orlen\PI Vision\PKN Orlen\ZAKŁAD PRODUKCYJNY PŁOCK\RAFINERIA\PR03 BLOK PRZEROBU ROPY\DRW-IV|DR4.FC43354_OP.PV;"2026-07-22 15:33:08,168014";"48,3966522216797"
\\PIAF\PKN Orlen\PI Vision\PKN Orlen\ZAKŁAD PRODUKCYJNY PŁOCK\RAFINERIA\PR03 BLOK PRZEROBU ROPY\DRW-IV|DR4.FC43354_OP.PV;"2026-07-22 15:56:18,231003";"47,652042388916"
\\PIAF\PKN Orlen\PI Vision\PKN Orlen\ZAKŁAD PRODUKCYJNY PŁOCK\RAFINERIA\PR03 BLOK PRZEROBU ROPY\DRW-IV|DR4.FC43354_OP.PV;"2026-07-22 16:20:18,153015";"47,408016204834"
\\PIAF\PKN Orlen\PI Vision\PKN Orlen\ZAKŁAD PRODUKCYJNY PŁOCK\RAFINERIA\PR03 BLOK PRZEROBU ROPY\DRW-IV|DR4.FC43354_OP.PV;"2026-07-22 16:32:48,168014";"47,8503875732422"
\\PIAF\PKN Orlen\PI Vision\PKN Orlen\ZAKŁAD PRODUKCYJNY PŁOCK\RAFINERIA\PR03 BLOK PRZEROBU ROPY\DRW-IV|DR4.FC43354_OP.PV;"2026-07-22 16:45:38,137008";"47,2999877929688"
\\PIAF\PKN Orlen\PI Vision\PKN Orlen\ZAKŁAD PRODUKCYJNY PŁOCK\RAFINERIA\PR03 BLOK PRZEROBU ROPY\DRW-IV|DR4.FC43354_OP.PV;"2026-07-22 16:54:33,153015";"47,7598114013672"
\\PIAF\PKN Orlen\PI Vision\PKN Orlen\ZAKŁAD PRODUKCYJNY PŁOCK\RAFINERIA\PR03 BLOK PRZEROBU ROPY\DRW-IV|DR4.FC43354_OP.PV;"2026-07-22 17:13:38,184005";"47,6526145935059"
\\PIAF\PKN Orlen\PI Vision\PKN Orlen\ZAKŁAD PRODUKCYJNY PŁOCK\RAFINERIA\PR03 BLOK PRZEROBU ROPY\DRW-IV|DR4.FC43354_OP.PV;"2026-07-22 17:27:13,199005";"48,10693359375"
\\PIAF\PKN Orlen\PI Vision\PKN Orlen\ZAKŁAD PRODUKCYJNY PŁOCK\RAFINERIA\PR03 BLOK PRZEROBU ROPY\DRW-IV|DR4.FC43354_OP.PV;"2026-07-22 17:41:58,137008";"48,6306953430176"
\\PIAF\PKN Orlen\PI Vision\PKN Orlen\ZAKŁAD PRODUKCYJNY PŁOCK\RAFINERIA\PR03 BLOK PRZEROBU ROPY\DRW-IV|DR4.FC43354_OP.PV;"2026-07-22 18:00:48,121002";"48,3077125549316"
\\PIAF\PKN Orlen\PI Vision\PKN Orlen\ZAKŁAD PRODUKCYJNY PŁOCK\RAFINERIA\PR03 BLOK PRZEROBU ROPY\DRW-IV|DR4.FC43354_OP.PV;"2026-07-22 18:15:13,121002";"48,1831169128418"
\\PIAF\PKN Orlen\PI Vision\PKN Orlen\ZAKŁAD PRODUKCYJNY PŁOCK\RAFINERIA\PR03 BLOK PRZEROBU ROPY\DRW-IV|DR4.FC43354_OP.PV;"2026-07-22 18:21:08,199005";"48,3906440734863"
\\PIAF\PKN Orlen\PI Vision\PKN Orlen\ZAKŁAD PRODUKCYJNY PŁOCK\RAFINERIA\PR03 BLOK PRZEROBU ROPY\DRW-IV|DR4.FC43354_OP.PV;"2026-07-22 18:27:08,137008";"48,6249122619629"
\\PIAF\PKN Orlen\PI Vision\PKN Orlen\ZAKŁAD PRODUKCYJNY PŁOCK\RAFINERIA\PR03 BLOK PRZEROBU ROPY\DRW-IV|DR4.FC43354_OP.PV;"2026-07-22 18:32:13,215012";"48,2326889038086"
\\PIAF\PKN Orlen\PI Vision\PKN Orlen\ZAKŁAD PRODUKCYJNY PŁOCK\RAFINERIA\PR03 BLOK PRZEROBU ROPY\DRW-IV|DR4.FC43354_OP.PV;"2026-07-22 18:42:48,137008";"48,2621421813965"
\\PIAF\PKN Orlen\PI Vision\PKN Orlen\ZAKŁAD PRODUKCYJNY PŁOCK\RAFINERIA\PR03 BLOK PRZEROBU ROPY\DRW-IV|DR4.FC43354_OP.PV;"2026-07-22 18:45:43,168014";"47,894775390625"
\\PIAF\PKN Orlen\PI Vision\PKN Orlen\ZAKŁAD PRODUKCYJNY PŁOCK\RAFINERIA\PR03 BLOK PRZEROBU ROPY\DRW-IV|DR4.FC43354_OP.PV;"2026-07-22 18:57:18,168014";"48,0880393981934"
\\PIAF\PKN Orlen\PI Vision\PKN Orlen\ZAKŁAD PRODUKCYJNY PŁOCK\RAFINERIA\PR03 BLOK PRZEROBU ROPY\DRW-IV|DR4.FC43354_OP.PV;"2026-07-22 19:27:28,184005";"48,2907447814941"
\\PIAF\PKN Orlen\PI Vision\PKN Orlen\ZAKŁAD PRODUKCYJNY PŁOCK\RAFINERIA\PR03 BLOK PRZEROBU ROPY\DRW-IV|DR4.FC43354_OP.PV;"2026-07-22 19:35:53,215012";"48,0604476928711"
\\PIAF\PKN Orlen\PI Vision\PKN Orlen\ZAKŁAD PRODUKCYJNY PŁOCK\RAFINERIA\PR03 BLOK PRZEROBU ROPY\DRW-IV|DR4.FC43354_OP.PV;"2026-07-22 20:06:08,090012";"48,3644485473633"
\\PIAF\PKN Orlen\PI Vision\PKN Orlen\ZAKŁAD PRODUKCYJNY PŁOCK\RAFINERIA\PR03 BLOK PRZEROBU ROPY\DRW-IV|DR4.FC43354_OP.PV;"2026-07-22 20:23:03,153";"48,2827644348145"
\\PIAF\PKN Orlen\PI Vision\PKN Orlen\ZAKŁAD PRODUKCYJNY PŁOCK\RAFINERIA\PR03 BLOK PRZEROBU ROPY\DRW-IV|DR4.FC43354_OP.PV;"2026-07-22 21:01:58,168014";"48,4568672180176"
\\PIAF\PKN Orlen\PI Vision\PKN Orlen\ZAKŁAD PRODUKCYJNY PŁOCK\RAFINERIA\PR03 BLOK PRZEROBU ROPY\DRW-IV|DR4.FC43354_OP.PV;"2026-07-22 21:21:23,137008";"47,9265518188477"
\\PIAF\PKN Orlen\PI Vision\PKN Orlen\ZAKŁAD PRODUKCYJNY PŁOCK\RAFINERIA\PR03 BLOK PRZEROBU ROPY\DRW-IV|DR4.FC43354_OP.PV;"2026-07-22 22:02:13,074005";"47,8162002563477"
\\PIAF\PKN Orlen\PI Vision\PKN Orlen\ZAKŁAD PRODUKCYJNY PŁOCK\RAFINERIA\PR03 BLOK PRZEROBU ROPY\DRW-IV|DR4.FC43354_OP.PV;"2026-07-22 22:04:23,137008";"47,5651473999023"
\\PIAF\PKN Orlen\PI Vision\PKN Orlen\ZAKŁAD PRODUKCYJNY PŁOCK\RAFINERIA\PR03 BLOK PRZEROBU ROPY\DRW-IV|DR4.FC43354_OP.PV;"2026-07-22 22:37:03,268005";"48,0157928466797"
\\PIAF\PKN Orlen\PI Vision\PKN Orlen\ZAKŁAD PRODUKCYJNY PŁOCK\RAFINERIA\PR03 BLOK PRZEROBU ROPY\DRW-IV|DR4.FC43354_OP.PV;"2026-07-22 22:58:23,143005";"47,637077331543"
\\PIAF\PKN Orlen\PI Vision\PKN Orlen\ZAKŁAD PRODUKCYJNY PŁOCK\RAFINERIA\PR03 BLOK PRZEROBU ROPY\DRW-IV|DR4.FC43354_OP.PV;"2026-07-22 23:01:18,190002";"47,8962173461914"
\\PIAF\PKN Orlen\PI Vision\PKN Orlen\ZAKŁAD PRODUKCYJNY PŁOCK\RAFINERIA\PR03 BLOK PRZEROBU ROPY\DRW-IV|DR4.FC43354_OP.PV;"2026-07-22 23:47:53,221008";"48,2145652770996"
\\PIAF\PKN Orlen\PI Vision\PKN Orlen\ZAKŁAD PRODUKCYJNY PŁOCK\RAFINERIA\PR03 BLOK PRZEROBU ROPY\DRW-IV|DR4.FC43354_OP.PV;"2026-07-23 00:33:38,159012";"48,1683921813965"
\\PIAF\PKN Orlen\PI Vision\PKN Orlen\ZAKŁAD PRODUKCYJNY PŁOCK\RAFINERIA\PR03 BLOK PRZEROBU ROPY\DRW-IV|DR4.FC43354_OP.PV;"2026-07-23 00:44:48,174011";"48,0428352355957"
\\PIAF\PKN Orlen\PI Vision\PKN Orlen\ZAKŁAD PRODUKCYJNY PŁOCK\RAFINERIA\PR03 BLOK PRZEROBU ROPY\DRW-IV|DR4.FC43354_OP.PV;"2026-07-23 00:49:38,237";"48,1453285217285"
\\PIAF\PKN Orlen\PI Vision\PKN Orlen\ZAKŁAD PRODUKCYJNY PŁOCK\RAFINERIA\PR03 BLOK PRZEROBU ROPY\DRW-IV|DR4.FC43354_OP.PV;"2026-07-23 00:53:23,159012";"47,8202857971191"
\\PIAF\PKN Orlen\PI Vision\PKN Orlen\ZAKŁAD PRODUKCYJNY PŁOCK\RAFINERIA\PR03 BLOK PRZEROBU ROPY\DRW-IV|DR4.FC43354_OP.PV;"2026-07-23 01:00:33,143005";"48,1814346313477"
\\PIAF\PKN Orlen\PI Vision\PKN Orlen\ZAKŁAD PRODUKCYJNY PŁOCK\RAFINERIA\PR03 BLOK PRZEROBU ROPY\DRW-IV|DR4.FC43354_OP.PV;"2026-07-23 01:03:43,159012";"48,5037994384766"
\\PIAF\PKN Orlen\PI Vision\PKN Orlen\ZAKŁAD PRODUKCYJNY PŁOCK\RAFINERIA\PR03 BLOK PRZEROBU ROPY\DRW-IV|DR4.FC43354_OP.PV;"2026-07-23 01:13:53,221008";"48,1858520507813"
\\PIAF\PKN Orlen\PI Vision\PKN Orlen\ZAKŁAD PRODUKCYJNY PŁOCK\RAFINERIA\PR03 BLOK PRZEROBU ROPY\DRW-IV|DR4.FC43354_OP.PV;"2026-07-23 01:22:03,174011";"48,4980926513672"
\\PIAF\PKN Orlen\PI Vision\PKN Orlen\ZAKŁAD PRODUKCYJNY PŁOCK\RAFINERIA\PR03 BLOK PRZEROBU ROPY\DRW-IV|DR4.FC43354_OP.PV;"2026-07-23 01:26:33,190002";"48,0849418640137"
\\PIAF\PKN Orlen\PI Vision\PKN Orlen\ZAKŁAD PRODUKCYJNY PŁOCK\RAFINERIA\PR03 BLOK PRZEROBU ROPY\DRW-IV|DR4.FC43354_OP.PV;"2026-07-23 01:40:18,174011";"48,1768951416016"
\\PIAF\PKN Orlen\PI Vision\PKN Orlen\ZAKŁAD PRODUKCYJNY PŁOCK\RAFINERIA\PR03 BLOK PRZEROBU ROPY\DRW-IV|DR4.FC43354_OP.PV;"2026-07-23 01:53:33,159012";"48,2671203613281"
\\PIAF\PKN Orlen\PI Vision\PKN Orlen\ZAKŁAD PRODUKCYJNY PŁOCK\RAFINERIA\PR03 BLOK PRZEROBU ROPY\DRW-IV|DR4.FC43354_OP.PV;"2026-07-23 02:00:33,128006";"48,0618438720703"
\\PIAF\PKN Orlen\PI Vision\PKN Orlen\ZAKŁAD PRODUKCYJNY PŁOCK\RAFINERIA\PR03 BLOK PRZEROBU ROPY\DRW-IV|DR4.FC43354_OP.PV;"2026-07-23 02:25:13,221008";"48,1743431091309"
\\PIAF\PKN Orlen\PI Vision\PKN Orlen\ZAKŁAD PRODUKCYJNY PŁOCK\RAFINERIA\PR03 BLOK PRZEROBU ROPY\DRW-IV|DR4.FC43354_OP.PV;"2026-07-23 03:36:03,175003";"48,2353897094727"
\\PIAF\PKN Orlen\PI Vision\PKN Orlen\ZAKŁAD PRODUKCYJNY PŁOCK\RAFINERIA\PR03 BLOK PRZEROBU ROPY\DRW-IV|DR4.FC43354_OP.PV;"2026-07-23 04:36:23,159012";"47,7445259094238"
\\PIAF\PKN Orlen\PI Vision\PKN Orlen\ZAKŁAD PRODUKCYJNY PŁOCK\RAFINERIA\PR03 BLOK PRZEROBU ROPY\DRW-IV|DR4.FC43354_OP.PV;"2026-07-23 04:55:28,081009";"47,4241485595703"
\\PIAF\PKN Orlen\PI Vision\PKN Orlen\ZAKŁAD PRODUKCYJNY PŁOCK\RAFINERIA\PR03 BLOK PRZEROBU ROPY\DRW-IV|DR4.FC43354_OP.PV;"2026-07-23 05:21:18,190002";"47,7254409790039"
\\PIAF\PKN Orlen\PI Vision\PKN Orlen\ZAKŁAD PRODUKCYJNY PŁOCK\RAFINERIA\PR03 BLOK PRZEROBU ROPY\DRW-IV|DR4.FC43354_OP.PV;"2026-07-23 05:52:38,190002";"47,5292015075684"
\\PIAF\PKN Orlen\PI Vision\PKN Orlen\ZAKŁAD PRODUKCYJNY PŁOCK\RAFINERIA\PR03 BLOK PRZEROBU ROPY\DRW-IV|DR4.FC43354_OP.PV;"2026-07-23 06:14:03,143005";"47,2203750610352"
\\PIAF\PKN Orlen\PI Vision\PKN Orlen\ZAKŁAD PRODUKCYJNY PŁOCK\RAFINERIA\PR03 BLOK PRZEROBU ROPY\DRW-IV|DR4.FC43354_OP.PV;"2026-07-23 06:41:38,159012";"47,6818618774414"
\\PIAF\PKN Orlen\PI Vision\PKN Orlen\ZAKŁAD PRODUKCYJNY PŁOCK\RAFINERIA\PR03 BLOK PRZEROBU ROPY\DRW-IV|DR4.FC43354_OP.PV;"2026-07-23 07:17:08,174011";"47,997917175293"
\\PIAF\PKN Orlen\PI Vision\PKN Orlen\ZAKŁAD PRODUKCYJNY PŁOCK\RAFINERIA\PR03 BLOK PRZEROBU ROPY\DRW-IV|DR4.FC43354_OP.PV;"2026-07-23 07:56:23,228012";"47,9407196044922"
\\PIAF\PKN Orlen\PI Vision\PKN Orlen\ZAKŁAD PRODUKCYJNY PŁOCK\RAFINERIA\PR03 BLOK PRZEROBU ROPY\DRW-IV|DR4.FC43354_OP.PV;"2026-07-23 08:39:53,228012";"47,7973403930664"
\\PIAF\PKN Orlen\PI Vision\PKN Orlen\ZAKŁAD PRODUKCYJNY PŁOCK\RAFINERIA\PR03 BLOK PRZEROBU ROPY\DRW-IV|DR4.FC43354_OP.PV;"2026-07-23 08:56:43,259002";"47,906982421875"
\\PIAF\PKN Orlen\PI Vision\PKN Orlen\ZAKŁAD PRODUKCYJNY PŁOCK\RAFINERIA\PR03 BLOK PRZEROBU ROPY\DRW-IV|DR4.FC43354_OP.PV;"2026-07-23 09:07:03,228012";"47,5938568115234"
\\PIAF\PKN Orlen\PI Vision\PKN Orlen\ZAKŁAD PRODUKCYJNY PŁOCK\RAFINERIA\PR03 BLOK PRZEROBU ROPY\DRW-IV|DR4.FC43354_OP.PV;"2026-07-23 09:19:43,181";"47,4904289245605"
\\PIAF\PKN Orlen\PI Vision\PKN Orlen\ZAKŁAD PRODUKCYJNY PŁOCK\RAFINERIA\PR03 BLOK PRZEROBU ROPY\DRW-IV|DR4.FC43354_OP.PV;"2026-07-23 09:58:03,181";"47,4410438537598"
\\PIAF\PKN Orlen\PI Vision\PKN Orlen\ZAKŁAD PRODUKCYJNY PŁOCK\RAFINERIA\PR03 BLOK PRZEROBU ROPY\DRW-IV|DR4.FC43354_OP.PV;"2026-07-23 10:10:13,228012";"47,355770111084"
\\PIAF\PKN Orlen\PI Vision\PKN Orlen\ZAKŁAD PRODUKCYJNY PŁOCK\RAFINERIA\PR03 BLOK PRZEROBU ROPY\DRW-IV|DR4.FC43354_OP.PV;"2026-07-23 10:25:43,165008";"47,0232849121094"
\\PIAF\PKN Orlen\PI Vision\PKN Orlen\ZAKŁAD PRODUKCYJNY PŁOCK\RAFINERIA\PR03 BLOK PRZEROBU ROPY\DRW-IV|DR4.FC43354_OP.PV;"2026-07-23 10:45:03,153015";"48,562183380127"
\\PIAF\PKN Orlen\PI Vision\PKN Orlen\ZAKŁAD PRODUKCYJNY PŁOCK\RAFINERIA\PR03 BLOK PRZEROBU ROPY\DRW-IV|DR4.FC43354_OP.PV;"2026-07-23 10:59:28,195999";"48,9798049926758"
\\PIAF\PKN Orlen\PI Vision\PKN Orlen\ZAKŁAD PRODUKCYJNY PŁOCK\RAFINERIA\PR03 BLOK PRZEROBU ROPY\DRW-IV|DR4.FC43354_OP.PV;"2026-07-23 11:02:13,149002";"49,3025665283203"
\\PIAF\PKN Orlen\PI Vision\PKN Orlen\ZAKŁAD PRODUKCYJNY PŁOCK\RAFINERIA\PR03 BLOK PRZEROBU ROPY\DRW-IV|DR4.FC43354_OP.PV;"2026-07-23 11:26:58,168014";"49,6115798950195"
\\PIAF\PKN Orlen\PI Vision\PKN Orlen\ZAKŁAD PRODUKCYJNY PŁOCK\RAFINERIA\PR03 BLOK PRZEROBU ROPY\DRW-IV|DR4.FC43354_OP.PV;"2026-07-23 11:32:48,203003";"49,6914520263672"
\\PIAF\PKN Orlen\PI Vision\PKN Orlen\ZAKŁAD PRODUKCYJNY PŁOCK\RAFINERIA\PR03 BLOK PRZEROBU ROPY\DRW-IV|DR4.FC43354_OP.PV;"2026-07-23 11:48:38,181";"48,8173522949219"
\\PIAF\PKN Orlen\PI Vision\PKN Orlen\ZAKŁAD PRODUKCYJNY PŁOCK\RAFINERIA\PR03 BLOK PRZEROBU ROPY\DRW-IV|DR4.FC43354_OP.PV;"2026-07-23 12:02:58,134002";"49,3818359375"
\\PIAF\PKN Orlen\PI Vision\PKN Orlen\ZAKŁAD PRODUKCYJNY PŁOCK\RAFINERIA\PR03 BLOK PRZEROBU ROPY\DRW-IV|DR4.FC43354_OP.PV;"2026-07-23 12:18:18,187011";"49,2740859985352"
\\PIAF\PKN Orlen\PI Vision\PKN Orlen\ZAKŁAD PRODUKCYJNY PŁOCK\RAFINERIA\PR03 BLOK PRZEROBU ROPY\DRW-IV|DR4.FC43354_OP.PV;"2026-07-23 12:54:33,090012";"48,9345741271973"
\\PIAF\PKN Orlen\PI Vision\PKN Orlen\ZAKŁAD PRODUKCYJNY PŁOCK\RAFINERIA\PR03 BLOK PRZEROBU ROPY\DRW-IV|DR4.FC43354_OP.PV;"2026-07-23 13:00:38,221008";"47,6520462036133"
\\PIAF\PKN Orlen\PI Vision\PKN Orlen\ZAKŁAD PRODUKCYJNY PŁOCK\RAFINERIA\PR03 BLOK PRZEROBU ROPY\DRW-IV|DR4.FC43354_OP.PV;"2026-07-23 13:04:13,143005";"48,0327491760254"
\\PIAF\PKN Orlen\PI Vision\PKN Orlen\ZAKŁAD PRODUKCYJNY PŁOCK\RAFINERIA\PR03 BLOK PRZEROBU ROPY\DRW-IV|DR4.FC43354_OP.PV;"2026-07-23 13:10:03,143005";"50,2654838562012"
\\PIAF\PKN Orlen\PI Vision\PKN Orlen\ZAKŁAD PRODUKCYJNY PŁOCK\RAFINERIA\PR03 BLOK PRZEROBU ROPY\DRW-IV|DR4.FC43354_OP.PV;"2026-07-23 13:14:13,112";"50,5286827087402"
\\PIAF\PKN Orlen\PI Vision\PKN Orlen\ZAKŁAD PRODUKCYJNY PŁOCK\RAFINERIA\PR03 BLOK PRZEROBU ROPY\DRW-IV|DR4.FC43354_OP.PV;"2026-07-23 13:17:33,175003";"49,9273490905762"
\\PIAF\PKN Orlen\PI Vision\PKN Orlen\ZAKŁAD PRODUKCYJNY PŁOCK\RAFINERIA\PR03 BLOK PRZEROBU ROPY\DRW-IV|DR4.FC43354_OP.PV;"2026-07-23 13:28:18,112";"49,6228675842285"
\\PIAF\PKN Orlen\PI Vision\PKN Orlen\ZAKŁAD PRODUKCYJNY PŁOCK\RAFINERIA\PR03 BLOK PRZEROBU ROPY\DRW-IV|DR4.FC43354_OP.PV;"2026-07-23 13:31:38,196014";"49,1701049804688"
\\PIAF\PKN Orlen\PI Vision\PKN Orlen\ZAKŁAD PRODUKCYJNY PŁOCK\RAFINERIA\PR03 BLOK PRZEROBU ROPY\DRW-IV|DR4.FC43354_OP.PV;"2026-07-23 13:41:38,165008";"49,2673873901367"
\\PIAF\PKN Orlen\PI Vision\PKN Orlen\ZAKŁAD PRODUKCYJNY PŁOCK\RAFINERIA\PR03 BLOK PRZEROBU ROPY\DRW-IV|DR4.FC43354_OP.PV;"2026-07-23 13:50:43,165008";"47,8094444274902"
\\PIAF\PKN Orlen\PI Vision\PKN Orlen\ZAKŁAD PRODUKCYJNY PŁOCK\RAFINERIA\PR03 BLOK PRZEROBU ROPY\DRW-IV|DR4.FC43354_OP.PV;"2026-07-23 13:56:58,165008";"48,4675941467285"
\\PIAF\PKN Orlen\PI Vision\PKN Orlen\ZAKŁAD PRODUKCYJNY PŁOCK\RAFINERIA\PR03 BLOK PRZEROBU ROPY\DRW-IV|DR4.FC43354_OP.PV;"2026-07-23 14:04:43,181";"48,6935882568359"
\\PIAF\PKN Orlen\PI Vision\PKN Orlen\ZAKŁAD PRODUKCYJNY PŁOCK\RAFINERIA\PR03 BLOK PRZEROBU ROPY\DRW-IV|DR4.FC43354_OP.PV;"2026-07-23 14:08:13,181";"49,1363143920898"
\\PIAF\PKN Orlen\PI Vision\PKN Orlen\ZAKŁAD PRODUKCYJNY PŁOCK\RAFINERIA\PR03 BLOK PRZEROBU ROPY\DRW-IV|DR4.FC43354_OP.PV;"2026-07-23 14:33:33,087006";"48,4568176269531"
\\PIAF\PKN Orlen\PI Vision\PKN Orlen\ZAKŁAD PRODUKCYJNY PŁOCK\RAFINERIA\PR03 BLOK PRZEROBU ROPY\DRW-IV|DR4.FC43354_OP.PV;"2026-07-23 14:42:58,265014";"48,6690368652344"
\\PIAF\PKN Orlen\PI Vision\PKN Orlen\ZAKŁAD PRODUKCYJNY PŁOCK\RAFINERIA\PR03 BLOK PRZEROBU ROPY\DRW-IV|DR4.FC43354_OP.PV;"2026-07-23 14:46:48,071014";"48,5712928771973"
\\PIAF\PKN Orlen\PI Vision\PKN Orlen\ZAKŁAD PRODUKCYJNY PŁOCK\RAFINERIA\PR03 BLOK PRZEROBU ROPY\DRW-IV|DR4.FC43354_OP.PV;"2026-07-23 14:52:13,156006";"49,4764137268066"
\\PIAF\PKN Orlen\PI Vision\PKN Orlen\ZAKŁAD PRODUKCYJNY PŁOCK\RAFINERIA\PR03 BLOK PRZEROBU ROPY\DRW-IV|DR4.FC43354_OP.PV;"2026-07-23 14:55:23,264999";"49,0389099121094"
\\PIAF\PKN Orlen\PI Vision\PKN Orlen\ZAKŁAD PRODUKCYJNY PŁOCK\RAFINERIA\PR03 BLOK PRZEROBU ROPY\DRW-IV|DR4.FC43354_OP.PV;"2026-07-23 14:58:28,218002";"48,4486541748047"
\\PIAF\PKN Orlen\PI Vision\PKN Orlen\ZAKŁAD PRODUKCYJNY PŁOCK\RAFINERIA\PR03 BLOK PRZEROBU ROPY\DRW-IV|DR4.FC43354_OP.PV;"2026-07-23 15:04:58,140014";"49,0757293701172"
\\PIAF\PKN Orlen\PI Vision\PKN Orlen\ZAKŁAD PRODUKCYJNY PŁOCK\RAFINERIA\PR03 BLOK PRZEROBU ROPY\DRW-IV|DR4.FC43354_OP.PV;"2026-07-23 15:09:18,187011";"48,6316261291504"
\\PIAF\PKN Orlen\PI Vision\PKN Orlen\ZAKŁAD PRODUKCYJNY PŁOCK\RAFINERIA\PR03 BLOK PRZEROBU ROPY\DRW-IV|DR4.FC43354_OP.PV;"2026-07-23 15:11:43,128006";"48,1809844970703"
\\PIAF\PKN Orlen\PI Vision\PKN Orlen\ZAKŁAD PRODUKCYJNY PŁOCK\RAFINERIA\PR03 BLOK PRZEROBU ROPY\DRW-IV|DR4.FC43354_OP.PV;"2026-07-23 15:21:33,206009";"47,9548606872559"
\\PIAF\PKN Orlen\PI Vision\PKN Orlen\ZAKŁAD PRODUKCYJNY PŁOCK\RAFINERIA\PR03 BLOK PRZEROBU ROPY\DRW-IV|DR4.FC43354_OP.PV;"2026-07-23 15:38:43,178009";"47,8661956787109"
\\PIAF\PKN Orlen\PI Vision\PKN Orlen\ZAKŁAD PRODUKCYJNY PŁOCK\RAFINERIA\PR03 BLOK PRZEROBU ROPY\DRW-IV|DR4.FC43354_OP.PV;"2026-07-23 15:46:48,109009";"47,0138092041016"
\\PIAF\PKN Orlen\PI Vision\PKN Orlen\ZAKŁAD PRODUKCYJNY PŁOCK\RAFINERIA\PR03 BLOK PRZEROBU ROPY\DRW-IV|DR4.FC43354_OP.PV;"2026-07-23 15:50:13,124008";"43,6868629455566"
\\PIAF\PKN Orlen\PI Vision\PKN Orlen\ZAKŁAD PRODUKCYJNY PŁOCK\RAFINERIA\PR03 BLOK PRZEROBU ROPY\DRW-IV|DR4.FC43354_OP.PV;"2026-07-23 15:52:33,139999";"41,1355857849121"
\\PIAF\PKN Orlen\PI Vision\PKN Orlen\ZAKŁAD PRODUKCYJNY PŁOCK\RAFINERIA\PR03 BLOK PRZEROBU ROPY\DRW-IV|DR4.FC43354_OP.PV;"2026-07-23 15:53:43,139999";"40,6121673583984"
\\PIAF\PKN Orlen\PI Vision\PKN Orlen\ZAKŁAD PRODUKCYJNY PŁOCK\RAFINERIA\PR03 BLOK PRZEROBU ROPY\DRW-IV|DR4.FC43354_OP.PV;"2026-07-23 15:53:48,062011";"42,2525596618652"
\\PIAF\PKN Orlen\PI Vision\PKN Orlen\ZAKŁAD PRODUKCYJNY PŁOCK\RAFINERIA\PR03 BLOK PRZEROBU ROPY\DRW-IV|DR4.FC43354_OP.PV;"2026-07-23 15:54:03,156006";"42,7616806030273"
\\PIAF\PKN Orlen\PI Vision\PKN Orlen\ZAKŁAD PRODUKCYJNY PŁOCK\RAFINERIA\PR03 BLOK PRZEROBU ROPY\DRW-IV|DR4.FC43354_OP.PV;"2026-07-23 15:54:08,078003";"44,4060821533203"
\\PIAF\PKN Orlen\PI Vision\PKN Orlen\ZAKŁAD PRODUKCYJNY PŁOCK\RAFINERIA\PR03 BLOK PRZEROBU ROPY\DRW-IV|DR4.FC43354_OP.PV;"2026-07-23 15:54:48,125";"45,5928001403809"
\\PIAF\PKN Orlen\PI Vision\PKN Orlen\ZAKŁAD PRODUKCYJNY PŁOCK\RAFINERIA\PR03 BLOK PRZEROBU ROPY\DRW-IV|DR4.FC43354_OP.PV;"2026-07-23 15:55:03,109009";"45,71728515625"
\\PIAF\PKN Orlen\PI Vision\PKN Orlen\ZAKŁAD PRODUKCYJNY PŁOCK\RAFINERIA\PR03 BLOK PRZEROBU ROPY\DRW-IV|DR4.FC43354_OP.PV;"2026-07-23 15:55:08,139999";"47,1429214477539"
\\PIAF\PKN Orlen\PI Vision\PKN Orlen\ZAKŁAD PRODUKCYJNY PŁOCK\RAFINERIA\PR03 BLOK PRZEROBU ROPY\DRW-IV|DR4.FC43354_OP.PV;"2026-07-23 15:56:08,093002";"47,8153381347656"
\\PIAF\PKN Orlen\PI Vision\PKN Orlen\ZAKŁAD PRODUKCYJNY PŁOCK\RAFINERIA\PR03 BLOK PRZEROBU ROPY\DRW-IV|DR4.FC43354_OP.PV;"2026-07-23 15:56:58,078003";"47,9010734558105"
\\PIAF\PKN Orlen\PI Vision\PKN Orlen\ZAKŁAD PRODUKCYJNY PŁOCK\RAFINERIA\PR03 BLOK PRZEROBU ROPY\DRW-IV|DR4.FC43354_OP.PV;"2026-07-23 15:57:03,109009";"47,1712913513184"
\\PIAF\PKN Orlen\PI Vision\PKN Orlen\ZAKŁAD PRODUKCYJNY PŁOCK\RAFINERIA\PR03 BLOK PRZEROBU ROPY\DRW-IV|DR4.FC43354_OP.PV;"2026-07-23 15:58:33,140014";"46,7044830322266"
\\PIAF\PKN Orlen\PI Vision\PKN Orlen\ZAKŁAD PRODUKCYJNY PŁOCK\RAFINERIA\PR03 BLOK PRZEROBU ROPY\DRW-IV|DR4.FC43354_OP.PV;"2026-07-23 15:59:28,156006";"46,5015640258789"
\\PIAF\PKN Orlen\PI Vision\PKN Orlen\ZAKŁAD PRODUKCYJNY PŁOCK\RAFINERIA\PR03 BLOK PRZEROBU ROPY\DRW-IV|DR4.FC43354_OP.PV;"2026-07-23 15:59:33,078003";"46,026611328125"
\\PIAF\PKN Orlen\PI Vision\PKN Orlen\ZAKŁAD PRODUKCYJNY PŁOCK\RAFINERIA\PR03 BLOK PRZEROBU ROPY\DRW-IV|DR4.FC43354_OP.PV;"2026-07-23 16:03:38,178009";"45,7587509155273"
\\PIAF\PKN Orlen\PI Vision\PKN Orlen\ZAKŁAD PRODUKCYJNY PŁOCK\RAFINERIA\PR03 BLOK PRZEROBU ROPY\DRW-IV|DR4.FC43354_OP.PV;"2026-07-23 16:03:43,209015";"45,4988174438477"
\\PIAF\PKN Orlen\PI Vision\PKN Orlen\ZAKŁAD PRODUKCYJNY PŁOCK\RAFINERIA\PR03 BLOK PRZEROBU ROPY\DRW-IV|DR4.FC43354_OP.PV;"2026-07-23 16:13:13,178009";"45,4159698486328"
\\PIAF\PKN Orlen\PI Vision\PKN Orlen\ZAKŁAD PRODUKCYJNY PŁOCK\RAFINERIA\PR03 BLOK PRZEROBU ROPY\DRW-IV|DR4.FC43354_OP.PV;"2026-07-23 16:14:18,146011";"45,8393020629883"
\\PIAF\PKN Orlen\PI Vision\PKN Orlen\ZAKŁAD PRODUKCYJNY PŁOCK\RAFINERIA\PR03 BLOK PRZEROBU ROPY\DRW-IV|DR4.FC43354_OP.PV;"2026-07-23 16:23:08,106003";"45,3004989624023"
\\PIAF\PKN Orlen\PI Vision\PKN Orlen\ZAKŁAD PRODUKCYJNY PŁOCK\RAFINERIA\PR03 BLOK PRZEROBU ROPY\DRW-IV|DR4.FC43354_OP.PV;"2026-07-23 16:34:43,137008";"43,7223777770996"
\\PIAF\PKN Orlen\PI Vision\PKN Orlen\ZAKŁAD PRODUKCYJNY PŁOCK\RAFINERIA\PR03 BLOK PRZEROBU ROPY\DRW-IV|DR4.FC43354_OP.PV;"2026-07-23 16:43:48,175003";"43,5262336730957"
\\PIAF\PKN Orlen\PI Vision\PKN Orlen\ZAKŁAD PRODUKCYJNY PŁOCK\RAFINERIA\PR03 BLOK PRZEROBU ROPY\DRW-IV|DR4.FC43354_OP.PV;"2026-07-23 16:47:03,112";"43,0744438171387"
\\PIAF\PKN Orlen\PI Vision\PKN Orlen\ZAKŁAD PRODUKCYJNY PŁOCK\RAFINERIA\PR03 BLOK PRZEROBU ROPY\DRW-IV|DR4.FC43354_OP.PV;"2026-07-23 17:04:28,134002";"43,4065246582031"
\\PIAF\PKN Orlen\PI Vision\PKN Orlen\ZAKŁAD PRODUKCYJNY PŁOCK\RAFINERIA\PR03 BLOK PRZEROBU ROPY\DRW-IV|DR4.FC43354_OP.PV;"2026-07-23 17:09:28,165008";"44,1028900146484"
\\PIAF\PKN Orlen\PI Vision\PKN Orlen\ZAKŁAD PRODUKCYJNY PŁOCK\RAFINERIA\PR03 BLOK PRZEROBU ROPY\DRW-IV|DR4.FC43354_OP.PV;"2026-07-23 17:18:48,187011";"44,2165336608887"
\\PIAF\PKN Orlen\PI Vision\PKN Orlen\ZAKŁAD PRODUKCYJNY PŁOCK\RAFINERIA\PR03 BLOK PRZEROBU ROPY\DRW-IV|DR4.FC43354_OP.PV;"2026-07-23 17:55:03,156006";"43,9699821472168"
\\PIAF\PKN Orlen\PI Vision\PKN Orlen\ZAKŁAD PRODUKCYJNY PŁOCK\RAFINERIA\PR03 BLOK PRZEROBU ROPY\DRW-IV|DR4.FC43354_OP.PV;"2026-07-23 18:20:48,218002";"43,9779357910156"
\\PIAF\PKN Orlen\PI Vision\PKN Orlen\ZAKŁAD PRODUKCYJNY PŁOCK\RAFINERIA\PR03 BLOK PRZEROBU ROPY\DRW-IV|DR4.FC43354_OP.PV;"2026-07-23 18:32:23,165008";"43,865909576416"
\\PIAF\PKN Orlen\PI Vision\PKN Orlen\ZAKŁAD PRODUKCYJNY PŁOCK\RAFINERIA\PR03 BLOK PRZEROBU ROPY\DRW-IV|DR4.FC43354_OP.PV;"2026-07-23 18:37:48,150009";"44,3039360046387"
\\PIAF\PKN Orlen\PI Vision\PKN Orlen\ZAKŁAD PRODUKCYJNY PŁOCK\RAFINERIA\PR03 BLOK PRZEROBU ROPY\DRW-IV|DR4.FC43354_OP.PV;"2026-07-23 19:01:48,215012";"44,4406967163086"
\\PIAF\PKN Orlen\PI Vision\PKN Orlen\ZAKŁAD PRODUKCYJNY PŁOCK\RAFINERIA\PR03 BLOK PRZEROBU ROPY\DRW-IV|DR4.FC43354_OP.PV;"2026-07-23 19:05:43,184005";"44,1255760192871"
\\PIAF\PKN Orlen\PI Vision\PKN Orlen\ZAKŁAD PRODUKCYJNY PŁOCK\RAFINERIA\PR03 BLOK PRZEROBU ROPY\DRW-IV|DR4.FC43354_OP.PV;"2026-07-23 19:17:33,143005";"43,907054901123"
\\PIAF\PKN Orlen\PI Vision\PKN Orlen\ZAKŁAD PRODUKCYJNY PŁOCK\RAFINERIA\PR03 BLOK PRZEROBU ROPY\DRW-IV|DR4.FC43354_OP.PV;"2026-07-23 19:22:13,174011";"43,4564094543457"
\\PIAF\PKN Orlen\PI Vision\PKN Orlen\ZAKŁAD PRODUKCYJNY PŁOCK\RAFINERIA\PR03 BLOK PRZEROBU ROPY\DRW-IV|DR4.FC43354_OP.PV;"2026-07-23 19:32:33,228012";"44,1226959228516"
\\PIAF\PKN Orlen\PI Vision\PKN Orlen\ZAKŁAD PRODUKCYJNY PŁOCK\RAFINERIA\PR03 BLOK PRZEROBU ROPY\DRW-IV|DR4.FC43354_OP.PV;"2026-07-23 20:09:03,125015";"44,145694732666"
\\PIAF\PKN Orlen\PI Vision\PKN Orlen\ZAKŁAD PRODUKCYJNY PŁOCK\RAFINERIA\PR03 BLOK PRZEROBU ROPY\DRW-IV|DR4.FC43354_OP.PV;"2026-07-23 20:14:13,124008";"44,2741317749023"
\\PIAF\PKN Orlen\PI Vision\PKN Orlen\ZAKŁAD PRODUKCYJNY PŁOCK\RAFINERIA\PR03 BLOK PRZEROBU ROPY\DRW-IV|DR4.FC43354_OP.PV;"2026-07-23 20:29:43,240005";"44,7015609741211"
\\PIAF\PKN Orlen\PI Vision\PKN Orlen\ZAKŁAD PRODUKCYJNY PŁOCK\RAFINERIA\PR03 BLOK PRZEROBU ROPY\DRW-IV|DR4.FC43354_OP.PV;"2026-07-23 22:01:03,115005";"44,3510704040527"
\\PIAF\PKN Orlen\PI Vision\PKN Orlen\ZAKŁAD PRODUKCYJNY PŁOCK\RAFINERIA\PR03 BLOK PRZEROBU ROPY\DRW-IV|DR4.FC43354_OP.PV;"2026-07-23 22:35:58,162002";"44,4045829772949"
\\PIAF\PKN Orlen\PI Vision\PKN Orlen\ZAKŁAD PRODUKCYJNY PŁOCK\RAFINERIA\PR03 BLOK PRZEROBU ROPY\DRW-IV|DR4.FC43354_OP.PV;"2026-07-23 23:23:13,084015";"44,7173500061035"
\\PIAF\PKN Orlen\PI Vision\PKN Orlen\ZAKŁAD PRODUKCYJNY PŁOCK\RAFINERIA\PR03 BLOK PRZEROBU ROPY\DRW-IV|DR4.FC43354_OP.PV;"2026-07-23 23:45:58,099014";"44,6041984558105"
\\PIAF\PKN Orlen\PI Vision\PKN Orlen\ZAKŁAD PRODUKCYJNY PŁOCK\RAFINERIA\PR03 BLOK PRZEROBU ROPY\DRW-IV|DR4.FC43354_OP.PV;"2026-07-24 00:41:38,103012";"44,5248413085938"
\\PIAF\PKN Orlen\PI Vision\PKN Orlen\ZAKŁAD PRODUKCYJNY PŁOCK\RAFINERIA\PR03 BLOK PRZEROBU ROPY\DRW-IV|DR4.FC43354_OP.PV;"2026-07-24 01:34:13,184005";"44,6461982727051"
\\PIAF\PKN Orlen\PI Vision\PKN Orlen\ZAKŁAD PRODUKCYJNY PŁOCK\RAFINERIA\PR03 BLOK PRZEROBU ROPY\DRW-IV|DR4.FC43354_OP.PV;"2026-07-24 01:39:03,184005";"45,0780906677246"
\\PIAF\PKN Orlen\PI Vision\PKN Orlen\ZAKŁAD PRODUKCYJNY PŁOCK\RAFINERIA\PR03 BLOK PRZEROBU ROPY\DRW-IV|DR4.FC43354_OP.PV;"2026-07-24 02:13:58,196014";"44,5552520751953"
\\PIAF\PKN Orlen\PI Vision\PKN Orlen\ZAKŁAD PRODUKCYJNY PŁOCK\RAFINERIA\PR03 BLOK PRZEROBU ROPY\DRW-IV|DR4.FC43354_OP.PV;"2026-07-24 02:53:28,193008";"44,4822463989258"
\\PIAF\PKN Orlen\PI Vision\PKN Orlen\ZAKŁAD PRODUKCYJNY PŁOCK\RAFINERIA\PR03 BLOK PRZEROBU ROPY\DRW-IV|DR4.FC43354_OP.PV;"2026-07-24 03:22:08,178009";"44,3932266235352"
\\PIAF\PKN Orlen\PI Vision\PKN Orlen\ZAKŁAD PRODUKCYJNY PŁOCK\RAFINERIA\PR03 BLOK PRZEROBU ROPY\DRW-IV|DR4.FC43354_OP.PV;"2026-07-24 04:12:18,209";"44,1523628234863"
\\PIAF\PKN Orlen\PI Vision\PKN Orlen\ZAKŁAD PRODUKCYJNY PŁOCK\RAFINERIA\PR03 BLOK PRZEROBU ROPY\DRW-IV|DR4.FC43354_OP.PV;"2026-07-24 04:42:18,162002";"44,4702072143555"
\\PIAF\PKN Orlen\PI Vision\PKN Orlen\ZAKŁAD PRODUKCYJNY PŁOCK\RAFINERIA\PR03 BLOK PRZEROBU ROPY\DRW-IV|DR4.FC43354_OP.PV;"2026-07-24 04:46:18,163009";"44,790584564209"
\\PIAF\PKN Orlen\PI Vision\PKN Orlen\ZAKŁAD PRODUKCYJNY PŁOCK\RAFINERIA\PR03 BLOK PRZEROBU ROPY\DRW-IV|DR4.FC43354_OP.PV;"2026-07-24 05:47:28,131012";"44,7098617553711"
\\PIAF\PKN Orlen\PI Vision\PKN Orlen\ZAKŁAD PRODUKCYJNY PŁOCK\RAFINERIA\PR03 BLOK PRZEROBU ROPY\DRW-IV|DR4.FC43354_OP.PV;"2026-07-24 05:59:23,163009";"45,1745529174805"
\\PIAF\PKN Orlen\PI Vision\PKN Orlen\ZAKŁAD PRODUKCYJNY PŁOCK\RAFINERIA\PR03 BLOK PRZEROBU ROPY\DRW-IV|DR4.FC43354_OP.PV;"2026-07-24 06:26:43,194";"44,7540130615234"
\\PIAF\PKN Orlen\PI Vision\PKN Orlen\ZAKŁAD PRODUKCYJNY PŁOCK\RAFINERIA\PR03 BLOK PRZEROBU ROPY\DRW-IV|DR4.FC43354_OP.PV;"2026-07-24 07:42:38,147003";"44,6612777709961"
\\PIAF\PKN Orlen\PI Vision\PKN Orlen\ZAKŁAD PRODUKCYJNY PŁOCK\RAFINERIA\PR03 BLOK PRZEROBU ROPY\DRW-IV|DR4.FC43354_OP.PV;"2026-07-24 08:32:08,178009";"44,5236701965332"
\\PIAF\PKN Orlen\PI Vision\PKN Orlen\ZAKŁAD PRODUKCYJNY PŁOCK\RAFINERIA\PR03 BLOK PRZEROBU ROPY\DRW-IV|DR4.FC43354_OP.PV;"2026-07-24 09:00:28,178009";"44,5630912780762"
\\PIAF\PKN Orlen\PI Vision\PKN Orlen\ZAKŁAD PRODUKCYJNY PŁOCK\RAFINERIA\PR03 BLOK PRZEROBU ROPY\DRW-IV|DR4.FC43354_OP.PV;"2026-07-24 09:07:53,194";"44,2779884338379"
\\PIAF\PKN Orlen\PI Vision\PKN Orlen\ZAKŁAD PRODUKCYJNY PŁOCK\RAFINERIA\PR03 BLOK PRZEROBU ROPY\DRW-IV|DR4.FC43354_OP.PV;"2026-07-24 09:34:33,131012";"44,2666778564453"
\\PIAF\PKN Orlen\PI Vision\PKN Orlen\ZAKŁAD PRODUKCYJNY PŁOCK\RAFINERIA\PR03 BLOK PRZEROBU ROPY\DRW-IV|DR4.FC43354_OP.PV;"2026-07-24 09:41:13,147003";"45,1530838012695"
\\PIAF\PKN Orlen\PI Vision\PKN Orlen\ZAKŁAD PRODUKCYJNY PŁOCK\RAFINERIA\PR03 BLOK PRZEROBU ROPY\DRW-IV|DR4.FC43354_OP.PV;"2026-07-24 10:00:33,100006";"44,8632278442383"
\\PIAF\PKN Orlen\PI Vision\PKN Orlen\ZAKŁAD PRODUKCYJNY PŁOCK\RAFINERIA\PR03 BLOK PRZEROBU ROPY\DRW-IV|DR4.FC43354_OP.PV;"2026-07-24 10:07:33,131012";"44,4138298034668"
\\PIAF\PKN Orlen\PI Vision\PKN Orlen\ZAKŁAD PRODUKCYJNY PŁOCK\RAFINERIA\PR03 BLOK PRZEROBU ROPY\DRW-IV|DR4.FC43354_OP.PV;"2026-07-24 10:34:48,147003";"44,9192008972168"
\\PIAF\PKN Orlen\PI Vision\PKN Orlen\ZAKŁAD PRODUKCYJNY PŁOCK\RAFINERIA\PR03 BLOK PRZEROBU ROPY\DRW-IV|DR4.FC43354_OP.PV;"2026-07-24 11:11:48,194";"44,8778533935547"
\\PIAF\PKN Orlen\PI Vision\PKN Orlen\ZAKŁAD PRODUKCYJNY PŁOCK\RAFINERIA\PR03 BLOK PRZEROBU ROPY\DRW-IV|DR4.FC43354_OP.PV;"2026-07-24 11:35:58,162002";"44,4843063354492"
\\PIAF\PKN Orlen\PI Vision\PKN Orlen\ZAKŁAD PRODUKCYJNY PŁOCK\RAFINERIA\PR03 BLOK PRZEROBU ROPY\DRW-IV|DR4.FC43354_OP.PV;"2026-07-24 11:42:23,209015";"44,3470840454102"
\\PIAF\PKN Orlen\PI Vision\PKN Orlen\ZAKŁAD PRODUKCYJNY PŁOCK\RAFINERIA\PR03 BLOK PRZEROBU ROPY\DRW-IV|DR4.FC43354_OP.PV;"2026-07-24 11:49:28,162002";"45,0008850097656"
\\PIAF\PKN Orlen\PI Vision\PKN Orlen\ZAKŁAD PRODUKCYJNY PŁOCK\RAFINERIA\PR03 BLOK PRZEROBU ROPY\DRW-IV|DR4.FC43354_OP.PV;"2026-07-24 12:00:43,163009";"45,1019706726074"
\\PIAF\PKN Orlen\PI Vision\PKN Orlen\ZAKŁAD PRODUKCYJNY PŁOCK\RAFINERIA\PR03 BLOK PRZEROBU ROPY\DRW-IV|DR4.FC43354_OP.PV;"2026-07-24 12:02:38,116012";"45,3315467834473"
\\PIAF\PKN Orlen\PI Vision\PKN Orlen\ZAKŁAD PRODUKCYJNY PŁOCK\RAFINERIA\PR03 BLOK PRZEROBU ROPY\DRW-IV|DR4.FC43354_OP.PV;"2026-07-24 12:37:33,116012";"45,2593460083008"
\\PIAF\PKN Orlen\PI Vision\PKN Orlen\ZAKŁAD PRODUKCYJNY PŁOCK\RAFINERIA\PR03 BLOK PRZEROBU ROPY\DRW-IV|DR4.FC43354_OP.PV;"2026-07-24 12:43:53,100006";"43,805835723877"
\\PIAF\PKN Orlen\PI Vision\PKN Orlen\ZAKŁAD PRODUKCYJNY PŁOCK\RAFINERIA\PR03 BLOK PRZEROBU ROPY\DRW-IV|DR4.FC43354_OP.PV;"2026-07-24 12:53:43,131012";"43,926197052002"
\\PIAF\PKN Orlen\PI Vision\PKN Orlen\ZAKŁAD PRODUKCYJNY PŁOCK\RAFINERIA\PR03 BLOK PRZEROBU ROPY\DRW-IV|DR4.FC43354_OP.PV;"2026-07-24 12:58:43,116012";"43,786808013916"
\\PIAF\PKN Orlen\PI Vision\PKN Orlen\ZAKŁAD PRODUKCYJNY PŁOCK\RAFINERIA\PR03 BLOK PRZEROBU ROPY\DRW-IV|DR4.FC43354_OP.PV;"2026-07-24 13:05:13,178009";"44,4341773986816"
\\PIAF\PKN Orlen\PI Vision\PKN Orlen\ZAKŁAD PRODUKCYJNY PŁOCK\RAFINERIA\PR03 BLOK PRZEROBU ROPY\DRW-IV|DR4.FC43354_OP.PV;"2026-07-24 13:28:48,166";"45,0087013244629"
\\PIAF\PKN Orlen\PI Vision\PKN Orlen\ZAKŁAD PRODUKCYJNY PŁOCK\RAFINERIA\PR03 BLOK PRZEROBU ROPY\DRW-IV|DR4.FC43354_OP.PV;"2026-07-24 13:31:08,181015";"44,7575454711914"
\\PIAF\PKN Orlen\PI Vision\PKN Orlen\ZAKŁAD PRODUKCYJNY PŁOCK\RAFINERIA\PR03 BLOK PRZEROBU ROPY\DRW-IV|DR4.FC43354_OP.PV;"2026-07-24 13:47:18,291";"44,9511795043945"
\\PIAF\PKN Orlen\PI Vision\PKN Orlen\ZAKŁAD PRODUKCYJNY PŁOCK\RAFINERIA\PR03 BLOK PRZEROBU ROPY\DRW-IV|DR4.FC43354_OP.PV;"2026-07-24 14:09:03,197006";"44,5547904968262"
\\PIAF\PKN Orlen\PI Vision\PKN Orlen\ZAKŁAD PRODUKCYJNY PŁOCK\RAFINERIA\PR03 BLOK PRZEROBU ROPY\DRW-IV|DR4.FC43354_OP.PV;"2026-07-24 14:12:23,187011";"43,9617576599121"
\\PIAF\PKN Orlen\PI Vision\PKN Orlen\ZAKŁAD PRODUKCYJNY PŁOCK\RAFINERIA\PR03 BLOK PRZEROBU ROPY\DRW-IV|DR4.FC43354_OP.PV;"2026-07-24 14:19:13,188004";"44,3936920166016"
\\PIAF\PKN Orlen\PI Vision\PKN Orlen\ZAKŁAD PRODUKCYJNY PŁOCK\RAFINERIA\PR03 BLOK PRZEROBU ROPY\DRW-IV|DR4.FC43354_OP.PV;"2026-07-24 14:27:28,234009";"43,805492401123"
\\PIAF\PKN Orlen\PI Vision\PKN Orlen\ZAKŁAD PRODUKCYJNY PŁOCK\RAFINERIA\PR03 BLOK PRZEROBU ROPY\DRW-IV|DR4.FC43354_OP.PV;"2026-07-24 14:42:48,209015";"43,9228973388672"
\\PIAF\PKN Orlen\PI Vision\PKN Orlen\ZAKŁAD PRODUKCYJNY PŁOCK\RAFINERIA\PR03 BLOK PRZEROBU ROPY\DRW-IV|DR4.FC43354_OP.PV;"2026-07-24 15:06:58,100006";"44,331729888916"
\\PIAF\PKN Orlen\PI Vision\PKN Orlen\ZAKŁAD PRODUKCYJNY PŁOCK\RAFINERIA\PR03 BLOK PRZEROBU ROPY\DRW-IV|DR4.FC43354_OP.PV;"2026-07-24 15:38:38,231003";"44,580322265625"
\\PIAF\PKN Orlen\PI Vision\PKN Orlen\ZAKŁAD PRODUKCYJNY PŁOCK\RAFINERIA\PR03 BLOK PRZEROBU ROPY\DRW-IV|DR4.FC43354_OP.PV;"2026-07-24 15:59:43,200012";"44,4956817626953"
\\PIAF\PKN Orlen\PI Vision\PKN Orlen\ZAKŁAD PRODUKCYJNY PŁOCK\RAFINERIA\PR03 BLOK PRZEROBU ROPY\DRW-IV|DR4.FC43354_OP.PV;"2026-07-24 16:12:13,200012";"44,9180221557617"
\\PIAF\PKN Orlen\PI Vision\PKN Orlen\ZAKŁAD PRODUKCYJNY PŁOCK\RAFINERIA\PR03 BLOK PRZEROBU ROPY\DRW-IV|DR4.FC43354_OP.PV;"2026-07-24 16:25:13,216003";"45,3365058898926"
\\PIAF\PKN Orlen\PI Vision\PKN Orlen\ZAKŁAD PRODUKCYJNY PŁOCK\RAFINERIA\PR03 BLOK PRZEROBU ROPY\DRW-IV|DR4.FC43354_OP.PV;"2026-07-24 16:30:48,163009";"45,8765411376953"
\\PIAF\PKN Orlen\PI Vision\PKN Orlen\ZAKŁAD PRODUKCYJNY PŁOCK\RAFINERIA\PR03 BLOK PRZEROBU ROPY\DRW-IV|DR4.FC43354_OP.PV;"2026-07-24 16:45:18,116012";"45,7918586730957"
\\PIAF\PKN Orlen\PI Vision\PKN Orlen\ZAKŁAD PRODUKCYJNY PŁOCK\RAFINERIA\PR03 BLOK PRZEROBU ROPY\DRW-IV|DR4.FC43354_OP.PV;"2026-07-24 17:22:53,125";"45,5509834289551"
\\PIAF\PKN Orlen\PI Vision\PKN Orlen\ZAKŁAD PRODUKCYJNY PŁOCK\RAFINERIA\PR03 BLOK PRZEROBU ROPY\DRW-IV|DR4.FC43354_OP.PV;"2026-07-24 17:53:03,194";"45,6650619506836"
\\PIAF\PKN Orlen\PI Vision\PKN Orlen\ZAKŁAD PRODUKCYJNY PŁOCK\RAFINERIA\PR03 BLOK PRZEROBU ROPY\DRW-IV|DR4.FC43354_OP.PV;"2026-07-24 18:01:13,216003";"45,7992935180664"
\\PIAF\PKN Orlen\PI Vision\PKN Orlen\ZAKŁAD PRODUKCYJNY PŁOCK\RAFINERIA\PR03 BLOK PRZEROBU ROPY\DRW-IV|DR4.FC43354_OP.PV;"2026-07-24 18:29:43,138016";"45,5817222595215"
\\PIAF\PKN Orlen\PI Vision\PKN Orlen\ZAKŁAD PRODUKCYJNY PŁOCK\RAFINERIA\PR03 BLOK PRZEROBU ROPY\DRW-IV|DR4.FC43354_OP.PV;"2026-07-24 19:08:38,253006";"45,0373573303223"
\\PIAF\PKN Orlen\PI Vision\PKN Orlen\ZAKŁAD PRODUKCYJNY PŁOCK\RAFINERIA\PR03 BLOK PRZEROBU ROPY\DRW-IV|DR4.FC43354_OP.PV;"2026-07-24 19:16:58,253006";"45,015998840332"
\\PIAF\PKN Orlen\PI Vision\PKN Orlen\ZAKŁAD PRODUKCYJNY PŁOCK\RAFINERIA\PR03 BLOK PRZEROBU ROPY\DRW-IV|DR4.FC43354_OP.PV;"2026-07-24 19:30:33,159012";"44,7847442626953"
\\PIAF\PKN Orlen\PI Vision\PKN Orlen\ZAKŁAD PRODUKCYJNY PŁOCK\RAFINERIA\PR03 BLOK PRZEROBU ROPY\DRW-IV|DR4.FC43354_OP.PV;"2026-07-24 19:49:58,19101";"44,8849029541016"
\\PIAF\PKN Orlen\PI Vision\PKN Orlen\ZAKŁAD PRODUKCYJNY PŁOCK\RAFINERIA\PR03 BLOK PRZEROBU ROPY\DRW-IV|DR4.FC43354_OP.PV;"2026-07-24 20:15:18,222";"44,7692184448242"
\\PIAF\PKN Orlen\PI Vision\PKN Orlen\ZAKŁAD PRODUKCYJNY PŁOCK\RAFINERIA\PR03 BLOK PRZEROBU ROPY\DRW-IV|DR4.FC43354_OP.PV;"2026-07-24 20:18:48,128006";"44,3416366577148"
\\PIAF\PKN Orlen\PI Vision\PKN Orlen\ZAKŁAD PRODUKCYJNY PŁOCK\RAFINERIA\PR03 BLOK PRZEROBU ROPY\DRW-IV|DR4.FC43354_OP.PV;"2026-07-24 20:24:53,144012";"44,8019599914551"
\\PIAF\PKN Orlen\PI Vision\PKN Orlen\ZAKŁAD PRODUKCYJNY PŁOCK\RAFINERIA\PR03 BLOK PRZEROBU ROPY\DRW-IV|DR4.FC43354_OP.PV;"2026-07-24 21:36:58,137008";"43,9978141784668"
\\PIAF\PKN Orlen\PI Vision\PKN Orlen\ZAKŁAD PRODUKCYJNY PŁOCK\RAFINERIA\PR03 BLOK PRZEROBU ROPY\DRW-IV|DR4.FC43354_OP.PV;"2026-07-24 21:59:18,153";"43,5825614929199"
\\PIAF\PKN Orlen\PI Vision\PKN Orlen\ZAKŁAD PRODUKCYJNY PŁOCK\RAFINERIA\PR03 BLOK PRZEROBU ROPY\DRW-IV|DR4.FC43354_OP.PV;"2026-07-24 22:06:13,159012";"42,7127113342285"
\\PIAF\PKN Orlen\PI Vision\PKN Orlen\ZAKŁAD PRODUKCYJNY PŁOCK\RAFINERIA\PR03 BLOK PRZEROBU ROPY\DRW-IV|DR4.FC43354_OP.PV;"2026-07-24 22:16:18,269012";"43,266716003418"
\\PIAF\PKN Orlen\PI Vision\PKN Orlen\ZAKŁAD PRODUKCYJNY PŁOCK\RAFINERIA\PR03 BLOK PRZEROBU ROPY\DRW-IV|DR4.FC43354_OP.PV;"2026-07-24 22:22:38,269012";"43,0452346801758"
\\PIAF\PKN Orlen\PI Vision\PKN Orlen\ZAKŁAD PRODUKCYJNY PŁOCK\RAFINERIA\PR03 BLOK PRZEROBU ROPY\DRW-IV|DR4.FC43354_OP.PV;"2026-07-24 22:30:13,160003";"43,5755729675293"
\\PIAF\PKN Orlen\PI Vision\PKN Orlen\ZAKŁAD PRODUKCYJNY PŁOCK\RAFINERIA\PR03 BLOK PRZEROBU ROPY\DRW-IV|DR4.FC43354_OP.PV;"2026-07-24 22:40:23,175003";"43,0448875427246"
\\PIAF\PKN Orlen\PI Vision\PKN Orlen\ZAKŁAD PRODUKCYJNY PŁOCK\RAFINERIA\PR03 BLOK PRZEROBU ROPY\DRW-IV|DR4.FC43354_OP.PV;"2026-07-24 23:14:33,128006";"44,7480125427246"
\\PIAF\PKN Orlen\PI Vision\PKN Orlen\ZAKŁAD PRODUKCYJNY PŁOCK\RAFINERIA\PR03 BLOK PRZEROBU ROPY\DRW-IV|DR4.FC43354_OP.PV;"2026-07-24 23:28:13,159012";"43,955436706543"
\\PIAF\PKN Orlen\PI Vision\PKN Orlen\ZAKŁAD PRODUKCYJNY PŁOCK\RAFINERIA\PR03 BLOK PRZEROBU ROPY\DRW-IV|DR4.FC43354_OP.PV;"2026-07-24 23:32:28,144012";"43,8284873962402"
\\PIAF\PKN Orlen\PI Vision\PKN Orlen\ZAKŁAD PRODUKCYJNY PŁOCK\RAFINERIA\PR03 BLOK PRZEROBU ROPY\DRW-IV|DR4.FC43354_OP.PV;"2026-07-24 23:45:28,222015";"43,711727142334"
\\PIAF\PKN Orlen\PI Vision\PKN Orlen\ZAKŁAD PRODUKCYJNY PŁOCK\RAFINERIA\PR03 BLOK PRZEROBU ROPY\DRW-IV|DR4.FC43354_OP.PV;"2026-07-25 00:32:28,222";"43,5815162658691"
\\PIAF\PKN Orlen\PI Vision\PKN Orlen\ZAKŁAD PRODUKCYJNY PŁOCK\RAFINERIA\PR03 BLOK PRZEROBU ROPY\DRW-IV|DR4.FC43354_OP.PV;"2026-07-25 00:54:38,144012";"43,518611907959"
\\PIAF\PKN Orlen\PI Vision\PKN Orlen\ZAKŁAD PRODUKCYJNY PŁOCK\RAFINERIA\PR03 BLOK PRZEROBU ROPY\DRW-IV|DR4.FC43354_OP.PV;"2026-07-25 01:25:58,19101";"43,4911575317383"
\\PIAF\PKN Orlen\PI Vision\PKN Orlen\ZAKŁAD PRODUKCYJNY PŁOCK\RAFINERIA\PR03 BLOK PRZEROBU ROPY\DRW-IV|DR4.FC43354_OP.PV;"2026-07-25 01:50:23,128006";"44,1254539489746"
\\PIAF\PKN Orlen\PI Vision\PKN Orlen\ZAKŁAD PRODUKCYJNY PŁOCK\RAFINERIA\PR03 BLOK PRZEROBU ROPY\DRW-IV|DR4.FC43354_OP.PV;"2026-07-25 02:28:23,128006";"44,3970146179199"
\\PIAF\PKN Orlen\PI Vision\PKN Orlen\ZAKŁAD PRODUKCYJNY PŁOCK\RAFINERIA\PR03 BLOK PRZEROBU ROPY\DRW-IV|DR4.FC43354_OP.PV;"2026-07-25 03:05:03,222";"44,609432220459"
\\PIAF\PKN Orlen\PI Vision\PKN Orlen\ZAKŁAD PRODUKCYJNY PŁOCK\RAFINERIA\PR03 BLOK PRZEROBU ROPY\DRW-IV|DR4.FC43354_OP.PV;"2026-07-25 03:35:53,206009";"43,871997833252"
\\PIAF\PKN Orlen\PI Vision\PKN Orlen\ZAKŁAD PRODUKCYJNY PŁOCK\RAFINERIA\PR03 BLOK PRZEROBU ROPY\DRW-IV|DR4.FC43354_OP.PV;"2026-07-25 03:45:13,144012";"43,7783737182617"
\\PIAF\PKN Orlen\PI Vision\PKN Orlen\ZAKŁAD PRODUKCYJNY PŁOCK\RAFINERIA\PR03 BLOK PRZEROBU ROPY\DRW-IV|DR4.FC43354_OP.PV;"2026-07-25 04:19:38,238006";"43,6136627197266"
\\PIAF\PKN Orlen\PI Vision\PKN Orlen\ZAKŁAD PRODUKCYJNY PŁOCK\RAFINERIA\PR03 BLOK PRZEROBU ROPY\DRW-IV|DR4.FC43354_OP.PV;"2026-07-25 05:04:08,206009";"43,8440628051758"
\\PIAF\PKN Orlen\PI Vision\PKN Orlen\ZAKŁAD PRODUKCYJNY PŁOCK\RAFINERIA\PR03 BLOK PRZEROBU ROPY\DRW-IV|DR4.FC43354_OP.PV;"2026-07-25 05:18:23,128006";"43,8627243041992"
\\PIAF\PKN Orlen\PI Vision\PKN Orlen\ZAKŁAD PRODUKCYJNY PŁOCK\RAFINERIA\PR03 BLOK PRZEROBU ROPY\DRW-IV|DR4.FC43354_OP.PV;"2026-07-25 05:36:53,128006";"43,8464508056641"
\\PIAF\PKN Orlen\PI Vision\PKN Orlen\ZAKŁAD PRODUKCYJNY PŁOCK\RAFINERIA\PR03 BLOK PRZEROBU ROPY\DRW-IV|DR4.FC43354_OP.PV;"2026-07-25 05:39:53,19101";"43,4982986450195"
\\PIAF\PKN Orlen\PI Vision\PKN Orlen\ZAKŁAD PRODUKCYJNY PŁOCK\RAFINERIA\PR03 BLOK PRZEROBU ROPY\DRW-IV|DR4.FC43354_OP.PV;"2026-07-25 05:51:48,128006";"44,0433731079102"
\\PIAF\PKN Orlen\PI Vision\PKN Orlen\ZAKŁAD PRODUKCYJNY PŁOCK\RAFINERIA\PR03 BLOK PRZEROBU ROPY\DRW-IV|DR4.FC43354_OP.PV;"2026-07-25 06:46:28,113006";"44,0912170410156"
\\PIAF\PKN Orlen\PI Vision\PKN Orlen\ZAKŁAD PRODUKCYJNY PŁOCK\RAFINERIA\PR03 BLOK PRZEROBU ROPY\DRW-IV|DR4.FC43354_OP.PV;"2026-07-25 07:11:08,144012";"43,97607421875"
\\PIAF\PKN Orlen\PI Vision\PKN Orlen\ZAKŁAD PRODUKCYJNY PŁOCK\RAFINERIA\PR03 BLOK PRZEROBU ROPY\DRW-IV|DR4.FC43354_OP.PV;"2026-07-25 07:30:23,128006";"44,4398880004883"
\\PIAF\PKN Orlen\PI Vision\PKN Orlen\ZAKŁAD PRODUKCYJNY PŁOCK\RAFINERIA\PR03 BLOK PRZEROBU ROPY\DRW-IV|DR4.FC43354_OP.PV;"2026-07-25 07:44:18,206009";"44,6095428466797"
\\PIAF\PKN Orlen\PI Vision\PKN Orlen\ZAKŁAD PRODUKCYJNY PŁOCK\RAFINERIA\PR03 BLOK PRZEROBU ROPY\DRW-IV|DR4.FC43354_OP.PV;"2026-07-25 08:16:33,175003";"44,4226303100586"
\\PIAF\PKN Orlen\PI Vision\PKN Orlen\ZAKŁAD PRODUKCYJNY PŁOCK\RAFINERIA\PR03 BLOK PRZEROBU ROPY\DRW-IV|DR4.FC43354_OP.PV;"2026-07-25 08:32:48,159012";"44,5166168212891"
\\PIAF\PKN Orlen\PI Vision\PKN Orlen\ZAKŁAD PRODUKCYJNY PŁOCK\RAFINERIA\PR03 BLOK PRZEROBU ROPY\DRW-IV|DR4.FC43354_OP.PV;"2026-07-25 08:57:08,144012";"43,8467903137207"
\\PIAF\PKN Orlen\PI Vision\PKN Orlen\ZAKŁAD PRODUKCYJNY PŁOCK\RAFINERIA\PR03 BLOK PRZEROBU ROPY\DRW-IV|DR4.FC43354_OP.PV;"2026-07-25 08:59:58,112015";"44,1100578308105"
\\PIAF\PKN Orlen\PI Vision\PKN Orlen\ZAKŁAD PRODUKCYJNY PŁOCK\RAFINERIA\PR03 BLOK PRZEROBU ROPY\DRW-IV|DR4.FC43354_OP.PV;"2026-07-25 09:23:28,175003";"44,2171020507813"
\\PIAF\PKN Orlen\PI Vision\PKN Orlen\ZAKŁAD PRODUKCYJNY PŁOCK\RAFINERIA\PR03 BLOK PRZEROBU ROPY\DRW-IV|DR4.FC43354_OP.PV;"2026-07-25 09:44:53,06601";"44,5347518920898"
\\PIAF\PKN Orlen\PI Vision\PKN Orlen\ZAKŁAD PRODUKCYJNY PŁOCK\RAFINERIA\PR03 BLOK PRZEROBU ROPY\DRW-IV|DR4.FC43354_OP.PV;"2026-07-25 09:56:53,159012";"44,4265899658203"
\\PIAF\PKN Orlen\PI Vision\PKN Orlen\ZAKŁAD PRODUKCYJNY PŁOCK\RAFINERIA\PR03 BLOK PRZEROBU ROPY\DRW-IV|DR4.FC43354_OP.PV;"2026-07-25 10:22:58,128006";"44,1169738769531"
\\PIAF\PKN Orlen\PI Vision\PKN Orlen\ZAKŁAD PRODUKCYJNY PŁOCK\RAFINERIA\PR03 BLOK PRZEROBU ROPY\DRW-IV|DR4.FC43354_OP.PV;"2026-07-25 10:34:28,144012";"44,3081359863281"
\\PIAF\PKN Orlen\PI Vision\PKN Orlen\ZAKŁAD PRODUKCYJNY PŁOCK\RAFINERIA\PR03 BLOK PRZEROBU ROPY\DRW-IV|DR4.FC43354_OP.PV;"2026-07-25 10:53:38,159012";"43,5468254089355"
\\PIAF\PKN Orlen\PI Vision\PKN Orlen\ZAKŁAD PRODUKCYJNY PŁOCK\RAFINERIA\PR03 BLOK PRZEROBU ROPY\DRW-IV|DR4.FC43354_OP.PV;"2026-07-25 11:12:28,144012";"43,869384765625"
\\PIAF\PKN Orlen\PI Vision\PKN Orlen\ZAKŁAD PRODUKCYJNY PŁOCK\RAFINERIA\PR03 BLOK PRZEROBU ROPY\DRW-IV|DR4.FC43354_OP.PV;"2026-07-25 11:34:43,144012";"43,9890594482422"
\\PIAF\PKN Orlen\PI Vision\PKN Orlen\ZAKŁAD PRODUKCYJNY PŁOCK\RAFINERIA\PR03 BLOK PRZEROBU ROPY\DRW-IV|DR4.FC43354_OP.PV;"2026-07-25 12:17:28,213012";"43,8925933837891"
\\PIAF\PKN Orlen\PI Vision\PKN Orlen\ZAKŁAD PRODUKCYJNY PŁOCK\RAFINERIA\PR03 BLOK PRZEROBU ROPY\DRW-IV|DR4.FC43354_OP.PV;"2026-07-25 12:28:03,275009";"44,0026893615723"
\\PIAF\PKN Orlen\PI Vision\PKN Orlen\ZAKŁAD PRODUKCYJNY PŁOCK\RAFINERIA\PR03 BLOK PRZEROBU ROPY\DRW-IV|DR4.FC43354_OP.PV;"2026-07-25 12:51:43,213012";"44,2191886901855"
\\PIAF\PKN Orlen\PI Vision\PKN Orlen\ZAKŁAD PRODUKCYJNY PŁOCK\RAFINERIA\PR03 BLOK PRZEROBU ROPY\DRW-IV|DR4.FC43354_OP.PV;"2026-07-25 12:56:38,244003";"44,3363227844238"
\\PIAF\PKN Orlen\PI Vision\PKN Orlen\ZAKŁAD PRODUKCYJNY PŁOCK\RAFINERIA\PR03 BLOK PRZEROBU ROPY\DRW-IV|DR4.FC43354_OP.PV;"2026-07-25 13:19:03,150009";"43,7951545715332"
\\PIAF\PKN Orlen\PI Vision\PKN Orlen\ZAKŁAD PRODUKCYJNY PŁOCK\RAFINERIA\PR03 BLOK PRZEROBU ROPY\DRW-IV|DR4.FC43354_OP.PV;"2026-07-25 13:30:08,212006";"43,7110633850098"
\\PIAF\PKN Orlen\PI Vision\PKN Orlen\ZAKŁAD PRODUKCYJNY PŁOCK\RAFINERIA\PR03 BLOK PRZEROBU ROPY\DRW-IV|DR4.FC43354_OP.PV;"2026-07-25 13:37:33,228012";"43,5020179748535"
\\PIAF\PKN Orlen\PI Vision\PKN Orlen\ZAKŁAD PRODUKCYJNY PŁOCK\RAFINERIA\PR03 BLOK PRZEROBU ROPY\DRW-IV|DR4.FC43354_OP.PV;"2026-07-25 13:41:23,213012";"43,829029083252"
\\PIAF\PKN Orlen\PI Vision\PKN Orlen\ZAKŁAD PRODUKCYJNY PŁOCK\RAFINERIA\PR03 BLOK PRZEROBU ROPY\DRW-IV|DR4.FC43354_OP.PV;"2026-07-25 13:58:38,197006";"43,8741645812988"
\\PIAF\PKN Orlen\PI Vision\PKN Orlen\ZAKŁAD PRODUKCYJNY PŁOCK\RAFINERIA\PR03 BLOK PRZEROBU ROPY\DRW-IV|DR4.FC43354_OP.PV;"2026-07-25 14:26:23,197006";"43,9785957336426"
\\PIAF\PKN Orlen\PI Vision\PKN Orlen\ZAKŁAD PRODUKCYJNY PŁOCK\RAFINERIA\PR03 BLOK PRZEROBU ROPY\DRW-IV|DR4.FC43354_OP.PV;"2026-07-25 14:36:28,197006";"44,1813201904297"
\\PIAF\PKN Orlen\PI Vision\PKN Orlen\ZAKŁAD PRODUKCYJNY PŁOCK\RAFINERIA\PR03 BLOK PRZEROBU ROPY\DRW-IV|DR4.FC43354_OP.PV;"2026-07-25 14:41:28,150009";"44,4114074707031"
\\PIAF\PKN Orlen\PI Vision\PKN Orlen\ZAKŁAD PRODUKCYJNY PŁOCK\RAFINERIA\PR03 BLOK PRZEROBU ROPY\DRW-IV|DR4.FC43354_OP.PV;"2026-07-25 14:52:13,197006";"43,8867416381836"
\\PIAF\PKN Orlen\PI Vision\PKN Orlen\ZAKŁAD PRODUKCYJNY PŁOCK\RAFINERIA\PR03 BLOK PRZEROBU ROPY\DRW-IV|DR4.FC43354_OP.PV;"2026-07-25 15:04:03,166";"43,7828216552734"
\\PIAF\PKN Orlen\PI Vision\PKN Orlen\ZAKŁAD PRODUKCYJNY PŁOCK\RAFINERIA\PR03 BLOK PRZEROBU ROPY\DRW-IV|DR4.FC43354_OP.PV;"2026-07-25 15:13:48,181015";"43,5516128540039"
\\PIAF\PKN Orlen\PI Vision\PKN Orlen\ZAKŁAD PRODUKCYJNY PŁOCK\RAFINERIA\PR03 BLOK PRZEROBU ROPY\DRW-IV|DR4.FC43354_OP.PV;"2026-07-25 15:17:58,166";"44,0094833374023"
\\PIAF\PKN Orlen\PI Vision\PKN Orlen\ZAKŁAD PRODUKCYJNY PŁOCK\RAFINERIA\PR03 BLOK PRZEROBU ROPY\DRW-IV|DR4.FC43354_OP.PV;"2026-07-25 15:41:13,181015";"44,093879699707"
\\PIAF\PKN Orlen\PI Vision\PKN Orlen\ZAKŁAD PRODUKCYJNY PŁOCK\RAFINERIA\PR03 BLOK PRZEROBU ROPY\DRW-IV|DR4.FC43354_OP.PV;"2026-07-25 15:47:58,150009";"43,9026107788086"
\\PIAF\PKN Orlen\PI Vision\PKN Orlen\ZAKŁAD PRODUKCYJNY PŁOCK\RAFINERIA\PR03 BLOK PRZEROBU ROPY\DRW-IV|DR4.FC43354_OP.PV;"2026-07-25 16:25:43,197006";"44,1313438415527"
\\PIAF\PKN Orlen\PI Vision\PKN Orlen\ZAKŁAD PRODUKCYJNY PŁOCK\RAFINERIA\PR03 BLOK PRZEROBU ROPY\DRW-IV|DR4.FC43354_OP.PV;"2026-07-25 16:35:13,166016";"43,1056060791016"
\\PIAF\PKN Orlen\PI Vision\PKN Orlen\ZAKŁAD PRODUKCYJNY PŁOCK\RAFINERIA\PR03 BLOK PRZEROBU ROPY\DRW-IV|DR4.FC43354_OP.PV;"2026-07-25 16:48:38,197006";"43,0088081359863"
\\PIAF\PKN Orlen\PI Vision\PKN Orlen\ZAKŁAD PRODUKCYJNY PŁOCK\RAFINERIA\PR03 BLOK PRZEROBU ROPY\DRW-IV|DR4.FC43354_OP.PV;"2026-07-25 17:07:38,119003";"44,5715179443359"
\\PIAF\PKN Orlen\PI Vision\PKN Orlen\ZAKŁAD PRODUKCYJNY PŁOCK\RAFINERIA\PR03 BLOK PRZEROBU ROPY\DRW-IV|DR4.FC43354_OP.PV;"2026-07-25 17:20:28,150009";"44,224609375"
\\PIAF\PKN Orlen\PI Vision\PKN Orlen\ZAKŁAD PRODUKCYJNY PŁOCK\RAFINERIA\PR03 BLOK PRZEROBU ROPY\DRW-IV|DR4.FC43354_OP.PV;"2026-07-25 17:35:13,150009";"44,6552696228027"
\\PIAF\PKN Orlen\PI Vision\PKN Orlen\ZAKŁAD PRODUKCYJNY PŁOCK\RAFINERIA\PR03 BLOK PRZEROBU ROPY\DRW-IV|DR4.FC43354_OP.PV;"2026-07-25 17:44:28,119003";"44,4406204223633"
\\PIAF\PKN Orlen\PI Vision\PKN Orlen\ZAKŁAD PRODUKCYJNY PŁOCK\RAFINERIA\PR03 BLOK PRZEROBU ROPY\DRW-IV|DR4.FC43354_OP.PV;"2026-07-25 17:52:33,150009";"44,6478691101074"
\\PIAF\PKN Orlen\PI Vision\PKN Orlen\ZAKŁAD PRODUKCYJNY PŁOCK\RAFINERIA\PR03 BLOK PRZEROBU ROPY\DRW-IV|DR4.FC43354_OP.PV;"2026-07-25 17:57:28,181015";"44,7457504272461"
\\PIAF\PKN Orlen\PI Vision\PKN Orlen\ZAKŁAD PRODUKCYJNY PŁOCK\RAFINERIA\PR03 BLOK PRZEROBU ROPY\DRW-IV|DR4.FC43354_OP.PV;"2026-07-25 18:06:38,181015";"44,5082893371582"
\\PIAF\PKN Orlen\PI Vision\PKN Orlen\ZAKŁAD PRODUKCYJNY PŁOCK\RAFINERIA\PR03 BLOK PRZEROBU ROPY\DRW-IV|DR4.FC43354_OP.PV;"2026-07-25 18:18:08,150009";"44,6360893249512"
\\PIAF\PKN Orlen\PI Vision\PKN Orlen\ZAKŁAD PRODUKCYJNY PŁOCK\RAFINERIA\PR03 BLOK PRZEROBU ROPY\DRW-IV|DR4.FC43354_OP.PV;"2026-07-25 18:24:33,103012";"44,2737312316895"
\\PIAF\PKN Orlen\PI Vision\PKN Orlen\ZAKŁAD PRODUKCYJNY PŁOCK\RAFINERIA\PR03 BLOK PRZEROBU ROPY\DRW-IV|DR4.FC43354_OP.PV;"2026-07-25 18:28:58,150009";"44,7484359741211"
\\PIAF\PKN Orlen\PI Vision\PKN Orlen\ZAKŁAD PRODUKCYJNY PŁOCK\RAFINERIA\PR03 BLOK PRZEROBU ROPY\DRW-IV|DR4.FC43354_OP.PV;"2026-07-25 18:50:43,166016";"43,8687133789063"
\\PIAF\PKN Orlen\PI Vision\PKN Orlen\ZAKŁAD PRODUKCYJNY PŁOCK\RAFINERIA\PR03 BLOK PRZEROBU ROPY\DRW-IV|DR4.FC43354_OP.PV;"2026-07-25 18:55:58,166";"43,726505279541"
\\PIAF\PKN Orlen\PI Vision\PKN Orlen\ZAKŁAD PRODUKCYJNY PŁOCK\RAFINERIA\PR03 BLOK PRZEROBU ROPY\DRW-IV|DR4.FC43354_OP.PV;"2026-07-25 18:59:23,134002";"44,1553688049316"
\\PIAF\PKN Orlen\PI Vision\PKN Orlen\ZAKŁAD PRODUKCYJNY PŁOCK\RAFINERIA\PR03 BLOK PRZEROBU ROPY\DRW-IV|DR4.FC43354_OP.PV;"2026-07-25 19:21:38,150009";"43,9336128234863"
\\PIAF\PKN Orlen\PI Vision\PKN Orlen\ZAKŁAD PRODUKCYJNY PŁOCK\RAFINERIA\PR03 BLOK PRZEROBU ROPY\DRW-IV|DR4.FC43354_OP.PV;"2026-07-25 19:30:53,088012";"44,0509452819824"
\\PIAF\PKN Orlen\PI Vision\PKN Orlen\ZAKŁAD PRODUKCYJNY PŁOCK\RAFINERIA\PR03 BLOK PRZEROBU ROPY\DRW-IV|DR4.FC43354_OP.PV;"2026-07-25 19:43:48,150009";"43,7214469909668"
\\PIAF\PKN Orlen\PI Vision\PKN Orlen\ZAKŁAD PRODUKCYJNY PŁOCK\RAFINERIA\PR03 BLOK PRZEROBU ROPY\DRW-IV|DR4.FC43354_OP.PV;"2026-07-25 20:02:43,103012";"42,8497848510742"
\\PIAF\PKN Orlen\PI Vision\PKN Orlen\ZAKŁAD PRODUKCYJNY PŁOCK\RAFINERIA\PR03 BLOK PRZEROBU ROPY\DRW-IV|DR4.FC43354_OP.PV;"2026-07-25 20:26:28,150009";"44,0373497009277"
\\PIAF\PKN Orlen\PI Vision\PKN Orlen\ZAKŁAD PRODUKCYJNY PŁOCK\RAFINERIA\PR03 BLOK PRZEROBU ROPY\DRW-IV|DR4.FC43354_OP.PV;"2026-07-25 20:48:33,166016";"44,344409942627"
\\PIAF\PKN Orlen\PI Vision\PKN Orlen\ZAKŁAD PRODUKCYJNY PŁOCK\RAFINERIA\PR03 BLOK PRZEROBU ROPY\DRW-IV|DR4.FC43354_OP.PV;"2026-07-25 21:16:18,103012";"44,4987525939941"
\\PIAF\PKN Orlen\PI Vision\PKN Orlen\ZAKŁAD PRODUKCYJNY PŁOCK\RAFINERIA\PR03 BLOK PRZEROBU ROPY\DRW-IV|DR4.FC43354_OP.PV;"2026-07-25 21:35:08,134002";"44,6078300476074"
\\PIAF\PKN Orlen\PI Vision\PKN Orlen\ZAKŁAD PRODUKCYJNY PŁOCK\RAFINERIA\PR03 BLOK PRZEROBU ROPY\DRW-IV|DR4.FC43354_OP.PV;"2026-07-25 21:54:48,219009";"43,4017295837402"
\\PIAF\PKN Orlen\PI Vision\PKN Orlen\ZAKŁAD PRODUKCYJNY PŁOCK\RAFINERIA\PR03 BLOK PRZEROBU ROPY\DRW-IV|DR4.FC43354_OP.PV;"2026-07-25 22:04:33,188004";"43,273509979248"
\\PIAF\PKN Orlen\PI Vision\PKN Orlen\ZAKŁAD PRODUKCYJNY PŁOCK\RAFINERIA\PR03 BLOK PRZEROBU ROPY\DRW-IV|DR4.FC43354_OP.PV;"2026-07-25 22:11:43,219009";"42,6267585754395"
\\PIAF\PKN Orlen\PI Vision\PKN Orlen\ZAKŁAD PRODUKCYJNY PŁOCK\RAFINERIA\PR03 BLOK PRZEROBU ROPY\DRW-IV|DR4.FC43354_OP.PV;"2026-07-25 22:17:18,088012";"43,1687164306641"
\\PIAF\PKN Orlen\PI Vision\PKN Orlen\ZAKŁAD PRODUKCYJNY PŁOCK\RAFINERIA\PR03 BLOK PRZEROBU ROPY\DRW-IV|DR4.FC43354_OP.PV;"2026-07-25 22:26:18,219009";"42,7258415222168"
\\PIAF\PKN Orlen\PI Vision\PKN Orlen\ZAKŁAD PRODUKCYJNY PŁOCK\RAFINERIA\PR03 BLOK PRZEROBU ROPY\DRW-IV|DR4.FC43354_OP.PV;"2026-07-25 22:35:53,156006";"43,3739891052246"
\\PIAF\PKN Orlen\PI Vision\PKN Orlen\ZAKŁAD PRODUKCYJNY PŁOCK\RAFINERIA\PR03 BLOK PRZEROBU ROPY\DRW-IV|DR4.FC43354_OP.PV;"2026-07-25 22:46:43,203003";"43,2676658630371"
\\PIAF\PKN Orlen\PI Vision\PKN Orlen\ZAKŁAD PRODUKCYJNY PŁOCK\RAFINERIA\PR03 BLOK PRZEROBU ROPY\DRW-IV|DR4.FC43354_OP.PV;"2026-07-25 22:51:18,172012";"43,5879402160645"
\\PIAF\PKN Orlen\PI Vision\PKN Orlen\ZAKŁAD PRODUKCYJNY PŁOCK\RAFINERIA\PR03 BLOK PRZEROBU ROPY\DRW-IV|DR4.FC43354_OP.PV;"2026-07-25 23:56:13,203003";"43,6402397155762"
\\PIAF\PKN Orlen\PI Vision\PKN Orlen\ZAKŁAD PRODUKCYJNY PŁOCK\RAFINERIA\PR03 BLOK PRZEROBU ROPY\DRW-IV|DR4.FC43354_OP.PV;"2026-07-26 00:42:08,156006";"43,4643707275391"
\\PIAF\PKN Orlen\PI Vision\PKN Orlen\ZAKŁAD PRODUKCYJNY PŁOCK\RAFINERIA\PR03 BLOK PRZEROBU ROPY\DRW-IV|DR4.FC43354_OP.PV;"2026-07-26 01:03:48,188004";"43,6672973632813"
\\PIAF\PKN Orlen\PI Vision\PKN Orlen\ZAKŁAD PRODUKCYJNY PŁOCK\RAFINERIA\PR03 BLOK PRZEROBU ROPY\DRW-IV|DR4.FC43354_OP.PV;"2026-07-26 01:31:28,172012";"43,2310829162598"
\\PIAF\PKN Orlen\PI Vision\PKN Orlen\ZAKŁAD PRODUKCYJNY PŁOCK\RAFINERIA\PR03 BLOK PRZEROBU ROPY\DRW-IV|DR4.FC43354_OP.PV;"2026-07-26 02:15:43,188004";"42,7031745910645"
\\PIAF\PKN Orlen\PI Vision\PKN Orlen\ZAKŁAD PRODUKCYJNY PŁOCK\RAFINERIA\PR03 BLOK PRZEROBU ROPY\DRW-IV|DR4.FC43354_OP.PV;"2026-07-26 02:41:18,141006";"42,9590263366699"
\\PIAF\PKN Orlen\PI Vision\PKN Orlen\ZAKŁAD PRODUKCYJNY PŁOCK\RAFINERIA\PR03 BLOK PRZEROBU ROPY\DRW-IV|DR4.FC43354_OP.PV;"2026-07-26 04:13:13,156006";"42,9429893493652"
\\PIAF\PKN Orlen\PI Vision\PKN Orlen\ZAKŁAD PRODUKCYJNY PŁOCK\RAFINERIA\PR03 BLOK PRZEROBU ROPY\DRW-IV|DR4.FC43354_OP.PV;"2026-07-26 04:20:13,188004";"43,2843704223633"
\\PIAF\PKN Orlen\PI Vision\PKN Orlen\ZAKŁAD PRODUKCYJNY PŁOCK\RAFINERIA\PR03 BLOK PRZEROBU ROPY\DRW-IV|DR4.FC43354_OP.PV;"2026-07-26 04:25:23,156006";"42,933292388916"
\\PIAF\PKN Orlen\PI Vision\PKN Orlen\ZAKŁAD PRODUKCYJNY PŁOCK\RAFINERIA\PR03 BLOK PRZEROBU ROPY\DRW-IV|DR4.FC43354_OP.PV;"2026-07-26 04:37:13,172012";"43,0336608886719"
\\PIAF\PKN Orlen\PI Vision\PKN Orlen\ZAKŁAD PRODUKCYJNY PŁOCK\RAFINERIA\PR03 BLOK PRZEROBU ROPY\DRW-IV|DR4.FC43354_OP.PV;"2026-07-26 05:03:43,125";"42,6768951416016"
\\PIAF\PKN Orlen\PI Vision\PKN Orlen\ZAKŁAD PRODUKCYJNY PŁOCK\RAFINERIA\PR03 BLOK PRZEROBU ROPY\DRW-IV|DR4.FC43354_OP.PV;"2026-07-26 05:12:38,141006";"42,4661483764648"
\\PIAF\PKN Orlen\PI Vision\PKN Orlen\ZAKŁAD PRODUKCYJNY PŁOCK\RAFINERIA\PR03 BLOK PRZEROBU ROPY\DRW-IV|DR4.FC43354_OP.PV;"2026-07-26 05:20:33,125";"42,6565132141113"
\\PIAF\PKN Orlen\PI Vision\PKN Orlen\ZAKŁAD PRODUKCYJNY PŁOCK\RAFINERIA\PR03 BLOK PRZEROBU ROPY\DRW-IV|DR4.FC43354_OP.PV;"2026-07-26 06:33:13,109009";"43,4860610961914"
\\PIAF\PKN Orlen\PI Vision\PKN Orlen\ZAKŁAD PRODUKCYJNY PŁOCK\RAFINERIA\PR03 BLOK PRZEROBU ROPY\DRW-IV|DR4.FC43354_OP.PV;"2026-07-26 06:48:43,094009";"43,5746803283691"
\\PIAF\PKN Orlen\PI Vision\PKN Orlen\ZAKŁAD PRODUKCYJNY PŁOCK\RAFINERIA\PR03 BLOK PRZEROBU ROPY\DRW-IV|DR4.FC43354_OP.PV;"2026-07-26 07:11:28,156006";"43,9850845336914"
\\PIAF\PKN Orlen\PI Vision\PKN Orlen\ZAKŁAD PRODUKCYJNY PŁOCK\RAFINERIA\PR03 BLOK PRZEROBU ROPY\DRW-IV|DR4.FC43354_OP.PV;"2026-07-26 07:38:18,178009";"44,4148712158203"
\\PIAF\PKN Orlen\PI Vision\PKN Orlen\ZAKŁAD PRODUKCYJNY PŁOCK\RAFINERIA\PR03 BLOK PRZEROBU ROPY\DRW-IV|DR4.FC43354_OP.PV;"2026-07-26 08:14:28,272003";"45,015682220459"
\\PIAF\PKN Orlen\PI Vision\PKN Orlen\ZAKŁAD PRODUKCYJNY PŁOCK\RAFINERIA\PR03 BLOK PRZEROBU ROPY\DRW-IV|DR4.FC43354_OP.PV;"2026-07-26 08:30:03,225006";"44,9752922058105"
\\PIAF\PKN Orlen\PI Vision\PKN Orlen\ZAKŁAD PRODUKCYJNY PŁOCK\RAFINERIA\PR03 BLOK PRZEROBU ROPY\DRW-IV|DR4.FC43354_OP.PV;"2026-07-26 08:42:48,241012";"45,2001419067383"
\\PIAF\PKN Orlen\PI Vision\PKN Orlen\ZAKŁAD PRODUKCYJNY PŁOCK\RAFINERIA\PR03 BLOK PRZEROBU ROPY\DRW-IV|DR4.FC43354_OP.PV;"2026-07-26 08:54:03,209";"45,3275184631348"
\\PIAF\PKN Orlen\PI Vision\PKN Orlen\ZAKŁAD PRODUKCYJNY PŁOCK\RAFINERIA\PR03 BLOK PRZEROBU ROPY\DRW-IV|DR4.FC43354_OP.PV;"2026-07-26 09:10:28,209";"44,7741851806641"
\\PIAF\PKN Orlen\PI Vision\PKN Orlen\ZAKŁAD PRODUKCYJNY PŁOCK\RAFINERIA\PR03 BLOK PRZEROBU ROPY\DRW-IV|DR4.FC43354_OP.PV;"2026-07-26 09:19:48,225006";"43,969783782959"
\\PIAF\PKN Orlen\PI Vision\PKN Orlen\ZAKŁAD PRODUKCYJNY PŁOCK\RAFINERIA\PR03 BLOK PRZEROBU ROPY\DRW-IV|DR4.FC43354_OP.PV;"2026-07-26 09:22:58,209015";"43,6267318725586"
\\PIAF\PKN Orlen\PI Vision\PKN Orlen\ZAKŁAD PRODUKCYJNY PŁOCK\RAFINERIA\PR03 BLOK PRZEROBU ROPY\DRW-IV|DR4.FC43354_OP.PV;"2026-07-26 09:35:38,178009";"44,3759346008301"
\\PIAF\PKN Orlen\PI Vision\PKN Orlen\ZAKŁAD PRODUKCYJNY PŁOCK\RAFINERIA\PR03 BLOK PRZEROBU ROPY\DRW-IV|DR4.FC43354_OP.PV;"2026-07-26 10:03:08,209";"45,4694328308105"
\\PIAF\PKN Orlen\PI Vision\PKN Orlen\ZAKŁAD PRODUKCYJNY PŁOCK\RAFINERIA\PR03 BLOK PRZEROBU ROPY\DRW-IV|DR4.FC43354_OP.PV;"2026-07-26 10:11:03,147003";"44,9472732543945"
\\PIAF\PKN Orlen\PI Vision\PKN Orlen\ZAKŁAD PRODUKCYJNY PŁOCK\RAFINERIA\PR03 BLOK PRZEROBU ROPY\DRW-IV|DR4.FC43354_OP.PV;"2026-07-26 10:17:33,194";"45,0392227172852"
\\PIAF\PKN Orlen\PI Vision\PKN Orlen\ZAKŁAD PRODUKCYJNY PŁOCK\RAFINERIA\PR03 BLOK PRZEROBU ROPY\DRW-IV|DR4.FC43354_OP.PV;"2026-07-26 10:47:13,194";"45,3592834472656"
\\PIAF\PKN Orlen\PI Vision\PKN Orlen\ZAKŁAD PRODUKCYJNY PŁOCK\RAFINERIA\PR03 BLOK PRZEROBU ROPY\DRW-IV|DR4.FC43354_OP.PV;"2026-07-26 11:07:58,131012";"44,7121124267578"
\\PIAF\PKN Orlen\PI Vision\PKN Orlen\ZAKŁAD PRODUKCYJNY PŁOCK\RAFINERIA\PR03 BLOK PRZEROBU ROPY\DRW-IV|DR4.FC43354_OP.PV;"2026-07-26 11:10:33,131012";"44,400577545166"
\\PIAF\PKN Orlen\PI Vision\PKN Orlen\ZAKŁAD PRODUKCYJNY PŁOCK\RAFINERIA\PR03 BLOK PRZEROBU ROPY\DRW-IV|DR4.FC43354_OP.PV;"2026-07-26 11:19:18,209015";"44,9283561706543"
\\PIAF\PKN Orlen\PI Vision\PKN Orlen\ZAKŁAD PRODUKCYJNY PŁOCK\RAFINERIA\PR03 BLOK PRZEROBU ROPY\DRW-IV|DR4.FC43354_OP.PV;"2026-07-26 11:33:18,209";"44,8088455200195"
\\PIAF\PKN Orlen\PI Vision\PKN Orlen\ZAKŁAD PRODUKCYJNY PŁOCK\RAFINERIA\PR03 BLOK PRZEROBU ROPY\DRW-IV|DR4.FC43354_OP.PV;"2026-07-26 11:48:18,163009";"44,9300765991211"
\\PIAF\PKN Orlen\PI Vision\PKN Orlen\ZAKŁAD PRODUKCYJNY PŁOCK\RAFINERIA\PR03 BLOK PRZEROBU ROPY\DRW-IV|DR4.FC43354_OP.PV;"2026-07-26 11:56:03,147003";"45,2768821716309"
\\PIAF\PKN Orlen\PI Vision\PKN Orlen\ZAKŁAD PRODUKCYJNY PŁOCK\RAFINERIA\PR03 BLOK PRZEROBU ROPY\DRW-IV|DR4.FC43354_OP.PV;"2026-07-26 12:07:13,147003";"44,5230598449707"
\\PIAF\PKN Orlen\PI Vision\PKN Orlen\ZAKŁAD PRODUKCYJNY PŁOCK\RAFINERIA\PR03 BLOK PRZEROBU ROPY\DRW-IV|DR4.FC43354_OP.PV;"2026-07-26 12:31:13,147003";"44,9544677734375"
\\PIAF\PKN Orlen\PI Vision\PKN Orlen\ZAKŁAD PRODUKCYJNY PŁOCK\RAFINERIA\PR03 BLOK PRZEROBU ROPY\DRW-IV|DR4.FC43354_OP.PV;"2026-07-26 12:56:08,178009";"45,2427749633789"
\\PIAF\PKN Orlen\PI Vision\PKN Orlen\ZAKŁAD PRODUKCYJNY PŁOCK\RAFINERIA\PR03 BLOK PRZEROBU ROPY\DRW-IV|DR4.FC43354_OP.PV;"2026-07-26 13:12:38,178009";"45,1235694885254"
\\PIAF\PKN Orlen\PI Vision\PKN Orlen\ZAKŁAD PRODUKCYJNY PŁOCK\RAFINERIA\PR03 BLOK PRZEROBU ROPY\DRW-IV|DR4.FC43354_OP.PV;"2026-07-26 13:23:53,163009";"45,0031585693359"
\\PIAF\PKN Orlen\PI Vision\PKN Orlen\ZAKŁAD PRODUKCYJNY PŁOCK\RAFINERIA\PR03 BLOK PRZEROBU ROPY\DRW-IV|DR4.FC43354_OP.PV;"2026-07-26 13:30:33,147003";"45,6389770507813"
\\PIAF\PKN Orlen\PI Vision\PKN Orlen\ZAKŁAD PRODUKCYJNY PŁOCK\RAFINERIA\PR03 BLOK PRZEROBU ROPY\DRW-IV|DR4.FC43354_OP.PV;"2026-07-26 14:17:13,178009";"45,673755645752"
\\PIAF\PKN Orlen\PI Vision\PKN Orlen\ZAKŁAD PRODUKCYJNY PŁOCK\RAFINERIA\PR03 BLOK PRZEROBU ROPY\DRW-IV|DR4.FC43354_OP.PV;"2026-07-26 14:20:13,116012";"45,2292289733887"
\\PIAF\PKN Orlen\PI Vision\PKN Orlen\ZAKŁAD PRODUKCYJNY PŁOCK\RAFINERIA\PR03 BLOK PRZEROBU ROPY\DRW-IV|DR4.FC43354_OP.PV;"2026-07-26 14:35:18,108001";"45,3361396789551"
\\PIAF\PKN Orlen\PI Vision\PKN Orlen\ZAKŁAD PRODUKCYJNY PŁOCK\RAFINERIA\PR03 BLOK PRZEROBU ROPY\DRW-IV|DR4.FC43354_OP.PV;"2026-07-26 14:49:08,140014";"45,84521484375"
\\PIAF\PKN Orlen\PI Vision\PKN Orlen\ZAKŁAD PRODUKCYJNY PŁOCK\RAFINERIA\PR03 BLOK PRZEROBU ROPY\DRW-IV|DR4.FC43354_OP.PV;"2026-07-26 15:14:48,124008";"44,8591957092285"
\\PIAF\PKN Orlen\PI Vision\PKN Orlen\ZAKŁAD PRODUKCYJNY PŁOCK\RAFINERIA\PR03 BLOK PRZEROBU ROPY\DRW-IV|DR4.FC43354_OP.PV;"2026-07-26 15:43:08,077011";"45,0826263427734"
\\PIAF\PKN Orlen\PI Vision\PKN Orlen\ZAKŁAD PRODUKCYJNY PŁOCK\RAFINERIA\PR03 BLOK PRZEROBU ROPY\DRW-IV|DR4.FC43354_OP.PV;"2026-07-26 15:47:58,155014";"44,9804573059082"
\\PIAF\PKN Orlen\PI Vision\PKN Orlen\ZAKŁAD PRODUKCYJNY PŁOCK\RAFINERIA\PR03 BLOK PRZEROBU ROPY\DRW-IV|DR4.FC43354_OP.PV;"2026-07-26 15:55:03,108001";"44,9947967529297"
\\PIAF\PKN Orlen\PI Vision\PKN Orlen\ZAKŁAD PRODUKCYJNY PŁOCK\RAFINERIA\PR03 BLOK PRZEROBU ROPY\DRW-IV|DR4.FC43354_OP.PV;"2026-07-26 15:59:08,139999";"44,6349067687988"
\\PIAF\PKN Orlen\PI Vision\PKN Orlen\ZAKŁAD PRODUKCYJNY PŁOCK\RAFINERIA\PR03 BLOK PRZEROBU ROPY\DRW-IV|DR4.FC43354_OP.PV;"2026-07-26 16:12:38,108001";"44,9035949707031"
\\PIAF\PKN Orlen\PI Vision\PKN Orlen\ZAKŁAD PRODUKCYJNY PŁOCK\RAFINERIA\PR03 BLOK PRZEROBU ROPY\DRW-IV|DR4.FC43354_OP.PV;"2026-07-26 16:21:03,193008";"44,409854888916"
\\PIAF\PKN Orlen\PI Vision\PKN Orlen\ZAKŁAD PRODUKCYJNY PŁOCK\RAFINERIA\PR03 BLOK PRZEROBU ROPY\DRW-IV|DR4.FC43354_OP.PV;"2026-07-26 17:01:03,240005";"43,9537620544434"
\\PIAF\PKN Orlen\PI Vision\PKN Orlen\ZAKŁAD PRODUKCYJNY PŁOCK\RAFINERIA\PR03 BLOK PRZEROBU ROPY\DRW-IV|DR4.FC43354_OP.PV;"2026-07-26 17:37:43,208008";"44,5329666137695"
\\PIAF\PKN Orlen\PI Vision\PKN Orlen\ZAKŁAD PRODUKCYJNY PŁOCK\RAFINERIA\PR03 BLOK PRZEROBU ROPY\DRW-IV|DR4.FC43354_OP.PV;"2026-07-26 17:50:23,255005";"44,3316497802734"
\\PIAF\PKN Orlen\PI Vision\PKN Orlen\ZAKŁAD PRODUKCYJNY PŁOCK\RAFINERIA\PR03 BLOK PRZEROBU ROPY\DRW-IV|DR4.FC43354_OP.PV;"2026-07-26 18:00:28,208008";"44,2255783081055"
\\PIAF\PKN Orlen\PI Vision\PKN Orlen\ZAKŁAD PRODUKCYJNY PŁOCK\RAFINERIA\PR03 BLOK PRZEROBU ROPY\DRW-IV|DR4.FC43354_OP.PV;"2026-07-26 18:20:08,193008";"43,9612350463867"
\\PIAF\PKN Orlen\PI Vision\PKN Orlen\ZAKŁAD PRODUKCYJNY PŁOCK\RAFINERIA\PR03 BLOK PRZEROBU ROPY\DRW-IV|DR4.FC43354_OP.PV;"2026-07-26 18:38:48,193008";"44,2488403320313"
\\PIAF\PKN Orlen\PI Vision\PKN Orlen\ZAKŁAD PRODUKCYJNY PŁOCK\RAFINERIA\PR03 BLOK PRZEROBU ROPY\DRW-IV|DR4.FC43354_OP.PV;"2026-07-26 18:43:28,177002";"44,5978240966797"
\\PIAF\PKN Orlen\PI Vision\PKN Orlen\ZAKŁAD PRODUKCYJNY PŁOCK\RAFINERIA\PR03 BLOK PRZEROBU ROPY\DRW-IV|DR4.FC43354_OP.PV;"2026-07-26 19:14:28,208008";"44,6811752319336"
\\PIAF\PKN Orlen\PI Vision\PKN Orlen\ZAKŁAD PRODUKCYJNY PŁOCK\RAFINERIA\PR03 BLOK PRZEROBU ROPY\DRW-IV|DR4.FC43354_OP.PV;"2026-07-26 19:18:03,130005";"45,2132797241211"
\\PIAF\PKN Orlen\PI Vision\PKN Orlen\ZAKŁAD PRODUKCYJNY PŁOCK\RAFINERIA\PR03 BLOK PRZEROBU ROPY\DRW-IV|DR4.FC43354_OP.PV;"2026-07-26 19:29:53,240005";"44,9953079223633"
\\PIAF\PKN Orlen\PI Vision\PKN Orlen\ZAKŁAD PRODUKCYJNY PŁOCK\RAFINERIA\PR03 BLOK PRZEROBU ROPY\DRW-IV|DR4.FC43354_OP.PV;"2026-07-26 19:39:13,130005";"45,358642578125"
\\PIAF\PKN Orlen\PI Vision\PKN Orlen\ZAKŁAD PRODUKCYJNY PŁOCK\RAFINERIA\PR03 BLOK PRZEROBU ROPY\DRW-IV|DR4.FC43354_OP.PV;"2026-07-26 20:15:03,177002";"45,5560836791992"
\\PIAF\PKN Orlen\PI Vision\PKN Orlen\ZAKŁAD PRODUKCYJNY PŁOCK\RAFINERIA\PR03 BLOK PRZEROBU ROPY\DRW-IV|DR4.FC43354_OP.PV;"2026-07-26 20:42:38,208008";"45,4996566772461"
\\PIAF\PKN Orlen\PI Vision\PKN Orlen\ZAKŁAD PRODUKCYJNY PŁOCK\RAFINERIA\PR03 BLOK PRZEROBU ROPY\DRW-IV|DR4.FC43354_OP.PV;"2026-07-26 21:12:08,130005";"45,6356239318848"
\\PIAF\PKN Orlen\PI Vision\PKN Orlen\ZAKŁAD PRODUKCYJNY PŁOCK\RAFINERIA\PR03 BLOK PRZEROBU ROPY\DRW-IV|DR4.FC43354_OP.PV;"2026-07-26 22:17:08,161011";"45,2991256713867"
\\PIAF\PKN Orlen\PI Vision\PKN Orlen\ZAKŁAD PRODUKCYJNY PŁOCK\RAFINERIA\PR03 BLOK PRZEROBU ROPY\DRW-IV|DR4.FC43354_OP.PV;"2026-07-26 22:41:53,115005";"45,2518730163574"
\\PIAF\PKN Orlen\PI Vision\PKN Orlen\ZAKŁAD PRODUKCYJNY PŁOCK\RAFINERIA\PR03 BLOK PRZEROBU ROPY\DRW-IV|DR4.FC43354_OP.PV;"2026-07-26 22:55:28,162002";"44,9980049133301"
\\PIAF\PKN Orlen\PI Vision\PKN Orlen\ZAKŁAD PRODUKCYJNY PŁOCK\RAFINERIA\PR03 BLOK PRZEROBU ROPY\DRW-IV|DR4.FC43354_OP.PV;"2026-07-26 23:02:03,146011";"44,9987983703613"
\\PIAF\PKN Orlen\PI Vision\PKN Orlen\ZAKŁAD PRODUKCYJNY PŁOCK\RAFINERIA\PR03 BLOK PRZEROBU ROPY\DRW-IV|DR4.FC43354_OP.PV;"2026-07-26 23:25:08,161011";"44,842903137207"
\\PIAF\PKN Orlen\PI Vision\PKN Orlen\ZAKŁAD PRODUKCYJNY PŁOCK\RAFINERIA\PR03 BLOK PRZEROBU ROPY\DRW-IV|DR4.FC43354_OP.PV;"2026-07-27 00:00:48,130005";"44,357608795166"
\\PIAF\PKN Orlen\PI Vision\PKN Orlen\ZAKŁAD PRODUKCYJNY PŁOCK\RAFINERIA\PR03 BLOK PRZEROBU ROPY\DRW-IV|DR4.FC43354_OP.PV;"2026-07-27 00:19:38,099014";"45,5441932678223"
\\PIAF\PKN Orlen\PI Vision\PKN Orlen\ZAKŁAD PRODUKCYJNY PŁOCK\RAFINERIA\PR03 BLOK PRZEROBU ROPY\DRW-IV|DR4.FC43354_OP.PV;"2026-07-27 00:33:13,115005";"45,4311485290527"
\\PIAF\PKN Orlen\PI Vision\PKN Orlen\ZAKŁAD PRODUKCYJNY PŁOCK\RAFINERIA\PR03 BLOK PRZEROBU ROPY\DRW-IV|DR4.FC43354_OP.PV;"2026-07-27 00:47:43,083008";"44,7017860412598"
\\PIAF\PKN Orlen\PI Vision\PKN Orlen\ZAKŁAD PRODUKCYJNY PŁOCK\RAFINERIA\PR03 BLOK PRZEROBU ROPY\DRW-IV|DR4.FC43354_OP.PV;"2026-07-27 01:36:33,183014";"44,6664886474609"
\\PIAF\PKN Orlen\PI Vision\PKN Orlen\ZAKŁAD PRODUKCYJNY PŁOCK\RAFINERIA\PR03 BLOK PRZEROBU ROPY\DRW-IV|DR4.FC43354_OP.PV;"2026-07-27 02:04:53,261002";"44,8956680297852"
\\PIAF\PKN Orlen\PI Vision\PKN Orlen\ZAKŁAD PRODUKCYJNY PŁOCK\RAFINERIA\PR03 BLOK PRZEROBU ROPY\DRW-IV|DR4.FC43354_OP.PV;"2026-07-27 02:25:08,152008";"44,5806541442871"
\\PIAF\PKN Orlen\PI Vision\PKN Orlen\ZAKŁAD PRODUKCYJNY PŁOCK\RAFINERIA\PR03 BLOK PRZEROBU ROPY\DRW-IV|DR4.FC43354_OP.PV;"2026-07-27 02:33:48,246002";"44,4822120666504"
\\PIAF\PKN Orlen\PI Vision\PKN Orlen\ZAKŁAD PRODUKCYJNY PŁOCK\RAFINERIA\PR03 BLOK PRZEROBU ROPY\DRW-IV|DR4.FC43354_OP.PV;"2026-07-27 02:42:18,199005";"44,3680648803711"
\\PIAF\PKN Orlen\PI Vision\PKN Orlen\ZAKŁAD PRODUKCYJNY PŁOCK\RAFINERIA\PR03 BLOK PRZEROBU ROPY\DRW-IV|DR4.FC43354_OP.PV;"2026-07-27 02:46:43,168014";"43,8256645202637"
\\PIAF\PKN Orlen\PI Vision\PKN Orlen\ZAKŁAD PRODUKCYJNY PŁOCK\RAFINERIA\PR03 BLOK PRZEROBU ROPY\DRW-IV|DR4.FC43354_OP.PV;"2026-07-27 03:12:08,199005";"44,5792922973633"
\\PIAF\PKN Orlen\PI Vision\PKN Orlen\ZAKŁAD PRODUKCYJNY PŁOCK\RAFINERIA\PR03 BLOK PRZEROBU ROPY\DRW-IV|DR4.FC43354_OP.PV;"2026-07-27 03:26:13,215012";"44,4703788757324"
\\PIAF\PKN Orlen\PI Vision\PKN Orlen\ZAKŁAD PRODUKCYJNY PŁOCK\RAFINERIA\PR03 BLOK PRZEROBU ROPY\DRW-IV|DR4.FC43354_OP.PV;"2026-07-27 03:40:48,183014";"44,353099822998"
\\PIAF\PKN Orlen\PI Vision\PKN Orlen\ZAKŁAD PRODUKCYJNY PŁOCK\RAFINERIA\PR03 BLOK PRZEROBU ROPY\DRW-IV|DR4.FC43354_OP.PV;"2026-07-27 03:56:33,199005";"43,4749946594238"
\\PIAF\PKN Orlen\PI Vision\PKN Orlen\ZAKŁAD PRODUKCYJNY PŁOCK\RAFINERIA\PR03 BLOK PRZEROBU ROPY\DRW-IV|DR4.FC43354_OP.PV;"2026-07-27 04:21:28,183014";"42,8417892456055"
\\PIAF\PKN Orlen\PI Vision\PKN Orlen\ZAKŁAD PRODUKCYJNY PŁOCK\RAFINERIA\PR03 BLOK PRZEROBU ROPY\DRW-IV|DR4.FC43354_OP.PV;"2026-07-27 04:37:43,168014";"42,6372299194336"
\\PIAF\PKN Orlen\PI Vision\PKN Orlen\ZAKŁAD PRODUKCYJNY PŁOCK\RAFINERIA\PR03 BLOK PRZEROBU ROPY\DRW-IV|DR4.FC43354_OP.PV;"2026-07-27 05:05:28,199005";"42,8829689025879"
\\PIAF\PKN Orlen\PI Vision\PKN Orlen\ZAKŁAD PRODUKCYJNY PŁOCK\RAFINERIA\PR03 BLOK PRZEROBU ROPY\DRW-IV|DR4.FC43354_OP.PV;"2026-07-27 05:06:23,215012";"43,1892890930176"
\\PIAF\PKN Orlen\PI Vision\PKN Orlen\ZAKŁAD PRODUKCYJNY PŁOCK\RAFINERIA\PR03 BLOK PRZEROBU ROPY\DRW-IV|DR4.FC43354_OP.PV;"2026-07-27 05:15:38,215012";"42,9829216003418"
\\PIAF\PKN Orlen\PI Vision\PKN Orlen\ZAKŁAD PRODUKCYJNY PŁOCK\RAFINERIA\PR03 BLOK PRZEROBU ROPY\DRW-IV|DR4.FC43354_OP.PV;"2026-07-27 05:21:58,230011";"43,779109954834"
\\PIAF\PKN Orlen\PI Vision\PKN Orlen\ZAKŁAD PRODUKCYJNY PŁOCK\RAFINERIA\PR03 BLOK PRZEROBU ROPY\DRW-IV|DR4.FC43354_OP.PV;"2026-07-27 05:35:13,121002";"43,7650527954102"
\\PIAF\PKN Orlen\PI Vision\PKN Orlen\ZAKŁAD PRODUKCYJNY PŁOCK\RAFINERIA\PR03 BLOK PRZEROBU ROPY\DRW-IV|DR4.FC43354_OP.PV;"2026-07-27 05:46:38,230011";"43,5193519592285"
\\PIAF\PKN Orlen\PI Vision\PKN Orlen\ZAKŁAD PRODUKCYJNY PŁOCK\RAFINERIA\PR03 BLOK PRZEROBU ROPY\DRW-IV|DR4.FC43354_OP.PV;"2026-07-27 06:14:23,121002";"43,9737815856934"
\\PIAF\PKN Orlen\PI Vision\PKN Orlen\ZAKŁAD PRODUKCYJNY PŁOCK\RAFINERIA\PR03 BLOK PRZEROBU ROPY\DRW-IV|DR4.FC43354_OP.PV;"2026-07-27 06:22:08,199005";"44,2319488525391"
\\PIAF\PKN Orlen\PI Vision\PKN Orlen\ZAKŁAD PRODUKCYJNY PŁOCK\RAFINERIA\PR03 BLOK PRZEROBU ROPY\DRW-IV|DR4.FC43354_OP.PV;"2026-07-27 06:28:28,121002";"44,3307151794434"
\\PIAF\PKN Orlen\PI Vision\PKN Orlen\ZAKŁAD PRODUKCYJNY PŁOCK\RAFINERIA\PR03 BLOK PRZEROBU ROPY\DRW-IV|DR4.FC43354_OP.PV;"2026-07-27 06:58:43,152008";"44,2516212463379"
\\PIAF\PKN Orlen\PI Vision\PKN Orlen\ZAKŁAD PRODUKCYJNY PŁOCK\RAFINERIA\PR03 BLOK PRZEROBU ROPY\DRW-IV|DR4.FC43354_OP.PV;"2026-07-27 07:12:43,105011";"44,2450866699219"
\\PIAF\PKN Orlen\PI Vision\PKN Orlen\ZAKŁAD PRODUKCYJNY PŁOCK\RAFINERIA\PR03 BLOK PRZEROBU ROPY\DRW-IV|DR4.FC43354_OP.PV;"2026-07-27 07:18:18,152008";"43,7285652160645"
\\PIAF\PKN Orlen\PI Vision\PKN Orlen\ZAKŁAD PRODUKCYJNY PŁOCK\RAFINERIA\PR03 BLOK PRZEROBU ROPY\DRW-IV|DR4.FC43354_OP.PV;"2026-07-27 07:29:33,152008";"43,3895111083984"
\\PIAF\PKN Orlen\PI Vision\PKN Orlen\ZAKŁAD PRODUKCYJNY PŁOCK\RAFINERIA\PR03 BLOK PRZEROBU ROPY\DRW-IV|DR4.FC43354_OP.PV;"2026-07-27 07:32:28,168014";"43,0551681518555"
\\PIAF\PKN Orlen\PI Vision\PKN Orlen\ZAKŁAD PRODUKCYJNY PŁOCK\RAFINERIA\PR03 BLOK PRZEROBU ROPY\DRW-IV|DR4.FC43354_OP.PV;"2026-07-27 07:48:08,168014";"43,1670036315918"
\\PIAF\PKN Orlen\PI Vision\PKN Orlen\ZAKŁAD PRODUKCYJNY PŁOCK\RAFINERIA\PR03 BLOK PRZEROBU ROPY\DRW-IV|DR4.FC43354_OP.PV;"2026-07-27 07:56:18,215012";"43,0631446838379"
\\PIAF\PKN Orlen\PI Vision\PKN Orlen\ZAKŁAD PRODUKCYJNY PŁOCK\RAFINERIA\PR03 BLOK PRZEROBU ROPY\DRW-IV|DR4.FC43354_OP.PV;"2026-07-27 07:59:33,136002";"43,4917297363281"
\\PIAF\PKN Orlen\PI Vision\PKN Orlen\ZAKŁAD PRODUKCYJNY PŁOCK\RAFINERIA\PR03 BLOK PRZEROBU ROPY\DRW-IV|DR4.FC43354_OP.PV;"2026-07-27 08:08:18,136002";"42,8691062927246"
\\PIAF\PKN Orlen\PI Vision\PKN Orlen\ZAKŁAD PRODUKCYJNY PŁOCK\RAFINERIA\PR03 BLOK PRZEROBU ROPY\DRW-IV|DR4.FC43354_OP.PV;"2026-07-27 08:22:13,168014";"43,516731262207"
\\PIAF\PKN Orlen\PI Vision\PKN Orlen\ZAKŁAD PRODUKCYJNY PŁOCK\RAFINERIA\PR03 BLOK PRZEROBU ROPY\DRW-IV|DR4.FC43354_OP.PV;"2026-07-27 08:33:53,121002";"43,7561111450195"
\\PIAF\PKN Orlen\PI Vision\PKN Orlen\ZAKŁAD PRODUKCYJNY PŁOCK\RAFINERIA\PR03 BLOK PRZEROBU ROPY\DRW-IV|DR4.FC43354_OP.PV;"2026-07-27 09:01:53,152008";"43,7675819396973"
\\PIAF\PKN Orlen\PI Vision\PKN Orlen\ZAKŁAD PRODUKCYJNY PŁOCK\RAFINERIA\PR03 BLOK PRZEROBU ROPY\DRW-IV|DR4.FC43354_OP.PV;"2026-07-27 09:17:18,168014";"43,1870193481445"
\\PIAF\PKN Orlen\PI Vision\PKN Orlen\ZAKŁAD PRODUKCYJNY PŁOCK\RAFINERIA\PR03 BLOK PRZEROBU ROPY\DRW-IV|DR4.FC43354_OP.PV;"2026-07-27 09:35:48,168014";"43,3917846679688"
\\PIAF\PKN Orlen\PI Vision\PKN Orlen\ZAKŁAD PRODUKCYJNY PŁOCK\RAFINERIA\PR03 BLOK PRZEROBU ROPY\DRW-IV|DR4.FC43354_OP.PV;"2026-07-27 09:56:08,090012";"42,373893737793"
\\PIAF\PKN Orlen\PI Vision\PKN Orlen\ZAKŁAD PRODUKCYJNY PŁOCK\RAFINERIA\PR03 BLOK PRZEROBU ROPY\DRW-IV|DR4.FC43354_OP.PV;"2026-07-27 10:06:58,136002";"43,1986122131348"
\\PIAF\PKN Orlen\PI Vision\PKN Orlen\ZAKŁAD PRODUKCYJNY PŁOCK\RAFINERIA\PR03 BLOK PRZEROBU ROPY\DRW-IV|DR4.FC43354_OP.PV;"2026-07-27 10:11:03,168014";"43,5207710266113"
\\PIAF\PKN Orlen\PI Vision\PKN Orlen\ZAKŁAD PRODUKCYJNY PŁOCK\RAFINERIA\PR03 BLOK PRZEROBU ROPY\DRW-IV|DR4.FC43354_OP.PV;"2026-07-27 10:31:53,199005";"42,7967872619629"
\\PIAF\PKN Orlen\PI Vision\PKN Orlen\ZAKŁAD PRODUKCYJNY PŁOCK\RAFINERIA\PR03 BLOK PRZEROBU ROPY\DRW-IV|DR4.FC43354_OP.PV;"2026-07-27 10:37:43,237015";"42,5714569091797"
\\PIAF\PKN Orlen\PI Vision\PKN Orlen\ZAKŁAD PRODUKCYJNY PŁOCK\RAFINERIA\PR03 BLOK PRZEROBU ROPY\DRW-IV|DR4.FC43354_OP.PV;"2026-07-27 10:43:53,252014";"42,8048439025879"
\\PIAF\PKN Orlen\PI Vision\PKN Orlen\ZAKŁAD PRODUKCYJNY PŁOCK\RAFINERIA\PR03 BLOK PRZEROBU ROPY\DRW-IV|DR4.FC43354_OP.PV;"2026-07-27 10:51:18,168014";"42,6767654418945"
\\PIAF\PKN Orlen\PI Vision\PKN Orlen\ZAKŁAD PRODUKCYJNY PŁOCK\RAFINERIA\PR03 BLOK PRZEROBU ROPY\DRW-IV|DR4.FC43354_OP.PV;"2026-07-27 11:21:53,221008";"42,9855194091797"
\\PIAF\PKN Orlen\PI Vision\PKN Orlen\ZAKŁAD PRODUKCYJNY PŁOCK\RAFINERIA\PR03 BLOK PRZEROBU ROPY\DRW-IV|DR4.FC43354_OP.PV;"2026-07-27 12:03:28,237015";"43,3084831237793"
\\PIAF\PKN Orlen\PI Vision\PKN Orlen\ZAKŁAD PRODUKCYJNY PŁOCK\RAFINERIA\PR03 BLOK PRZEROBU ROPY\DRW-IV|DR4.FC43354_OP.PV;"2026-07-27 12:11:08,221008";"42,6741561889648"
\\PIAF\PKN Orlen\PI Vision\PKN Orlen\ZAKŁAD PRODUKCYJNY PŁOCK\RAFINERIA\PR03 BLOK PRZEROBU ROPY\DRW-IV|DR4.FC43354_OP.PV;"2026-07-27 12:17:18,205002";"42,8960876464844"
\\PIAF\PKN Orlen\PI Vision\PKN Orlen\ZAKŁAD PRODUKCYJNY PŁOCK\RAFINERIA\PR03 BLOK PRZEROBU ROPY\DRW-IV|DR4.FC43354_OP.PV;"2026-07-27 12:25:58,205002";"43,4584312438965"
\\PIAF\PKN Orlen\PI Vision\PKN Orlen\ZAKŁAD PRODUKCYJNY PŁOCK\RAFINERIA\PR03 BLOK PRZEROBU ROPY\DRW-IV|DR4.FC43354_OP.PV;"2026-07-27 12:28:23,236007";"43,8972053527832"
\\PIAF\PKN Orlen\PI Vision\PKN Orlen\ZAKŁAD PRODUKCYJNY PŁOCK\RAFINERIA\PR03 BLOK PRZEROBU ROPY\DRW-IV|DR4.FC43354_OP.PV;"2026-07-27 12:45:33,221008";"42,8008422851563"
\\PIAF\PKN Orlen\PI Vision\PKN Orlen\ZAKŁAD PRODUKCYJNY PŁOCK\RAFINERIA\PR03 BLOK PRZEROBU ROPY\DRW-IV|DR4.FC43354_OP.PV;"2026-07-27 12:53:03,237015";"41,985538482666"
\\PIAF\PKN Orlen\PI Vision\PKN Orlen\ZAKŁAD PRODUKCYJNY PŁOCK\RAFINERIA\PR03 BLOK PRZEROBU ROPY\DRW-IV|DR4.FC43354_OP.PV;"2026-07-27 13:02:03,143005";"42,4830131530762"
\\PIAF\PKN Orlen\PI Vision\PKN Orlen\ZAKŁAD PRODUKCYJNY PŁOCK\RAFINERIA\PR03 BLOK PRZEROBU ROPY\DRW-IV|DR4.FC43354_OP.PV;"2026-07-27 13:08:48,190002";"43,2702903747559"
\\PIAF\PKN Orlen\PI Vision\PKN Orlen\ZAKŁAD PRODUKCYJNY PŁOCK\RAFINERIA\PR03 BLOK PRZEROBU ROPY\DRW-IV|DR4.FC43354_OP.PV;"2026-07-27 13:25:53,143005";"42,6268882751465"
\\PIAF\PKN Orlen\PI Vision\PKN Orlen\ZAKŁAD PRODUKCYJNY PŁOCK\RAFINERIA\PR03 BLOK PRZEROBU ROPY\DRW-IV|DR4.FC43354_OP.PV;"2026-07-27 13:36:28,237015";"42,7423324584961"
\\PIAF\PKN Orlen\PI Vision\PKN Orlen\ZAKŁAD PRODUKCYJNY PŁOCK\RAFINERIA\PR03 BLOK PRZEROBU ROPY\DRW-IV|DR4.FC43354_OP.PV;"2026-07-27 13:43:13,174011";"42,969612121582"
\\PIAF\PKN Orlen\PI Vision\PKN Orlen\ZAKŁAD PRODUKCYJNY PŁOCK\RAFINERIA\PR03 BLOK PRZEROBU ROPY\DRW-IV|DR4.FC43354_OP.PV;"2026-07-27 13:45:53,221008";"43,302303314209"
\\PIAF\PKN Orlen\PI Vision\PKN Orlen\ZAKŁAD PRODUKCYJNY PŁOCK\RAFINERIA\PR03 BLOK PRZEROBU ROPY\DRW-IV|DR4.FC43354_OP.PV;"2026-07-27 13:53:13,190002";"42,6255264282227"
\\PIAF\PKN Orlen\PI Vision\PKN Orlen\ZAKŁAD PRODUKCYJNY PŁOCK\RAFINERIA\PR03 BLOK PRZEROBU ROPY\DRW-IV|DR4.FC43354_OP.PV;"2026-07-27 13:58:43,143005";"43,0463981628418"
\\PIAF\PKN Orlen\PI Vision\PKN Orlen\ZAKŁAD PRODUKCYJNY PŁOCK\RAFINERIA\PR03 BLOK PRZEROBU ROPY\DRW-IV|DR4.FC43354_OP.PV;"2026-07-27 14:05:38,190002";"43,3032493591309"
\\PIAF\PKN Orlen\PI Vision\PKN Orlen\ZAKŁAD PRODUKCYJNY PŁOCK\RAFINERIA\PR03 BLOK PRZEROBU ROPY\DRW-IV|DR4.FC43354_OP.PV;"2026-07-27 14:12:23,127014";"43,188060760498"
\\PIAF\PKN Orlen\PI Vision\PKN Orlen\ZAKŁAD PRODUKCYJNY PŁOCK\RAFINERIA\PR03 BLOK PRZEROBU ROPY\DRW-IV|DR4.FC43354_OP.PV;"2026-07-27 14:16:53,205002";"43,5181846618652"
\\PIAF\PKN Orlen\PI Vision\PKN Orlen\ZAKŁAD PRODUKCYJNY PŁOCK\RAFINERIA\PR03 BLOK PRZEROBU ROPY\DRW-IV|DR4.FC43354_OP.PV;"2026-07-27 14:26:48,174011";"43,0780944824219"
\\PIAF\PKN Orlen\PI Vision\PKN Orlen\ZAKŁAD PRODUKCYJNY PŁOCK\RAFINERIA\PR03 BLOK PRZEROBU ROPY\DRW-IV|DR4.FC43354_OP.PV;"2026-07-27 14:39:58,127014";"43,2079658508301"
\\PIAF\PKN Orlen\PI Vision\PKN Orlen\ZAKŁAD PRODUKCYJNY PŁOCK\RAFINERIA\PR03 BLOK PRZEROBU ROPY\DRW-IV|DR4.FC43354_OP.PV;"2026-07-27 15:04:33,127014";"43,0870742797852"
\\PIAF\PKN Orlen\PI Vision\PKN Orlen\ZAKŁAD PRODUKCYJNY PŁOCK\RAFINERIA\PR03 BLOK PRZEROBU ROPY\DRW-IV|DR4.FC43354_OP.PV;"2026-07-27 15:13:28,190002";"43,2981758117676"
\\PIAF\PKN Orlen\PI Vision\PKN Orlen\ZAKŁAD PRODUKCYJNY PŁOCK\RAFINERIA\PR03 BLOK PRZEROBU ROPY\DRW-IV|DR4.FC43354_OP.PV;"2026-07-27 15:40:38,143005";"44,0616302490234"
\\PIAF\PKN Orlen\PI Vision\PKN Orlen\ZAKŁAD PRODUKCYJNY PŁOCK\RAFINERIA\PR03 BLOK PRZEROBU ROPY\DRW-IV|DR4.FC43354_OP.PV;"2026-07-27 15:47:58,205002";"43,3468704223633"
\\PIAF\PKN Orlen\PI Vision\PKN Orlen\ZAKŁAD PRODUKCYJNY PŁOCK\RAFINERIA\PR03 BLOK PRZEROBU ROPY\DRW-IV|DR4.FC43354_OP.PV;"2026-07-27 16:00:03,143005";"43,666088104248"
\\PIAF\PKN Orlen\PI Vision\PKN Orlen\ZAKŁAD PRODUKCYJNY PŁOCK\RAFINERIA\PR03 BLOK PRZEROBU ROPY\DRW-IV|DR4.FC43354_OP.PV;"2026-07-27 16:07:33,158005";"43,4614448547363"
\\PIAF\PKN Orlen\PI Vision\PKN Orlen\ZAKŁAD PRODUKCYJNY PŁOCK\RAFINERIA\PR03 BLOK PRZEROBU ROPY\DRW-IV|DR4.FC43354_OP.PV;"2026-07-27 16:15:18,143005";"43,5895919799805"
\\PIAF\PKN Orlen\PI Vision\PKN Orlen\ZAKŁAD PRODUKCYJNY PŁOCK\RAFINERIA\PR03 BLOK PRZEROBU ROPY\DRW-IV|DR4.FC43354_OP.PV;"2026-07-27 16:32:23,143005";"43,5827293395996"
\\PIAF\PKN Orlen\PI Vision\PKN Orlen\ZAKŁAD PRODUKCYJNY PŁOCK\RAFINERIA\PR03 BLOK PRZEROBU ROPY\DRW-IV|DR4.FC43354_OP.PV;"2026-07-27 16:39:38,127014";"43,5886726379395"
\\PIAF\PKN Orlen\PI Vision\PKN Orlen\ZAKŁAD PRODUKCYJNY PŁOCK\RAFINERIA\PR03 BLOK PRZEROBU ROPY\DRW-IV|DR4.FC43354_OP.PV;"2026-07-27 16:55:13,143005";"43,7565994262695"
\\PIAF\PKN Orlen\PI Vision\PKN Orlen\ZAKŁAD PRODUKCYJNY PŁOCK\RAFINERIA\PR03 BLOK PRZEROBU ROPY\DRW-IV|DR4.FC43354_OP.PV;"2026-07-27 17:05:03,096008";"43,2136993408203"
\\PIAF\PKN Orlen\PI Vision\PKN Orlen\ZAKŁAD PRODUKCYJNY PŁOCK\RAFINERIA\PR03 BLOK PRZEROBU ROPY\DRW-IV|DR4.FC43354_OP.PV;"2026-07-27 17:33:58,111007";"42,9307518005371"
\\PIAF\PKN Orlen\PI Vision\PKN Orlen\ZAKŁAD PRODUKCYJNY PŁOCK\RAFINERIA\PR03 BLOK PRZEROBU ROPY\DRW-IV|DR4.FC43354_OP.PV;"2026-07-27 17:41:48,143005";"43,1532096862793"
\\PIAF\PKN Orlen\PI Vision\PKN Orlen\ZAKŁAD PRODUKCYJNY PŁOCK\RAFINERIA\PR03 BLOK PRZEROBU ROPY\DRW-IV|DR4.FC43354_OP.PV;"2026-07-27 17:48:18,190002";"43,7403602600098"
\\PIAF\PKN Orlen\PI Vision\PKN Orlen\ZAKŁAD PRODUKCYJNY PŁOCK\RAFINERIA\PR03 BLOK PRZEROBU ROPY\DRW-IV|DR4.FC43354_OP.PV;"2026-07-27 18:21:08,158005";"43,86279296875"
\\PIAF\PKN Orlen\PI Vision\PKN Orlen\ZAKŁAD PRODUKCYJNY PŁOCK\RAFINERIA\PR03 BLOK PRZEROBU ROPY\DRW-IV|DR4.FC43354_OP.PV;"2026-07-27 19:00:18,205002";"43,8717231750488"
\\PIAF\PKN Orlen\PI Vision\PKN Orlen\ZAKŁAD PRODUKCYJNY PŁOCK\RAFINERIA\PR03 BLOK PRZEROBU ROPY\DRW-IV|DR4.FC43354_OP.PV;"2026-07-27 20:32:38,199005";"44,2030944824219"
\\PIAF\PKN Orlen\PI Vision\PKN Orlen\ZAKŁAD PRODUKCYJNY PŁOCK\RAFINERIA\PR03 BLOK PRZEROBU ROPY\DRW-IV|DR4.FC43354_OP.PV;"2026-07-27 20:41:18,090012";"44,0981140136719"
\\PIAF\PKN Orlen\PI Vision\PKN Orlen\ZAKŁAD PRODUKCYJNY PŁOCK\RAFINERIA\PR03 BLOK PRZEROBU ROPY\DRW-IV|DR4.FC43354_OP.PV;"2026-07-27 20:48:53,168014";"44,1858863830566"
\\PIAF\PKN Orlen\PI Vision\PKN Orlen\ZAKŁAD PRODUKCYJNY PŁOCK\RAFINERIA\PR03 BLOK PRZEROBU ROPY\DRW-IV|DR4.FC43354_OP.PV;"2026-07-27 20:55:43,236007";"43,6413154602051"
\\PIAF\PKN Orlen\PI Vision\PKN Orlen\ZAKŁAD PRODUKCYJNY PŁOCK\RAFINERIA\PR03 BLOK PRZEROBU ROPY\DRW-IV|DR4.FC43354_OP.PV;"2026-07-27 21:05:23,111007";"43,6775321960449"
\\PIAF\PKN Orlen\PI Vision\PKN Orlen\ZAKŁAD PRODUKCYJNY PŁOCK\RAFINERIA\PR03 BLOK PRZEROBU ROPY\DRW-IV|DR4.FC43354_OP.PV;"2026-07-27 21:09:03,174011";"43,205150604248"
\\PIAF\PKN Orlen\PI Vision\PKN Orlen\ZAKŁAD PRODUKCYJNY PŁOCK\RAFINERIA\PR03 BLOK PRZEROBU ROPY\DRW-IV|DR4.FC43354_OP.PV;"2026-07-27 21:34:03,127014";"42,7364196777344"
\\PIAF\PKN Orlen\PI Vision\PKN Orlen\ZAKŁAD PRODUKCYJNY PŁOCK\RAFINERIA\PR03 BLOK PRZEROBU ROPY\DRW-IV|DR4.FC43354_OP.PV;"2026-07-27 21:41:18,243011";"42,5774574279785"
\\PIAF\PKN Orlen\PI Vision\PKN Orlen\ZAKŁAD PRODUKCYJNY PŁOCK\RAFINERIA\PR03 BLOK PRZEROBU ROPY\DRW-IV|DR4.FC43354_OP.PV;"2026-07-27 21:49:58,196014";"42,2596168518066"
\\PIAF\PKN Orlen\PI Vision\PKN Orlen\ZAKŁAD PRODUKCYJNY PŁOCK\RAFINERIA\PR03 BLOK PRZEROBU ROPY\DRW-IV|DR4.FC43354_OP.PV;"2026-07-27 21:58:43,149002";"42,8721809387207"
\\PIAF\PKN Orlen\PI Vision\PKN Orlen\ZAKŁAD PRODUKCYJNY PŁOCK\RAFINERIA\PR03 BLOK PRZEROBU ROPY\DRW-IV|DR4.FC43354_OP.PV;"2026-07-27 22:05:33,165008";"43,6768684387207"
\\PIAF\PKN Orlen\PI Vision\PKN Orlen\ZAKŁAD PRODUKCYJNY PŁOCK\RAFINERIA\PR03 BLOK PRZEROBU ROPY\DRW-IV|DR4.FC43354_OP.PV;"2026-07-27 22:43:23,165008";"43,4018173217773"
\\PIAF\PKN Orlen\PI Vision\PKN Orlen\ZAKŁAD PRODUKCYJNY PŁOCK\RAFINERIA\PR03 BLOK PRZEROBU ROPY\DRW-IV|DR4.FC43354_OP.PV;"2026-07-27 22:59:58,149002";"43,1862945556641"
\\PIAF\PKN Orlen\PI Vision\PKN Orlen\ZAKŁAD PRODUKCYJNY PŁOCK\RAFINERIA\PR03 BLOK PRZEROBU ROPY\DRW-IV|DR4.FC43354_OP.PV;"2026-07-27 23:26:33,180008";"42,7591552734375"
\\PIAF\PKN Orlen\PI Vision\PKN Orlen\ZAKŁAD PRODUKCYJNY PŁOCK\RAFINERIA\PR03 BLOK PRZEROBU ROPY\DRW-IV|DR4.FC43354_OP.PV;"2026-07-27 23:29:08,165008";"42,5080261230469"
\\PIAF\PKN Orlen\PI Vision\PKN Orlen\ZAKŁAD PRODUKCYJNY PŁOCK\RAFINERIA\PR03 BLOK PRZEROBU ROPY\DRW-IV|DR4.FC43354_OP.PV;"2026-07-27 23:58:08,118011";"42,6994514465332"
\\PIAF\PKN Orlen\PI Vision\PKN Orlen\ZAKŁAD PRODUKCYJNY PŁOCK\RAFINERIA\PR03 BLOK PRZEROBU ROPY\DRW-IV|DR4.FC43354_OP.PV;"2026-07-28 00:21:43,118011";"42,835075378418"
\\PIAF\PKN Orlen\PI Vision\PKN Orlen\ZAKŁAD PRODUKCYJNY PŁOCK\RAFINERIA\PR03 BLOK PRZEROBU ROPY\DRW-IV|DR4.FC43354_OP.PV;"2026-07-28 00:58:58,195999";"43,5110473632813"
\\PIAF\PKN Orlen\PI Vision\PKN Orlen\ZAKŁAD PRODUKCYJNY PŁOCK\RAFINERIA\PR03 BLOK PRZEROBU ROPY\DRW-IV|DR4.FC43354_OP.PV;"2026-07-28 01:02:48,165008";"43,6371765136719"
\\PIAF\PKN Orlen\PI Vision\PKN Orlen\ZAKŁAD PRODUKCYJNY PŁOCK\RAFINERIA\PR03 BLOK PRZEROBU ROPY\DRW-IV|DR4.FC43354_OP.PV;"2026-07-28 01:08:58,133011";"43,0582046508789"
\\PIAF\PKN Orlen\PI Vision\PKN Orlen\ZAKŁAD PRODUKCYJNY PŁOCK\RAFINERIA\PR03 BLOK PRZEROBU ROPY\DRW-IV|DR4.FC43354_OP.PV;"2026-07-28 01:18:33,086014";"43,1739921569824"
\\PIAF\PKN Orlen\PI Vision\PKN Orlen\ZAKŁAD PRODUKCYJNY PŁOCK\RAFINERIA\PR03 BLOK PRZEROBU ROPY\DRW-IV|DR4.FC43354_OP.PV;"2026-07-28 01:25:03,180008";"42,5263023376465"
\\PIAF\PKN Orlen\PI Vision\PKN Orlen\ZAKŁAD PRODUKCYJNY PŁOCK\RAFINERIA\PR03 BLOK PRZEROBU ROPY\DRW-IV|DR4.FC43354_OP.PV;"2026-07-28 02:13:43,196014";"42,533935546875"
\\PIAF\PKN Orlen\PI Vision\PKN Orlen\ZAKŁAD PRODUKCYJNY PŁOCK\RAFINERIA\PR03 BLOK PRZEROBU ROPY\DRW-IV|DR4.FC43354_OP.PV;"2026-07-28 02:47:28,118011";"43,3011932373047"
\\PIAF\PKN Orlen\PI Vision\PKN Orlen\ZAKŁAD PRODUKCYJNY PŁOCK\RAFINERIA\PR03 BLOK PRZEROBU ROPY\DRW-IV|DR4.FC43354_OP.PV;"2026-07-28 03:04:48,133011";"43,4046478271484"
\\PIAF\PKN Orlen\PI Vision\PKN Orlen\ZAKŁAD PRODUKCYJNY PŁOCK\RAFINERIA\PR03 BLOK PRZEROBU ROPY\DRW-IV|DR4.FC43354_OP.PV;"2026-07-28 03:53:28,173004";"43,0080718994141"
\\PIAF\PKN Orlen\PI Vision\PKN Orlen\ZAKŁAD PRODUKCYJNY PŁOCK\RAFINERIA\PR03 BLOK PRZEROBU ROPY\DRW-IV|DR4.FC43354_OP.PV;"2026-07-28 04:43:18,20401";"43,061336517334"
\\PIAF\PKN Orlen\PI Vision\PKN Orlen\ZAKŁAD PRODUKCYJNY PŁOCK\RAFINERIA\PR03 BLOK PRZEROBU ROPY\DRW-IV|DR4.FC43354_OP.PV;"2026-07-28 05:10:38,126007";"43,3076515197754"
\\PIAF\PKN Orlen\PI Vision\PKN Orlen\ZAKŁAD PRODUKCYJNY PŁOCK\RAFINERIA\PR03 BLOK PRZEROBU ROPY\DRW-IV|DR4.FC43354_OP.PV;"2026-07-28 05:15:53,141006";"42,996467590332"
\\PIAF\PKN Orlen\PI Vision\PKN Orlen\ZAKŁAD PRODUKCYJNY PŁOCK\RAFINERIA\PR03 BLOK PRZEROBU ROPY\DRW-IV|DR4.FC43354_OP.PV;"2026-07-28 05:27:43,188004";"42,902904510498"
\\PIAF\PKN Orlen\PI Vision\PKN Orlen\ZAKŁAD PRODUKCYJNY PŁOCK\RAFINERIA\PR03 BLOK PRZEROBU ROPY\DRW-IV|DR4.FC43354_OP.PV;"2026-07-28 05:37:08,173004";"42,7843780517578"
\\PIAF\PKN Orlen\PI Vision\PKN Orlen\ZAKŁAD PRODUKCYJNY PŁOCK\RAFINERIA\PR03 BLOK PRZEROBU ROPY\DRW-IV|DR4.FC43354_OP.PV;"2026-07-28 05:41:23,235001";"43,0941352844238"
\\PIAF\PKN Orlen\PI Vision\PKN Orlen\ZAKŁAD PRODUKCYJNY PŁOCK\RAFINERIA\PR03 BLOK PRZEROBU ROPY\DRW-IV|DR4.FC43354_OP.PV;"2026-07-28 06:19:03,220001";"43,4842414855957"
\\PIAF\PKN Orlen\PI Vision\PKN Orlen\ZAKŁAD PRODUKCYJNY PŁOCK\RAFINERIA\PR03 BLOK PRZEROBU ROPY\DRW-IV|DR4.FC43354_OP.PV;"2026-07-28 06:42:28,110001";"43,3959007263184"
\\PIAF\PKN Orlen\PI Vision\PKN Orlen\ZAKŁAD PRODUKCYJNY PŁOCK\RAFINERIA\PR03 BLOK PRZEROBU ROPY\DRW-IV|DR4.FC43354_OP.PV;"2026-07-28 06:50:33,110001";"43,4935874938965"
\\PIAF\PKN Orlen\PI Vision\PKN Orlen\ZAKŁAD PRODUKCYJNY PŁOCK\RAFINERIA\PR03 BLOK PRZEROBU ROPY\DRW-IV|DR4.FC43354_OP.PV;"2026-07-28 07:19:23,110001";"43,0608291625977"
\\PIAF\PKN Orlen\PI Vision\PKN Orlen\ZAKŁAD PRODUKCYJNY PŁOCK\RAFINERIA\PR03 BLOK PRZEROBU ROPY\DRW-IV|DR4.FC43354_OP.PV;"2026-07-28 07:22:43,20401";"43,3916931152344"
\\PIAF\PKN Orlen\PI Vision\PKN Orlen\ZAKŁAD PRODUKCYJNY PŁOCK\RAFINERIA\PR03 BLOK PRZEROBU ROPY\DRW-IV|DR4.FC43354_OP.PV;"2026-07-28 07:36:23,166016";"43,0010871887207"
\\PIAF\PKN Orlen\PI Vision\PKN Orlen\ZAKŁAD PRODUKCYJNY PŁOCK\RAFINERIA\PR03 BLOK PRZEROBU ROPY\DRW-IV|DR4.FC43354_OP.PV;"2026-07-28 07:43:23,113006";"43,2685699462891"
\\PIAF\PKN Orlen\PI Vision\PKN Orlen\ZAKŁAD PRODUKCYJNY PŁOCK\RAFINERIA\PR03 BLOK PRZEROBU ROPY\DRW-IV|DR4.FC43354_OP.PV;"2026-07-28 08:09:13,194";"43,1357879638672"
\\PIAF\PKN Orlen\PI Vision\PKN Orlen\ZAKŁAD PRODUKCYJNY PŁOCK\RAFINERIA\PR03 BLOK PRZEROBU ROPY\DRW-IV|DR4.FC43354_OP.PV;"2026-07-28 08:39:58,154007";"43,0057220458984"
\\PIAF\PKN Orlen\PI Vision\PKN Orlen\ZAKŁAD PRODUKCYJNY PŁOCK\RAFINERIA\PR03 BLOK PRZEROBU ROPY\DRW-IV|DR4.FC43354_OP.PV;"2026-07-28 08:46:58,17601";"43,3158912658691"
\\PIAF\PKN Orlen\PI Vision\PKN Orlen\ZAKŁAD PRODUKCYJNY PŁOCK\RAFINERIA\PR03 BLOK PRZEROBU ROPY\DRW-IV|DR4.FC43354_OP.PV;"2026-07-28 09:29:38,173004";"43,2318992614746"
\\PIAF\PKN Orlen\PI Vision\PKN Orlen\ZAKŁAD PRODUKCYJNY PŁOCK\RAFINERIA\PR03 BLOK PRZEROBU ROPY\DRW-IV|DR4.FC43354_OP.PV;"2026-07-28 09:34:38,141006";"43,3281097412109"
\\PIAF\PKN Orlen\PI Vision\PKN Orlen\ZAKŁAD PRODUKCYJNY PŁOCK\RAFINERIA\PR03 BLOK PRZEROBU ROPY\DRW-IV|DR4.FC43354_OP.PV;"2026-07-28 09:47:08,07901";"43,1186065673828"
\\PIAF\PKN Orlen\PI Vision\PKN Orlen\ZAKŁAD PRODUKCYJNY PŁOCK\RAFINERIA\PR03 BLOK PRZEROBU ROPY\DRW-IV|DR4.FC43354_OP.PV;"2026-07-28 10:17:03,194";"43,1386337280273"
\\PIAF\PKN Orlen\PI Vision\PKN Orlen\ZAKŁAD PRODUKCYJNY PŁOCK\RAFINERIA\PR03 BLOK PRZEROBU ROPY\DRW-IV|DR4.FC43354_OP.PV;"2026-07-28 10:46:08,116012";"43,2904243469238"
\\PIAF\PKN Orlen\PI Vision\PKN Orlen\ZAKŁAD PRODUKCYJNY PŁOCK\RAFINERIA\PR03 BLOK PRZEROBU ROPY\DRW-IV|DR4.FC43354_OP.PV;"2026-07-28 11:21:13,163009";"43,0829734802246"
\\PIAF\PKN Orlen\PI Vision\PKN Orlen\ZAKŁAD PRODUKCYJNY PŁOCK\RAFINERIA\PR03 BLOK PRZEROBU ROPY\DRW-IV|DR4.FC43354_OP.PV;"2026-07-28 11:25:53,163009";"43,3166885375977"
\\PIAF\PKN Orlen\PI Vision\PKN Orlen\ZAKŁAD PRODUKCYJNY PŁOCK\RAFINERIA\PR03 BLOK PRZEROBU ROPY\DRW-IV|DR4.FC43354_OP.PV;"2026-07-28 11:30:08,163009";"44,052116394043"
\\PIAF\PKN Orlen\PI Vision\PKN Orlen\ZAKŁAD PRODUKCYJNY PŁOCK\RAFINERIA\PR03 BLOK PRZEROBU ROPY\DRW-IV|DR4.FC43354_OP.PV;"2026-07-28 11:37:38,101013";"43,3239212036133"
\\PIAF\PKN Orlen\PI Vision\PKN Orlen\ZAKŁAD PRODUKCYJNY PŁOCK\RAFINERIA\PR03 BLOK PRZEROBU ROPY\DRW-IV|DR4.FC43354_OP.PV;"2026-07-28 11:50:08,132004";"43,5254859924316"
\\PIAF\PKN Orlen\PI Vision\PKN Orlen\ZAKŁAD PRODUKCYJNY PŁOCK\RAFINERIA\PR03 BLOK PRZEROBU ROPY\DRW-IV|DR4.FC43354_OP.PV;"2026-07-28 11:52:53,116012";"43,2154731750488"
\\PIAF\PKN Orlen\PI Vision\PKN Orlen\ZAKŁAD PRODUKCYJNY PŁOCK\RAFINERIA\PR03 BLOK PRZEROBU ROPY\DRW-IV|DR4.FC43354_OP.PV;"2026-07-28 12:04:53,101013";"43,3385429382324"
\\PIAF\PKN Orlen\PI Vision\PKN Orlen\ZAKŁAD PRODUKCYJNY PŁOCK\RAFINERIA\PR03 BLOK PRZEROBU ROPY\DRW-IV|DR4.FC43354_OP.PV;"2026-07-28 12:28:53,14801";"43,1605415344238"
\\PIAF\PKN Orlen\PI Vision\PKN Orlen\ZAKŁAD PRODUKCYJNY PŁOCK\RAFINERIA\PR03 BLOK PRZEROBU ROPY\DRW-IV|DR4.FC43354_OP.PV;"2026-07-28 12:37:43,14801";"43,2594604492188"
\\PIAF\PKN Orlen\PI Vision\PKN Orlen\ZAKŁAD PRODUKCYJNY PŁOCK\RAFINERIA\PR03 BLOK PRZEROBU ROPY\DRW-IV|DR4.FC43354_OP.PV;"2026-07-28 12:42:48,14801";"43,1440162658691"
\\PIAF\PKN Orlen\PI Vision\PKN Orlen\ZAKŁAD PRODUKCYJNY PŁOCK\RAFINERIA\PR03 BLOK PRZEROBU ROPY\DRW-IV|DR4.FC43354_OP.PV;"2026-07-28 12:46:03,101013";"43,6056709289551"
\\PIAF\PKN Orlen\PI Vision\PKN Orlen\ZAKŁAD PRODUKCYJNY PŁOCK\RAFINERIA\PR03 BLOK PRZEROBU ROPY\DRW-IV|DR4.FC43354_OP.PV;"2026-07-28 12:53:58,14801";"42,8314399719238"
\\PIAF\PKN Orlen\PI Vision\PKN Orlen\ZAKŁAD PRODUKCYJNY PŁOCK\RAFINERIA\PR03 BLOK PRZEROBU ROPY\DRW-IV|DR4.FC43354_OP.PV;"2026-07-28 13:00:13,116012";"43,2735786437988"
\\PIAF\PKN Orlen\PI Vision\PKN Orlen\ZAKŁAD PRODUKCYJNY PŁOCK\RAFINERIA\PR03 BLOK PRZEROBU ROPY\DRW-IV|DR4.FC43354_OP.PV;"2026-07-28 13:03:18,116012";"43,7115936279297"
\\PIAF\PKN Orlen\PI Vision\PKN Orlen\ZAKŁAD PRODUKCYJNY PŁOCK\RAFINERIA\PR03 BLOK PRZEROBU ROPY\DRW-IV|DR4.FC43354_OP.PV;"2026-07-28 13:09:48,132004";"43,2690773010254"
\\PIAF\PKN Orlen\PI Vision\PKN Orlen\ZAKŁAD PRODUKCYJNY PŁOCK\RAFINERIA\PR03 BLOK PRZEROBU ROPY\DRW-IV|DR4.FC43354_OP.PV;"2026-07-28 13:22:03,163009";"43,3912773132324"
\\PIAF\PKN Orlen\PI Vision\PKN Orlen\ZAKŁAD PRODUKCYJNY PŁOCK\RAFINERIA\PR03 BLOK PRZEROBU ROPY\DRW-IV|DR4.FC43354_OP.PV;"2026-07-28 13:29:08,116012";"43,6808624267578"
\\PIAF\PKN Orlen\PI Vision\PKN Orlen\ZAKŁAD PRODUKCYJNY PŁOCK\RAFINERIA\PR03 BLOK PRZEROBU ROPY\DRW-IV|DR4.FC43354_OP.PV;"2026-07-28 13:33:33,188004";"43,9404106140137"
\\PIAF\PKN Orlen\PI Vision\PKN Orlen\ZAKŁAD PRODUKCYJNY PŁOCK\RAFINERIA\PR03 BLOK PRZEROBU ROPY\DRW-IV|DR4.FC43354_OP.PV;"2026-07-28 13:39:03,094009";"42,5704345703125"
\\PIAF\PKN Orlen\PI Vision\PKN Orlen\ZAKŁAD PRODUKCYJNY PŁOCK\RAFINERIA\PR03 BLOK PRZEROBU ROPY\DRW-IV|DR4.FC43354_OP.PV;"2026-07-28 13:43:28,141006";"42,9074096679688"
\\PIAF\PKN Orlen\PI Vision\PKN Orlen\ZAKŁAD PRODUKCYJNY PŁOCK\RAFINERIA\PR03 BLOK PRZEROBU ROPY\DRW-IV|DR4.FC43354_OP.PV;"2026-07-28 13:47:33,173004";"43,450611114502"
\\PIAF\PKN Orlen\PI Vision\PKN Orlen\ZAKŁAD PRODUKCYJNY PŁOCK\RAFINERIA\PR03 BLOK PRZEROBU ROPY\DRW-IV|DR4.FC43354_OP.PV;"2026-07-28 13:53:23,220001";"42,8719177246094"
\\PIAF\PKN Orlen\PI Vision\PKN Orlen\ZAKŁAD PRODUKCYJNY PŁOCK\RAFINERIA\PR03 BLOK PRZEROBU ROPY\DRW-IV|DR4.FC43354_OP.PV;"2026-07-28 14:06:58,20401";"43,0965576171875"
\\PIAF\PKN Orlen\PI Vision\PKN Orlen\ZAKŁAD PRODUKCYJNY PŁOCK\RAFINERIA\PR03 BLOK PRZEROBU ROPY\DRW-IV|DR4.FC43354_OP.PV;"2026-07-28 14:16:18,188004";"42,9673385620117"
\\PIAF\PKN Orlen\PI Vision\PKN Orlen\ZAKŁAD PRODUKCYJNY PŁOCK\RAFINERIA\PR03 BLOK PRZEROBU ROPY\DRW-IV|DR4.FC43354_OP.PV;"2026-07-28 14:22:08,141006";"43,1919746398926"
\\PIAF\PKN Orlen\PI Vision\PKN Orlen\ZAKŁAD PRODUKCYJNY PŁOCK\RAFINERIA\PR03 BLOK PRZEROBU ROPY\DRW-IV|DR4.FC43354_OP.PV;"2026-07-28 14:33:13,173004";"43,4107093811035"
\\PIAF\PKN Orlen\PI Vision\PKN Orlen\ZAKŁAD PRODUKCYJNY PŁOCK\RAFINERIA\PR03 BLOK PRZEROBU ROPY\DRW-IV|DR4.FC43354_OP.PV;"2026-07-28 14:38:03,20401";"43,7235717773438"
\\PIAF\PKN Orlen\PI Vision\PKN Orlen\ZAKŁAD PRODUKCYJNY PŁOCK\RAFINERIA\PR03 BLOK PRZEROBU ROPY\DRW-IV|DR4.FC43354_OP.PV;"2026-07-28 14:51:03,251007";"43,8249320983887"
\\PIAF\PKN Orlen\PI Vision\PKN Orlen\ZAKŁAD PRODUKCYJNY PŁOCK\RAFINERIA\PR03 BLOK PRZEROBU ROPY\DRW-IV|DR4.FC43354_OP.PV;"2026-07-28 14:54:08,220001";"44,143440246582"
\\PIAF\PKN Orlen\PI Vision\PKN Orlen\ZAKŁAD PRODUKCYJNY PŁOCK\RAFINERIA\PR03 BLOK PRZEROBU ROPY\DRW-IV|DR4.FC43354_OP.PV;"2026-07-28 15:45:43,151001";"43,6569290161133"
\\PIAF\PKN Orlen\PI Vision\PKN Orlen\ZAKŁAD PRODUKCYJNY PŁOCK\RAFINERIA\PR03 BLOK PRZEROBU ROPY\DRW-IV|DR4.FC43354_OP.PV;"2026-07-28 15:52:13,119003";"44,1353950500488"
\\PIAF\PKN Orlen\PI Vision\PKN Orlen\ZAKŁAD PRODUKCYJNY PŁOCK\RAFINERIA\PR03 BLOK PRZEROBU ROPY\DRW-IV|DR4.FC43354_OP.PV;"2026-07-28 16:09:53,13501";"43,9350051879883"
\\PIAF\PKN Orlen\PI Vision\PKN Orlen\ZAKŁAD PRODUKCYJNY PŁOCK\RAFINERIA\PR03 BLOK PRZEROBU ROPY\DRW-IV|DR4.FC43354_OP.PV;"2026-07-28 16:18:28,266006";"44,4394607543945"
\\PIAF\PKN Orlen\PI Vision\PKN Orlen\ZAKŁAD PRODUKCYJNY PŁOCK\RAFINERIA\PR03 BLOK PRZEROBU ROPY\DRW-IV|DR4.FC43354_OP.PV;"2026-07-28 16:30:23,157013";"44,6434783935547"
\\PIAF\PKN Orlen\PI Vision\PKN Orlen\ZAKŁAD PRODUKCYJNY PŁOCK\RAFINERIA\PR03 BLOK PRZEROBU ROPY\DRW-IV|DR4.FC43354_OP.PV;"2026-07-28 16:35:08,251007";"44,9865989685059"
\\PIAF\PKN Orlen\PI Vision\PKN Orlen\ZAKŁAD PRODUKCYJNY PŁOCK\RAFINERIA\PR03 BLOK PRZEROBU ROPY\DRW-IV|DR4.FC43354_OP.PV;"2026-07-28 16:47:03,235001";"44,3352928161621"
\\PIAF\PKN Orlen\PI Vision\PKN Orlen\ZAKŁAD PRODUKCYJNY PŁOCK\RAFINERIA\PR03 BLOK PRZEROBU ROPY\DRW-IV|DR4.FC43354_OP.PV;"2026-07-28 16:52:18,219009";"44,5704002380371"
\\PIAF\PKN Orlen\PI Vision\PKN Orlen\ZAKŁAD PRODUKCYJNY PŁOCK\RAFINERIA\PR03 BLOK PRZEROBU ROPY\DRW-IV|DR4.FC43354_OP.PV;"2026-07-28 16:57:08,141006";"45,2094306945801"
\\PIAF\PKN Orlen\PI Vision\PKN Orlen\ZAKŁAD PRODUKCYJNY PŁOCK\RAFINERIA\PR03 BLOK PRZEROBU ROPY\DRW-IV|DR4.FC43354_OP.PV;"2026-07-28 17:10:03,251007";"45,418399810791"
\\PIAF\PKN Orlen\PI Vision\PKN Orlen\ZAKŁAD PRODUKCYJNY PŁOCK\RAFINERIA\PR03 BLOK PRZEROBU ROPY\DRW-IV|DR4.FC43354_OP.PV;"2026-07-28 17:23:18,188004";"45,325382232666"
\\PIAF\PKN Orlen\PI Vision\PKN Orlen\ZAKŁAD PRODUKCYJNY PŁOCK\RAFINERIA\PR03 BLOK PRZEROBU ROPY\DRW-IV|DR4.FC43354_OP.PV;"2026-07-28 17:33:33,173004";"46,0925178527832"
\\PIAF\PKN Orlen\PI Vision\PKN Orlen\ZAKŁAD PRODUKCYJNY PŁOCK\RAFINERIA\PR03 BLOK PRZEROBU ROPY\DRW-IV|DR4.FC43354_OP.PV;"2026-07-28 17:42:58,157013";"45,8822898864746"
\\PIAF\PKN Orlen\PI Vision\PKN Orlen\ZAKŁAD PRODUKCYJNY PŁOCK\RAFINERIA\PR03 BLOK PRZEROBU ROPY\DRW-IV|DR4.FC43354_OP.PV;"2026-07-28 17:56:03,20401";"45,9708099365234"
\\PIAF\PKN Orlen\PI Vision\PKN Orlen\ZAKŁAD PRODUKCYJNY PŁOCK\RAFINERIA\PR03 BLOK PRZEROBU ROPY\DRW-IV|DR4.FC43354_OP.PV;"2026-07-28 17:59:53,219009";"46,2826957702637"
\\PIAF\PKN Orlen\PI Vision\PKN Orlen\ZAKŁAD PRODUKCYJNY PŁOCK\RAFINERIA\PR03 BLOK PRZEROBU ROPY\DRW-IV|DR4.FC43354_OP.PV;"2026-07-28 18:13:08,141006";"46,1724586486816"
\\PIAF\PKN Orlen\PI Vision\PKN Orlen\ZAKŁAD PRODUKCYJNY PŁOCK\RAFINERIA\PR03 BLOK PRZEROBU ROPY\DRW-IV|DR4.FC43354_OP.PV;"2026-07-28 18:22:03,157013";"47,3805274963379"
\\PIAF\PKN Orlen\PI Vision\PKN Orlen\ZAKŁAD PRODUKCYJNY PŁOCK\RAFINERIA\PR03 BLOK PRZEROBU ROPY\DRW-IV|DR4.FC43354_OP.PV;"2026-07-28 18:41:28,188004";"48,5643653869629"
\\PIAF\PKN Orlen\PI Vision\PKN Orlen\ZAKŁAD PRODUKCYJNY PŁOCK\RAFINERIA\PR03 BLOK PRZEROBU ROPY\DRW-IV|DR4.FC43354_OP.PV;"2026-07-28 18:51:08,188004";"47,9335441589355"
\\PIAF\PKN Orlen\PI Vision\PKN Orlen\ZAKŁAD PRODUKCYJNY PŁOCK\RAFINERIA\PR03 BLOK PRZEROBU ROPY\DRW-IV|DR4.FC43354_OP.PV;"2026-07-28 18:56:38,188004";"48,0369110107422"
\\PIAF\PKN Orlen\PI Vision\PKN Orlen\ZAKŁAD PRODUKCYJNY PŁOCK\RAFINERIA\PR03 BLOK PRZEROBU ROPY\DRW-IV|DR4.FC43354_OP.PV;"2026-07-28 19:00:03,20401";"47,5830078125"
\\PIAF\PKN Orlen\PI Vision\PKN Orlen\ZAKŁAD PRODUKCYJNY PŁOCK\RAFINERIA\PR03 BLOK PRZEROBU ROPY\DRW-IV|DR4.FC43354_OP.PV;"2026-07-28 19:07:48,141006";"48,147647857666"
\\PIAF\PKN Orlen\PI Vision\PKN Orlen\ZAKŁAD PRODUKCYJNY PŁOCK\RAFINERIA\PR03 BLOK PRZEROBU ROPY\DRW-IV|DR4.FC43354_OP.PV;"2026-07-28 19:15:38,188004";"48,5906143188477"
\\PIAF\PKN Orlen\PI Vision\PKN Orlen\ZAKŁAD PRODUKCYJNY PŁOCK\RAFINERIA\PR03 BLOK PRZEROBU ROPY\DRW-IV|DR4.FC43354_OP.PV;"2026-07-28 19:22:28,173004";"49,7329750061035"
\\PIAF\PKN Orlen\PI Vision\PKN Orlen\ZAKŁAD PRODUKCYJNY PŁOCK\RAFINERIA\PR03 BLOK PRZEROBU ROPY\DRW-IV|DR4.FC43354_OP.PV;"2026-07-28 19:29:08,110001";"49,6215286254883"
\\PIAF\PKN Orlen\PI Vision\PKN Orlen\ZAKŁAD PRODUKCYJNY PŁOCK\RAFINERIA\PR03 BLOK PRZEROBU ROPY\DRW-IV|DR4.FC43354_OP.PV;"2026-07-28 19:37:03,157013";"51,146427154541"
\\PIAF\PKN Orlen\PI Vision\PKN Orlen\ZAKŁAD PRODUKCYJNY PŁOCK\RAFINERIA\PR03 BLOK PRZEROBU ROPY\DRW-IV|DR4.FC43354_OP.PV;"2026-07-28 19:44:23,141006";"50,2561149597168"
\\PIAF\PKN Orlen\PI Vision\PKN Orlen\ZAKŁAD PRODUKCYJNY PŁOCK\RAFINERIA\PR03 BLOK PRZEROBU ROPY\DRW-IV|DR4.FC43354_OP.PV;"2026-07-28 19:52:23,126007";"50,4730033874512"
\\PIAF\PKN Orlen\PI Vision\PKN Orlen\ZAKŁAD PRODUKCYJNY PŁOCK\RAFINERIA\PR03 BLOK PRZEROBU ROPY\DRW-IV|DR4.FC43354_OP.PV;"2026-07-28 19:57:58,20401";"49,3138198852539"
\\PIAF\PKN Orlen\PI Vision\PKN Orlen\ZAKŁAD PRODUKCYJNY PŁOCK\RAFINERIA\PR03 BLOK PRZEROBU ROPY\DRW-IV|DR4.FC43354_OP.PV;"2026-07-28 20:02:33,110001";"49,8916854858398"
\\PIAF\PKN Orlen\PI Vision\PKN Orlen\ZAKŁAD PRODUKCYJNY PŁOCK\RAFINERIA\PR03 BLOK PRZEROBU ROPY\DRW-IV|DR4.FC43354_OP.PV;"2026-07-28 20:06:48,157013";"50,8934745788574"
\\PIAF\PKN Orlen\PI Vision\PKN Orlen\ZAKŁAD PRODUKCYJNY PŁOCK\RAFINERIA\PR03 BLOK PRZEROBU ROPY\DRW-IV|DR4.FC43354_OP.PV;"2026-07-28 20:14:03,173004";"49,8138084411621"
\\PIAF\PKN Orlen\PI Vision\PKN Orlen\ZAKŁAD PRODUKCYJNY PŁOCK\RAFINERIA\PR03 BLOK PRZEROBU ROPY\DRW-IV|DR4.FC43354_OP.PV;"2026-07-28 20:22:18,07901";"50,245491027832"
\\PIAF\PKN Orlen\PI Vision\PKN Orlen\ZAKŁAD PRODUKCYJNY PŁOCK\RAFINERIA\PR03 BLOK PRZEROBU ROPY\DRW-IV|DR4.FC43354_OP.PV;"2026-07-28 20:39:13,241012";"50,2336883544922"
\\PIAF\PKN Orlen\PI Vision\PKN Orlen\ZAKŁAD PRODUKCYJNY PŁOCK\RAFINERIA\PR03 BLOK PRZEROBU ROPY\DRW-IV|DR4.FC43354_OP.PV;"2026-07-28 21:01:48,226013";"50,1212463378906"
\\PIAF\PKN Orlen\PI Vision\PKN Orlen\ZAKŁAD PRODUKCYJNY PŁOCK\RAFINERIA\PR03 BLOK PRZEROBU ROPY\DRW-IV|DR4.FC43354_OP.PV;"2026-07-28 21:37:23,210007";"50,4447021484375"
\\PIAF\PKN Orlen\PI Vision\PKN Orlen\ZAKŁAD PRODUKCYJNY PŁOCK\RAFINERIA\PR03 BLOK PRZEROBU ROPY\DRW-IV|DR4.FC43354_OP.PV;"2026-07-28 21:53:43,210007";"50,555908203125"
\\PIAF\PKN Orlen\PI Vision\PKN Orlen\ZAKŁAD PRODUKCYJNY PŁOCK\RAFINERIA\PR03 BLOK PRZEROBU ROPY\DRW-IV|DR4.FC43354_OP.PV;"2026-07-28 22:06:03,210007";"50,433521270752"
\\PIAF\PKN Orlen\PI Vision\PKN Orlen\ZAKŁAD PRODUKCYJNY PŁOCK\RAFINERIA\PR03 BLOK PRZEROBU ROPY\DRW-IV|DR4.FC43354_OP.PV;"2026-07-28 22:19:58,195007";"50,563793182373"
\\PIAF\PKN Orlen\PI Vision\PKN Orlen\ZAKŁAD PRODUKCYJNY PŁOCK\RAFINERIA\PR03 BLOK PRZEROBU ROPY\DRW-IV|DR4.FC43354_OP.PV;"2026-07-28 22:28:23,257004";"50,4549179077148"
\\PIAF\PKN Orlen\PI Vision\PKN Orlen\ZAKŁAD PRODUKCYJNY PŁOCK\RAFINERIA\PR03 BLOK PRZEROBU ROPY\DRW-IV|DR4.FC43354_OP.PV;"2026-07-28 22:41:13,132004";"50,3428382873535"
\\PIAF\PKN Orlen\PI Vision\PKN Orlen\ZAKŁAD PRODUKCYJNY PŁOCK\RAFINERIA\PR03 BLOK PRZEROBU ROPY\DRW-IV|DR4.FC43354_OP.PV;"2026-07-28 22:43:53,14801";"50,6514472961426"
\\PIAF\PKN Orlen\PI Vision\PKN Orlen\ZAKŁAD PRODUKCYJNY PŁOCK\RAFINERIA\PR03 BLOK PRZEROBU ROPY\DRW-IV|DR4.FC43354_OP.PV;"2026-07-28 22:54:13,194";"50,4255523681641"
\\PIAF\PKN Orlen\PI Vision\PKN Orlen\ZAKŁAD PRODUKCYJNY PŁOCK\RAFINERIA\PR03 BLOK PRZEROBU ROPY\DRW-IV|DR4.FC43354_OP.PV;"2026-07-28 23:00:18,116012";"51,4466590881348"
\\PIAF\PKN Orlen\PI Vision\PKN Orlen\ZAKŁAD PRODUKCYJNY PŁOCK\RAFINERIA\PR03 BLOK PRZEROBU ROPY\DRW-IV|DR4.FC43354_OP.PV;"2026-07-28 23:06:48,14801";"50,4496536254883"
\\PIAF\PKN Orlen\PI Vision\PKN Orlen\ZAKŁAD PRODUKCYJNY PŁOCK\RAFINERIA\PR03 BLOK PRZEROBU ROPY\DRW-IV|DR4.FC43354_OP.PV;"2026-07-28 23:18:28,195007";"51,0049819946289"
\\PIAF\PKN Orlen\PI Vision\PKN Orlen\ZAKŁAD PRODUKCYJNY PŁOCK\RAFINERIA\PR03 BLOK PRZEROBU ROPY\DRW-IV|DR4.FC43354_OP.PV;"2026-07-28 23:27:13,210007";"50,6646728515625"
\\PIAF\PKN Orlen\PI Vision\PKN Orlen\ZAKŁAD PRODUKCYJNY PŁOCK\RAFINERIA\PR03 BLOK PRZEROBU ROPY\DRW-IV|DR4.FC43354_OP.PV;"2026-07-28 23:50:18,210007";"50,9687538146973"
\\PIAF\PKN Orlen\PI Vision\PKN Orlen\ZAKŁAD PRODUKCYJNY PŁOCK\RAFINERIA\PR03 BLOK PRZEROBU ROPY\DRW-IV|DR4.FC43354_OP.PV;"2026-07-28 23:57:03,14801";"50,2744407653809"
\\PIAF\PKN Orlen\PI Vision\PKN Orlen\ZAKŁAD PRODUKCYJNY PŁOCK\RAFINERIA\PR03 BLOK PRZEROBU ROPY\DRW-IV|DR4.FC43354_OP.PV;"2026-07-29 00:03:53,179001";"50,864803314209"
\\PIAF\PKN Orlen\PI Vision\PKN Orlen\ZAKŁAD PRODUKCYJNY PŁOCK\RAFINERIA\PR03 BLOK PRZEROBU ROPY\DRW-IV|DR4.FC43354_OP.PV;"2026-07-29 00:14:53,179001";"50,7495498657227"
\\PIAF\PKN Orlen\PI Vision\PKN Orlen\ZAKŁAD PRODUKCYJNY PŁOCK\RAFINERIA\PR03 BLOK PRZEROBU ROPY\DRW-IV|DR4.FC43354_OP.PV;"2026-07-29 00:25:03,210007";"50,7731781005859"
\\PIAF\PKN Orlen\PI Vision\PKN Orlen\ZAKŁAD PRODUKCYJNY PŁOCK\RAFINERIA\PR03 BLOK PRZEROBU ROPY\DRW-IV|DR4.FC43354_OP.PV;"2026-07-29 00:27:48,163009";"50,3991661071777"
\\PIAF\PKN Orlen\PI Vision\PKN Orlen\ZAKŁAD PRODUKCYJNY PŁOCK\RAFINERIA\PR03 BLOK PRZEROBU ROPY\DRW-IV|DR4.FC43354_OP.PV;"2026-07-29 00:35:43,14801";"50,8307647705078"
\\PIAF\PKN Orlen\PI Vision\PKN Orlen\ZAKŁAD PRODUKCYJNY PŁOCK\RAFINERIA\PR03 BLOK PRZEROBU ROPY\DRW-IV|DR4.FC43354_OP.PV;"2026-07-29 01:23:53,101013";"50,8109092712402"
\\PIAF\PKN Orlen\PI Vision\PKN Orlen\ZAKŁAD PRODUKCYJNY PŁOCK\RAFINERIA\PR03 BLOK PRZEROBU ROPY\DRW-IV|DR4.FC43354_OP.PV;"2026-07-29 01:40:08,14801";"50,6838989257813"
\\PIAF\PKN Orlen\PI Vision\PKN Orlen\ZAKŁAD PRODUKCYJNY PŁOCK\RAFINERIA\PR03 BLOK PRZEROBU ROPY\DRW-IV|DR4.FC43354_OP.PV;"2026-07-29 01:49:28,116012";"50,8797378540039"
\\PIAF\PKN Orlen\PI Vision\PKN Orlen\ZAKŁAD PRODUKCYJNY PŁOCK\RAFINERIA\PR03 BLOK PRZEROBU ROPY\DRW-IV|DR4.FC43354_OP.PV;"2026-07-29 01:58:33,101013";"51,1010856628418"
\\PIAF\PKN Orlen\PI Vision\PKN Orlen\ZAKŁAD PRODUKCYJNY PŁOCK\RAFINERIA\PR03 BLOK PRZEROBU ROPY\DRW-IV|DR4.FC43354_OP.PV;"2026-07-29 02:08:23,23201";"50,8655128479004"
\\PIAF\PKN Orlen\PI Vision\PKN Orlen\ZAKŁAD PRODUKCYJNY PŁOCK\RAFINERIA\PR03 BLOK PRZEROBU ROPY\DRW-IV|DR4.FC43354_OP.PV;"2026-07-29 02:14:58,185013";"51,1905517578125"
\\PIAF\PKN Orlen\PI Vision\PKN Orlen\ZAKŁAD PRODUKCYJNY PŁOCK\RAFINERIA\PR03 BLOK PRZEROBU ROPY\DRW-IV|DR4.FC43354_OP.PV;"2026-07-29 02:52:28,169006";"51,1720809936523"
\\PIAF\PKN Orlen\PI Vision\PKN Orlen\ZAKŁAD PRODUKCYJNY PŁOCK\RAFINERIA\PR03 BLOK PRZEROBU ROPY\DRW-IV|DR4.FC43354_OP.PV;"2026-07-29 03:09:18,23201";"51,1768531799316"
\\PIAF\PKN Orlen\PI Vision\PKN Orlen\ZAKŁAD PRODUKCYJNY PŁOCK\RAFINERIA\PR03 BLOK PRZEROBU ROPY\DRW-IV|DR4.FC43354_OP.PV;"2026-07-29 03:53:03,169006";"51,1605834960938"
\\PIAF\PKN Orlen\PI Vision\PKN Orlen\ZAKŁAD PRODUKCYJNY PŁOCK\RAFINERIA\PR03 BLOK PRZEROBU ROPY\DRW-IV|DR4.FC43354_OP.PV;"2026-07-29 04:29:28,154007";"51,1439933776855"
\\PIAF\PKN Orlen\PI Vision\PKN Orlen\ZAKŁAD PRODUKCYJNY PŁOCK\RAFINERIA\PR03 BLOK PRZEROBU ROPY\DRW-IV|DR4.FC43354_OP.PV;"2026-07-29 04:41:43,170013";"51,5644836425781"
\\PIAF\PKN Orlen\PI Vision\PKN Orlen\ZAKŁAD PRODUKCYJNY PŁOCK\RAFINERIA\PR03 BLOK PRZEROBU ROPY\DRW-IV|DR4.FC43354_OP.PV;"2026-07-29 04:45:53,201004";"51,3558578491211"
\\PIAF\PKN Orlen\PI Vision\PKN Orlen\ZAKŁAD PRODUKCYJNY PŁOCK\RAFINERIA\PR03 BLOK PRZEROBU ROPY\DRW-IV|DR4.FC43354_OP.PV;"2026-07-29 04:47:13,154007";"51,1082458496094"
\\PIAF\PKN Orlen\PI Vision\PKN Orlen\ZAKŁAD PRODUKCYJNY PŁOCK\RAFINERIA\PR03 BLOK PRZEROBU ROPY\DRW-IV|DR4.FC43354_OP.PV;"2026-07-29 04:56:58,201004";"51,3440818786621"
\\PIAF\PKN Orlen\PI Vision\PKN Orlen\ZAKŁAD PRODUKCYJNY PŁOCK\RAFINERIA\PR03 BLOK PRZEROBU ROPY\DRW-IV|DR4.FC43354_OP.PV;"2026-07-29 05:15:38,185013";"50,8888549804688"
\\PIAF\PKN Orlen\PI Vision\PKN Orlen\ZAKŁAD PRODUKCYJNY PŁOCK\RAFINERIA\PR03 BLOK PRZEROBU ROPY\DRW-IV|DR4.FC43354_OP.PV;"2026-07-29 05:35:18,123001";"50,9287033081055"
\\PIAF\PKN Orlen\PI Vision\PKN Orlen\ZAKŁAD PRODUKCYJNY PŁOCK\RAFINERIA\PR03 BLOK PRZEROBU ROPY\DRW-IV|DR4.FC43354_OP.PV;"2026-07-29 05:45:18,185013";"51,0093650817871"
\\PIAF\PKN Orlen\PI Vision\PKN Orlen\ZAKŁAD PRODUKCYJNY PŁOCK\RAFINERIA\PR03 BLOK PRZEROBU ROPY\DRW-IV|DR4.FC43354_OP.PV;"2026-07-29 05:54:48,216003";"50,6818923950195"
\\PIAF\PKN Orlen\PI Vision\PKN Orlen\ZAKŁAD PRODUKCYJNY PŁOCK\RAFINERIA\PR03 BLOK PRZEROBU ROPY\DRW-IV|DR4.FC43354_OP.PV;"2026-07-29 06:07:03,216003";"51,1448211669922"
\\PIAF\PKN Orlen\PI Vision\PKN Orlen\ZAKŁAD PRODUKCYJNY PŁOCK\RAFINERIA\PR03 BLOK PRZEROBU ROPY\DRW-IV|DR4.FC43354_OP.PV;"2026-07-29 06:09:33,169006";"51,4985237121582"
\\PIAF\PKN Orlen\PI Vision\PKN Orlen\ZAKŁAD PRODUKCYJNY PŁOCK\RAFINERIA\PR03 BLOK PRZEROBU ROPY\DRW-IV|DR4.FC43354_OP.PV;"2026-07-29 06:18:28,123001";"51,3757743835449"
\\PIAF\PKN Orlen\PI Vision\PKN Orlen\ZAKŁAD PRODUKCYJNY PŁOCK\RAFINERIA\PR03 BLOK PRZEROBU ROPY\DRW-IV|DR4.FC43354_OP.PV;"2026-07-29 06:42:53,170013";"51,4913024902344"
\\PIAF\PKN Orlen\PI Vision\PKN Orlen\ZAKŁAD PRODUKCYJNY PŁOCK\RAFINERIA\PR03 BLOK PRZEROBU ROPY\DRW-IV|DR4.FC43354_OP.PV;"2026-07-29 07:09:58,154007";"51,5129280090332"
\\PIAF\PKN Orlen\PI Vision\PKN Orlen\ZAKŁAD PRODUKCYJNY PŁOCK\RAFINERIA\PR03 BLOK PRZEROBU ROPY\DRW-IV|DR4.FC43354_OP.PV;"2026-07-29 07:21:03,185013";"51,4052276611328"
\\PIAF\PKN Orlen\PI Vision\PKN Orlen\ZAKŁAD PRODUKCYJNY PŁOCK\RAFINERIA\PR03 BLOK PRZEROBU ROPY\DRW-IV|DR4.FC43354_OP.PV;"2026-07-29 07:40:23,154007";"51,5036315917969"
\\PIAF\PKN Orlen\PI Vision\PKN Orlen\ZAKŁAD PRODUKCYJNY PŁOCK\RAFINERIA\PR03 BLOK PRZEROBU ROPY\DRW-IV|DR4.FC43354_OP.PV;"2026-07-29 07:54:58,091003";"51,6110076904297"
\\PIAF\PKN Orlen\PI Vision\PKN Orlen\ZAKŁAD PRODUKCYJNY PŁOCK\RAFINERIA\PR03 BLOK PRZEROBU ROPY\DRW-IV|DR4.FC43354_OP.PV;"2026-07-29 08:11:08,170013";"50,9614601135254"
\\PIAF\PKN Orlen\PI Vision\PKN Orlen\ZAKŁAD PRODUKCYJNY PŁOCK\RAFINERIA\PR03 BLOK PRZEROBU ROPY\DRW-IV|DR4.FC43354_OP.PV;"2026-07-29 08:21:08,10701";"50,8391456604004"
\\PIAF\PKN Orlen\PI Vision\PKN Orlen\ZAKŁAD PRODUKCYJNY PŁOCK\RAFINERIA\PR03 BLOK PRZEROBU ROPY\DRW-IV|DR4.FC43354_OP.PV;"2026-07-29 08:23:13,123001";"50,5202941894531"
\\PIAF\PKN Orlen\PI Vision\PKN Orlen\ZAKŁAD PRODUKCYJNY PŁOCK\RAFINERIA\PR03 BLOK PRZEROBU ROPY\DRW-IV|DR4.FC43354_OP.PV;"2026-07-29 08:33:38,169006";"50,6144714355469"
\\PIAF\PKN Orlen\PI Vision\PKN Orlen\ZAKŁAD PRODUKCYJNY PŁOCK\RAFINERIA\PR03 BLOK PRZEROBU ROPY\DRW-IV|DR4.FC43354_OP.PV;"2026-07-29 08:38:18,10701";"50,1628952026367"
\\PIAF\PKN Orlen\PI Vision\PKN Orlen\ZAKŁAD PRODUKCYJNY PŁOCK\RAFINERIA\PR03 BLOK PRZEROBU ROPY\DRW-IV|DR4.FC43354_OP.PV;"2026-07-29 08:48:28,138016";"50,3749008178711"
\\PIAF\PKN Orlen\PI Vision\PKN Orlen\ZAKŁAD PRODUKCYJNY PŁOCK\RAFINERIA\PR03 BLOK PRZEROBU ROPY\DRW-IV|DR4.FC43354_OP.PV;"2026-07-29 08:51:58,138016";"50,0391578674316"
\\PIAF\PKN Orlen\PI Vision\PKN Orlen\ZAKŁAD PRODUKCYJNY PŁOCK\RAFINERIA\PR03 BLOK PRZEROBU ROPY\DRW-IV|DR4.FC43354_OP.PV;"2026-07-29 09:00:28,091003";"50,457462310791"
\\PIAF\PKN Orlen\PI Vision\PKN Orlen\ZAKŁAD PRODUKCYJNY PŁOCK\RAFINERIA\PR03 BLOK PRZEROBU ROPY\DRW-IV|DR4.FC43354_OP.PV;"2026-07-29 09:12:58,207016";"50,2549362182617"
\\PIAF\PKN Orlen\PI Vision\PKN Orlen\ZAKŁAD PRODUKCYJNY PŁOCK\RAFINERIA\PR03 BLOK PRZEROBU ROPY\DRW-IV|DR4.FC43354_OP.PV;"2026-07-29 09:20:03,169006";"50,4687004089355"
\\PIAF\PKN Orlen\PI Vision\PKN Orlen\ZAKŁAD PRODUKCYJNY PŁOCK\RAFINERIA\PR03 BLOK PRZEROBU ROPY\DRW-IV|DR4.FC43354_OP.PV;"2026-07-29 09:28:18,238006";"50,2742385864258"
\\PIAF\PKN Orlen\PI Vision\PKN Orlen\ZAKŁAD PRODUKCYJNY PŁOCK\RAFINERIA\PR03 BLOK PRZEROBU ROPY\DRW-IV|DR4.FC43354_OP.PV;"2026-07-29 09:33:23,17601";"50,8025588989258"
\\PIAF\PKN Orlen\PI Vision\PKN Orlen\ZAKŁAD PRODUKCYJNY PŁOCK\RAFINERIA\PR03 BLOK PRZEROBU ROPY\DRW-IV|DR4.FC43354_OP.PV;"2026-07-29 09:59:08,238006";"50,736888885498"
\\PIAF\PKN Orlen\PI Vision\PKN Orlen\ZAKŁAD PRODUKCYJNY PŁOCK\RAFINERIA\PR03 BLOK PRZEROBU ROPY\DRW-IV|DR4.FC43354_OP.PV;"2026-07-29 10:04:28,223007";"50,3758163452148"
\\PIAF\PKN Orlen\PI Vision\PKN Orlen\ZAKŁAD PRODUKCYJNY PŁOCK\RAFINERIA\PR03 BLOK PRZEROBU ROPY\DRW-IV|DR4.FC43354_OP.PV;"2026-07-29 10:25:18,160003";"50,4807052612305"
\\PIAF\PKN Orlen\PI Vision\PKN Orlen\ZAKŁAD PRODUKCYJNY PŁOCK\RAFINERIA\PR03 BLOK PRZEROBU ROPY\DRW-IV|DR4.FC43354_OP.PV;"2026-07-29 10:30:48,17601";"50,2594032287598"
\\PIAF\PKN Orlen\PI Vision\PKN Orlen\ZAKŁAD PRODUKCYJNY PŁOCK\RAFINERIA\PR03 BLOK PRZEROBU ROPY\DRW-IV|DR4.FC43354_OP.PV;"2026-07-29 10:46:58,223007";"50,6668319702148"
\\PIAF\PKN Orlen\PI Vision\PKN Orlen\ZAKŁAD PRODUKCYJNY PŁOCK\RAFINERIA\PR03 BLOK PRZEROBU ROPY\DRW-IV|DR4.FC43354_OP.PV;"2026-07-29 10:52:13,17601";"50,7800102233887"
\\PIAF\PKN Orlen\PI Vision\PKN Orlen\ZAKŁAD PRODUKCYJNY PŁOCK\RAFINERIA\PR03 BLOK PRZEROBU ROPY\DRW-IV|DR4.FC43354_OP.PV;"2026-07-29 11:01:48,144012";"50,9865646362305"
\\PIAF\PKN Orlen\PI Vision\PKN Orlen\ZAKŁAD PRODUKCYJNY PŁOCK\RAFINERIA\PR03 BLOK PRZEROBU ROPY\DRW-IV|DR4.FC43354_OP.PV;"2026-07-29 11:13:38,145004";"51,0933532714844"
\\PIAF\PKN Orlen\PI Vision\PKN Orlen\ZAKŁAD PRODUKCYJNY PŁOCK\RAFINERIA\PR03 BLOK PRZEROBU ROPY\DRW-IV|DR4.FC43354_OP.PV;"2026-07-29 11:16:33,160003";"51,4239234924316"
\\PIAF\PKN Orlen\PI Vision\PKN Orlen\ZAKŁAD PRODUKCYJNY PŁOCK\RAFINERIA\PR03 BLOK PRZEROBU ROPY\DRW-IV|DR4.FC43354_OP.PV;"2026-07-29 11:26:43,223007";"50,8082733154297"
\\PIAF\PKN Orlen\PI Vision\PKN Orlen\ZAKŁAD PRODUKCYJNY PŁOCK\RAFINERIA\PR03 BLOK PRZEROBU ROPY\DRW-IV|DR4.FC43354_OP.PV;"2026-07-29 11:34:33,254013";"50,8667945861816"
\\PIAF\PKN Orlen\PI Vision\PKN Orlen\ZAKŁAD PRODUKCYJNY PŁOCK\RAFINERIA\PR03 BLOK PRZEROBU ROPY\DRW-IV|DR4.FC43354_OP.PV;"2026-07-29 11:49:48,19101";"50,451358795166"
\\PIAF\PKN Orlen\PI Vision\PKN Orlen\ZAKŁAD PRODUKCYJNY PŁOCK\RAFINERIA\PR03 BLOK PRZEROBU ROPY\DRW-IV|DR4.FC43354_OP.PV;"2026-07-29 11:59:53,223007";"50,9921264648438"
\\PIAF\PKN Orlen\PI Vision\PKN Orlen\ZAKŁAD PRODUKCYJNY PŁOCK\RAFINERIA\PR03 BLOK PRZEROBU ROPY\DRW-IV|DR4.FC43354_OP.PV;"2026-07-29 12:15:33,19101";"51,2124900817871"
\\PIAF\PKN Orlen\PI Vision\PKN Orlen\ZAKŁAD PRODUKCYJNY PŁOCK\RAFINERIA\PR03 BLOK PRZEROBU ROPY\DRW-IV|DR4.FC43354_OP.PV;"2026-07-29 12:23:28,17601";"50,9090614318848"
\\PIAF\PKN Orlen\PI Vision\PKN Orlen\ZAKŁAD PRODUKCYJNY PŁOCK\RAFINERIA\PR03 BLOK PRZEROBU ROPY\DRW-IV|DR4.FC43354_OP.PV;"2026-07-29 12:33:23,160003";"50,6755409240723"
\\PIAF\PKN Orlen\PI Vision\PKN Orlen\ZAKŁAD PRODUKCYJNY PŁOCK\RAFINERIA\PR03 BLOK PRZEROBU ROPY\DRW-IV|DR4.FC43354_OP.PV;"2026-07-29 12:46:23,17601";"51,292121887207"
\\PIAF\PKN Orlen\PI Vision\PKN Orlen\ZAKŁAD PRODUKCYJNY PŁOCK\RAFINERIA\PR03 BLOK PRZEROBU ROPY\DRW-IV|DR4.FC43354_OP.PV;"2026-07-29 12:57:28,160003";"51,4207763671875"
\\PIAF\PKN Orlen\PI Vision\PKN Orlen\ZAKŁAD PRODUKCYJNY PŁOCK\RAFINERIA\PR03 BLOK PRZEROBU ROPY\DRW-IV|DR4.FC43354_OP.PV;"2026-07-29 13:03:53,207001";"50,4518241882324"
\\PIAF\PKN Orlen\PI Vision\PKN Orlen\ZAKŁAD PRODUKCYJNY PŁOCK\RAFINERIA\PR03 BLOK PRZEROBU ROPY\DRW-IV|DR4.FC43354_OP.PV;"2026-07-29 13:11:53,144012";"50,3428535461426"
\\PIAF\PKN Orlen\PI Vision\PKN Orlen\ZAKŁAD PRODUKCYJNY PŁOCK\RAFINERIA\PR03 BLOK PRZEROBU ROPY\DRW-IV|DR4.FC43354_OP.PV;"2026-07-29 13:26:43,113006";"52,1364364624023"
\\PIAF\PKN Orlen\PI Vision\PKN Orlen\ZAKŁAD PRODUKCYJNY PŁOCK\RAFINERIA\PR03 BLOK PRZEROBU ROPY\DRW-IV|DR4.FC43354_OP.PV;"2026-07-29 13:30:43,19101";"52,371768951416"
\\PIAF\PKN Orlen\PI Vision\PKN Orlen\ZAKŁAD PRODUKCYJNY PŁOCK\RAFINERIA\PR03 BLOK PRZEROBU ROPY\DRW-IV|DR4.FC43354_OP.PV;"2026-07-29 13:33:08,129013";"51,8950080871582"
\\PIAF\PKN Orlen\PI Vision\PKN Orlen\ZAKŁAD PRODUKCYJNY PŁOCK\RAFINERIA\PR03 BLOK PRZEROBU ROPY\DRW-IV|DR4.FC43354_OP.PV;"2026-07-29 13:43:28,207016";"52,0956153869629"
\\PIAF\PKN Orlen\PI Vision\PKN Orlen\ZAKŁAD PRODUKCYJNY PŁOCK\RAFINERIA\PR03 BLOK PRZEROBU ROPY\DRW-IV|DR4.FC43354_OP.PV;"2026-07-29 13:53:18,129013";"51,8798599243164"
\\PIAF\PKN Orlen\PI Vision\PKN Orlen\ZAKŁAD PRODUKCYJNY PŁOCK\RAFINERIA\PR03 BLOK PRZEROBU ROPY\DRW-IV|DR4.FC43354_OP.PV;"2026-07-29 14:12:18,19101";"52,221263885498"
\\PIAF\PKN Orlen\PI Vision\PKN Orlen\ZAKŁAD PRODUKCYJNY PŁOCK\RAFINERIA\PR03 BLOK PRZEROBU ROPY\DRW-IV|DR4.FC43354_OP.PV;"2026-07-29 14:21:03,145004";"51,5265007019043"
\\PIAF\PKN Orlen\PI Vision\PKN Orlen\ZAKŁAD PRODUKCYJNY PŁOCK\RAFINERIA\PR03 BLOK PRZEROBU ROPY\DRW-IV|DR4.FC43354_OP.PV;"2026-07-29 14:28:03,144012";"52,1965599060059"
\\PIAF\PKN Orlen\PI Vision\PKN Orlen\ZAKŁAD PRODUKCYJNY PŁOCK\RAFINERIA\PR03 BLOK PRZEROBU ROPY\DRW-IV|DR4.FC43354_OP.PV;"2026-07-29 14:32:43,160003";"51,7603797912598"
\\PIAF\PKN Orlen\PI Vision\PKN Orlen\ZAKŁAD PRODUKCYJNY PŁOCK\RAFINERIA\PR03 BLOK PRZEROBU ROPY\DRW-IV|DR4.FC43354_OP.PV;"2026-07-29 14:46:03,17601";"51,9696884155273"
\\PIAF\PKN Orlen\PI Vision\PKN Orlen\ZAKŁAD PRODUKCYJNY PŁOCK\RAFINERIA\PR03 BLOK PRZEROBU ROPY\DRW-IV|DR4.FC43354_OP.PV;"2026-07-29 15:08:53,17601";"51,6709861755371"
\\PIAF\PKN Orlen\PI Vision\PKN Orlen\ZAKŁAD PRODUKCYJNY PŁOCK\RAFINERIA\PR03 BLOK PRZEROBU ROPY\DRW-IV|DR4.FC43354_OP.PV;"2026-07-29 15:11:38,113006";"51,2358283996582"
\\PIAF\PKN Orlen\PI Vision\PKN Orlen\ZAKŁAD PRODUKCYJNY PŁOCK\RAFINERIA\PR03 BLOK PRZEROBU ROPY\DRW-IV|DR4.FC43354_OP.PV;"2026-07-29 15:20:53,144012";"51,5728607177734"
\\PIAF\PKN Orlen\PI Vision\PKN Orlen\ZAKŁAD PRODUKCYJNY PŁOCK\RAFINERIA\PR03 BLOK PRZEROBU ROPY\DRW-IV|DR4.FC43354_OP.PV;"2026-07-29 15:24:28,19101";"52,0039100646973"
\\PIAF\PKN Orlen\PI Vision\PKN Orlen\ZAKŁAD PRODUKCYJNY PŁOCK\RAFINERIA\PR03 BLOK PRZEROBU ROPY\DRW-IV|DR4.FC43354_OP.PV;"2026-07-29 15:34:13,19101";"51,5773620605469"
\\PIAF\PKN Orlen\PI Vision\PKN Orlen\ZAKŁAD PRODUKCYJNY PŁOCK\RAFINERIA\PR03 BLOK PRZEROBU ROPY\DRW-IV|DR4.FC43354_OP.PV;"2026-07-29 15:46:33,17601";"51,9260063171387"
\\PIAF\PKN Orlen\PI Vision\PKN Orlen\ZAKŁAD PRODUKCYJNY PŁOCK\RAFINERIA\PR03 BLOK PRZEROBU ROPY\DRW-IV|DR4.FC43354_OP.PV;"2026-07-29 15:58:18,160003";"51,9937896728516"
\\PIAF\PKN Orlen\PI Vision\PKN Orlen\ZAKŁAD PRODUKCYJNY PŁOCK\RAFINERIA\PR03 BLOK PRZEROBU ROPY\DRW-IV|DR4.FC43354_OP.PV;"2026-07-29 16:02:43,19101";"51,4489250183105"
\\PIAF\PKN Orlen\PI Vision\PKN Orlen\ZAKŁAD PRODUKCYJNY PŁOCK\RAFINERIA\PR03 BLOK PRZEROBU ROPY\DRW-IV|DR4.FC43354_OP.PV;"2026-07-29 16:07:53,19101";"51,7909622192383"
\\PIAF\PKN Orlen\PI Vision\PKN Orlen\ZAKŁAD PRODUKCYJNY PŁOCK\RAFINERIA\PR03 BLOK PRZEROBU ROPY\DRW-IV|DR4.FC43354_OP.PV;"2026-07-29 16:10:03,145004";"52,1188774108887"
\\PIAF\PKN Orlen\PI Vision\PKN Orlen\ZAKŁAD PRODUKCYJNY PŁOCK\RAFINERIA\PR03 BLOK PRZEROBU ROPY\DRW-IV|DR4.FC43354_OP.PV;"2026-07-29 16:15:13,129013";"51,7879676818848"
\\PIAF\PKN Orlen\PI Vision\PKN Orlen\ZAKŁAD PRODUKCYJNY PŁOCK\RAFINERIA\PR03 BLOK PRZEROBU ROPY\DRW-IV|DR4.FC43354_OP.PV;"2026-07-29 16:17:58,098007";"51,3444709777832"
\\PIAF\PKN Orlen\PI Vision\PKN Orlen\ZAKŁAD PRODUKCYJNY PŁOCK\RAFINERIA\PR03 BLOK PRZEROBU ROPY\DRW-IV|DR4.FC43354_OP.PV;"2026-07-29 16:24:38,098007";"51,7932586669922"
\\PIAF\PKN Orlen\PI Vision\PKN Orlen\ZAKŁAD PRODUKCYJNY PŁOCK\RAFINERIA\PR03 BLOK PRZEROBU ROPY\DRW-IV|DR4.FC43354_OP.PV;"2026-07-29 16:29:58,160003";"51,8961944580078"
\\PIAF\PKN Orlen\PI Vision\PKN Orlen\ZAKŁAD PRODUKCYJNY PŁOCK\RAFINERIA\PR03 BLOK PRZEROBU ROPY\DRW-IV|DR4.FC43354_OP.PV;"2026-07-29 16:32:53,098007";"51,4576225280762"
\\PIAF\PKN Orlen\PI Vision\PKN Orlen\ZAKŁAD PRODUKCYJNY PŁOCK\RAFINERIA\PR03 BLOK PRZEROBU ROPY\DRW-IV|DR4.FC43354_OP.PV;"2026-07-29 16:40:18,113006";"52,2240409851074"
\\PIAF\PKN Orlen\PI Vision\PKN Orlen\ZAKŁAD PRODUKCYJNY PŁOCK\RAFINERIA\PR03 BLOK PRZEROBU ROPY\DRW-IV|DR4.FC43354_OP.PV;"2026-07-29 16:50:03,129013";"51,984302520752"
\\PIAF\PKN Orlen\PI Vision\PKN Orlen\ZAKŁAD PRODUKCYJNY PŁOCK\RAFINERIA\PR03 BLOK PRZEROBU ROPY\DRW-IV|DR4.FC43354_OP.PV;"2026-07-29 17:06:48,113006";"51,9791107177734"
\\PIAF\PKN Orlen\PI Vision\PKN Orlen\ZAKŁAD PRODUKCYJNY PŁOCK\RAFINERIA\PR03 BLOK PRZEROBU ROPY\DRW-IV|DR4.FC43354_OP.PV;"2026-07-29 17:18:43,223007";"51,9629821777344"
\\PIAF\PKN Orlen\PI Vision\PKN Orlen\ZAKŁAD PRODUKCYJNY PŁOCK\RAFINERIA\PR03 BLOK PRZEROBU ROPY\DRW-IV|DR4.FC43354_OP.PV;"2026-07-29 17:36:23,126007";"52,1574401855469"
\\PIAF\PKN Orlen\PI Vision\PKN Orlen\ZAKŁAD PRODUKCYJNY PŁOCK\RAFINERIA\PR03 BLOK PRZEROBU ROPY\DRW-IV|DR4.FC43354_OP.PV;"2026-07-29 17:50:08,188004";"52,1481399536133"
\\PIAF\PKN Orlen\PI Vision\PKN Orlen\ZAKŁAD PRODUKCYJNY PŁOCK\RAFINERIA\PR03 BLOK PRZEROBU ROPY\DRW-IV|DR4.FC43354_OP.PV;"2026-07-29 18:06:18,20401";"52,1357192993164"
\\PIAF\PKN Orlen\PI Vision\PKN Orlen\ZAKŁAD PRODUKCYJNY PŁOCK\RAFINERIA\PR03 BLOK PRZEROBU ROPY\DRW-IV|DR4.FC43354_OP.PV;"2026-07-29 18:27:58,194";"52,3535270690918"
\\PIAF\PKN Orlen\PI Vision\PKN Orlen\ZAKŁAD PRODUKCYJNY PŁOCK\RAFINERIA\PR03 BLOK PRZEROBU ROPY\DRW-IV|DR4.FC43354_OP.PV;"2026-07-29 18:36:58,169006";"52,2379913330078"
\\PIAF\PKN Orlen\PI Vision\PKN Orlen\ZAKŁAD PRODUKCYJNY PŁOCK\RAFINERIA\PR03 BLOK PRZEROBU ROPY\DRW-IV|DR4.FC43354_OP.PV;"2026-07-29 18:43:28,23201";"52,3324241638184"
\\PIAF\PKN Orlen\PI Vision\PKN Orlen\ZAKŁAD PRODUKCYJNY PŁOCK\RAFINERIA\PR03 BLOK PRZEROBU ROPY\DRW-IV|DR4.FC43354_OP.PV;"2026-07-29 18:57:53,123001";"52,2439956665039"
\\PIAF\PKN Orlen\PI Vision\PKN Orlen\ZAKŁAD PRODUKCYJNY PŁOCK\RAFINERIA\PR03 BLOK PRZEROBU ROPY\DRW-IV|DR4.FC43354_OP.PV;"2026-07-29 19:03:53,238006";"52,1327705383301"
\\PIAF\PKN Orlen\PI Vision\PKN Orlen\ZAKŁAD PRODUKCYJNY PŁOCK\RAFINERIA\PR03 BLOK PRZEROBU ROPY\DRW-IV|DR4.FC43354_OP.PV;"2026-07-29 19:28:43,113006";"51,8848686218262"
\\PIAF\PKN Orlen\PI Vision\PKN Orlen\ZAKŁAD PRODUKCYJNY PŁOCK\RAFINERIA\PR03 BLOK PRZEROBU ROPY\DRW-IV|DR4.FC43354_OP.PV;"2026-07-29 19:40:13,145004";"52,0079345703125"
\\PIAF\PKN Orlen\PI Vision\PKN Orlen\ZAKŁAD PRODUKCYJNY PŁOCK\RAFINERIA\PR03 BLOK PRZEROBU ROPY\DRW-IV|DR4.FC43354_OP.PV;"2026-07-29 19:44:38,26001";"51,3647918701172"
\\PIAF\PKN Orlen\PI Vision\PKN Orlen\ZAKŁAD PRODUKCYJNY PŁOCK\RAFINERIA\PR03 BLOK PRZEROBU ROPY\DRW-IV|DR4.FC43354_OP.PV;"2026-07-29 19:53:58,166016";"51,8159713745117"
\\PIAF\PKN Orlen\PI Vision\PKN Orlen\ZAKŁAD PRODUKCYJNY PŁOCK\RAFINERIA\PR03 BLOK PRZEROBU ROPY\DRW-IV|DR4.FC43354_OP.PV;"2026-07-29 20:00:23,182007";"50,8760643005371"
\\PIAF\PKN Orlen\PI Vision\PKN Orlen\ZAKŁAD PRODUKCYJNY PŁOCK\RAFINERIA\PR03 BLOK PRZEROBU ROPY\DRW-IV|DR4.FC43354_OP.PV;"2026-07-29 20:08:48,244003";"51,5412712097168"
\\PIAF\PKN Orlen\PI Vision\PKN Orlen\ZAKŁAD PRODUKCYJNY PŁOCK\RAFINERIA\PR03 BLOK PRZEROBU ROPY\DRW-IV|DR4.FC43354_OP.PV;"2026-07-29 20:21:18,198013";"51,4400634765625"
\\PIAF\PKN Orlen\PI Vision\PKN Orlen\ZAKŁAD PRODUKCYJNY PŁOCK\RAFINERIA\PR03 BLOK PRZEROBU ROPY\DRW-IV|DR4.FC43354_OP.PV;"2026-07-29 20:25:23,213012";"51,751838684082"
\\PIAF\PKN Orlen\PI Vision\PKN Orlen\ZAKŁAD PRODUKCYJNY PŁOCK\RAFINERIA\PR03 BLOK PRZEROBU ROPY\DRW-IV|DR4.FC43354_OP.PV;"2026-07-29 20:41:08,229004";"51,7531471252441"
\\PIAF\PKN Orlen\PI Vision\PKN Orlen\ZAKŁAD PRODUKCYJNY PŁOCK\RAFINERIA\PR03 BLOK PRZEROBU ROPY\DRW-IV|DR4.FC43354_OP.PV;"2026-07-29 20:44:03,151001";"51,3144340515137"
\\PIAF\PKN Orlen\PI Vision\PKN Orlen\ZAKŁAD PRODUKCYJNY PŁOCK\RAFINERIA\PR03 BLOK PRZEROBU ROPY\DRW-IV|DR4.FC43354_OP.PV;"2026-07-29 21:15:23,198013";"51,0083503723145"
\\PIAF\PKN Orlen\PI Vision\PKN Orlen\ZAKŁAD PRODUKCYJNY PŁOCK\RAFINERIA\PR03 BLOK PRZEROBU ROPY\DRW-IV|DR4.FC43354_OP.PV;"2026-07-29 21:34:08,166016";"49,9020690917969"
\\PIAF\PKN Orlen\PI Vision\PKN Orlen\ZAKŁAD PRODUKCYJNY PŁOCK\RAFINERIA\PR03 BLOK PRZEROBU ROPY\DRW-IV|DR4.FC43354_OP.PV;"2026-07-29 22:00:13,166016";"50,6632957458496"
\\PIAF\PKN Orlen\PI Vision\PKN Orlen\ZAKŁAD PRODUKCYJNY PŁOCK\RAFINERIA\PR03 BLOK PRZEROBU ROPY\DRW-IV|DR4.FC43354_OP.PV;"2026-07-29 22:11:43,182007";"51,1020126342773"
\\PIAF\PKN Orlen\PI Vision\PKN Orlen\ZAKŁAD PRODUKCYJNY PŁOCK\RAFINERIA\PR03 BLOK PRZEROBU ROPY\DRW-IV|DR4.FC43354_OP.PV;"2026-07-29 22:29:58,12001";"50,875617980957"
\\PIAF\PKN Orlen\PI Vision\PKN Orlen\ZAKŁAD PRODUKCYJNY PŁOCK\RAFINERIA\PR03 BLOK PRZEROBU ROPY\DRW-IV|DR4.FC43354_OP.PV;"2026-07-29 22:43:53,166";"50,7793998718262"
\\PIAF\PKN Orlen\PI Vision\PKN Orlen\ZAKŁAD PRODUKCYJNY PŁOCK\RAFINERIA\PR03 BLOK PRZEROBU ROPY\DRW-IV|DR4.FC43354_OP.PV;"2026-07-29 23:13:43,182007";"50,5670013427734"
\\PIAF\PKN Orlen\PI Vision\PKN Orlen\ZAKŁAD PRODUKCYJNY PŁOCK\RAFINERIA\PR03 BLOK PRZEROBU ROPY\DRW-IV|DR4.FC43354_OP.PV;"2026-07-29 23:30:08,166016";"50,6587066650391"
\\PIAF\PKN Orlen\PI Vision\PKN Orlen\ZAKŁAD PRODUKCYJNY PŁOCK\RAFINERIA\PR03 BLOK PRZEROBU ROPY\DRW-IV|DR4.FC43354_OP.PV;"2026-07-29 23:42:18,104004";"50,770435333252"
\\PIAF\PKN Orlen\PI Vision\PKN Orlen\ZAKŁAD PRODUKCYJNY PŁOCK\RAFINERIA\PR03 BLOK PRZEROBU ROPY\DRW-IV|DR4.FC43354_OP.PV;"2026-07-30 00:38:48,13501";"50,2509689331055"
\\PIAF\PKN Orlen\PI Vision\PKN Orlen\ZAKŁAD PRODUKCYJNY PŁOCK\RAFINERIA\PR03 BLOK PRZEROBU ROPY\DRW-IV|DR4.FC43354_OP.PV;"2026-07-30 01:20:18,266006";"49,8222389221191"
\\PIAF\PKN Orlen\PI Vision\PKN Orlen\ZAKŁAD PRODUKCYJNY PŁOCK\RAFINERIA\PR03 BLOK PRZEROBU ROPY\DRW-IV|DR4.FC43354_OP.PV;"2026-07-30 01:34:43,220001";"50,0199089050293"
\\PIAF\PKN Orlen\PI Vision\PKN Orlen\ZAKŁAD PRODUKCYJNY PŁOCK\RAFINERIA\PR03 BLOK PRZEROBU ROPY\DRW-IV|DR4.FC43354_OP.PV;"2026-07-30 02:24:28,188004";"50,0073890686035"
\\PIAF\PKN Orlen\PI Vision\PKN Orlen\ZAKŁAD PRODUKCYJNY PŁOCK\RAFINERIA\PR03 BLOK PRZEROBU ROPY\DRW-IV|DR4.FC43354_OP.PV;"2026-07-30 02:52:43,251007";"49,7064819335938"
\\PIAF\PKN Orlen\PI Vision\PKN Orlen\ZAKŁAD PRODUKCYJNY PŁOCK\RAFINERIA\PR03 BLOK PRZEROBU ROPY\DRW-IV|DR4.FC43354_OP.PV;"2026-07-30 03:20:18,235001";"49,2973289489746"
\\PIAF\PKN Orlen\PI Vision\PKN Orlen\ZAKŁAD PRODUKCYJNY PŁOCK\RAFINERIA\PR03 BLOK PRZEROBU ROPY\DRW-IV|DR4.FC43354_OP.PV;"2026-07-30 03:59:18,235001";"49,5586357116699"
\\PIAF\PKN Orlen\PI Vision\PKN Orlen\ZAKŁAD PRODUKCYJNY PŁOCK\RAFINERIA\PR03 BLOK PRZEROBU ROPY\DRW-IV|DR4.FC43354_OP.PV;"2026-07-30 04:19:53,173004";"49,6592445373535"
\\PIAF\PKN Orlen\PI Vision\PKN Orlen\ZAKŁAD PRODUKCYJNY PŁOCK\RAFINERIA\PR03 BLOK PRZEROBU ROPY\DRW-IV|DR4.FC43354_OP.PV;"2026-07-30 04:39:33,251007";"49,770679473877"
\\PIAF\PKN Orlen\PI Vision\PKN Orlen\ZAKŁAD PRODUKCYJNY PŁOCK\RAFINERIA\PR03 BLOK PRZEROBU ROPY\DRW-IV|DR4.FC43354_OP.PV;"2026-07-30 04:50:33,20401";"49,3451042175293"
\\PIAF\PKN Orlen\PI Vision\PKN Orlen\ZAKŁAD PRODUKCYJNY PŁOCK\RAFINERIA\PR03 BLOK PRZEROBU ROPY\DRW-IV|DR4.FC43354_OP.PV;"2026-07-30 05:03:38,188004";"49,5870895385742"
\\PIAF\PKN Orlen\PI Vision\PKN Orlen\ZAKŁAD PRODUKCYJNY PŁOCK\RAFINERIA\PR03 BLOK PRZEROBU ROPY\DRW-IV|DR4.FC43354_OP.PV;"2026-07-30 05:08:58,157013";"49,1581878662109"
\\PIAF\PKN Orlen\PI Vision\PKN Orlen\ZAKŁAD PRODUKCYJNY PŁOCK\RAFINERIA\PR03 BLOK PRZEROBU ROPY\DRW-IV|DR4.FC43354_OP.PV;"2026-07-30 05:27:08,220001";"49,3146820068359"
\\PIAF\PKN Orlen\PI Vision\PKN Orlen\ZAKŁAD PRODUKCYJNY PŁOCK\RAFINERIA\PR03 BLOK PRZEROBU ROPY\DRW-IV|DR4.FC43354_OP.PV;"2026-07-30 05:41:08,251007";"49,5338516235352"
\\PIAF\PKN Orlen\PI Vision\PKN Orlen\ZAKŁAD PRODUKCYJNY PŁOCK\RAFINERIA\PR03 BLOK PRZEROBU ROPY\DRW-IV|DR4.FC43354_OP.PV;"2026-07-30 06:14:38,188004";"49,8495292663574"
\\PIAF\PKN Orlen\PI Vision\PKN Orlen\ZAKŁAD PRODUKCYJNY PŁOCK\RAFINERIA\PR03 BLOK PRZEROBU ROPY\DRW-IV|DR4.FC43354_OP.PV;"2026-07-30 06:33:58,141006";"50,2468910217285"
\\PIAF\PKN Orlen\PI Vision\PKN Orlen\ZAKŁAD PRODUKCYJNY PŁOCK\RAFINERIA\PR03 BLOK PRZEROBU ROPY\DRW-IV|DR4.FC43354_OP.PV;"2026-07-30 06:37:53,219009";"50,3643188476563"
\\PIAF\PKN Orlen\PI Vision\PKN Orlen\ZAKŁAD PRODUKCYJNY PŁOCK\RAFINERIA\PR03 BLOK PRZEROBU ROPY\DRW-IV|DR4.FC43354_OP.PV;"2026-07-30 06:43:28,173004";"49,7151794433594"
\\PIAF\PKN Orlen\PI Vision\PKN Orlen\ZAKŁAD PRODUKCYJNY PŁOCK\RAFINERIA\PR03 BLOK PRZEROBU ROPY\DRW-IV|DR4.FC43354_OP.PV;"2026-07-30 06:53:53,20401";"49,8387603759766"
\\PIAF\PKN Orlen\PI Vision\PKN Orlen\ZAKŁAD PRODUKCYJNY PŁOCK\RAFINERIA\PR03 BLOK PRZEROBU ROPY\DRW-IV|DR4.FC43354_OP.PV;"2026-07-30 07:03:53,20401";"49,7181015014648"
\\PIAF\PKN Orlen\PI Vision\PKN Orlen\ZAKŁAD PRODUKCYJNY PŁOCK\RAFINERIA\PR03 BLOK PRZEROBU ROPY\DRW-IV|DR4.FC43354_OP.PV;"2026-07-30 07:07:53,235001";"50,0555839538574"
\\PIAF\PKN Orlen\PI Vision\PKN Orlen\ZAKŁAD PRODUKCYJNY PŁOCK\RAFINERIA\PR03 BLOK PRZEROBU ROPY\DRW-IV|DR4.FC43354_OP.PV;"2026-07-30 07:15:48,173004";"49,7349586486816"
\\PIAF\PKN Orlen\PI Vision\PKN Orlen\ZAKŁAD PRODUKCYJNY PŁOCK\RAFINERIA\PR03 BLOK PRZEROBU ROPY\DRW-IV|DR4.FC43354_OP.PV;"2026-07-30 07:34:28,126007";"50,0467109680176"
\\PIAF\PKN Orlen\PI Vision\PKN Orlen\ZAKŁAD PRODUKCYJNY PŁOCK\RAFINERIA\PR03 BLOK PRZEROBU ROPY\DRW-IV|DR4.FC43354_OP.PV;"2026-07-30 07:41:23,110001";"49,9475288391113"
\\PIAF\PKN Orlen\PI Vision\PKN Orlen\ZAKŁAD PRODUKCYJNY PŁOCK\RAFINERIA\PR03 BLOK PRZEROBU ROPY\DRW-IV|DR4.FC43354_OP.PV;"2026-07-30 07:45:08,110001";"50,2691078186035"
\\PIAF\PKN Orlen\PI Vision\PKN Orlen\ZAKŁAD PRODUKCYJNY PŁOCK\RAFINERIA\PR03 BLOK PRZEROBU ROPY\DRW-IV|DR4.FC43354_OP.PV;"2026-07-30 07:54:03,141006";"49,7209701538086"
\\PIAF\PKN Orlen\PI Vision\PKN Orlen\ZAKŁAD PRODUKCYJNY PŁOCK\RAFINERIA\PR03 BLOK PRZEROBU ROPY\DRW-IV|DR4.FC43354_OP.PV;"2026-07-30 08:07:33,141006";"50,1581115722656"
\\PIAF\PKN Orlen\PI Vision\PKN Orlen\ZAKŁAD PRODUKCYJNY PŁOCK\RAFINERIA\PR03 BLOK PRZEROBU ROPY\DRW-IV|DR4.FC43354_OP.PV;"2026-07-30 08:14:43,126007";"49,9528999328613"
\\PIAF\PKN Orlen\PI Vision\PKN Orlen\ZAKŁAD PRODUKCYJNY PŁOCK\RAFINERIA\PR03 BLOK PRZEROBU ROPY\DRW-IV|DR4.FC43354_OP.PV;"2026-07-30 08:21:08,173004";"50,8487968444824"
\\PIAF\PKN Orlen\PI Vision\PKN Orlen\ZAKŁAD PRODUKCYJNY PŁOCK\RAFINERIA\PR03 BLOK PRZEROBU ROPY\DRW-IV|DR4.FC43354_OP.PV;"2026-07-30 08:30:13,157013";"51,1706047058105"
\\PIAF\PKN Orlen\PI Vision\PKN Orlen\ZAKŁAD PRODUKCYJNY PŁOCK\RAFINERIA\PR03 BLOK PRZEROBU ROPY\DRW-IV|DR4.FC43354_OP.PV;"2026-07-30 08:33:23,173004";"51,5034561157227"
\\PIAF\PKN Orlen\PI Vision\PKN Orlen\ZAKŁAD PRODUKCYJNY PŁOCK\RAFINERIA\PR03 BLOK PRZEROBU ROPY\DRW-IV|DR4.FC43354_OP.PV;"2026-07-30 08:42:48,141006";"51,5950317382813"
\\PIAF\PKN Orlen\PI Vision\PKN Orlen\ZAKŁAD PRODUKCYJNY PŁOCK\RAFINERIA\PR03 BLOK PRZEROBU ROPY\DRW-IV|DR4.FC43354_OP.PV;"2026-07-30 08:56:33,110001";"52,036994934082"
\\PIAF\PKN Orlen\PI Vision\PKN Orlen\ZAKŁAD PRODUKCYJNY PŁOCK\RAFINERIA\PR03 BLOK PRZEROBU ROPY\DRW-IV|DR4.FC43354_OP.PV;"2026-07-30 09:07:53,141006";"52,0594444274902"
\\PIAF\PKN Orlen\PI Vision\PKN Orlen\ZAKŁAD PRODUKCYJNY PŁOCK\RAFINERIA\PR03 BLOK PRZEROBU ROPY\DRW-IV|DR4.FC43354_OP.PV;"2026-07-30 09:12:03,20401";"51,3648567199707"
\\PIAF\PKN Orlen\PI Vision\PKN Orlen\ZAKŁAD PRODUKCYJNY PŁOCK\RAFINERIA\PR03 BLOK PRZEROBU ROPY\DRW-IV|DR4.FC43354_OP.PV;"2026-07-30 09:16:53,20401";"51,8087921142578"
\\PIAF\PKN Orlen\PI Vision\PKN Orlen\ZAKŁAD PRODUKCYJNY PŁOCK\RAFINERIA\PR03 BLOK PRZEROBU ROPY\DRW-IV|DR4.FC43354_OP.PV;"2026-07-30 09:20:23,423004";"52,374267578125"
\\PIAF\PKN Orlen\PI Vision\PKN Orlen\ZAKŁAD PRODUKCYJNY PŁOCK\RAFINERIA\PR03 BLOK PRZEROBU ROPY\DRW-IV|DR4.FC43354_OP.PV;"2026-07-30 09:26:23,19101";"51,9313087463379"
\\PIAF\PKN Orlen\PI Vision\PKN Orlen\ZAKŁAD PRODUKCYJNY PŁOCK\RAFINERIA\PR03 BLOK PRZEROBU ROPY\DRW-IV|DR4.FC43354_OP.PV;"2026-07-30 09:30:38,185013";"51,8213539123535"
\\PIAF\PKN Orlen\PI Vision\PKN Orlen\ZAKŁAD PRODUKCYJNY PŁOCK\RAFINERIA\PR03 BLOK PRZEROBU ROPY\DRW-IV|DR4.FC43354_OP.PV;"2026-07-30 09:38:53,091003";"52,3926620483398"
\\PIAF\PKN Orlen\PI Vision\PKN Orlen\ZAKŁAD PRODUKCYJNY PŁOCK\RAFINERIA\PR03 BLOK PRZEROBU ROPY\DRW-IV|DR4.FC43354_OP.PV;"2026-07-30 09:46:38,101013";"51,8533401489258"
\\PIAF\PKN Orlen\PI Vision\PKN Orlen\ZAKŁAD PRODUKCYJNY PŁOCK\RAFINERIA\PR03 BLOK PRZEROBU ROPY\DRW-IV|DR4.FC43354_OP.PV;"2026-07-30 10:00:43,154007";"52,2266578674316"
\\PIAF\PKN Orlen\PI Vision\PKN Orlen\ZAKŁAD PRODUKCYJNY PŁOCK\RAFINERIA\PR03 BLOK PRZEROBU ROPY\DRW-IV|DR4.FC43354_OP.PV;"2026-07-30 10:08:08,154007";"52,0070419311523"
\\PIAF\PKN Orlen\PI Vision\PKN Orlen\ZAKŁAD PRODUKCYJNY PŁOCK\RAFINERIA\PR03 BLOK PRZEROBU ROPY\DRW-IV|DR4.FC43354_OP.PV;"2026-07-30 10:33:13,182007";"51,9790725708008"
\\PIAF\PKN Orlen\PI Vision\PKN Orlen\ZAKŁAD PRODUKCYJNY PŁOCK\RAFINERIA\PR03 BLOK PRZEROBU ROPY\DRW-IV|DR4.FC43354_OP.PV;"2026-07-30 10:52:18,173004";"51,8682060241699"
\\PIAF\PKN Orlen\PI Vision\PKN Orlen\ZAKŁAD PRODUKCYJNY PŁOCK\RAFINERIA\PR03 BLOK PRZEROBU ROPY\DRW-IV|DR4.FC43354_OP.PV;"2026-07-30 11:02:58,157013";"51,9749145507813"
\\PIAF\PKN Orlen\PI Vision\PKN Orlen\ZAKŁAD PRODUKCYJNY PŁOCK\RAFINERIA\PR03 BLOK PRZEROBU ROPY\DRW-IV|DR4.FC43354_OP.PV;"2026-07-30 11:12:28,188004";"51,7623634338379"
\\PIAF\PKN Orlen\PI Vision\PKN Orlen\ZAKŁAD PRODUKCYJNY PŁOCK\RAFINERIA\PR03 BLOK PRZEROBU ROPY\DRW-IV|DR4.FC43354_OP.PV;"2026-07-30 11:32:23,241012";"51,6676788330078"
\\PIAF\PKN Orlen\PI Vision\PKN Orlen\ZAKŁAD PRODUKCYJNY PŁOCK\RAFINERIA\PR03 BLOK PRZEROBU ROPY\DRW-IV|DR4.FC43354_OP.PV;"2026-07-30 11:44:08,210007";"51,7883415222168"
\\PIAF\PKN Orlen\PI Vision\PKN Orlen\ZAKŁAD PRODUKCYJNY PŁOCK\RAFINERIA\PR03 BLOK PRZEROBU ROPY\DRW-IV|DR4.FC43354_OP.PV;"2026-07-30 12:14:53,116012";"51,9577980041504"
\\PIAF\PKN Orlen\PI Vision\PKN Orlen\ZAKŁAD PRODUKCYJNY PŁOCK\RAFINERIA\PR03 BLOK PRZEROBU ROPY\DRW-IV|DR4.FC43354_OP.PV;"2026-07-30 12:21:08,116012";"51,7689895629883"
\\PIAF\PKN Orlen\PI Vision\PKN Orlen\ZAKŁAD PRODUKCYJNY PŁOCK\RAFINERIA\PR03 BLOK PRZEROBU ROPY\DRW-IV|DR4.FC43354_OP.PV;"2026-07-30 12:35:08,132004";"52,0388412475586"
\\PIAF\PKN Orlen\PI Vision\PKN Orlen\ZAKŁAD PRODUKCYJNY PŁOCK\RAFINERIA\PR03 BLOK PRZEROBU ROPY\DRW-IV|DR4.FC43354_OP.PV;"2026-07-30 12:37:38,116012";"51,7160034179688"
\\PIAF\PKN Orlen\PI Vision\PKN Orlen\ZAKŁAD PRODUKCYJNY PŁOCK\RAFINERIA\PR03 BLOK PRZEROBU ROPY\DRW-IV|DR4.FC43354_OP.PV;"2026-07-30 12:47:33,210007";"52,0527725219727"
\\PIAF\PKN Orlen\PI Vision\PKN Orlen\ZAKŁAD PRODUKCYJNY PŁOCK\RAFINERIA\PR03 BLOK PRZEROBU ROPY\DRW-IV|DR4.FC43354_OP.PV;"2026-07-30 12:53:38,14801";"52,1337890625"
\\PIAF\PKN Orlen\PI Vision\PKN Orlen\ZAKŁAD PRODUKCYJNY PŁOCK\RAFINERIA\PR03 BLOK PRZEROBU ROPY\DRW-IV|DR4.FC43354_OP.PV;"2026-07-30 12:55:38,132004";"52,4484748840332"
\\PIAF\PKN Orlen\PI Vision\PKN Orlen\ZAKŁAD PRODUKCYJNY PŁOCK\RAFINERIA\PR03 BLOK PRZEROBU ROPY\DRW-IV|DR4.FC43354_OP.PV;"2026-07-30 13:02:28,116012";"52,1183700561523"
\\PIAF\PKN Orlen\PI Vision\PKN Orlen\ZAKŁAD PRODUKCYJNY PŁOCK\RAFINERIA\PR03 BLOK PRZEROBU ROPY\DRW-IV|DR4.FC43354_OP.PV;"2026-07-30 13:07:13,101013";"51,4620323181152"
\\PIAF\PKN Orlen\PI Vision\PKN Orlen\ZAKŁAD PRODUKCYJNY PŁOCK\RAFINERIA\PR03 BLOK PRZEROBU ROPY\DRW-IV|DR4.FC43354_OP.PV;"2026-07-30 13:19:03,132004";"52,2505645751953"
\\PIAF\PKN Orlen\PI Vision\PKN Orlen\ZAKŁAD PRODUKCYJNY PŁOCK\RAFINERIA\PR03 BLOK PRZEROBU ROPY\DRW-IV|DR4.FC43354_OP.PV;"2026-07-30 14:04:03,116012";"52,1044044494629"
\\PIAF\PKN Orlen\PI Vision\PKN Orlen\ZAKŁAD PRODUKCYJNY PŁOCK\RAFINERIA\PR03 BLOK PRZEROBU ROPY\DRW-IV|DR4.FC43354_OP.PV;"2026-07-30 14:17:58,163009";"51,9947814941406"
\\PIAF\PKN Orlen\PI Vision\PKN Orlen\ZAKŁAD PRODUKCYJNY PŁOCK\RAFINERIA\PR03 BLOK PRZEROBU ROPY\DRW-IV|DR4.FC43354_OP.PV;"2026-07-30 14:24:13,116012";"52,5432777404785"
\\PIAF\PKN Orlen\PI Vision\PKN Orlen\ZAKŁAD PRODUKCYJNY PŁOCK\RAFINERIA\PR03 BLOK PRZEROBU ROPY\DRW-IV|DR4.FC43354_OP.PV;"2026-07-30 14:31:38,132004";"52,1012573242188"
\\PIAF\PKN Orlen\PI Vision\PKN Orlen\ZAKŁAD PRODUKCYJNY PŁOCK\RAFINERIA\PR03 BLOK PRZEROBU ROPY\DRW-IV|DR4.FC43354_OP.PV;"2026-07-30 15:02:48,14801";"52,8014717102051"
\\PIAF\PKN Orlen\PI Vision\PKN Orlen\ZAKŁAD PRODUKCYJNY PŁOCK\RAFINERIA\PR03 BLOK PRZEROBU ROPY\DRW-IV|DR4.FC43354_OP.PV;"2026-07-30 15:07:28,132004";"53,0453948974609"
\\PIAF\PKN Orlen\PI Vision\PKN Orlen\ZAKŁAD PRODUKCYJNY PŁOCK\RAFINERIA\PR03 BLOK PRZEROBU ROPY\DRW-IV|DR4.FC43354_OP.PV;"2026-07-30 15:12:53,116012";"52,2085838317871"
\\PIAF\PKN Orlen\PI Vision\PKN Orlen\ZAKŁAD PRODUKCYJNY PŁOCK\RAFINERIA\PR03 BLOK PRZEROBU ROPY\DRW-IV|DR4.FC43354_OP.PV;"2026-07-30 15:21:03,132004";"52,7521781921387"
\\PIAF\PKN Orlen\PI Vision\PKN Orlen\ZAKŁAD PRODUKCYJNY PŁOCK\RAFINERIA\PR03 BLOK PRZEROBU ROPY\DRW-IV|DR4.FC43354_OP.PV;"2026-07-30 15:26:38,101013";"52,4390029907227"
\\PIAF\PKN Orlen\PI Vision\PKN Orlen\ZAKŁAD PRODUKCYJNY PŁOCK\RAFINERIA\PR03 BLOK PRZEROBU ROPY\DRW-IV|DR4.FC43354_OP.PV;"2026-07-30 16:08:13,116012";"52,3195457458496"
\\PIAF\PKN Orlen\PI Vision\PKN Orlen\ZAKŁAD PRODUKCYJNY PŁOCK\RAFINERIA\PR03 BLOK PRZEROBU ROPY\DRW-IV|DR4.FC43354_OP.PV;"2026-07-30 16:14:53,163009";"51,8905296325684"
\\PIAF\PKN Orlen\PI Vision\PKN Orlen\ZAKŁAD PRODUKCYJNY PŁOCK\RAFINERIA\PR03 BLOK PRZEROBU ROPY\DRW-IV|DR4.FC43354_OP.PV;"2026-07-30 16:21:03,179001";"52,4658241271973"
\\PIAF\PKN Orlen\PI Vision\PKN Orlen\ZAKŁAD PRODUKCYJNY PŁOCK\RAFINERIA\PR03 BLOK PRZEROBU ROPY\DRW-IV|DR4.FC43354_OP.PV;"2026-07-30 16:22:23,132004";"52,8357124328613"
\\PIAF\PKN Orlen\PI Vision\PKN Orlen\ZAKŁAD PRODUKCYJNY PŁOCK\RAFINERIA\PR03 BLOK PRZEROBU ROPY\DRW-IV|DR4.FC43354_OP.PV;"2026-07-30 16:29:18,14801";"51,987060546875"
\\PIAF\PKN Orlen\PI Vision\PKN Orlen\ZAKŁAD PRODUKCYJNY PŁOCK\RAFINERIA\PR03 BLOK PRZEROBU ROPY\DRW-IV|DR4.FC43354_OP.PV;"2026-07-30 16:36:38,14801";"52,4486618041992"
\\PIAF\PKN Orlen\PI Vision\PKN Orlen\ZAKŁAD PRODUKCYJNY PŁOCK\RAFINERIA\PR03 BLOK PRZEROBU ROPY\DRW-IV|DR4.FC43354_OP.PV;"2026-07-30 16:51:13,116012";"52,4323692321777"
\\PIAF\PKN Orlen\PI Vision\PKN Orlen\ZAKŁAD PRODUKCYJNY PŁOCK\RAFINERIA\PR03 BLOK PRZEROBU ROPY\DRW-IV|DR4.FC43354_OP.PV;"2026-07-30 17:05:48,14801";"52,5623931884766"
\\PIAF\PKN Orlen\PI Vision\PKN Orlen\ZAKŁAD PRODUKCYJNY PŁOCK\RAFINERIA\PR03 BLOK PRZEROBU ROPY\DRW-IV|DR4.FC43354_OP.PV;"2026-07-30 17:14:13,132004";"52,7718696594238"
\\PIAF\PKN Orlen\PI Vision\PKN Orlen\ZAKŁAD PRODUKCYJNY PŁOCK\RAFINERIA\PR03 BLOK PRZEROBU ROPY\DRW-IV|DR4.FC43354_OP.PV;"2026-07-30 17:46:43,116012";"52,4343910217285"
\\PIAF\PKN Orlen\PI Vision\PKN Orlen\ZAKŁAD PRODUKCYJNY PŁOCK\RAFINERIA\PR03 BLOK PRZEROBU ROPY\DRW-IV|DR4.FC43354_OP.PV;"2026-07-30 18:17:58,116012";"52,6035041809082"
\\PIAF\PKN Orlen\PI Vision\PKN Orlen\ZAKŁAD PRODUKCYJNY PŁOCK\RAFINERIA\PR03 BLOK PRZEROBU ROPY\DRW-IV|DR4.FC43354_OP.PV;"2026-07-30 18:21:58,14801";"52,7894325256348"
\\PIAF\PKN Orlen\PI Vision\PKN Orlen\ZAKŁAD PRODUKCYJNY PŁOCK\RAFINERIA\PR03 BLOK PRZEROBU ROPY\DRW-IV|DR4.FC43354_OP.PV;"2026-07-30 18:22:08,101013";"53,4495697021484"
\\PIAF\PKN Orlen\PI Vision\PKN Orlen\ZAKŁAD PRODUKCYJNY PŁOCK\RAFINERIA\PR03 BLOK PRZEROBU ROPY\DRW-IV|DR4.FC43354_OP.PV;"2026-07-30 18:22:58,185013";"53,843936920166"
\\PIAF\PKN Orlen\PI Vision\PKN Orlen\ZAKŁAD PRODUKCYJNY PŁOCK\RAFINERIA\PR03 BLOK PRZEROBU ROPY\DRW-IV|DR4.FC43354_OP.PV;"2026-07-30 18:25:33,116012";"53,3822441101074"
\\PIAF\PKN Orlen\PI Vision\PKN Orlen\ZAKŁAD PRODUKCYJNY PŁOCK\RAFINERIA\PR03 BLOK PRZEROBU ROPY\DRW-IV|DR4.FC43354_OP.PV;"2026-07-30 18:29:18,216003";"52,1763610839844"
\\PIAF\PKN Orlen\PI Vision\PKN Orlen\ZAKŁAD PRODUKCYJNY PŁOCK\RAFINERIA\PR03 BLOK PRZEROBU ROPY\DRW-IV|DR4.FC43354_OP.PV;"2026-07-30 18:37:08,101013";"52,7396430969238"
\\PIAF\PKN Orlen\PI Vision\PKN Orlen\ZAKŁAD PRODUKCYJNY PŁOCK\RAFINERIA\PR03 BLOK PRZEROBU ROPY\DRW-IV|DR4.FC43354_OP.PV;"2026-07-30 18:44:38,169006";"52,3154602050781"
\\PIAF\PKN Orlen\PI Vision\PKN Orlen\ZAKŁAD PRODUKCYJNY PŁOCK\RAFINERIA\PR03 BLOK PRZEROBU ROPY\DRW-IV|DR4.FC43354_OP.PV;"2026-07-30 18:52:28,163009";"52,7609329223633"
\\PIAF\PKN Orlen\PI Vision\PKN Orlen\ZAKŁAD PRODUKCYJNY PŁOCK\RAFINERIA\PR03 BLOK PRZEROBU ROPY\DRW-IV|DR4.FC43354_OP.PV;"2026-07-30 19:00:28,101013";"52,2061347961426"
\\PIAF\PKN Orlen\PI Vision\PKN Orlen\ZAKŁAD PRODUKCYJNY PŁOCK\RAFINERIA\PR03 BLOK PRZEROBU ROPY\DRW-IV|DR4.FC43354_OP.PV;"2026-07-30 19:07:08,170013";"52,6334037780762"
\\PIAF\PKN Orlen\PI Vision\PKN Orlen\ZAKŁAD PRODUKCYJNY PŁOCK\RAFINERIA\PR03 BLOK PRZEROBU ROPY\DRW-IV|DR4.FC43354_OP.PV;"2026-07-30 19:22:53,248001";"52,7342300415039"
\\PIAF\PKN Orlen\PI Vision\PKN Orlen\ZAKŁAD PRODUKCYJNY PŁOCK\RAFINERIA\PR03 BLOK PRZEROBU ROPY\DRW-IV|DR4.FC43354_OP.PV;"2026-07-30 19:28:28,23201";"52,1101875305176"
\\PIAF\PKN Orlen\PI Vision\PKN Orlen\ZAKŁAD PRODUKCYJNY PŁOCK\RAFINERIA\PR03 BLOK PRZEROBU ROPY\DRW-IV|DR4.FC43354_OP.PV;"2026-07-30 19:34:48,170013";"52,5524559020996"
\\PIAF\PKN Orlen\PI Vision\PKN Orlen\ZAKŁAD PRODUKCYJNY PŁOCK\RAFINERIA\PR03 BLOK PRZEROBU ROPY\DRW-IV|DR4.FC43354_OP.PV;"2026-07-30 19:40:13,216003";"52,6685409545898"
\\PIAF\PKN Orlen\PI Vision\PKN Orlen\ZAKŁAD PRODUKCYJNY PŁOCK\RAFINERIA\PR03 BLOK PRZEROBU ROPY\DRW-IV|DR4.FC43354_OP.PV;"2026-07-30 19:45:13,263";"52,3199081420898"
\\PIAF\PKN Orlen\PI Vision\PKN Orlen\ZAKŁAD PRODUKCYJNY PŁOCK\RAFINERIA\PR03 BLOK PRZEROBU ROPY\DRW-IV|DR4.FC43354_OP.PV;"2026-07-30 19:54:13,216003";"52,561824798584"
\\PIAF\PKN Orlen\PI Vision\PKN Orlen\ZAKŁAD PRODUKCYJNY PŁOCK\RAFINERIA\PR03 BLOK PRZEROBU ROPY\DRW-IV|DR4.FC43354_OP.PV;"2026-07-30 20:06:38,201004";"52,5133590698242"
\\PIAF\PKN Orlen\PI Vision\PKN Orlen\ZAKŁAD PRODUKCYJNY PŁOCK\RAFINERIA\PR03 BLOK PRZEROBU ROPY\DRW-IV|DR4.FC43354_OP.PV;"2026-07-30 20:40:43,169006";"52,2591361999512"
\\PIAF\PKN Orlen\PI Vision\PKN Orlen\ZAKŁAD PRODUKCYJNY PŁOCK\RAFINERIA\PR03 BLOK PRZEROBU ROPY\DRW-IV|DR4.FC43354_OP.PV;"2026-07-30 20:47:58,185013";"52,3648681640625"
\\PIAF\PKN Orlen\PI Vision\PKN Orlen\ZAKŁAD PRODUKCYJNY PŁOCK\RAFINERIA\PR03 BLOK PRZEROBU ROPY\DRW-IV|DR4.FC43354_OP.PV;"2026-07-30 21:19:23,216003";"52,2879028320313"
\\PIAF\PKN Orlen\PI Vision\PKN Orlen\ZAKŁAD PRODUKCYJNY PŁOCK\RAFINERIA\PR03 BLOK PRZEROBU ROPY\DRW-IV|DR4.FC43354_OP.PV;"2026-07-30 21:28:08,154007";"52,5726585388184"
\\PIAF\PKN Orlen\PI Vision\PKN Orlen\ZAKŁAD PRODUKCYJNY PŁOCK\RAFINERIA\PR03 BLOK PRZEROBU ROPY\DRW-IV|DR4.FC43354_OP.PV;"2026-07-30 21:34:38,248001";"52,4967346191406"
\\PIAF\PKN Orlen\PI Vision\PKN Orlen\ZAKŁAD PRODUKCYJNY PŁOCK\RAFINERIA\PR03 BLOK PRZEROBU ROPY\DRW-IV|DR4.FC43354_OP.PV;"2026-07-30 22:18:18,170013";"52,3971977233887"
\\PIAF\PKN Orlen\PI Vision\PKN Orlen\ZAKŁAD PRODUKCYJNY PŁOCK\RAFINERIA\PR03 BLOK PRZEROBU ROPY\DRW-IV|DR4.FC43354_OP.PV;"2026-07-30 22:24:38,185013";"52,5050392150879"
\\PIAF\PKN Orlen\PI Vision\PKN Orlen\ZAKŁAD PRODUKCYJNY PŁOCK\RAFINERIA\PR03 BLOK PRZEROBU ROPY\DRW-IV|DR4.FC43354_OP.PV;"2026-07-30 22:46:28,169006";"52,2730293273926"
\\PIAF\PKN Orlen\PI Vision\PKN Orlen\ZAKŁAD PRODUKCYJNY PŁOCK\RAFINERIA\PR03 BLOK PRZEROBU ROPY\DRW-IV|DR4.FC43354_OP.PV;"2026-07-30 22:55:53,154007";"52,5290756225586"
\\PIAF\PKN Orlen\PI Vision\PKN Orlen\ZAKŁAD PRODUKCYJNY PŁOCK\RAFINERIA\PR03 BLOK PRZEROBU ROPY\DRW-IV|DR4.FC43354_OP.PV;"2026-07-30 23:02:33,170013";"52,3150634765625"
\\PIAF\PKN Orlen\PI Vision\PKN Orlen\ZAKŁAD PRODUKCYJNY PŁOCK\RAFINERIA\PR03 BLOK PRZEROBU ROPY\DRW-IV|DR4.FC43354_OP.PV;"2026-07-30 23:25:38,201004";"52,531566619873"
\\PIAF\PKN Orlen\PI Vision\PKN Orlen\ZAKŁAD PRODUKCYJNY PŁOCK\RAFINERIA\PR03 BLOK PRZEROBU ROPY\DRW-IV|DR4.FC43354_OP.PV;"2026-07-30 23:29:33,248001";"52,0949096679688"
\\PIAF\PKN Orlen\PI Vision\PKN Orlen\ZAKŁAD PRODUKCYJNY PŁOCK\RAFINERIA\PR03 BLOK PRZEROBU ROPY\DRW-IV|DR4.FC43354_OP.PV;"2026-07-30 23:53:03,201004";"52,3264007568359"
\\PIAF\PKN Orlen\PI Vision\PKN Orlen\ZAKŁAD PRODUKCYJNY PŁOCK\RAFINERIA\PR03 BLOK PRZEROBU ROPY\DRW-IV|DR4.FC43354_OP.PV;"2026-07-31 00:00:53,201004";"52,223705291748"
\\PIAF\PKN Orlen\PI Vision\PKN Orlen\ZAKŁAD PRODUKCYJNY PŁOCK\RAFINERIA\PR03 BLOK PRZEROBU ROPY\DRW-IV|DR4.FC43354_OP.PV;"2026-07-31 00:03:43,216003";"52,536979675293"
\\PIAF\PKN Orlen\PI Vision\PKN Orlen\ZAKŁAD PRODUKCYJNY PŁOCK\RAFINERIA\PR03 BLOK PRZEROBU ROPY\DRW-IV|DR4.FC43354_OP.PV;"2026-07-31 00:11:38,154007";"52,0821380615234"
\\PIAF\PKN Orlen\PI Vision\PKN Orlen\ZAKŁAD PRODUKCYJNY PŁOCK\RAFINERIA\PR03 BLOK PRZEROBU ROPY\DRW-IV|DR4.FC43354_OP.PV;"2026-07-31 01:03:53,170013";"52,471981048584"
\\PIAF\PKN Orlen\PI Vision\PKN Orlen\ZAKŁAD PRODUKCYJNY PŁOCK\RAFINERIA\PR03 BLOK PRZEROBU ROPY\DRW-IV|DR4.FC43354_OP.PV;"2026-07-31 01:39:43,138016";"52,5631217956543"
\\PIAF\PKN Orlen\PI Vision\PKN Orlen\ZAKŁAD PRODUKCYJNY PŁOCK\RAFINERIA\PR03 BLOK PRZEROBU ROPY\DRW-IV|DR4.FC43354_OP.PV;"2026-07-31 03:43:28,169006";"52,5830612182617"
\\PIAF\PKN Orlen\PI Vision\PKN Orlen\ZAKŁAD PRODUKCYJNY PŁOCK\RAFINERIA\PR03 BLOK PRZEROBU ROPY\DRW-IV|DR4.FC43354_OP.PV;"2026-07-31 04:32:08,10701";"52,1366691589355"
\\PIAF\PKN Orlen\PI Vision\PKN Orlen\ZAKŁAD PRODUKCYJNY PŁOCK\RAFINERIA\PR03 BLOK PRZEROBU ROPY\DRW-IV|DR4.FC43354_OP.PV;"2026-07-31 04:42:33,154007";"52,2518081665039"
\\PIAF\PKN Orlen\PI Vision\PKN Orlen\ZAKŁAD PRODUKCYJNY PŁOCK\RAFINERIA\PR03 BLOK PRZEROBU ROPY\DRW-IV|DR4.FC43354_OP.PV;"2026-07-31 05:13:43,10701";"51,7373886108398"
\\PIAF\PKN Orlen\PI Vision\PKN Orlen\ZAKŁAD PRODUKCYJNY PŁOCK\RAFINERIA\PR03 BLOK PRZEROBU ROPY\DRW-IV|DR4.FC43354_OP.PV;"2026-07-31 05:30:28,169006";"51,735034942627"
\\PIAF\PKN Orlen\PI Vision\PKN Orlen\ZAKŁAD PRODUKCYJNY PŁOCK\RAFINERIA\PR03 BLOK PRZEROBU ROPY\DRW-IV|DR4.FC43354_OP.PV;"2026-07-31 06:07:43,154007";"51,9296875"
\\PIAF\PKN Orlen\PI Vision\PKN Orlen\ZAKŁAD PRODUKCYJNY PŁOCK\RAFINERIA\PR03 BLOK PRZEROBU ROPY\DRW-IV|DR4.FC43354_OP.PV;"2026-07-31 06:40:13,238006";"51,9809341430664"
\\PIAF\PKN Orlen\PI Vision\PKN Orlen\ZAKŁAD PRODUKCYJNY PŁOCK\RAFINERIA\PR03 BLOK PRZEROBU ROPY\DRW-IV|DR4.FC43354_OP.PV;"2026-07-31 07:20:33,160003";"52,1479530334473"
\\PIAF\PKN Orlen\PI Vision\PKN Orlen\ZAKŁAD PRODUKCYJNY PŁOCK\RAFINERIA\PR03 BLOK PRZEROBU ROPY\DRW-IV|DR4.FC43354_OP.PV;"2026-07-31 07:27:08,254013";"52,3679885864258"
\\PIAF\PKN Orlen\PI Vision\PKN Orlen\ZAKŁAD PRODUKCYJNY PŁOCK\RAFINERIA\PR03 BLOK PRZEROBU ROPY\DRW-IV|DR4.FC43354_OP.PV;"2026-07-31 08:21:53,17601";"52,4413223266602"
\\PIAF\PKN Orlen\PI Vision\PKN Orlen\ZAKŁAD PRODUKCYJNY PŁOCK\RAFINERIA\PR03 BLOK PRZEROBU ROPY\DRW-IV|DR4.FC43354_OP.PV;"2026-07-31 08:36:58,223007";"52,4429016113281"
\\PIAF\PKN Orlen\PI Vision\PKN Orlen\ZAKŁAD PRODUKCYJNY PŁOCK\RAFINERIA\PR03 BLOK PRZEROBU ROPY\DRW-IV|DR4.FC43354_OP.PV;"2026-07-31 08:37:03,144012";"51,6611022949219"
\\PIAF\PKN Orlen\PI Vision\PKN Orlen\ZAKŁAD PRODUKCYJNY PŁOCK\RAFINERIA\PR03 BLOK PRZEROBU ROPY\DRW-IV|DR4.FC43354_OP.PV;"2026-07-31 08:38:18,207001";"51,1414184570313"
\\PIAF\PKN Orlen\PI Vision\PKN Orlen\ZAKŁAD PRODUKCYJNY PŁOCK\RAFINERIA\PR03 BLOK PRZEROBU ROPY\DRW-IV|DR4.FC43354_OP.PV;"2026-07-31 08:48:08,238006";"51,1537628173828"
\\PIAF\PKN Orlen\PI Vision\PKN Orlen\ZAKŁAD PRODUKCYJNY PŁOCK\RAFINERIA\PR03 BLOK PRZEROBU ROPY\DRW-IV|DR4.FC43354_OP.PV;"2026-07-31 08:48:23,223007";"51,4587440490723"
\\PIAF\PKN Orlen\PI Vision\PKN Orlen\ZAKŁAD PRODUKCYJNY PŁOCK\RAFINERIA\PR03 BLOK PRZEROBU ROPY\DRW-IV|DR4.FC43354_OP.PV;"2026-07-31 08:53:48,254013";"51,523796081543"
\\PIAF\PKN Orlen\PI Vision\PKN Orlen\ZAKŁAD PRODUKCYJNY PŁOCK\RAFINERIA\PR03 BLOK PRZEROBU ROPY\DRW-IV|DR4.FC43354_OP.PV;"2026-07-31 08:54:03,238006";"51,8705062866211"
\\PIAF\PKN Orlen\PI Vision\PKN Orlen\ZAKŁAD PRODUKCYJNY PŁOCK\RAFINERIA\PR03 BLOK PRZEROBU ROPY\DRW-IV|DR4.FC43354_OP.PV;"2026-07-31 09:01:13,238006";"52,355640411377"
\\PIAF\PKN Orlen\PI Vision\PKN Orlen\ZAKŁAD PRODUKCYJNY PŁOCK\RAFINERIA\PR03 BLOK PRZEROBU ROPY\DRW-IV|DR4.FC43354_OP.PV;"2026-07-31 09:06:03,223007";"52,4652900695801"
\\PIAF\PKN Orlen\PI Vision\PKN Orlen\ZAKŁAD PRODUKCYJNY PŁOCK\RAFINERIA\PR03 BLOK PRZEROBU ROPY\DRW-IV|DR4.FC43354_OP.PV;"2026-07-31 09:24:48,19101";"52,5773887634277"
\\PIAF\PKN Orlen\PI Vision\PKN Orlen\ZAKŁAD PRODUKCYJNY PŁOCK\RAFINERIA\PR03 BLOK PRZEROBU ROPY\DRW-IV|DR4.FC43354_OP.PV;"2026-07-31 09:34:03,238006";"53,1186981201172"
\\PIAF\PKN Orlen\PI Vision\PKN Orlen\ZAKŁAD PRODUKCYJNY PŁOCK\RAFINERIA\PR03 BLOK PRZEROBU ROPY\DRW-IV|DR4.FC43354_OP.PV;"2026-07-31 09:43:23,207016";"53,3440208435059"
\\PIAF\PKN Orlen\PI Vision\PKN Orlen\ZAKŁAD PRODUKCYJNY PŁOCK\RAFINERIA\PR03 BLOK PRZEROBU ROPY\DRW-IV|DR4.FC43354_OP.PV;"2026-07-31 09:50:23,160003";"53,4604759216309"
\\PIAF\PKN Orlen\PI Vision\PKN Orlen\ZAKŁAD PRODUKCYJNY PŁOCK\RAFINERIA\PR03 BLOK PRZEROBU ROPY\DRW-IV|DR4.FC43354_OP.PV;"2026-07-31 10:05:33,17601";"53,6948127746582"
\\PIAF\PKN Orlen\PI Vision\PKN Orlen\ZAKŁAD PRODUKCYJNY PŁOCK\RAFINERIA\PR03 BLOK PRZEROBU ROPY\DRW-IV|DR4.FC43354_OP.PV;"2026-07-31 10:21:03,17601";"53,4751625061035"
\\PIAF\PKN Orlen\PI Vision\PKN Orlen\ZAKŁAD PRODUKCYJNY PŁOCK\RAFINERIA\PR03 BLOK PRZEROBU ROPY\DRW-IV|DR4.FC43354_OP.PV;"2026-07-31 10:23:28,223007";"53,3748817443848"
\\PIAF\PKN Orlen\PI Vision\PKN Orlen\ZAKŁAD PRODUKCYJNY PŁOCK\RAFINERIA\PR03 BLOK PRZEROBU ROPY\DRW-IV|DR4.FC43354_OP.PV;"2026-07-31 10:27:24,160003";"53,4654350280762"
\\PIAF\PKN Orlen\PI Vision\PKN Orlen\ZAKŁAD PRODUKCYJNY PŁOCK\RAFINERIA\PR03 BLOK PRZEROBU ROPY\DRW-IV|DR4.FC43354_OP.PV;"2026-07-31 10:33:44,131012";"53,5852279663086"
\\PIAF\PKN Orlen\PI Vision\PKN Orlen\ZAKŁAD PRODUKCYJNY PŁOCK\RAFINERIA\PR03 BLOK PRZEROBU ROPY\DRW-IV|DR4.FC43354_OP.PV;"2026-07-31 10:37:29,227005";"53,2664947509766"
\\PIAF\PKN Orlen\PI Vision\PKN Orlen\ZAKŁAD PRODUKCYJNY PŁOCK\RAFINERIA\PR03 BLOK PRZEROBU ROPY\DRW-IV|DR4.FC43354_OP.PV;"2026-07-31 10:46:19,152008";"53,6896438598633"
\\PIAF\PKN Orlen\PI Vision\PKN Orlen\ZAKŁAD PRODUKCYJNY PŁOCK\RAFINERIA\PR03 BLOK PRZEROBU ROPY\DRW-IV|DR4.FC43354_OP.PV;"2026-07-31 10:59:19,174011";"53,5664596557617"
\\PIAF\PKN Orlen\PI Vision\PKN Orlen\ZAKŁAD PRODUKCYJNY PŁOCK\RAFINERIA\PR03 BLOK PRZEROBU ROPY\DRW-IV|DR4.FC43354_OP.PV;"2026-07-31 11:04:44,129013";"54,118953704834"
\\PIAF\PKN Orlen\PI Vision\PKN Orlen\ZAKŁAD PRODUKCYJNY PŁOCK\RAFINERIA\PR03 BLOK PRZEROBU ROPY\DRW-IV|DR4.FC43354_OP.PV;"2026-07-31 11:11:04,210007";"53,4808197021484"
\\PIAF\PKN Orlen\PI Vision\PKN Orlen\ZAKŁAD PRODUKCYJNY PŁOCK\RAFINERIA\PR03 BLOK PRZEROBU ROPY\DRW-IV|DR4.FC43354_OP.PV;"2026-07-31 11:15:09,212006";"53,8002128601074"
\\PIAF\PKN Orlen\PI Vision\PKN Orlen\ZAKŁAD PRODUKCYJNY PŁOCK\RAFINERIA\PR03 BLOK PRZEROBU ROPY\DRW-IV|DR4.FC43354_OP.PV;"2026-07-31 11:40:54,112015";"53,9719505310059"
\\PIAF\PKN Orlen\PI Vision\PKN Orlen\ZAKŁAD PRODUKCYJNY PŁOCK\RAFINERIA\PR03 BLOK PRZEROBU ROPY\DRW-IV|DR4.FC43354_OP.PV;"2026-07-31 11:51:09,132004";"54,2960205078125"
\\PIAF\PKN Orlen\PI Vision\PKN Orlen\ZAKŁAD PRODUKCYJNY PŁOCK\RAFINERIA\PR03 BLOK PRZEROBU ROPY\DRW-IV|DR4.FC43354_OP.PV;"2026-07-31 11:59:34,12001";"54,4832878112793"
\\PIAF\PKN Orlen\PI Vision\PKN Orlen\ZAKŁAD PRODUKCYJNY PŁOCK\RAFINERIA\PR03 BLOK PRZEROBU ROPY\DRW-IV|DR4.FC43354_OP.PV;"2026-07-31 12:16:34,159012";"54,2444686889648"
\\PIAF\PKN Orlen\PI Vision\PKN Orlen\ZAKŁAD PRODUKCYJNY PŁOCK\RAFINERIA\PR03 BLOK PRZEROBU ROPY\DRW-IV|DR4.FC43354_OP.PV;"2026-07-31 12:19:54,207001";"54,5860481262207"
\\PIAF\PKN Orlen\PI Vision\PKN Orlen\ZAKŁAD PRODUKCYJNY PŁOCK\RAFINERIA\PR03 BLOK PRZEROBU ROPY\DRW-IV|DR4.FC43354_OP.PV;"2026-07-31 12:27:09,085007";"54,0524139404297"
\\PIAF\PKN Orlen\PI Vision\PKN Orlen\ZAKŁAD PRODUKCYJNY PŁOCK\RAFINERIA\PR03 BLOK PRZEROBU ROPY\DRW-IV|DR4.FC43354_OP.PV;"2026-07-31 12:33:09,150009";"54,4769020080566"
\\PIAF\PKN Orlen\PI Vision\PKN Orlen\ZAKŁAD PRODUKCYJNY PŁOCK\RAFINERIA\PR03 BLOK PRZEROBU ROPY\DRW-IV|DR4.FC43354_OP.PV;"2026-07-31 13:06:44,071014";"54,280101776123"
\\PIAF\PKN Orlen\PI Vision\PKN Orlen\ZAKŁAD PRODUKCYJNY PŁOCK\RAFINERIA\PR03 BLOK PRZEROBU ROPY\DRW-IV|DR4.FC43354_OP.PV;"2026-07-31 13:15:39,138016";"54,3741798400879"
\\PIAF\PKN Orlen\PI Vision\PKN Orlen\ZAKŁAD PRODUKCYJNY PŁOCK\RAFINERIA\PR03 BLOK PRZEROBU ROPY\DRW-IV|DR4.FC43354_OP.PV;"2026-07-31 14:14:54,192001";"54,5200843811035"
\\PIAF\PKN Orlen\PI Vision\PKN Orlen\ZAKŁAD PRODUKCYJNY PŁOCK\RAFINERIA\PR03 BLOK PRZEROBU ROPY\DRW-IV|DR4.FC43354_OP.PV;"2026-07-31 14:25:44,213012";"54,5295181274414"
\\PIAF\PKN Orlen\PI Vision\PKN Orlen\ZAKŁAD PRODUKCYJNY PŁOCK\RAFINERIA\PR03 BLOK PRZEROBU ROPY\DRW-IV|DR4.FC43354_OP.PV;"2026-07-31 14:28:44,24501";"54,1808891296387"
\\PIAF\PKN Orlen\PI Vision\PKN Orlen\ZAKŁAD PRODUKCYJNY PŁOCK\RAFINERIA\PR03 BLOK PRZEROBU ROPY\DRW-IV|DR4.FC43354_OP.PV;"2026-07-31 14:35:54,202011";"54,8174705505371"
\\PIAF\PKN Orlen\PI Vision\PKN Orlen\ZAKŁAD PRODUKCYJNY PŁOCK\RAFINERIA\PR03 BLOK PRZEROBU ROPY\DRW-IV|DR4.FC43354_OP.PV;"2026-07-31 14:43:24,174011";"54,1658668518066"
\\PIAF\PKN Orlen\PI Vision\PKN Orlen\ZAKŁAD PRODUKCYJNY PŁOCK\RAFINERIA\PR03 BLOK PRZEROBU ROPY\DRW-IV|DR4.FC43354_OP.PV;"2026-07-31 14:53:24,209015";"54,8054351806641"
\\PIAF\PKN Orlen\PI Vision\PKN Orlen\ZAKŁAD PRODUKCYJNY PŁOCK\RAFINERIA\PR03 BLOK PRZEROBU ROPY\DRW-IV|DR4.FC43354_OP.PV;"2026-07-31 15:06:14,178009";"54,5864677429199"
\\PIAF\PKN Orlen\PI Vision\PKN Orlen\ZAKŁAD PRODUKCYJNY PŁOCK\RAFINERIA\PR03 BLOK PRZEROBU ROPY\DRW-IV|DR4.FC43354_OP.PV;"2026-07-31 15:11:04,133011";"55,0034484863281"
\\PIAF\PKN Orlen\PI Vision\PKN Orlen\ZAKŁAD PRODUKCYJNY PŁOCK\RAFINERIA\PR03 BLOK PRZEROBU ROPY\DRW-IV|DR4.FC43354_OP.PV;"2026-07-31 15:27:04,125015";"54,2727127075195"
\\PIAF\PKN Orlen\PI Vision\PKN Orlen\ZAKŁAD PRODUKCYJNY PŁOCK\RAFINERIA\PR03 BLOK PRZEROBU ROPY\DRW-IV|DR4.FC43354_OP.PV;"2026-07-31 15:33:29,127014";"55,0475311279297"
\\PIAF\PKN Orlen\PI Vision\PKN Orlen\ZAKŁAD PRODUKCYJNY PŁOCK\RAFINERIA\PR03 BLOK PRZEROBU ROPY\DRW-IV|DR4.FC43354_OP.PV;"2026-07-31 15:40:19,177002";"54,4832038879395"
\\PIAF\PKN Orlen\PI Vision\PKN Orlen\ZAKŁAD PRODUKCYJNY PŁOCK\RAFINERIA\PR03 BLOK PRZEROBU ROPY\DRW-IV|DR4.FC43354_OP.PV;"2026-07-31 15:44:39,164001";"54,9236068725586"
\\PIAF\PKN Orlen\PI Vision\PKN Orlen\ZAKŁAD PRODUKCYJNY PŁOCK\RAFINERIA\PR03 BLOK PRZEROBU ROPY\DRW-IV|DR4.FC43354_OP.PV;"2026-07-31 15:47:29,134002";"55,3773765563965"
\\PIAF\PKN Orlen\PI Vision\PKN Orlen\ZAKŁAD PRODUKCYJNY PŁOCK\RAFINERIA\PR03 BLOK PRZEROBU ROPY\DRW-IV|DR4.FC43354_OP.PV;"2026-07-31 16:00:19,139008";"54,4972686767578"
\\PIAF\PKN Orlen\PI Vision\PKN Orlen\ZAKŁAD PRODUKCYJNY PŁOCK\RAFINERIA\PR03 BLOK PRZEROBU ROPY\DRW-IV|DR4.FC43354_OP.PV;"2026-07-31 16:11:54,222015";"54,9085655212402"
\\PIAF\PKN Orlen\PI Vision\PKN Orlen\ZAKŁAD PRODUKCYJNY PŁOCK\RAFINERIA\PR03 BLOK PRZEROBU ROPY\DRW-IV|DR4.FC43354_OP.PV;"2026-07-31 16:30:49,086014";"54,5976028442383"
\\PIAF\PKN Orlen\PI Vision\PKN Orlen\ZAKŁAD PRODUKCYJNY PŁOCK\RAFINERIA\PR03 BLOK PRZEROBU ROPY\DRW-IV|DR4.FC43354_OP.PV;"2026-07-31 16:41:54,177002";"54,9309501647949"
\\PIAF\PKN Orlen\PI Vision\PKN Orlen\ZAKŁAD PRODUKCYJNY PŁOCK\RAFINERIA\PR03 BLOK PRZEROBU ROPY\DRW-IV|DR4.FC43354_OP.PV;"2026-07-31 16:45:34,132004";"54,6141357421875"
\\PIAF\PKN Orlen\PI Vision\PKN Orlen\ZAKŁAD PRODUKCYJNY PŁOCK\RAFINERIA\PR03 BLOK PRZEROBU ROPY\DRW-IV|DR4.FC43354_OP.PV;"2026-07-31 16:51:24,134002";"55,0467376708984"
\\PIAF\PKN Orlen\PI Vision\PKN Orlen\ZAKŁAD PRODUKCYJNY PŁOCK\RAFINERIA\PR03 BLOK PRZEROBU ROPY\DRW-IV|DR4.FC43354_OP.PV;"2026-07-31 17:01:59,170013";"54,9687461853027"
\\PIAF\PKN Orlen\PI Vision\PKN Orlen\ZAKŁAD PRODUKCYJNY PŁOCK\RAFINERIA\PR03 BLOK PRZEROBU ROPY\DRW-IV|DR4.FC43354_OP.PV;"2026-07-31 17:06:44,094009";"55,8282585144043"
\\PIAF\PKN Orlen\PI Vision\PKN Orlen\ZAKŁAD PRODUKCYJNY PŁOCK\RAFINERIA\PR03 BLOK PRZEROBU ROPY\DRW-IV|DR4.FC43354_OP.PV;"2026-07-31 17:11:39,081009";"55,3903923034668"
\\PIAF\PKN Orlen\PI Vision\PKN Orlen\ZAKŁAD PRODUKCYJNY PŁOCK\RAFINERIA\PR03 BLOK PRZEROBU ROPY\DRW-IV|DR4.FC43354_OP.PV;"2026-07-31 17:15:14,114013";"54,9417572021484"
\\PIAF\PKN Orlen\PI Vision\PKN Orlen\ZAKŁAD PRODUKCYJNY PŁOCK\RAFINERIA\PR03 BLOK PRZEROBU ROPY\DRW-IV|DR4.FC43354_OP.PV;"2026-07-31 17:20:54,163009";"55,7056999206543"
\\PIAF\PKN Orlen\PI Vision\PKN Orlen\ZAKŁAD PRODUKCYJNY PŁOCK\RAFINERIA\PR03 BLOK PRZEROBU ROPY\DRW-IV|DR4.FC43354_OP.PV;"2026-07-31 17:25:59,103012";"55,4994010925293"
\\PIAF\PKN Orlen\PI Vision\PKN Orlen\ZAKŁAD PRODUKCYJNY PŁOCK\RAFINERIA\PR03 BLOK PRZEROBU ROPY\DRW-IV|DR4.FC43354_OP.PV;"2026-07-31 17:29:04,167007";"55,0396957397461"
\\PIAF\PKN Orlen\PI Vision\PKN Orlen\ZAKŁAD PRODUKCYJNY PŁOCK\RAFINERIA\PR03 BLOK PRZEROBU ROPY\DRW-IV|DR4.FC43354_OP.PV;"2026-07-31 17:36:04,170013";"55,6101417541504"
\\PIAF\PKN Orlen\PI Vision\PKN Orlen\ZAKŁAD PRODUKCYJNY PŁOCK\RAFINERIA\PR03 BLOK PRZEROBU ROPY\DRW-IV|DR4.FC43354_OP.PV;"2026-07-31 17:46:54,081009";"55,4190940856934"
\\PIAF\PKN Orlen\PI Vision\PKN Orlen\ZAKŁAD PRODUKCYJNY PŁOCK\RAFINERIA\PR03 BLOK PRZEROBU ROPY\DRW-IV|DR4.FC43354_OP.PV;"2026-07-31 18:01:34,218002";"55,5248374938965"
\\PIAF\PKN Orlen\PI Vision\PKN Orlen\ZAKŁAD PRODUKCYJNY PŁOCK\RAFINERIA\PR03 BLOK PRZEROBU ROPY\DRW-IV|DR4.FC43354_OP.PV;"2026-07-31 18:04:54,157013";"55,853443145752"
\\PIAF\PKN Orlen\PI Vision\PKN Orlen\ZAKŁAD PRODUKCYJNY PŁOCK\RAFINERIA\PR03 BLOK PRZEROBU ROPY\DRW-IV|DR4.FC43354_OP.PV;"2026-07-31 18:13:24,177002";"55,3229942321777"
\\PIAF\PKN Orlen\PI Vision\PKN Orlen\ZAKŁAD PRODUKCYJNY PŁOCK\RAFINERIA\PR03 BLOK PRZEROBU ROPY\DRW-IV|DR4.FC43354_OP.PV;"2026-07-31 18:23:19,181";"55,8504638671875"
\\PIAF\PKN Orlen\PI Vision\PKN Orlen\ZAKŁAD PRODUKCYJNY PŁOCK\RAFINERIA\PR03 BLOK PRZEROBU ROPY\DRW-IV|DR4.FC43354_OP.PV;"2026-07-31 18:30:59,216003";"55,6168327331543"
\\PIAF\PKN Orlen\PI Vision\PKN Orlen\ZAKŁAD PRODUKCYJNY PŁOCK\RAFINERIA\PR03 BLOK PRZEROBU ROPY\DRW-IV|DR4.FC43354_OP.PV;"2026-07-31 18:38:59,157013";"55,7369422912598"
\\PIAF\PKN Orlen\PI Vision\PKN Orlen\ZAKŁAD PRODUKCYJNY PŁOCK\RAFINERIA\PR03 BLOK PRZEROBU ROPY\DRW-IV|DR4.FC43354_OP.PV;"2026-07-31 18:47:39,239013";"55,724739074707"
\\PIAF\PKN Orlen\PI Vision\PKN Orlen\ZAKŁAD PRODUKCYJNY PŁOCK\RAFINERIA\PR03 BLOK PRZEROBU ROPY\DRW-IV|DR4.FC43354_OP.PV;"2026-07-31 19:16:29,126007";"55,5213394165039"
\\PIAF\PKN Orlen\PI Vision\PKN Orlen\ZAKŁAD PRODUKCYJNY PŁOCK\RAFINERIA\PR03 BLOK PRZEROBU ROPY\DRW-IV|DR4.FC43354_OP.PV;"2026-07-31 19:44:34,178009";"55,397533416748"
\\PIAF\PKN Orlen\PI Vision\PKN Orlen\ZAKŁAD PRODUKCYJNY PŁOCK\RAFINERIA\PR03 BLOK PRZEROBU ROPY\DRW-IV|DR4.FC43354_OP.PV;"2026-07-31 19:53:09,119003";"55,4898109436035"
\\PIAF\PKN Orlen\PI Vision\PKN Orlen\ZAKŁAD PRODUKCYJNY PŁOCK\RAFINERIA\PR03 BLOK PRZEROBU ROPY\DRW-IV|DR4.FC43354_OP.PV;"2026-07-31 19:58:59,122009";"55,163990020752"
\\PIAF\PKN Orlen\PI Vision\PKN Orlen\ZAKŁAD PRODUKCYJNY PŁOCK\RAFINERIA\PR03 BLOK PRZEROBU ROPY\DRW-IV|DR4.FC43354_OP.PV;"2026-07-31 20:13:39,159012";"55,561149597168"
\\PIAF\PKN Orlen\PI Vision\PKN Orlen\ZAKŁAD PRODUKCYJNY PŁOCK\RAFINERIA\PR03 BLOK PRZEROBU ROPY\DRW-IV|DR4.FC43354_OP.PV;"2026-07-31 20:19:19,209";"54,963077545166"
\\PIAF\PKN Orlen\PI Vision\PKN Orlen\ZAKŁAD PRODUKCYJNY PŁOCK\RAFINERIA\PR03 BLOK PRZEROBU ROPY\DRW-IV|DR4.FC43354_OP.PV;"2026-07-31 20:25:14,133011";"55,5129089355469"
\\PIAF\PKN Orlen\PI Vision\PKN Orlen\ZAKŁAD PRODUKCYJNY PŁOCK\RAFINERIA\PR03 BLOK PRZEROBU ROPY\DRW-IV|DR4.FC43354_OP.PV;"2026-07-31 20:32:49,137008";"55,0706520080566"
\\PIAF\PKN Orlen\PI Vision\PKN Orlen\ZAKŁAD PRODUKCYJNY PŁOCK\RAFINERIA\PR03 BLOK PRZEROBU ROPY\DRW-IV|DR4.FC43354_OP.PV;"2026-07-31 20:43:29,20401";"55,3968925476074"
\\PIAF\PKN Orlen\PI Vision\PKN Orlen\ZAKŁAD PRODUKCYJNY PŁOCK\RAFINERIA\PR03 BLOK PRZEROBU ROPY\DRW-IV|DR4.FC43354_OP.PV;"2026-07-31 20:46:14,142014";"55,0697135925293"
\\PIAF\PKN Orlen\PI Vision\PKN Orlen\ZAKŁAD PRODUKCYJNY PŁOCK\RAFINERIA\PR03 BLOK PRZEROBU ROPY\DRW-IV|DR4.FC43354_OP.PV;"2026-07-31 20:56:54,100006";"55,170093536377"
\\PIAF\PKN Orlen\PI Vision\PKN Orlen\ZAKŁAD PRODUKCYJNY PŁOCK\RAFINERIA\PR03 BLOK PRZEROBU ROPY\DRW-IV|DR4.FC43354_OP.PV;"2026-07-31 21:14:54,175003";"54,9527702331543"
\\PIAF\PKN Orlen\PI Vision\PKN Orlen\ZAKŁAD PRODUKCYJNY PŁOCK\RAFINERIA\PR03 BLOK PRZEROBU ROPY\DRW-IV|DR4.FC43354_OP.PV;"2026-07-31 21:20:34,115005";"55,7658157348633"
\\PIAF\PKN Orlen\PI Vision\PKN Orlen\ZAKŁAD PRODUKCYJNY PŁOCK\RAFINERIA\PR03 BLOK PRZEROBU ROPY\DRW-IV|DR4.FC43354_OP.PV;"2026-07-31 21:27:54,134002";"55,2140159606934"
\\PIAF\PKN Orlen\PI Vision\PKN Orlen\ZAKŁAD PRODUKCYJNY PŁOCK\RAFINERIA\PR03 BLOK PRZEROBU ROPY\DRW-IV|DR4.FC43354_OP.PV;"2026-07-31 21:48:04,159012";"54,9496688842773"
\\PIAF\PKN Orlen\PI Vision\PKN Orlen\ZAKŁAD PRODUKCYJNY PŁOCK\RAFINERIA\PR03 BLOK PRZEROBU ROPY\DRW-IV|DR4.FC43354_OP.PV;"2026-07-31 22:19:59,110001";"54,7575950622559"
\\PIAF\PKN Orlen\PI Vision\PKN Orlen\ZAKŁAD PRODUKCYJNY PŁOCK\RAFINERIA\PR03 BLOK PRZEROBU ROPY\DRW-IV|DR4.FC43354_OP.PV;"2026-07-31 22:26:04,197006";"54,2207832336426"
\\PIAF\PKN Orlen\PI Vision\PKN Orlen\ZAKŁAD PRODUKCYJNY PŁOCK\RAFINERIA\PR03 BLOK PRZEROBU ROPY\DRW-IV|DR4.FC43354_OP.PV;"2026-07-31 22:37:54,156006";"54,4481925964355"
\\PIAF\PKN Orlen\PI Vision\PKN Orlen\ZAKŁAD PRODUKCYJNY PŁOCK\RAFINERIA\PR03 BLOK PRZEROBU ROPY\DRW-IV|DR4.FC43354_OP.PV;"2026-07-31 22:42:54,173004";"54,0266876220703"
\\PIAF\PKN Orlen\PI Vision\PKN Orlen\ZAKŁAD PRODUKCYJNY PŁOCK\RAFINERIA\PR03 BLOK PRZEROBU ROPY\DRW-IV|DR4.FC43354_OP.PV;"2026-07-31 22:58:39,180008";"53,9087257385254"
\\PIAF\PKN Orlen\PI Vision\PKN Orlen\ZAKŁAD PRODUKCYJNY PŁOCK\RAFINERIA\PR03 BLOK PRZEROBU ROPY\DRW-IV|DR4.FC43354_OP.PV;"2026-07-31 23:04:14,198013";"53,0491600036621"
\\PIAF\PKN Orlen\PI Vision\PKN Orlen\ZAKŁAD PRODUKCYJNY PŁOCK\RAFINERIA\PR03 BLOK PRZEROBU ROPY\DRW-IV|DR4.FC43354_OP.PV;"2026-07-31 23:15:39,219009";"52,8338356018066"
\\PIAF\PKN Orlen\PI Vision\PKN Orlen\ZAKŁAD PRODUKCYJNY PŁOCK\RAFINERIA\PR03 BLOK PRZEROBU ROPY\DRW-IV|DR4.FC43354_OP.PV;"2026-07-31 23:21:24,190002";"52,4840698242188"
\\PIAF\PKN Orlen\PI Vision\PKN Orlen\ZAKŁAD PRODUKCYJNY PŁOCK\RAFINERIA\PR03 BLOK PRZEROBU ROPY\DRW-IV|DR4.FC43354_OP.PV;"2026-07-31 23:26:49,146011";"53,2859420776367"
\\PIAF\PKN Orlen\PI Vision\PKN Orlen\ZAKŁAD PRODUKCYJNY PŁOCK\RAFINERIA\PR03 BLOK PRZEROBU ROPY\DRW-IV|DR4.FC43354_OP.PV;"2026-07-31 23:33:09,227005";"52,1357078552246"
\\PIAF\PKN Orlen\PI Vision\PKN Orlen\ZAKŁAD PRODUKCYJNY PŁOCK\RAFINERIA\PR03 BLOK PRZEROBU ROPY\DRW-IV|DR4.FC43354_OP.PV;"2026-07-31 23:37:14,229004";"52,5965385437012"
\\PIAF\PKN Orlen\PI Vision\PKN Orlen\ZAKŁAD PRODUKCYJNY PŁOCK\RAFINERIA\PR03 BLOK PRZEROBU ROPY\DRW-IV|DR4.FC43354_OP.PV;"2026-07-31 23:39:59,167007";"53,1262054443359"
\\PIAF\PKN Orlen\PI Vision\PKN Orlen\ZAKŁAD PRODUKCYJNY PŁOCK\RAFINERIA\PR03 BLOK PRZEROBU ROPY\DRW-IV|DR4.FC43354_OP.PV;"2026-07-31 23:47:54,186004";"52,580940246582"
\\PIAF\PKN Orlen\PI Vision\PKN Orlen\ZAKŁAD PRODUKCYJNY PŁOCK\RAFINERIA\PR03 BLOK PRZEROBU ROPY\DRW-IV|DR4.FC43354_OP.PV;"2026-07-31 23:57:39,128006";"52,9061470031738"
\\PIAF\PKN Orlen\PI Vision\PKN Orlen\ZAKŁAD PRODUKCYJNY PŁOCK\RAFINERIA\PR03 BLOK PRZEROBU ROPY\DRW-IV|DR4.FC43354_OP.PV;"2026-08-01 00:01:19,192001";"52,5819396972656"
\\PIAF\PKN Orlen\PI Vision\PKN Orlen\ZAKŁAD PRODUKCYJNY PŁOCK\RAFINERIA\PR03 BLOK PRZEROBU ROPY\DRW-IV|DR4.FC43354_OP.PV;"2026-08-01 00:10:59,212006";"52,5976715087891"
\\PIAF\PKN Orlen\PI Vision\PKN Orlen\ZAKŁAD PRODUKCYJNY PŁOCK\RAFINERIA\PR03 BLOK PRZEROBU ROPY\DRW-IV|DR4.FC43354_OP.PV;"2026-08-01 00:17:34,168014";"52,8015365600586"
\\PIAF\PKN Orlen\PI Vision\PKN Orlen\ZAKŁAD PRODUKCYJNY PŁOCK\RAFINERIA\PR03 BLOK PRZEROBU ROPY\DRW-IV|DR4.FC43354_OP.PV;"2026-08-01 00:19:44,216003";"53,1262817382813"
\\PIAF\PKN Orlen\PI Vision\PKN Orlen\ZAKŁAD PRODUKCYJNY PŁOCK\RAFINERIA\PR03 BLOK PRZEROBU ROPY\DRW-IV|DR4.FC43354_OP.PV;"2026-08-01 00:29:24,126999";"52,4683113098145"
\\PIAF\PKN Orlen\PI Vision\PKN Orlen\ZAKŁAD PRODUKCYJNY PŁOCK\RAFINERIA\PR03 BLOK PRZEROBU ROPY\DRW-IV|DR4.FC43354_OP.PV;"2026-08-01 00:50:04,12001";"52,5801010131836"
\\PIAF\PKN Orlen\PI Vision\PKN Orlen\ZAKŁAD PRODUKCYJNY PŁOCK\RAFINERIA\PR03 BLOK PRZEROBU ROPY\DRW-IV|DR4.FC43354_OP.PV;"2026-08-01 00:52:29,152008";"52,8528289794922"
\\PIAF\PKN Orlen\PI Vision\PKN Orlen\ZAKŁAD PRODUKCYJNY PŁOCK\RAFINERIA\PR03 BLOK PRZEROBU ROPY\DRW-IV|DR4.FC43354_OP.PV;"2026-08-01 01:22:49,193008";"52,4486694335938"
\\PIAF\PKN Orlen\PI Vision\PKN Orlen\ZAKŁAD PRODUKCYJNY PŁOCK\RAFINERIA\PR03 BLOK PRZEROBU ROPY\DRW-IV|DR4.FC43354_OP.PV;"2026-08-01 01:34:09,182007";"52,7894172668457"
\\PIAF\PKN Orlen\PI Vision\PKN Orlen\ZAKŁAD PRODUKCYJNY PŁOCK\RAFINERIA\PR03 BLOK PRZEROBU ROPY\DRW-IV|DR4.FC43354_OP.PV;"2026-08-01 01:45:29,171005";"52,4755516052246"
\\PIAF\PKN Orlen\PI Vision\PKN Orlen\ZAKŁAD PRODUKCYJNY PŁOCK\RAFINERIA\PR03 BLOK PRZEROBU ROPY\DRW-IV|DR4.FC43354_OP.PV;"2026-08-01 02:17:29,154007";"52,905143737793"
\\PIAF\PKN Orlen\PI Vision\PKN Orlen\ZAKŁAD PRODUKCYJNY PŁOCK\RAFINERIA\PR03 BLOK PRZEROBU ROPY\DRW-IV|DR4.FC43354_OP.PV;"2026-08-01 02:24:14,173004";"52,3369293212891"
\\PIAF\PKN Orlen\PI Vision\PKN Orlen\ZAKŁAD PRODUKCYJNY PŁOCK\RAFINERIA\PR03 BLOK PRZEROBU ROPY\DRW-IV|DR4.FC43354_OP.PV;"2026-08-01 02:32:34,130005";"53,0121269226074"
\\PIAF\PKN Orlen\PI Vision\PKN Orlen\ZAKŁAD PRODUKCYJNY PŁOCK\RAFINERIA\PR03 BLOK PRZEROBU ROPY\DRW-IV|DR4.FC43354_OP.PV;"2026-08-01 02:40:39,102005";"53,3509788513184"
\\PIAF\PKN Orlen\PI Vision\PKN Orlen\ZAKŁAD PRODUKCYJNY PŁOCK\RAFINERIA\PR03 BLOK PRZEROBU ROPY\DRW-IV|DR4.FC43354_OP.PV;"2026-08-01 02:45:44,151001";"54,3693962097168"
\\PIAF\PKN Orlen\PI Vision\PKN Orlen\ZAKŁAD PRODUKCYJNY PŁOCK\RAFINERIA\PR03 BLOK PRZEROBU ROPY\DRW-IV|DR4.FC43354_OP.PV;"2026-08-01 03:00:44,095001";"54,1664352416992"
\\PIAF\PKN Orlen\PI Vision\PKN Orlen\ZAKŁAD PRODUKCYJNY PŁOCK\RAFINERIA\PR03 BLOK PRZEROBU ROPY\DRW-IV|DR4.FC43354_OP.PV;"2026-08-01 03:16:29,230011";"54,0648307800293"
\\PIAF\PKN Orlen\PI Vision\PKN Orlen\ZAKŁAD PRODUKCYJNY PŁOCK\RAFINERIA\PR03 BLOK PRZEROBU ROPY\DRW-IV|DR4.FC43354_OP.PV;"2026-08-01 03:20:09,185013";"53,7421798706055"
\\PIAF\PKN Orlen\PI Vision\PKN Orlen\ZAKŁAD PRODUKCYJNY PŁOCK\RAFINERIA\PR03 BLOK PRZEROBU ROPY\DRW-IV|DR4.FC43354_OP.PV;"2026-08-01 03:30:24,205002";"54,1628761291504"
\\PIAF\PKN Orlen\PI Vision\PKN Orlen\ZAKŁAD PRODUKCYJNY PŁOCK\RAFINERIA\PR03 BLOK PRZEROBU ROPY\DRW-IV|DR4.FC43354_OP.PV;"2026-08-01 03:42:54,195007";"54,2861213684082"
\\PIAF\PKN Orlen\PI Vision\PKN Orlen\ZAKŁAD PRODUKCYJNY PŁOCK\RAFINERIA\PR03 BLOK PRZEROBU ROPY\DRW-IV|DR4.FC43354_OP.PV;"2026-08-01 04:20:24,164001";"54,2044715881348"
\\PIAF\PKN Orlen\PI Vision\PKN Orlen\ZAKŁAD PRODUKCYJNY PŁOCK\RAFINERIA\PR03 BLOK PRZEROBU ROPY\DRW-IV|DR4.FC43354_OP.PV;"2026-08-01 04:38:19,219009";"53,2345428466797"
\\PIAF\PKN Orlen\PI Vision\PKN Orlen\ZAKŁAD PRODUKCYJNY PŁOCK\RAFINERIA\PR03 BLOK PRZEROBU ROPY\DRW-IV|DR4.FC43354_OP.PV;"2026-08-01 04:45:04,128006";"53,78369140625"
\\PIAF\PKN Orlen\PI Vision\PKN Orlen\ZAKŁAD PRODUKCYJNY PŁOCK\RAFINERIA\PR03 BLOK PRZEROBU ROPY\DRW-IV|DR4.FC43354_OP.PV;"2026-08-01 05:09:14,123001";"54,140495300293"
\\PIAF\PKN Orlen\PI Vision\PKN Orlen\ZAKŁAD PRODUKCYJNY PŁOCK\RAFINERIA\PR03 BLOK PRZEROBU ROPY\DRW-IV|DR4.FC43354_OP.PV;"2026-08-01 05:16:29,111007";"53,9257431030273"
\\PIAF\PKN Orlen\PI Vision\PKN Orlen\ZAKŁAD PRODUKCYJNY PŁOCK\RAFINERIA\PR03 BLOK PRZEROBU ROPY\DRW-IV|DR4.FC43354_OP.PV;"2026-08-01 05:24:24,130005";"54,0501098632813"
\\PIAF\PKN Orlen\PI Vision\PKN Orlen\ZAKŁAD PRODUKCYJNY PŁOCK\RAFINERIA\PR03 BLOK PRZEROBU ROPY\DRW-IV|DR4.FC43354_OP.PV;"2026-08-01 05:48:09,187011";"54,1672897338867"
\\PIAF\PKN Orlen\PI Vision\PKN Orlen\ZAKŁAD PRODUKCYJNY PŁOCK\RAFINERIA\PR03 BLOK PRZEROBU ROPY\DRW-IV|DR4.FC43354_OP.PV;"2026-08-01 06:32:09,081009";"54,227409362793"
\\PIAF\PKN Orlen\PI Vision\PKN Orlen\ZAKŁAD PRODUKCYJNY PŁOCK\RAFINERIA\PR03 BLOK PRZEROBU ROPY\DRW-IV|DR4.FC43354_OP.PV;"2026-08-01 06:36:49,083008";"54,0435676574707"
\\PIAF\PKN Orlen\PI Vision\PKN Orlen\ZAKŁAD PRODUKCYJNY PŁOCK\RAFINERIA\PR03 BLOK PRZEROBU ROPY\DRW-IV|DR4.FC43354_OP.PV;"2026-08-01 06:43:19,13501";"52,9449615478516"
\\PIAF\PKN Orlen\PI Vision\PKN Orlen\ZAKŁAD PRODUKCYJNY PŁOCK\RAFINERIA\PR03 BLOK PRZEROBU ROPY\DRW-IV|DR4.FC43354_OP.PV;"2026-08-01 06:50:34,123001";"53,480110168457"
\\PIAF\PKN Orlen\PI Vision\PKN Orlen\ZAKŁAD PRODUKCYJNY PŁOCK\RAFINERIA\PR03 BLOK PRZEROBU ROPY\DRW-IV|DR4.FC43354_OP.PV;"2026-08-01 06:51:19,076004";"53,3688316345215"
\\PIAF\PKN Orlen\PI Vision\PKN Orlen\ZAKŁAD PRODUKCYJNY PŁOCK\RAFINERIA\PR03 BLOK PRZEROBU ROPY\DRW-IV|DR4.FC43354_OP.PV;"2026-08-01 06:52:24,155014";"52,7458190917969"
\\PIAF\PKN Orlen\PI Vision\PKN Orlen\ZAKŁAD PRODUKCYJNY PŁOCK\RAFINERIA\PR03 BLOK PRZEROBU ROPY\DRW-IV|DR4.FC43354_OP.PV;"2026-08-01 06:56:04,110016";"53,1763954162598"
\\PIAF\PKN Orlen\PI Vision\PKN Orlen\ZAKŁAD PRODUKCYJNY PŁOCK\RAFINERIA\PR03 BLOK PRZEROBU ROPY\DRW-IV|DR4.FC43354_OP.PV;"2026-08-01 07:00:44,112015";"54,279224395752"
\\PIAF\PKN Orlen\PI Vision\PKN Orlen\ZAKŁAD PRODUKCYJNY PŁOCK\RAFINERIA\PR03 BLOK PRZEROBU ROPY\DRW-IV|DR4.FC43354_OP.PV;"2026-08-01 07:08:04,130005";"53,6890983581543"
\\PIAF\PKN Orlen\PI Vision\PKN Orlen\ZAKŁAD PRODUKCYJNY PŁOCK\RAFINERIA\PR03 BLOK PRZEROBU ROPY\DRW-IV|DR4.FC43354_OP.PV;"2026-08-01 07:21:04,089004";"53,4529685974121"
\\PIAF\PKN Orlen\PI Vision\PKN Orlen\ZAKŁAD PRODUKCYJNY PŁOCK\RAFINERIA\PR03 BLOK PRZEROBU ROPY\DRW-IV|DR4.FC43354_OP.PV;"2026-08-01 07:27:44,077011";"52,7944679260254"
\\PIAF\PKN Orlen\PI Vision\PKN Orlen\ZAKŁAD PRODUKCYJNY PŁOCK\RAFINERIA\PR03 BLOK PRZEROBU ROPY\DRW-IV|DR4.FC43354_OP.PV;"2026-08-01 07:47:39,21701";"52,2509956359863"
\\PIAF\PKN Orlen\PI Vision\PKN Orlen\ZAKŁAD PRODUKCYJNY PŁOCK\RAFINERIA\PR03 BLOK PRZEROBU ROPY\DRW-IV|DR4.FC43354_OP.PV;"2026-08-01 07:56:24,220001";"52,0722122192383"
\\PIAF\PKN Orlen\PI Vision\PKN Orlen\ZAKŁAD PRODUKCYJNY PŁOCK\RAFINERIA\PR03 BLOK PRZEROBU ROPY\DRW-IV|DR4.FC43354_OP.PV;"2026-08-01 08:07:59,194";"52,1774139404297"
\\PIAF\PKN Orlen\PI Vision\PKN Orlen\ZAKŁAD PRODUKCYJNY PŁOCK\RAFINERIA\PR03 BLOK PRZEROBU ROPY\DRW-IV|DR4.FC43354_OP.PV;"2026-08-01 08:19:19,184005";"52,0773010253906"
\\PIAF\PKN Orlen\PI Vision\PKN Orlen\ZAKŁAD PRODUKCYJNY PŁOCK\RAFINERIA\PR03 BLOK PRZEROBU ROPY\DRW-IV|DR4.FC43354_OP.PV;"2026-08-01 08:41:54,196014";"52,2015419006348"
\\PIAF\PKN Orlen\PI Vision\PKN Orlen\ZAKŁAD PRODUKCYJNY PŁOCK\RAFINERIA\PR03 BLOK PRZEROBU ROPY\DRW-IV|DR4.FC43354_OP.PV;"2026-08-01 09:22:59,198013";"52,0486907958984"
\\PIAF\PKN Orlen\PI Vision\PKN Orlen\ZAKŁAD PRODUKCYJNY PŁOCK\RAFINERIA\PR03 BLOK PRZEROBU ROPY\DRW-IV|DR4.FC43354_OP.PV;"2026-08-01 09:32:04,218002";"51,9274635314941"
\\PIAF\PKN Orlen\PI Vision\PKN Orlen\ZAKŁAD PRODUKCYJNY PŁOCK\RAFINERIA\PR03 BLOK PRZEROBU ROPY\DRW-IV|DR4.FC43354_OP.PV;"2026-08-01 09:52:54,108001";"52,0203247070313"
\\PIAF\PKN Orlen\PI Vision\PKN Orlen\ZAKŁAD PRODUKCYJNY PŁOCK\RAFINERIA\PR03 BLOK PRZEROBU ROPY\DRW-IV|DR4.FC43354_OP.PV;"2026-08-01 10:12:19,179016";"51,7933197021484"
\\PIAF\PKN Orlen\PI Vision\PKN Orlen\ZAKŁAD PRODUKCYJNY PŁOCK\RAFINERIA\PR03 BLOK PRZEROBU ROPY\DRW-IV|DR4.FC43354_OP.PV;"2026-08-01 10:24:24,122009";"51,9114608764648"
\\PIAF\PKN Orlen\PI Vision\PKN Orlen\ZAKŁAD PRODUKCYJNY PŁOCK\RAFINERIA\PR03 BLOK PRZEROBU ROPY\DRW-IV|DR4.FC43354_OP.PV;"2026-08-01 10:36:44,159012";"51,1575622558594"
\\PIAF\PKN Orlen\PI Vision\PKN Orlen\ZAKŁAD PRODUKCYJNY PŁOCK\RAFINERIA\PR03 BLOK PRZEROBU ROPY\DRW-IV|DR4.FC43354_OP.PV;"2026-08-01 10:45:39,116012";"48,9903869628906"
\\PIAF\PKN Orlen\PI Vision\PKN Orlen\ZAKŁAD PRODUKCYJNY PŁOCK\RAFINERIA\PR03 BLOK PRZEROBU ROPY\DRW-IV|DR4.FC43354_OP.PV;"2026-08-01 10:49:59,102005";"48,5634841918945"
\\PIAF\PKN Orlen\PI Vision\PKN Orlen\ZAKŁAD PRODUKCYJNY PŁOCK\RAFINERIA\PR03 BLOK PRZEROBU ROPY\DRW-IV|DR4.FC43354_OP.PV;"2026-08-01 10:56:49,152008";"49,0202445983887"
\\PIAF\PKN Orlen\PI Vision\PKN Orlen\ZAKŁAD PRODUKCYJNY PŁOCK\RAFINERIA\PR03 BLOK PRZEROBU ROPY\DRW-IV|DR4.FC43354_OP.PV;"2026-08-01 10:59:14,184005";"49,3595199584961"
\\PIAF\PKN Orlen\PI Vision\PKN Orlen\ZAKŁAD PRODUKCYJNY PŁOCK\RAFINERIA\PR03 BLOK PRZEROBU ROPY\DRW-IV|DR4.FC43354_OP.PV;"2026-08-01 11:04:14,093002";"48,9220504760742"
\\PIAF\PKN Orlen\PI Vision\PKN Orlen\ZAKŁAD PRODUKCYJNY PŁOCK\RAFINERIA\PR03 BLOK PRZEROBU ROPY\DRW-IV|DR4.FC43354_OP.PV;"2026-08-01 11:07:59,07901";"48,3650207519531"
\\PIAF\PKN Orlen\PI Vision\PKN Orlen\ZAKŁAD PRODUKCYJNY PŁOCK\RAFINERIA\PR03 BLOK PRZEROBU ROPY\DRW-IV|DR4.FC43354_OP.PV;"2026-08-01 11:12:19,174011";"48,769645690918"
\\PIAF\PKN Orlen\PI Vision\PKN Orlen\ZAKŁAD PRODUKCYJNY PŁOCK\RAFINERIA\PR03 BLOK PRZEROBU ROPY\DRW-IV|DR4.FC43354_OP.PV;"2026-08-01 11:14:19,160003";"49,2649459838867"
\\PIAF\PKN Orlen\PI Vision\PKN Orlen\ZAKŁAD PRODUKCYJNY PŁOCK\RAFINERIA\PR03 BLOK PRZEROBU ROPY\DRW-IV|DR4.FC43354_OP.PV;"2026-08-01 11:17:59,114013";"48,8583717346191"
\\PIAF\PKN Orlen\PI Vision\PKN Orlen\ZAKŁAD PRODUKCYJNY PŁOCK\RAFINERIA\PR03 BLOK PRZEROBU ROPY\DRW-IV|DR4.FC43354_OP.PV;"2026-08-01 11:22:34,085007";"47,6306381225586"
\\PIAF\PKN Orlen\PI Vision\PKN Orlen\ZAKŁAD PRODUKCYJNY PŁOCK\RAFINERIA\PR03 BLOK PRZEROBU ROPY\DRW-IV|DR4.FC43354_OP.PV;"2026-08-01 11:29:49,073013";"48,1073265075684"
\\PIAF\PKN Orlen\PI Vision\PKN Orlen\ZAKŁAD PRODUKCYJNY PŁOCK\RAFINERIA\PR03 BLOK PRZEROBU ROPY\DRW-IV|DR4.FC43354_OP.PV;"2026-08-01 11:31:54,187011";"48,5191612243652"
\\PIAF\PKN Orlen\PI Vision\PKN Orlen\ZAKŁAD PRODUKCYJNY PŁOCK\RAFINERIA\PR03 BLOK PRZEROBU ROPY\DRW-IV|DR4.FC43354_OP.PV;"2026-08-01 12:06:54,193008";"48,7116394042969"
\\PIAF\PKN Orlen\PI Vision\PKN Orlen\ZAKŁAD PRODUKCYJNY PŁOCK\RAFINERIA\PR03 BLOK PRZEROBU ROPY\DRW-IV|DR4.FC43354_OP.PV;"2026-08-01 12:13:29,258011";"50,0300903320313"
\\PIAF\PKN Orlen\PI Vision\PKN Orlen\ZAKŁAD PRODUKCYJNY PŁOCK\RAFINERIA\PR03 BLOK PRZEROBU ROPY\DRW-IV|DR4.FC43354_OP.PV;"2026-08-01 12:19:34,24501";"49,6023597717285"
\\PIAF\PKN Orlen\PI Vision\PKN Orlen\ZAKŁAD PRODUKCYJNY PŁOCK\RAFINERIA\PR03 BLOK PRZEROBU ROPY\DRW-IV|DR4.FC43354_OP.PV;"2026-08-01 12:30:49,20401";"50,0407257080078"
\\PIAF\PKN Orlen\PI Vision\PKN Orlen\ZAKŁAD PRODUKCYJNY PŁOCK\RAFINERIA\PR03 BLOK PRZEROBU ROPY\DRW-IV|DR4.FC43354_OP.PV;"2026-08-01 12:40:39,177002";"49,8276100158691"
\\PIAF\PKN Orlen\PI Vision\PKN Orlen\ZAKŁAD PRODUKCYJNY PŁOCK\RAFINERIA\PR03 BLOK PRZEROBU ROPY\DRW-IV|DR4.FC43354_OP.PV;"2026-08-01 12:45:49,14801";"50,8374862670898"
\\PIAF\PKN Orlen\PI Vision\PKN Orlen\ZAKŁAD PRODUKCYJNY PŁOCK\RAFINERIA\PR03 BLOK PRZEROBU ROPY\DRW-IV|DR4.FC43354_OP.PV;"2026-08-01 12:55:14,183014";"49,7742538452148"
\\PIAF\PKN Orlen\PI Vision\PKN Orlen\ZAKŁAD PRODUKCYJNY PŁOCK\RAFINERIA\PR03 BLOK PRZEROBU ROPY\DRW-IV|DR4.FC43354_OP.PV;"2026-08-01 13:05:49,219009";"50,2228889465332"
\\PIAF\PKN Orlen\PI Vision\PKN Orlen\ZAKŁAD PRODUKCYJNY PŁOCK\RAFINERIA\PR03 BLOK PRZEROBU ROPY\DRW-IV|DR4.FC43354_OP.PV;"2026-08-01 13:19:09,193008";"50,405891418457"
\\PIAF\PKN Orlen\PI Vision\PKN Orlen\ZAKŁAD PRODUKCYJNY PŁOCK\RAFINERIA\PR03 BLOK PRZEROBU ROPY\DRW-IV|DR4.FC43354_OP.PV;"2026-08-01 13:25:24,134002";"50,5379028320313"
\\PIAF\PKN Orlen\PI Vision\PKN Orlen\ZAKŁAD PRODUKCYJNY PŁOCK\RAFINERIA\PR03 BLOK PRZEROBU ROPY\DRW-IV|DR4.FC43354_OP.PV;"2026-08-01 13:31:19,168014";"50,3993949890137"
\\PIAF\PKN Orlen\PI Vision\PKN Orlen\ZAKŁAD PRODUKCYJNY PŁOCK\RAFINERIA\PR03 BLOK PRZEROBU ROPY\DRW-IV|DR4.FC43354_OP.PV;"2026-08-01 13:42:24,172012";"50,2455902099609"
\\PIAF\PKN Orlen\PI Vision\PKN Orlen\ZAKŁAD PRODUKCYJNY PŁOCK\RAFINERIA\PR03 BLOK PRZEROBU ROPY\DRW-IV|DR4.FC43354_OP.PV;"2026-08-01 13:49:34,129013";"50,1029739379883"
\\PIAF\PKN Orlen\PI Vision\PKN Orlen\ZAKŁAD PRODUKCYJNY PŁOCK\RAFINERIA\PR03 BLOK PRZEROBU ROPY\DRW-IV|DR4.FC43354_OP.PV;"2026-08-01 13:52:24,208008";"49,7739639282227"
\\PIAF\PKN Orlen\PI Vision\PKN Orlen\ZAKŁAD PRODUKCYJNY PŁOCK\RAFINERIA\PR03 BLOK PRZEROBU ROPY\DRW-IV|DR4.FC43354_OP.PV;"2026-08-01 14:03:49,119003";"49,9966735839844"
\\PIAF\PKN Orlen\PI Vision\PKN Orlen\ZAKŁAD PRODUKCYJNY PŁOCK\RAFINERIA\PR03 BLOK PRZEROBU ROPY\DRW-IV|DR4.FC43354_OP.PV;"2026-08-01 14:24:24,185013";"49,7181816101074"
\\PIAF\PKN Orlen\PI Vision\PKN Orlen\ZAKŁAD PRODUKCYJNY PŁOCK\RAFINERIA\PR03 BLOK PRZEROBU ROPY\DRW-IV|DR4.FC43354_OP.PV;"2026-08-01 14:48:39,211014";"49,9680328369141"
\\PIAF\PKN Orlen\PI Vision\PKN Orlen\ZAKŁAD PRODUKCYJNY PŁOCK\RAFINERIA\PR03 BLOK PRZEROBU ROPY\DRW-IV|DR4.FC43354_OP.PV;"2026-08-01 15:25:44,134002";"50,1255912780762"
\\PIAF\PKN Orlen\PI Vision\PKN Orlen\ZAKŁAD PRODUKCYJNY PŁOCK\RAFINERIA\PR03 BLOK PRZEROBU ROPY\DRW-IV|DR4.FC43354_OP.PV;"2026-08-01 15:51:34,100006";"50,163890838623"
\\PIAF\PKN Orlen\PI Vision\PKN Orlen\ZAKŁAD PRODUKCYJNY PŁOCK\RAFINERIA\PR03 BLOK PRZEROBU ROPY\DRW-IV|DR4.FC43354_OP.PV;"2026-08-01 15:58:04,13501";"50,4043464660645"
\\PIAF\PKN Orlen\PI Vision\PKN Orlen\ZAKŁAD PRODUKCYJNY PŁOCK\RAFINERIA\PR03 BLOK PRZEROBU ROPY\DRW-IV|DR4.FC43354_OP.PV;"2026-08-01 16:06:14,138016";"50,2697944641113"
\\PIAF\PKN Orlen\PI Vision\PKN Orlen\ZAKŁAD PRODUKCYJNY PŁOCK\RAFINERIA\PR03 BLOK PRZEROBU ROPY\DRW-IV|DR4.FC43354_OP.PV;"2026-08-01 16:11:39,094009";"50,4984359741211"
\\PIAF\PKN Orlen\PI Vision\PKN Orlen\ZAKŁAD PRODUKCYJNY PŁOCK\RAFINERIA\PR03 BLOK PRZEROBU ROPY\DRW-IV|DR4.FC43354_OP.PV;"2026-08-01 16:13:54,017014";"50,2517967224121"
\\PIAF\PKN Orlen\PI Vision\PKN Orlen\ZAKŁAD PRODUKCYJNY PŁOCK\RAFINERIA\PR03 BLOK PRZEROBU ROPY\DRW-IV|DR4.FC43354_OP.PV;"2026-08-01 16:26:44,100006";"50,144947052002"
\\PIAF\PKN Orlen\PI Vision\PKN Orlen\ZAKŁAD PRODUKCYJNY PŁOCK\RAFINERIA\PR03 BLOK PRZEROBU ROPY\DRW-IV|DR4.FC43354_OP.PV;"2026-08-01 16:52:09,255005";"50,6950149536133"
\\PIAF\PKN Orlen\PI Vision\PKN Orlen\ZAKŁAD PRODUKCYJNY PŁOCK\RAFINERIA\PR03 BLOK PRZEROBU ROPY\DRW-IV|DR4.FC43354_OP.PV;"2026-08-01 17:31:54,194";"50,5786437988281"
\\PIAF\PKN Orlen\PI Vision\PKN Orlen\ZAKŁAD PRODUKCYJNY PŁOCK\RAFINERIA\PR03 BLOK PRZEROBU ROPY\DRW-IV|DR4.FC43354_OP.PV;"2026-08-01 18:12:59,153";"50,4960479736328"
\\PIAF\PKN Orlen\PI Vision\PKN Orlen\ZAKŁAD PRODUKCYJNY PŁOCK\RAFINERIA\PR03 BLOK PRZEROBU ROPY\DRW-IV|DR4.FC43354_OP.PV;"2026-08-01 18:49:39,138";"50,0271797180176"
\\PIAF\PKN Orlen\PI Vision\PKN Orlen\ZAKŁAD PRODUKCYJNY PŁOCK\RAFINERIA\PR03 BLOK PRZEROBU ROPY\DRW-IV|DR4.FC43354_OP.PV;"2026-08-01 19:01:34,128006";"49,829833984375"
\\PIAF\PKN Orlen\PI Vision\PKN Orlen\ZAKŁAD PRODUKCYJNY PŁOCK\RAFINERIA\PR03 BLOK PRZEROBU ROPY\DRW-IV|DR4.FC43354_OP.PV;"2026-08-01 19:09:19,194";"49,9399299621582"
\\PIAF\PKN Orlen\PI Vision\PKN Orlen\ZAKŁAD PRODUKCYJNY PŁOCK\RAFINERIA\PR03 BLOK PRZEROBU ROPY\DRW-IV|DR4.FC43354_OP.PV;"2026-08-01 19:16:59,119003";"49,8445777893066"
\\PIAF\PKN Orlen\PI Vision\PKN Orlen\ZAKŁAD PRODUKCYJNY PŁOCK\RAFINERIA\PR03 BLOK PRZEROBU ROPY\DRW-IV|DR4.FC43354_OP.PV;"2026-08-01 19:24:14,106003";"49,9491806030273"
\\PIAF\PKN Orlen\PI Vision\PKN Orlen\ZAKŁAD PRODUKCYJNY PŁOCK\RAFINERIA\PR03 BLOK PRZEROBU ROPY\DRW-IV|DR4.FC43354_OP.PV;"2026-08-01 19:44:44,147003";"49,6352958679199"
\\PIAF\PKN Orlen\PI Vision\PKN Orlen\ZAKŁAD PRODUKCYJNY PŁOCK\RAFINERIA\PR03 BLOK PRZEROBU ROPY\DRW-IV|DR4.FC43354_OP.PV;"2026-08-01 19:50:19,165008";"49,8576545715332"
\\PIAF\PKN Orlen\PI Vision\PKN Orlen\ZAKŁAD PRODUKCYJNY PŁOCK\RAFINERIA\PR03 BLOK PRZEROBU ROPY\DRW-IV|DR4.FC43354_OP.PV;"2026-08-01 19:53:59,12001";"50,7534255981445"
\\PIAF\PKN Orlen\PI Vision\PKN Orlen\ZAKŁAD PRODUKCYJNY PŁOCK\RAFINERIA\PR03 BLOK PRZEROBU ROPY\DRW-IV|DR4.FC43354_OP.PV;"2026-08-01 19:59:34,138";"50,2341423034668"
\\PIAF\PKN Orlen\PI Vision\PKN Orlen\ZAKŁAD PRODUKCYJNY PŁOCK\RAFINERIA\PR03 BLOK PRZEROBU ROPY\DRW-IV|DR4.FC43354_OP.PV;"2026-08-01 20:04:44,109009";"50,112663269043"
\\PIAF\PKN Orlen\PI Vision\PKN Orlen\ZAKŁAD PRODUKCYJNY PŁOCK\RAFINERIA\PR03 BLOK PRZEROBU ROPY\DRW-IV|DR4.FC43354_OP.PV;"2026-08-01 20:13:44,097";"50,4184875488281"
\\PIAF\PKN Orlen\PI Vision\PKN Orlen\ZAKŁAD PRODUKCYJNY PŁOCK\RAFINERIA\PR03 BLOK PRZEROBU ROPY\DRW-IV|DR4.FC43354_OP.PV;"2026-08-01 20:32:34,168014";"49,8076438903809"
\\PIAF\PKN Orlen\PI Vision\PKN Orlen\ZAKŁAD PRODUKCYJNY PŁOCK\RAFINERIA\PR03 BLOK PRZEROBU ROPY\DRW-IV|DR4.FC43354_OP.PV;"2026-08-01 21:05:19,20401";"50,0337677001953"
\\PIAF\PKN Orlen\PI Vision\PKN Orlen\ZAKŁAD PRODUKCYJNY PŁOCK\RAFINERIA\PR03 BLOK PRZEROBU ROPY\DRW-IV|DR4.FC43354_OP.PV;"2026-08-01 21:31:59,153015";"49,7861404418945"
\\PIAF\PKN Orlen\PI Vision\PKN Orlen\ZAKŁAD PRODUKCYJNY PŁOCK\RAFINERIA\PR03 BLOK PRZEROBU ROPY\DRW-IV|DR4.FC43354_OP.PV;"2026-08-01 22:23:24,178009";"49,7450180053711"
\\PIAF\PKN Orlen\PI Vision\PKN Orlen\ZAKŁAD PRODUKCYJNY PŁOCK\RAFINERIA\PR03 BLOK PRZEROBU ROPY\DRW-IV|DR4.FC43354_OP.PV;"2026-08-01 22:31:59,228012";"48,8707580566406"
\\PIAF\PKN Orlen\PI Vision\PKN Orlen\ZAKŁAD PRODUKCYJNY PŁOCK\RAFINERIA\PR03 BLOK PRZEROBU ROPY\DRW-IV|DR4.FC43354_OP.PV;"2026-08-01 22:47:54,188004";"49,0828132629395"
\\PIAF\PKN Orlen\PI Vision\PKN Orlen\ZAKŁAD PRODUKCYJNY PŁOCK\RAFINERIA\PR03 BLOK PRZEROBU ROPY\DRW-IV|DR4.FC43354_OP.PV;"2026-08-01 22:54:19,19101";"49,3259124755859"
\\PIAF\PKN Orlen\PI Vision\PKN Orlen\ZAKŁAD PRODUKCYJNY PŁOCK\RAFINERIA\PR03 BLOK PRZEROBU ROPY\DRW-IV|DR4.FC43354_OP.PV;"2026-08-01 22:58:54,162002";"49,430606842041"
\\PIAF\PKN Orlen\PI Vision\PKN Orlen\ZAKŁAD PRODUKCYJNY PŁOCK\RAFINERIA\PR03 BLOK PRZEROBU ROPY\DRW-IV|DR4.FC43354_OP.PV;"2026-08-01 23:18:19,124008";"49,5409278869629"
\\PIAF\PKN Orlen\PI Vision\PKN Orlen\ZAKŁAD PRODUKCYJNY PŁOCK\RAFINERIA\PR03 BLOK PRZEROBU ROPY\DRW-IV|DR4.FC43354_OP.PV;"2026-08-01 23:25:44,174011";"49,4370765686035"
\\PIAF\PKN Orlen\PI Vision\PKN Orlen\ZAKŁAD PRODUKCYJNY PŁOCK\RAFINERIA\PR03 BLOK PRZEROBU ROPY\DRW-IV|DR4.FC43354_OP.PV;"2026-08-01 23:34:14,193008";"49,6416320800781"
\\PIAF\PKN Orlen\PI Vision\PKN Orlen\ZAKŁAD PRODUKCYJNY PŁOCK\RAFINERIA\PR03 BLOK PRZEROBU ROPY\DRW-IV|DR4.FC43354_OP.PV;"2026-08-01 23:41:29,181";"49,4130516052246"
\\PIAF\PKN Orlen\PI Vision\PKN Orlen\ZAKŁAD PRODUKCYJNY PŁOCK\RAFINERIA\PR03 BLOK PRZEROBU ROPY\DRW-IV|DR4.FC43354_OP.PV;"2026-08-01 23:59:59,126007";"49,90576171875"
\\PIAF\PKN Orlen\PI Vision\PKN Orlen\ZAKŁAD PRODUKCYJNY PŁOCK\RAFINERIA\PR03 BLOK PRZEROBU ROPY\DRW-IV|DR4.FC43354_OP.PV;"2026-08-02 00:13:39,117004";"49,6716041564941"
\\PIAF\PKN Orlen\PI Vision\PKN Orlen\ZAKŁAD PRODUKCYJNY PŁOCK\RAFINERIA\PR03 BLOK PRZEROBU ROPY\DRW-IV|DR4.FC43354_OP.PV;"2026-08-02 00:17:19,181";"50,0180969238281"
\\PIAF\PKN Orlen\PI Vision\PKN Orlen\ZAKŁAD PRODUKCYJNY PŁOCK\RAFINERIA\PR03 BLOK PRZEROBU ROPY\DRW-IV|DR4.FC43354_OP.PV;"2026-08-02 00:30:09,077011";"49,6775894165039"
\\PIAF\PKN Orlen\PI Vision\PKN Orlen\ZAKŁAD PRODUKCYJNY PŁOCK\RAFINERIA\PR03 BLOK PRZEROBU ROPY\DRW-IV|DR4.FC43354_OP.PV;"2026-08-02 00:42:14,129013";"49,9416847229004"
\\PIAF\PKN Orlen\PI Vision\PKN Orlen\ZAKŁAD PRODUKCYJNY PŁOCK\RAFINERIA\PR03 BLOK PRZEROBU ROPY\DRW-IV|DR4.FC43354_OP.PV;"2026-08-02 01:01:14,153";"49,7785148620605"
\\PIAF\PKN Orlen\PI Vision\PKN Orlen\ZAKŁAD PRODUKCYJNY PŁOCK\RAFINERIA\PR03 BLOK PRZEROBU ROPY\DRW-IV|DR4.FC43354_OP.PV;"2026-08-02 01:22:09,186004";"49,9646873474121"
\\PIAF\PKN Orlen\PI Vision\PKN Orlen\ZAKŁAD PRODUKCYJNY PŁOCK\RAFINERIA\PR03 BLOK PRZEROBU ROPY\DRW-IV|DR4.FC43354_OP.PV;"2026-08-02 02:31:34,216003";"49,9245376586914"
\\PIAF\PKN Orlen\PI Vision\PKN Orlen\ZAKŁAD PRODUKCYJNY PŁOCK\RAFINERIA\PR03 BLOK PRZEROBU ROPY\DRW-IV|DR4.FC43354_OP.PV;"2026-08-02 03:22:59,161011";"49,8367462158203"
\\PIAF\PKN Orlen\PI Vision\PKN Orlen\ZAKŁAD PRODUKCYJNY PŁOCK\RAFINERIA\PR03 BLOK PRZEROBU ROPY\DRW-IV|DR4.FC43354_OP.PV;"2026-08-02 03:46:54,171005";"49,8784713745117"
\\PIAF\PKN Orlen\PI Vision\PKN Orlen\ZAKŁAD PRODUKCYJNY PŁOCK\RAFINERIA\PR03 BLOK PRZEROBU ROPY\DRW-IV|DR4.FC43354_OP.PV;"2026-08-02 04:12:29,151001";"49,4917335510254"
\\PIAF\PKN Orlen\PI Vision\PKN Orlen\ZAKŁAD PRODUKCYJNY PŁOCK\RAFINERIA\PR03 BLOK PRZEROBU ROPY\DRW-IV|DR4.FC43354_OP.PV;"2026-08-02 04:47:09,137008";"49,6755905151367"
\\PIAF\PKN Orlen\PI Vision\PKN Orlen\ZAKŁAD PRODUKCYJNY PŁOCK\RAFINERIA\PR03 BLOK PRZEROBU ROPY\DRW-IV|DR4.FC43354_OP.PV;"2026-08-02 04:56:09,125";"49,8756675720215"
\\PIAF\PKN Orlen\PI Vision\PKN Orlen\ZAKŁAD PRODUKCYJNY PŁOCK\RAFINERIA\PR03 BLOK PRZEROBU ROPY\DRW-IV|DR4.FC43354_OP.PV;"2026-08-02 05:01:09,143005";"49,2236289978027"
\\PIAF\PKN Orlen\PI Vision\PKN Orlen\ZAKŁAD PRODUKCYJNY PŁOCK\RAFINERIA\PR03 BLOK PRZEROBU ROPY\DRW-IV|DR4.FC43354_OP.PV;"2026-08-02 05:08:24,130005";"49,6882247924805"
\\PIAF\PKN Orlen\PI Vision\PKN Orlen\ZAKŁAD PRODUKCYJNY PŁOCK\RAFINERIA\PR03 BLOK PRZEROBU ROPY\DRW-IV|DR4.FC43354_OP.PV;"2026-08-02 05:24:29,153015";"49,8477401733398"
\\PIAF\PKN Orlen\PI Vision\PKN Orlen\ZAKŁAD PRODUKCYJNY PŁOCK\RAFINERIA\PR03 BLOK PRZEROBU ROPY\DRW-IV|DR4.FC43354_OP.PV;"2026-08-02 05:28:29,123001";"49,4109077453613"
\\PIAF\PKN Orlen\PI Vision\PKN Orlen\ZAKŁAD PRODUKCYJNY PŁOCK\RAFINERIA\PR03 BLOK PRZEROBU ROPY\DRW-IV|DR4.FC43354_OP.PV;"2026-08-02 05:36:24,143005";"49,8219680786133"
\\PIAF\PKN Orlen\PI Vision\PKN Orlen\ZAKŁAD PRODUKCYJNY PŁOCK\RAFINERIA\PR03 BLOK PRZEROBU ROPY\DRW-IV|DR4.FC43354_OP.PV;"2026-08-02 05:48:49,201004";"49,6090660095215"
\\PIAF\PKN Orlen\PI Vision\PKN Orlen\ZAKŁAD PRODUKCYJNY PŁOCK\RAFINERIA\PR03 BLOK PRZEROBU ROPY\DRW-IV|DR4.FC43354_OP.PV;"2026-08-02 06:12:44,212006";"49,4960174560547"
\\PIAF\PKN Orlen\PI Vision\PKN Orlen\ZAKŁAD PRODUKCYJNY PŁOCK\RAFINERIA\PR03 BLOK PRZEROBU ROPY\DRW-IV|DR4.FC43354_OP.PV;"2026-08-02 06:24:59,222015";"49,6025314331055"
\\PIAF\PKN Orlen\PI Vision\PKN Orlen\ZAKŁAD PRODUKCYJNY PŁOCK\RAFINERIA\PR03 BLOK PRZEROBU ROPY\DRW-IV|DR4.FC43354_OP.PV;"2026-08-02 06:31:09,241012";"49,4986038208008"
\\PIAF\PKN Orlen\PI Vision\PKN Orlen\ZAKŁAD PRODUKCYJNY PŁOCK\RAFINERIA\PR03 BLOK PRZEROBU ROPY\DRW-IV|DR4.FC43354_OP.PV;"2026-08-02 07:01:39,207016";"49,7209434509277"
\\PIAF\PKN Orlen\PI Vision\PKN Orlen\ZAKŁAD PRODUKCYJNY PŁOCK\RAFINERIA\PR03 BLOK PRZEROBU ROPY\DRW-IV|DR4.FC43354_OP.PV;"2026-08-02 07:17:09,230011";"49,6314392089844"
\\PIAF\PKN Orlen\PI Vision\PKN Orlen\ZAKŁAD PRODUKCYJNY PŁOCK\RAFINERIA\PR03 BLOK PRZEROBU ROPY\DRW-IV|DR4.FC43354_OP.PV;"2026-08-02 07:32:44,174011";"49,8069000244141"
\\PIAF\PKN Orlen\PI Vision\PKN Orlen\ZAKŁAD PRODUKCYJNY PŁOCK\RAFINERIA\PR03 BLOK PRZEROBU ROPY\DRW-IV|DR4.FC43354_OP.PV;"2026-08-02 07:36:34,19101";"49,4947662353516"
\\PIAF\PKN Orlen\PI Vision\PKN Orlen\ZAKŁAD PRODUKCYJNY PŁOCK\RAFINERIA\PR03 BLOK PRZEROBU ROPY\DRW-IV|DR4.FC43354_OP.PV;"2026-08-02 08:20:34,195007";"49,3924674987793"
\\PIAF\PKN Orlen\PI Vision\PKN Orlen\ZAKŁAD PRODUKCYJNY PŁOCK\RAFINERIA\PR03 BLOK PRZEROBU ROPY\DRW-IV|DR4.FC43354_OP.PV;"2026-08-02 08:32:19,122009";"49,5800552368164"
\\PIAF\PKN Orlen\PI Vision\PKN Orlen\ZAKŁAD PRODUKCYJNY PŁOCK\RAFINERIA\PR03 BLOK PRZEROBU ROPY\DRW-IV|DR4.FC43354_OP.PV;"2026-08-02 08:35:59,186004";"49,712230682373"
\\PIAF\PKN Orlen\PI Vision\PKN Orlen\ZAKŁAD PRODUKCYJNY PŁOCK\RAFINERIA\PR03 BLOK PRZEROBU ROPY\DRW-IV|DR4.FC43354_OP.PV;"2026-08-02 08:41:24,142014";"49,2899513244629"
\\PIAF\PKN Orlen\PI Vision\PKN Orlen\ZAKŁAD PRODUKCYJNY PŁOCK\RAFINERIA\PR03 BLOK PRZEROBU ROPY\DRW-IV|DR4.FC43354_OP.PV;"2026-08-02 08:57:34,086014";"49,5143241882324"
\\PIAF\PKN Orlen\PI Vision\PKN Orlen\ZAKŁAD PRODUKCYJNY PŁOCK\RAFINERIA\PR03 BLOK PRZEROBU ROPY\DRW-IV|DR4.FC43354_OP.PV;"2026-08-02 09:01:54,182007";"49,0681457519531"
\\PIAF\PKN Orlen\PI Vision\PKN Orlen\ZAKŁAD PRODUKCYJNY PŁOCK\RAFINERIA\PR03 BLOK PRZEROBU ROPY\DRW-IV|DR4.FC43354_OP.PV;"2026-08-02 09:17:29,126007";"49,355339050293"
\\PIAF\PKN Orlen\PI Vision\PKN Orlen\ZAKŁAD PRODUKCYJNY PŁOCK\RAFINERIA\PR03 BLOK PRZEROBU ROPY\DRW-IV|DR4.FC43354_OP.PV;"2026-08-02 09:24:24,098007";"49,1803169250488"
\\PIAF\PKN Orlen\PI Vision\PKN Orlen\ZAKŁAD PRODUKCYJNY PŁOCK\RAFINERIA\PR03 BLOK PRZEROBU ROPY\DRW-IV|DR4.FC43354_OP.PV;"2026-08-02 09:40:34,152008";"48,9465637207031"
\\PIAF\PKN Orlen\PI Vision\PKN Orlen\ZAKŁAD PRODUKCYJNY PŁOCK\RAFINERIA\PR03 BLOK PRZEROBU ROPY\DRW-IV|DR4.FC43354_OP.PV;"2026-08-02 09:47:04,077011";"49,2567367553711"
\\PIAF\PKN Orlen\PI Vision\PKN Orlen\ZAKŁAD PRODUKCYJNY PŁOCK\RAFINERIA\PR03 BLOK PRZEROBU ROPY\DRW-IV|DR4.FC43354_OP.PV;"2026-08-02 09:57:59,064011";"49,1767807006836"
\\PIAF\PKN Orlen\PI Vision\PKN Orlen\ZAKŁAD PRODUKCYJNY PŁOCK\RAFINERIA\PR03 BLOK PRZEROBU ROPY\DRW-IV|DR4.FC43354_OP.PV;"2026-08-02 10:15:34,203003";"49,6106986999512"
\\PIAF\PKN Orlen\PI Vision\PKN Orlen\ZAKŁAD PRODUKCYJNY PŁOCK\RAFINERIA\PR03 BLOK PRZEROBU ROPY\DRW-IV|DR4.FC43354_OP.PV;"2026-08-02 10:52:09,186004";"49,4832992553711"
\\PIAF\PKN Orlen\PI Vision\PKN Orlen\ZAKŁAD PRODUKCYJNY PŁOCK\RAFINERIA\PR03 BLOK PRZEROBU ROPY\DRW-IV|DR4.FC43354_OP.PV;"2026-08-02 11:01:14,206009";"49,3333435058594"
\\PIAF\PKN Orlen\PI Vision\PKN Orlen\ZAKŁAD PRODUKCYJNY PŁOCK\RAFINERIA\PR03 BLOK PRZEROBU ROPY\DRW-IV|DR4.FC43354_OP.PV;"2026-08-02 11:14:04,212006";"49,8552589416504"
\\PIAF\PKN Orlen\PI Vision\PKN Orlen\ZAKŁAD PRODUKCYJNY PŁOCK\RAFINERIA\PR03 BLOK PRZEROBU ROPY\DRW-IV|DR4.FC43354_OP.PV;"2026-08-02 11:17:04,13501";"50,1817588806152"
\\PIAF\PKN Orlen\PI Vision\PKN Orlen\ZAKŁAD PRODUKCYJNY PŁOCK\RAFINERIA\PR03 BLOK PRZEROBU ROPY\DRW-IV|DR4.FC43354_OP.PV;"2026-08-02 11:25:29,23201";"49,6222190856934"
\\PIAF\PKN Orlen\PI Vision\PKN Orlen\ZAKŁAD PRODUKCYJNY PŁOCK\RAFINERIA\PR03 BLOK PRZEROBU ROPY\DRW-IV|DR4.FC43354_OP.PV;"2026-08-02 11:36:14,221008";"49,8498344421387"
\\PIAF\PKN Orlen\PI Vision\PKN Orlen\ZAKŁAD PRODUKCYJNY PŁOCK\RAFINERIA\PR03 BLOK PRZEROBU ROPY\DRW-IV|DR4.FC43354_OP.PV;"2026-08-02 11:47:04,132004";"49,8059577941895"
\\PIAF\PKN Orlen\PI Vision\PKN Orlen\ZAKŁAD PRODUKCYJNY PŁOCK\RAFINERIA\PR03 BLOK PRZEROBU ROPY\DRW-IV|DR4.FC43354_OP.PV;"2026-08-02 12:31:19,121002";"49,8913536071777"
\\PIAF\PKN Orlen\PI Vision\PKN Orlen\ZAKŁAD PRODUKCYJNY PŁOCK\RAFINERIA\PR03 BLOK PRZEROBU ROPY\DRW-IV|DR4.FC43354_OP.PV;"2026-08-02 12:49:09,144012";"49,7010688781738"
\\PIAF\PKN Orlen\PI Vision\PKN Orlen\ZAKŁAD PRODUKCYJNY PŁOCK\RAFINERIA\PR03 BLOK PRZEROBU ROPY\DRW-IV|DR4.FC43354_OP.PV;"2026-08-02 12:56:04,116012";"50,1467018127441"
\\PIAF\PKN Orlen\PI Vision\PKN Orlen\ZAKŁAD PRODUKCYJNY PŁOCK\RAFINERIA\PR03 BLOK PRZEROBU ROPY\DRW-IV|DR4.FC43354_OP.PV;"2026-08-02 13:04:19,151001";"49,7260437011719"
\\PIAF\PKN Orlen\PI Vision\PKN Orlen\ZAKŁAD PRODUKCYJNY PŁOCK\RAFINERIA\PR03 BLOK PRZEROBU ROPY\DRW-IV|DR4.FC43354_OP.PV;"2026-08-02 13:13:39,155014";"49,8583145141602"
\\PIAF\PKN Orlen\PI Vision\PKN Orlen\ZAKŁAD PRODUKCYJNY PŁOCK\RAFINERIA\PR03 BLOK PRZEROBU ROPY\DRW-IV|DR4.FC43354_OP.PV;"2026-08-02 14:08:34,101013";"49,8058242797852"
\\PIAF\PKN Orlen\PI Vision\PKN Orlen\ZAKŁAD PRODUKCYJNY PŁOCK\RAFINERIA\PR03 BLOK PRZEROBU ROPY\DRW-IV|DR4.FC43354_OP.PV;"2026-08-02 14:37:04,082001";"49,7308654785156"
\\PIAF\PKN Orlen\PI Vision\PKN Orlen\ZAKŁAD PRODUKCYJNY PŁOCK\RAFINERIA\PR03 BLOK PRZEROBU ROPY\DRW-IV|DR4.FC43354_OP.PV;"2026-08-02 15:49:59,192001";"49,7150726318359"
\\PIAF\PKN Orlen\PI Vision\PKN Orlen\ZAKŁAD PRODUKCYJNY PŁOCK\RAFINERIA\PR03 BLOK PRZEROBU ROPY\DRW-IV|DR4.FC43354_OP.PV;"2026-08-02 16:25:24,074005";"49,7840843200684"
\\PIAF\PKN Orlen\PI Vision\PKN Orlen\ZAKŁAD PRODUKCYJNY PŁOCK\RAFINERIA\PR03 BLOK PRZEROBU ROPY\DRW-IV|DR4.FC43354_OP.PV;"2026-08-02 17:16:04,200012";"49,7932472229004"
\\PIAF\PKN Orlen\PI Vision\PKN Orlen\ZAKŁAD PRODUKCYJNY PŁOCK\RAFINERIA\PR03 BLOK PRZEROBU ROPY\DRW-IV|DR4.FC43354_OP.PV;"2026-08-02 18:05:09,167007";"49,7088966369629"
\\PIAF\PKN Orlen\PI Vision\PKN Orlen\ZAKŁAD PRODUKCYJNY PŁOCK\RAFINERIA\PR03 BLOK PRZEROBU ROPY\DRW-IV|DR4.FC43354_OP.PV;"2026-08-02 18:13:04,187011";"49,8173751831055"
\\PIAF\PKN Orlen\PI Vision\PKN Orlen\ZAKŁAD PRODUKCYJNY PŁOCK\RAFINERIA\PR03 BLOK PRZEROBU ROPY\DRW-IV|DR4.FC43354_OP.PV;"2026-08-02 18:37:24,13501";"49,9909934997559"
\\PIAF\PKN Orlen\PI Vision\PKN Orlen\ZAKŁAD PRODUKCYJNY PŁOCK\RAFINERIA\PR03 BLOK PRZEROBU ROPY\DRW-IV|DR4.FC43354_OP.PV;"2026-08-02 18:48:34,171005";"49,8857307434082"
\\PIAF\PKN Orlen\PI Vision\PKN Orlen\ZAKŁAD PRODUKCYJNY PŁOCK\RAFINERIA\PR03 BLOK PRZEROBU ROPY\DRW-IV|DR4.FC43354_OP.PV;"2026-08-02 19:21:39,218002";"49,6622734069824"
\\PIAF\PKN Orlen\PI Vision\PKN Orlen\ZAKŁAD PRODUKCYJNY PŁOCK\RAFINERIA\PR03 BLOK PRZEROBU ROPY\DRW-IV|DR4.FC43354_OP.PV;"2026-08-02 19:53:44,23201";"49,5788230895996"
\\PIAF\PKN Orlen\PI Vision\PKN Orlen\ZAKŁAD PRODUKCYJNY PŁOCK\RAFINERIA\PR03 BLOK PRZEROBU ROPY\DRW-IV|DR4.FC43354_OP.PV;"2026-08-02 20:16:29,242004";"48,956127166748"
\\PIAF\PKN Orlen\PI Vision\PKN Orlen\ZAKŁAD PRODUKCYJNY PŁOCK\RAFINERIA\PR03 BLOK PRZEROBU ROPY\DRW-IV|DR4.FC43354_OP.PV;"2026-08-02 20:45:29,192001";"49,0669708251953"
\\PIAF\PKN Orlen\PI Vision\PKN Orlen\ZAKŁAD PRODUKCYJNY PŁOCK\RAFINERIA\PR03 BLOK PRZEROBU ROPY\DRW-IV|DR4.FC43354_OP.PV;"2026-08-02 20:52:49,17601";"48,8388328552246"
\\PIAF\PKN Orlen\PI Vision\PKN Orlen\ZAKŁAD PRODUKCYJNY PŁOCK\RAFINERIA\PR03 BLOK PRZEROBU ROPY\DRW-IV|DR4.FC43354_OP.PV;"2026-08-02 21:11:19,122009";"48,6239204406738"
\\PIAF\PKN Orlen\PI Vision\PKN Orlen\ZAKŁAD PRODUKCYJNY PŁOCK\RAFINERIA\PR03 BLOK PRZEROBU ROPY\DRW-IV|DR4.FC43354_OP.PV;"2026-08-02 21:49:14,139008";"49,3323745727539"
\\PIAF\PKN Orlen\PI Vision\PKN Orlen\ZAKŁAD PRODUKCYJNY PŁOCK\RAFINERIA\PR03 BLOK PRZEROBU ROPY\DRW-IV|DR4.FC43354_OP.PV;"2026-08-02 21:56:54,173004";"49,5277252197266"
\\PIAF\PKN Orlen\PI Vision\PKN Orlen\ZAKŁAD PRODUKCYJNY PŁOCK\RAFINERIA\PR03 BLOK PRZEROBU ROPY\DRW-IV|DR4.FC43354_OP.PV;"2026-08-02 22:16:09,182007";"49,8156509399414"
\\PIAF\PKN Orlen\PI Vision\PKN Orlen\ZAKŁAD PRODUKCYJNY PŁOCK\RAFINERIA\PR03 BLOK PRZEROBU ROPY\DRW-IV|DR4.FC43354_OP.PV;"2026-08-02 22:30:04,157013";"49,4997711181641"
\\PIAF\PKN Orlen\PI Vision\PKN Orlen\ZAKŁAD PRODUKCYJNY PŁOCK\RAFINERIA\PR03 BLOK PRZEROBU ROPY\DRW-IV|DR4.FC43354_OP.PV;"2026-08-02 22:49:09,086014";"49,6115455627441"
\\PIAF\PKN Orlen\PI Vision\PKN Orlen\ZAKŁAD PRODUKCYJNY PŁOCK\RAFINERIA\PR03 BLOK PRZEROBU ROPY\DRW-IV|DR4.FC43354_OP.PV;"2026-08-02 22:56:04,167007";"49,177173614502"
\\PIAF\PKN Orlen\PI Vision\PKN Orlen\ZAKŁAD PRODUKCYJNY PŁOCK\RAFINERIA\PR03 BLOK PRZEROBU ROPY\DRW-IV|DR4.FC43354_OP.PV;"2026-08-02 23:21:49,100006";"49,152889251709"
\\PIAF\PKN Orlen\PI Vision\PKN Orlen\ZAKŁAD PRODUKCYJNY PŁOCK\RAFINERIA\PR03 BLOK PRZEROBU ROPY\DRW-IV|DR4.FC43354_OP.PV;"2026-08-02 23:26:19,149002";"48,8273391723633"
\\PIAF\PKN Orlen\PI Vision\PKN Orlen\ZAKŁAD PRODUKCYJNY PŁOCK\RAFINERIA\PR03 BLOK PRZEROBU ROPY\DRW-IV|DR4.FC43354_OP.PV;"2026-08-02 23:57:14,153015";"48,7036590576172"
\\PIAF\PKN Orlen\PI Vision\PKN Orlen\ZAKŁAD PRODUKCYJNY PŁOCK\RAFINERIA\PR03 BLOK PRZEROBU ROPY\DRW-IV|DR4.FC43354_OP.PV;"2026-08-03 00:07:09,158005";"48,0569496154785"
\\PIAF\PKN Orlen\PI Vision\PKN Orlen\ZAKŁAD PRODUKCYJNY PŁOCK\RAFINERIA\PR03 BLOK PRZEROBU ROPY\DRW-IV|DR4.FC43354_OP.PV;"2026-08-03 00:29:29,154007";"48,0829963684082"
\\PIAF\PKN Orlen\PI Vision\PKN Orlen\ZAKŁAD PRODUKCYJNY PŁOCK\RAFINERIA\PR03 BLOK PRZEROBU ROPY\DRW-IV|DR4.FC43354_OP.PV;"2026-08-03 00:37:39,214004";"48,8615303039551"
\\PIAF\PKN Orlen\PI Vision\PKN Orlen\ZAKŁAD PRODUKCYJNY PŁOCK\RAFINERIA\PR03 BLOK PRZEROBU ROPY\DRW-IV|DR4.FC43354_OP.PV;"2026-08-03 00:54:59,159012";"48,3349151611328"
\\PIAF\PKN Orlen\PI Vision\PKN Orlen\ZAKŁAD PRODUKCYJNY PŁOCK\RAFINERIA\PR03 BLOK PRZEROBU ROPY\DRW-IV|DR4.FC43354_OP.PV;"2026-08-03 01:01:39,114013";"48,113899230957"
\\PIAF\PKN Orlen\PI Vision\PKN Orlen\ZAKŁAD PRODUKCYJNY PŁOCK\RAFINERIA\PR03 BLOK PRZEROBU ROPY\DRW-IV|DR4.FC43354_OP.PV;"2026-08-03 01:22:29,133011";"48,3356475830078"
\\PIAF\PKN Orlen\PI Vision\PKN Orlen\ZAKŁAD PRODUKCYJNY PŁOCK\RAFINERIA\PR03 BLOK PRZEROBU ROPY\DRW-IV|DR4.FC43354_OP.PV;"2026-08-03 01:41:44,241012";"48,6701583862305"
\\PIAF\PKN Orlen\PI Vision\PKN Orlen\ZAKŁAD PRODUKCYJNY PŁOCK\RAFINERIA\PR03 BLOK PRZEROBU ROPY\DRW-IV|DR4.FC43354_OP.PV;"2026-08-03 02:09:54,154007";"48,5511665344238"
\\PIAF\PKN Orlen\PI Vision\PKN Orlen\ZAKŁAD PRODUKCYJNY PŁOCK\RAFINERIA\PR03 BLOK PRZEROBU ROPY\DRW-IV|DR4.FC43354_OP.PV;"2026-08-03 02:55:04,149002";"47,8782119750977"
\\PIAF\PKN Orlen\PI Vision\PKN Orlen\ZAKŁAD PRODUKCYJNY PŁOCK\RAFINERIA\PR03 BLOK PRZEROBU ROPY\DRW-IV|DR4.FC43354_OP.PV;"2026-08-03 03:00:09,198013";"48,016056060791"
\\PIAF\PKN Orlen\PI Vision\PKN Orlen\ZAKŁAD PRODUKCYJNY PŁOCK\RAFINERIA\PR03 BLOK PRZEROBU ROPY\DRW-IV|DR4.FC43354_OP.PV;"2026-08-03 03:07:14,233001";"47,397289276123"
\\PIAF\PKN Orlen\PI Vision\PKN Orlen\ZAKŁAD PRODUKCYJNY PŁOCK\RAFINERIA\PR03 BLOK PRZEROBU ROPY\DRW-IV|DR4.FC43354_OP.PV;"2026-08-03 03:39:39,153";"47,6010971069336"
\\PIAF\PKN Orlen\PI Vision\PKN Orlen\ZAKŁAD PRODUKCYJNY PŁOCK\RAFINERIA\PR03 BLOK PRZEROBU ROPY\DRW-IV|DR4.FC43354_OP.PV;"2026-08-03 03:57:19,114013";"47,4867820739746"
\\PIAF\PKN Orlen\PI Vision\PKN Orlen\ZAKŁAD PRODUKCYJNY PŁOCK\RAFINERIA\PR03 BLOK PRZEROBU ROPY\DRW-IV|DR4.FC43354_OP.PV;"2026-08-03 04:10:04,198013";"47,5973510742188"
\\PIAF\PKN Orlen\PI Vision\PKN Orlen\ZAKŁAD PRODUKCYJNY PŁOCK\RAFINERIA\PR03 BLOK PRZEROBU ROPY\DRW-IV|DR4.FC43354_OP.PV;"2026-08-03 04:43:39,111007";"47,4263229370117"
\\PIAF\PKN Orlen\PI Vision\PKN Orlen\ZAKŁAD PRODUKCYJNY PŁOCK\RAFINERIA\PR03 BLOK PRZEROBU ROPY\DRW-IV|DR4.FC43354_OP.PV;"2026-08-03 04:46:59,159012";"47,7722473144531"
\\PIAF\PKN Orlen\PI Vision\PKN Orlen\ZAKŁAD PRODUKCYJNY PŁOCK\RAFINERIA\PR03 BLOK PRZEROBU ROPY\DRW-IV|DR4.FC43354_OP.PV;"2026-08-03 05:03:39,182007";"47,8962326049805"
\\PIAF\PKN Orlen\PI Vision\PKN Orlen\ZAKŁAD PRODUKCYJNY PŁOCK\RAFINERIA\PR03 BLOK PRZEROBU ROPY\DRW-IV|DR4.FC43354_OP.PV;"2026-08-03 05:16:49,094009";"48,1334533691406"
\\PIAF\PKN Orlen\PI Vision\PKN Orlen\ZAKŁAD PRODUKCYJNY PŁOCK\RAFINERIA\PR03 BLOK PRZEROBU ROPY\DRW-IV|DR4.FC43354_OP.PV;"2026-08-03 05:52:59,110001";"48,0958442687988"
\\PIAF\PKN Orlen\PI Vision\PKN Orlen\ZAKŁAD PRODUKCYJNY PŁOCK\RAFINERIA\PR03 BLOK PRZEROBU ROPY\DRW-IV|DR4.FC43354_OP.PV;"2026-08-03 06:09:34,101013";"48,0496025085449"
\\PIAF\PKN Orlen\PI Vision\PKN Orlen\ZAKŁAD PRODUKCYJNY PŁOCK\RAFINERIA\PR03 BLOK PRZEROBU ROPY\DRW-IV|DR4.FC43354_OP.PV;"2026-08-03 06:18:29,140014";"47,9384231567383"
\\PIAF\PKN Orlen\PI Vision\PKN Orlen\ZAKŁAD PRODUKCYJNY PŁOCK\RAFINERIA\PR03 BLOK PRZEROBU ROPY\DRW-IV|DR4.FC43354_OP.PV;"2026-08-03 07:33:14,194016";"48,1990013122559"
\\PIAF\PKN Orlen\PI Vision\PKN Orlen\ZAKŁAD PRODUKCYJNY PŁOCK\RAFINERIA\PR03 BLOK PRZEROBU ROPY\DRW-IV|DR4.FC43354_OP.PV;"2026-08-03 07:36:19,149002";"48,5207214355469"
\\PIAF\PKN Orlen\PI Vision\PKN Orlen\ZAKŁAD PRODUKCYJNY PŁOCK\RAFINERIA\PR03 BLOK PRZEROBU ROPY\DRW-IV|DR4.FC43354_OP.PV;"2026-08-03 07:42:24,24501";"48,0876045227051"
\\PIAF\PKN Orlen\PI Vision\PKN Orlen\ZAKŁAD PRODUKCYJNY PŁOCK\RAFINERIA\PR03 BLOK PRZEROBU ROPY\DRW-IV|DR4.FC43354_OP.PV;"2026-08-03 08:03:44,180008";"48,2193069458008"
\\PIAF\PKN Orlen\PI Vision\PKN Orlen\ZAKŁAD PRODUKCYJNY PŁOCK\RAFINERIA\PR03 BLOK PRZEROBU ROPY\DRW-IV|DR4.FC43354_OP.PV;"2026-08-03 08:18:19,186004";"48,0148696899414"
\\PIAF\PKN Orlen\PI Vision\PKN Orlen\ZAKŁAD PRODUKCYJNY PŁOCK\RAFINERIA\PR03 BLOK PRZEROBU ROPY\DRW-IV|DR4.FC43354_OP.PV;"2026-08-03 09:22:09,199005";"48,0283050537109"
\\PIAF\PKN Orlen\PI Vision\PKN Orlen\ZAKŁAD PRODUKCYJNY PŁOCK\RAFINERIA\PR03 BLOK PRZEROBU ROPY\DRW-IV|DR4.FC43354_OP.PV;"2026-08-03 09:44:54,209015";"48,298755645752"
\\PIAF\PKN Orlen\PI Vision\PKN Orlen\ZAKŁAD PRODUKCYJNY PŁOCK\RAFINERIA\PR03 BLOK PRZEROBU ROPY\DRW-IV|DR4.FC43354_OP.PV;"2026-08-03 09:56:44,167007";"48,4039611816406"
\\PIAF\PKN Orlen\PI Vision\PKN Orlen\ZAKŁAD PRODUKCYJNY PŁOCK\RAFINERIA\PR03 BLOK PRZEROBU ROPY\DRW-IV|DR4.FC43354_OP.PV;"2026-08-03 09:59:54,153015";"47,9465751647949"
\\PIAF\PKN Orlen\PI Vision\PKN Orlen\ZAKŁAD PRODUKCYJNY PŁOCK\RAFINERIA\PR03 BLOK PRZEROBU ROPY\DRW-IV|DR4.FC43354_OP.PV;"2026-08-03 10:27:19,165008";"48,4441986083984"
\\PIAF\PKN Orlen\PI Vision\PKN Orlen\ZAKŁAD PRODUKCYJNY PŁOCK\RAFINERIA\PR03 BLOK PRZEROBU ROPY\DRW-IV|DR4.FC43354_OP.PV;"2026-08-03 10:46:14,182007";"47,6740951538086"
\\PIAF\PKN Orlen\PI Vision\PKN Orlen\ZAKŁAD PRODUKCYJNY PŁOCK\RAFINERIA\PR03 BLOK PRZEROBU ROPY\DRW-IV|DR4.FC43354_OP.PV;"2026-08-03 10:48:34,183014";"47,3301086425781"
\\PIAF\PKN Orlen\PI Vision\PKN Orlen\ZAKŁAD PRODUKCYJNY PŁOCK\RAFINERIA\PR03 BLOK PRZEROBU ROPY\DRW-IV|DR4.FC43354_OP.PV;"2026-08-03 10:53:44,154007";"47,6544990539551"
\\PIAF\PKN Orlen\PI Vision\PKN Orlen\ZAKŁAD PRODUKCYJNY PŁOCK\RAFINERIA\PR03 BLOK PRZEROBU ROPY\DRW-IV|DR4.FC43354_OP.PV;"2026-08-03 10:58:19,125015";"48,465461730957"
\\PIAF\PKN Orlen\PI Vision\PKN Orlen\ZAKŁAD PRODUKCYJNY PŁOCK\RAFINERIA\PR03 BLOK PRZEROBU ROPY\DRW-IV|DR4.FC43354_OP.PV;"2026-08-03 11:33:54,10701";"48,5222587585449"
\\PIAF\PKN Orlen\PI Vision\PKN Orlen\ZAKŁAD PRODUKCYJNY PŁOCK\RAFINERIA\PR03 BLOK PRZEROBU ROPY\DRW-IV|DR4.FC43354_OP.PV;"2026-08-03 11:39:39,07901";"49,100471496582"
\\PIAF\PKN Orlen\PI Vision\PKN Orlen\ZAKŁAD PRODUKCYJNY PŁOCK\RAFINERIA\PR03 BLOK PRZEROBU ROPY\DRW-IV|DR4.FC43354_OP.PV;"2026-08-03 11:44:24,112015";"48,5233840942383"
\\PIAF\PKN Orlen\PI Vision\PKN Orlen\ZAKŁAD PRODUKCYJNY PŁOCK\RAFINERIA\PR03 BLOK PRZEROBU ROPY\DRW-IV|DR4.FC43354_OP.PV;"2026-08-03 11:48:14,129013";"48,0902481079102"
\\PIAF\PKN Orlen\PI Vision\PKN Orlen\ZAKŁAD PRODUKCYJNY PŁOCK\RAFINERIA\PR03 BLOK PRZEROBU ROPY\DRW-IV|DR4.FC43354_OP.PV;"2026-08-03 11:52:34,116012";"48,5150375366211"
\\PIAF\PKN Orlen\PI Vision\PKN Orlen\ZAKŁAD PRODUKCYJNY PŁOCK\RAFINERIA\PR03 BLOK PRZEROBU ROPY\DRW-IV|DR4.FC43354_OP.PV;"2026-08-03 12:26:49,216003";"48,5163955688477"
\\PIAF\PKN Orlen\PI Vision\PKN Orlen\ZAKŁAD PRODUKCYJNY PŁOCK\RAFINERIA\PR03 BLOK PRZEROBU ROPY\DRW-IV|DR4.FC43354_OP.PV;"2026-08-03 12:44:24,255005";"48,584529876709"
\\PIAF\PKN Orlen\PI Vision\PKN Orlen\ZAKŁAD PRODUKCYJNY PŁOCK\RAFINERIA\PR03 BLOK PRZEROBU ROPY\DRW-IV|DR4.FC43354_OP.PV;"2026-08-03 12:49:54,242004";"48,4722023010254"
\\PIAF\PKN Orlen\PI Vision\PKN Orlen\ZAKŁAD PRODUKCYJNY PŁOCK\RAFINERIA\PR03 BLOK PRZEROBU ROPY\DRW-IV|DR4.FC43354_OP.PV;"2026-08-03 12:56:49,213012";"48,6936683654785"
\\PIAF\PKN Orlen\PI Vision\PKN Orlen\ZAKŁAD PRODUKCYJNY PŁOCK\RAFINERIA\PR03 BLOK PRZEROBU ROPY\DRW-IV|DR4.FC43354_OP.PV;"2026-08-03 13:02:24,231003";"47,7891311645508"
\\PIAF\PKN Orlen\PI Vision\PKN Orlen\ZAKŁAD PRODUKCYJNY PŁOCK\RAFINERIA\PR03 BLOK PRZEROBU ROPY\DRW-IV|DR4.FC43354_OP.PV;"2026-08-03 13:08:39,172012";"48,289478302002"
\\PIAF\PKN Orlen\PI Vision\PKN Orlen\ZAKŁAD PRODUKCYJNY PŁOCK\RAFINERIA\PR03 BLOK PRZEROBU ROPY\DRW-IV|DR4.FC43354_OP.PV;"2026-08-03 13:14:04,237";"48,4478950500488"
\\PIAF\PKN Orlen\PI Vision\PKN Orlen\ZAKŁAD PRODUKCYJNY PŁOCK\RAFINERIA\PR03 BLOK PRZEROBU ROPY\DRW-IV|DR4.FC43354_OP.PV;"2026-08-03 13:27:24,211014";"48,5429306030273"
\\PIAF\PKN Orlen\PI Vision\PKN Orlen\ZAKŁAD PRODUKCYJNY PŁOCK\RAFINERIA\PR03 BLOK PRZEROBU ROPY\DRW-IV|DR4.FC43354_OP.PV;"2026-08-03 13:37:54,216003";"48,7554931640625"
\\PIAF\PKN Orlen\PI Vision\PKN Orlen\ZAKŁAD PRODUKCYJNY PŁOCK\RAFINERIA\PR03 BLOK PRZEROBU ROPY\DRW-IV|DR4.FC43354_OP.PV;"2026-08-03 13:42:14,202011";"49,0858116149902"
\\PIAF\PKN Orlen\PI Vision\PKN Orlen\ZAKŁAD PRODUKCYJNY PŁOCK\RAFINERIA\PR03 BLOK PRZEROBU ROPY\DRW-IV|DR4.FC43354_OP.PV;"2026-08-03 13:53:09,144012";"48,6296882629395"
\\PIAF\PKN Orlen\PI Vision\PKN Orlen\ZAKŁAD PRODUKCYJNY PŁOCK\RAFINERIA\PR03 BLOK PRZEROBU ROPY\DRW-IV|DR4.FC43354_OP.PV;"2026-08-03 13:56:49,208008";"48,9689483642578"
\\PIAF\PKN Orlen\PI Vision\PKN Orlen\ZAKŁAD PRODUKCYJNY PŁOCK\RAFINERIA\PR03 BLOK PRZEROBU ROPY\DRW-IV|DR4.FC43354_OP.PV;"2026-08-03 14:13:39,157013";"48,6018371582031"
\\PIAF\PKN Orlen\PI Vision\PKN Orlen\ZAKŁAD PRODUKCYJNY PŁOCK\RAFINERIA\PR03 BLOK PRZEROBU ROPY\DRW-IV|DR4.FC43354_OP.PV;"2026-08-03 14:23:39,193008";"48,7131309509277"
\\PIAF\PKN Orlen\PI Vision\PKN Orlen\ZAKŁAD PRODUKCYJNY PŁOCK\RAFINERIA\PR03 BLOK PRZEROBU ROPY\DRW-IV|DR4.FC43354_OP.PV;"2026-08-03 14:35:19,198013";"48,6057281494141"
\\PIAF\PKN Orlen\PI Vision\PKN Orlen\ZAKŁAD PRODUKCYJNY PŁOCK\RAFINERIA\PR03 BLOK PRZEROBU ROPY\DRW-IV|DR4.FC43354_OP.PV;"2026-08-03 14:44:09,123001";"48,8068389892578"
\\PIAF\PKN Orlen\PI Vision\PKN Orlen\ZAKŁAD PRODUKCYJNY PŁOCK\RAFINERIA\PR03 BLOK PRZEROBU ROPY\DRW-IV|DR4.FC43354_OP.PV;"2026-08-03 14:56:29,160003";"49,0805473327637"
\\PIAF\PKN Orlen\PI Vision\PKN Orlen\ZAKŁAD PRODUKCYJNY PŁOCK\RAFINERIA\PR03 BLOK PRZEROBU ROPY\DRW-IV|DR4.FC43354_OP.PV;"2026-08-03 15:27:09,189011";"49,0727348327637"
\\PIAF\PKN Orlen\PI Vision\PKN Orlen\ZAKŁAD PRODUKCYJNY PŁOCK\RAFINERIA\PR03 BLOK PRZEROBU ROPY\DRW-IV|DR4.FC43354_OP.PV;"2026-08-03 15:34:54,146011";"48,6532745361328"
\\PIAF\PKN Orlen\PI Vision\PKN Orlen\ZAKŁAD PRODUKCYJNY PŁOCK\RAFINERIA\PR03 BLOK PRZEROBU ROPY\DRW-IV|DR4.FC43354_OP.PV;"2026-08-03 16:04:59,175003";"48,8446807861328"
\\PIAF\PKN Orlen\PI Vision\PKN Orlen\ZAKŁAD PRODUKCYJNY PŁOCK\RAFINERIA\PR03 BLOK PRZEROBU ROPY\DRW-IV|DR4.FC43354_OP.PV;"2026-08-03 16:13:14,025009";"49,0321350097656"
\\PIAF\PKN Orlen\PI Vision\PKN Orlen\ZAKŁAD PRODUKCYJNY PŁOCK\RAFINERIA\PR03 BLOK PRZEROBU ROPY\DRW-IV|DR4.FC43354_OP.PV;"2026-08-03 16:21:39,096008";"48,8628387451172"
\\PIAF\PKN Orlen\PI Vision\PKN Orlen\ZAKŁAD PRODUKCYJNY PŁOCK\RAFINERIA\PR03 BLOK PRZEROBU ROPY\DRW-IV|DR4.FC43354_OP.PV;"2026-08-03 16:27:44,02301";"48,9884376525879"
\\PIAF\PKN Orlen\PI Vision\PKN Orlen\ZAKŁAD PRODUKCYJNY PŁOCK\RAFINERIA\PR03 BLOK PRZEROBU ROPY\DRW-IV|DR4.FC43354_OP.PV;"2026-08-03 16:33:44,215012";"48,119384765625"
\\PIAF\PKN Orlen\PI Vision\PKN Orlen\ZAKŁAD PRODUKCYJNY PŁOCK\RAFINERIA\PR03 BLOK PRZEROBU ROPY\DRW-IV|DR4.FC43354_OP.PV;"2026-08-03 16:39:49,202011";"48,7574920654297"
\\PIAF\PKN Orlen\PI Vision\PKN Orlen\ZAKŁAD PRODUKCYJNY PŁOCK\RAFINERIA\PR03 BLOK PRZEROBU ROPY\DRW-IV|DR4.FC43354_OP.PV;"2026-08-03 16:54:19,177002";"48,9727554321289"
\\PIAF\PKN Orlen\PI Vision\PKN Orlen\ZAKŁAD PRODUKCYJNY PŁOCK\RAFINERIA\PR03 BLOK PRZEROBU ROPY\DRW-IV|DR4.FC43354_OP.PV;"2026-08-03 17:04:19,203003";"48,7695121765137"
\\PIAF\PKN Orlen\PI Vision\PKN Orlen\ZAKŁAD PRODUKCYJNY PŁOCK\RAFINERIA\PR03 BLOK PRZEROBU ROPY\DRW-IV|DR4.FC43354_OP.PV;"2026-08-03 17:15:24,208008";"48,8798904418945"
\\PIAF\PKN Orlen\PI Vision\PKN Orlen\ZAKŁAD PRODUKCYJNY PŁOCK\RAFINERIA\PR03 BLOK PRZEROBU ROPY\DRW-IV|DR4.FC43354_OP.PV;"2026-08-03 17:20:34,179001";"48,9777183532715"
\\PIAF\PKN Orlen\PI Vision\PKN Orlen\ZAKŁAD PRODUKCYJNY PŁOCK\RAFINERIA\PR03 BLOK PRZEROBU ROPY\DRW-IV|DR4.FC43354_OP.PV;"2026-08-03 17:26:29,213012";"49,3078842163086"
\\PIAF\PKN Orlen\PI Vision\PKN Orlen\ZAKŁAD PRODUKCYJNY PŁOCK\RAFINERIA\PR03 BLOK PRZEROBU ROPY\DRW-IV|DR4.FC43354_OP.PV;"2026-08-03 18:07:04,182998";"49,1854286193848"
\\PIAF\PKN Orlen\PI Vision\PKN Orlen\ZAKŁAD PRODUKCYJNY PŁOCK\RAFINERIA\PR03 BLOK PRZEROBU ROPY\DRW-IV|DR4.FC43354_OP.PV;"2026-08-03 18:13:04,138";"49,3973999023438"
\\PIAF\PKN Orlen\PI Vision\PKN Orlen\ZAKŁAD PRODUKCYJNY PŁOCK\RAFINERIA\PR03 BLOK PRZEROBU ROPY\DRW-IV|DR4.FC43354_OP.PV;"2026-08-03 18:21:09,111007";"49,1887855529785"
\\PIAF\PKN Orlen\PI Vision\PKN Orlen\ZAKŁAD PRODUKCYJNY PŁOCK\RAFINERIA\PR03 BLOK PRZEROBU ROPY\DRW-IV|DR4.FC43354_OP.PV;"2026-08-03 18:35:19,170013";"49,2943534851074"
\\PIAF\PKN Orlen\PI Vision\PKN Orlen\ZAKŁAD PRODUKCYJNY PŁOCK\RAFINERIA\PR03 BLOK PRZEROBU ROPY\DRW-IV|DR4.FC43354_OP.PV;"2026-08-03 18:38:49,172012";"49,649959564209"
\\PIAF\PKN Orlen\PI Vision\PKN Orlen\ZAKŁAD PRODUKCYJNY PŁOCK\RAFINERIA\PR03 BLOK PRZEROBU ROPY\DRW-IV|DR4.FC43354_OP.PV;"2026-08-03 19:08:29,153";"49,7532806396484"
\\PIAF\PKN Orlen\PI Vision\PKN Orlen\ZAKŁAD PRODUKCYJNY PŁOCK\RAFINERIA\PR03 BLOK PRZEROBU ROPY\DRW-IV|DR4.FC43354_OP.PV;"2026-08-03 19:16:19,141006";"49,3533363342285"
\\PIAF\PKN Orlen\PI Vision\PKN Orlen\ZAKŁAD PRODUKCYJNY PŁOCK\RAFINERIA\PR03 BLOK PRZEROBU ROPY\DRW-IV|DR4.FC43354_OP.PV;"2026-08-03 19:29:39,225006";"49,6991958618164"
\\PIAF\PKN Orlen\PI Vision\PKN Orlen\ZAKŁAD PRODUKCYJNY PŁOCK\RAFINERIA\PR03 BLOK PRZEROBU ROPY\DRW-IV|DR4.FC43354_OP.PV;"2026-08-03 19:38:19,198013";"50,3146476745605"
\\PIAF\PKN Orlen\PI Vision\PKN Orlen\ZAKŁAD PRODUKCYJNY PŁOCK\RAFINERIA\PR03 BLOK PRZEROBU ROPY\DRW-IV|DR4.FC43354_OP.PV;"2026-08-03 19:44:29,216003";"49,8629035949707"
\\PIAF\PKN Orlen\PI Vision\PKN Orlen\ZAKŁAD PRODUKCYJNY PŁOCK\RAFINERIA\PR03 BLOK PRZEROBU ROPY\DRW-IV|DR4.FC43354_OP.PV;"2026-08-03 20:11:49,197006";"49,7575836181641"
\\PIAF\PKN Orlen\PI Vision\PKN Orlen\ZAKŁAD PRODUKCYJNY PŁOCK\RAFINERIA\PR03 BLOK PRZEROBU ROPY\DRW-IV|DR4.FC43354_OP.PV;"2026-08-03 20:42:39,179001";"49,7405853271484"
\\PIAF\PKN Orlen\PI Vision\PKN Orlen\ZAKŁAD PRODUKCYJNY PŁOCK\RAFINERIA\PR03 BLOK PRZEROBU ROPY\DRW-IV|DR4.FC43354_OP.PV;"2026-08-03 21:00:39,156006";"50,6365623474121"
\\PIAF\PKN Orlen\PI Vision\PKN Orlen\ZAKŁAD PRODUKCYJNY PŁOCK\RAFINERIA\PR03 BLOK PRZEROBU ROPY\DRW-IV|DR4.FC43354_OP.PV;"2026-08-03 21:21:04,165008";"50,3787612915039"
\\PIAF\PKN Orlen\PI Vision\PKN Orlen\ZAKŁAD PRODUKCYJNY PŁOCK\RAFINERIA\PR03 BLOK PRZEROBU ROPY\DRW-IV|DR4.FC43354_OP.PV;"2026-08-03 21:32:49,09201";"49,731990814209"
\\PIAF\PKN Orlen\PI Vision\PKN Orlen\ZAKŁAD PRODUKCYJNY PŁOCK\RAFINERIA\PR03 BLOK PRZEROBU ROPY\DRW-IV|DR4.FC43354_OP.PV;"2026-08-03 21:58:04,165008";"49,7266006469727"
\\PIAF\PKN Orlen\PI Vision\PKN Orlen\ZAKŁAD PRODUKCYJNY PŁOCK\RAFINERIA\PR03 BLOK PRZEROBU ROPY\DRW-IV|DR4.FC43354_OP.PV;"2026-08-03 22:31:24,062011";"49,092212677002"
\\PIAF\PKN Orlen\PI Vision\PKN Orlen\ZAKŁAD PRODUKCYJNY PŁOCK\RAFINERIA\PR03 BLOK PRZEROBU ROPY\DRW-IV|DR4.FC43354_OP.PV;"2026-08-03 22:41:49,24501";"49,4296989440918"
\\PIAF\PKN Orlen\PI Vision\PKN Orlen\ZAKŁAD PRODUKCYJNY PŁOCK\RAFINERIA\PR03 BLOK PRZEROBU ROPY\DRW-IV|DR4.FC43354_OP.PV;"2026-08-03 22:44:39,215012";"49,004150390625"
\\PIAF\PKN Orlen\PI Vision\PKN Orlen\ZAKŁAD PRODUKCYJNY PŁOCK\RAFINERIA\PR03 BLOK PRZEROBU ROPY\DRW-IV|DR4.FC43354_OP.PV;"2026-08-03 22:51:24,213012";"49,4630813598633"
\\PIAF\PKN Orlen\PI Vision\PKN Orlen\ZAKŁAD PRODUKCYJNY PŁOCK\RAFINERIA\PR03 BLOK PRZEROBU ROPY\DRW-IV|DR4.FC43354_OP.PV;"2026-08-03 23:09:19,268005";"49,6955642700195"
\\PIAF\PKN Orlen\PI Vision\PKN Orlen\ZAKŁAD PRODUKCYJNY PŁOCK\RAFINERIA\PR03 BLOK PRZEROBU ROPY\DRW-IV|DR4.FC43354_OP.PV;"2026-08-03 23:17:04,224014";"50,1189727783203"
\\PIAF\PKN Orlen\PI Vision\PKN Orlen\ZAKŁAD PRODUKCYJNY PŁOCK\RAFINERIA\PR03 BLOK PRZEROBU ROPY\DRW-IV|DR4.FC43354_OP.PV;"2026-08-03 23:29:29,183014";"49,7988433837891"
\\PIAF\PKN Orlen\PI Vision\PKN Orlen\ZAKŁAD PRODUKCYJNY PŁOCK\RAFINERIA\PR03 BLOK PRZEROBU ROPY\DRW-IV|DR4.FC43354_OP.PV;"2026-08-04 00:04:34,229004";"49,2817230224609"
\\PIAF\PKN Orlen\PI Vision\PKN Orlen\ZAKŁAD PRODUKCYJNY PŁOCK\RAFINERIA\PR03 BLOK PRZEROBU ROPY\DRW-IV|DR4.FC43354_OP.PV;"2026-08-04 00:13:09,171005";"49,3884086608887"
\\PIAF\PKN Orlen\PI Vision\PKN Orlen\ZAKŁAD PRODUKCYJNY PŁOCK\RAFINERIA\PR03 BLOK PRZEROBU ROPY\DRW-IV|DR4.FC43354_OP.PV;"2026-08-04 00:26:39,208008";"49,2928848266602"
\\PIAF\PKN Orlen\PI Vision\PKN Orlen\ZAKŁAD PRODUKCYJNY PŁOCK\RAFINERIA\PR03 BLOK PRZEROBU ROPY\DRW-IV|DR4.FC43354_OP.PV;"2026-08-04 00:39:54,151001";"49,8229827880859"
\\PIAF\PKN Orlen\PI Vision\PKN Orlen\ZAKŁAD PRODUKCYJNY PŁOCK\RAFINERIA\PR03 BLOK PRZEROBU ROPY\DRW-IV|DR4.FC43354_OP.PV;"2026-08-04 00:52:19,110001";"49,924186706543"
\\PIAF\PKN Orlen\PI Vision\PKN Orlen\ZAKŁAD PRODUKCYJNY PŁOCK\RAFINERIA\PR03 BLOK PRZEROBU ROPY\DRW-IV|DR4.FC43354_OP.PV;"2026-08-04 00:57:24,159012";"50,297664642334"
\\PIAF\PKN Orlen\PI Vision\PKN Orlen\ZAKŁAD PRODUKCYJNY PŁOCK\RAFINERIA\PR03 BLOK PRZEROBU ROPY\DRW-IV|DR4.FC43354_OP.PV;"2026-08-04 01:02:44,192001";"50,1037330627441"
\\PIAF\PKN Orlen\PI Vision\PKN Orlen\ZAKŁAD PRODUKCYJNY PŁOCK\RAFINERIA\PR03 BLOK PRZEROBU ROPY\DRW-IV|DR4.FC43354_OP.PV;"2026-08-04 01:10:04,102005";"49,7431755065918"
\\PIAF\PKN Orlen\PI Vision\PKN Orlen\ZAKŁAD PRODUKCYJNY PŁOCK\RAFINERIA\PR03 BLOK PRZEROBU ROPY\DRW-IV|DR4.FC43354_OP.PV;"2026-08-04 01:19:54,184005";"49,8893623352051"
\\PIAF\PKN Orlen\PI Vision\PKN Orlen\ZAKŁAD PRODUKCYJNY PŁOCK\RAFINERIA\PR03 BLOK PRZEROBU ROPY\DRW-IV|DR4.FC43354_OP.PV;"2026-08-04 01:40:39,100006";"50,070743560791"
\\PIAF\PKN Orlen\PI Vision\PKN Orlen\ZAKŁAD PRODUKCYJNY PŁOCK\RAFINERIA\PR03 BLOK PRZEROBU ROPY\DRW-IV|DR4.FC43354_OP.PV;"2026-08-04 02:00:39,171005";"49,8629570007324"
\\PIAF\PKN Orlen\PI Vision\PKN Orlen\ZAKŁAD PRODUKCYJNY PŁOCK\RAFINERIA\PR03 BLOK PRZEROBU ROPY\DRW-IV|DR4.FC43354_OP.PV;"2026-08-04 02:08:49,175003";"49,4126319885254"
\\PIAF\PKN Orlen\PI Vision\PKN Orlen\ZAKŁAD PRODUKCYJNY PŁOCK\RAFINERIA\PR03 BLOK PRZEROBU ROPY\DRW-IV|DR4.FC43354_OP.PV;"2026-08-04 02:22:54,103012";"49,6335754394531"
\\PIAF\PKN Orlen\PI Vision\PKN Orlen\ZAKŁAD PRODUKCYJNY PŁOCK\RAFINERIA\PR03 BLOK PRZEROBU ROPY\DRW-IV|DR4.FC43354_OP.PV;"2026-08-04 02:26:19,073013";"49,1869277954102"
\\PIAF\PKN Orlen\PI Vision\PKN Orlen\ZAKŁAD PRODUKCYJNY PŁOCK\RAFINERIA\PR03 BLOK PRZEROBU ROPY\DRW-IV|DR4.FC43354_OP.PV;"2026-08-04 03:25:24,222";"50,1273307800293"
\\PIAF\PKN Orlen\PI Vision\PKN Orlen\ZAKŁAD PRODUKCYJNY PŁOCK\RAFINERIA\PR03 BLOK PRZEROBU ROPY\DRW-IV|DR4.FC43354_OP.PV;"2026-08-04 03:30:14,177002";"49,5575370788574"
\\PIAF\PKN Orlen\PI Vision\PKN Orlen\ZAKŁAD PRODUKCYJNY PŁOCK\RAFINERIA\PR03 BLOK PRZEROBU ROPY\DRW-IV|DR4.FC43354_OP.PV;"2026-08-04 03:38:09,197006";"49,8929481506348"
\\PIAF\PKN Orlen\PI Vision\PKN Orlen\ZAKŁAD PRODUKCYJNY PŁOCK\RAFINERIA\PR03 BLOK PRZEROBU ROPY\DRW-IV|DR4.FC43354_OP.PV;"2026-08-04 03:44:19,215012";"49,0237007141113"
\\PIAF\PKN Orlen\PI Vision\PKN Orlen\ZAKŁAD PRODUKCYJNY PŁOCK\RAFINERIA\PR03 BLOK PRZEROBU ROPY\DRW-IV|DR4.FC43354_OP.PV;"2026-08-04 04:03:24,161011";"48,3714485168457"
\\PIAF\PKN Orlen\PI Vision\PKN Orlen\ZAKŁAD PRODUKCYJNY PŁOCK\RAFINERIA\PR03 BLOK PRZEROBU ROPY\DRW-IV|DR4.FC43354_OP.PV;"2026-08-04 04:15:39,166016";"49,1317977905273"
\\PIAF\PKN Orlen\PI Vision\PKN Orlen\ZAKŁAD PRODUKCYJNY PŁOCK\RAFINERIA\PR03 BLOK PRZEROBU ROPY\DRW-IV|DR4.FC43354_OP.PV;"2026-08-04 04:24:49,21701";"48,8995590209961"
\\PIAF\PKN Orlen\PI Vision\PKN Orlen\ZAKŁAD PRODUKCYJNY PŁOCK\RAFINERIA\PR03 BLOK PRZEROBU ROPY\DRW-IV|DR4.FC43354_OP.PV;"2026-08-04 04:42:44,162002";"49,388916015625"
\\PIAF\PKN Orlen\PI Vision\PKN Orlen\ZAKŁAD PRODUKCYJNY PŁOCK\RAFINERIA\PR03 BLOK PRZEROBU ROPY\DRW-IV|DR4.FC43354_OP.PV;"2026-08-04 04:52:24,182007";"49,1847915649414"
\\PIAF\PKN Orlen\PI Vision\PKN Orlen\ZAKŁAD PRODUKCYJNY PŁOCK\RAFINERIA\PR03 BLOK PRZEROBU ROPY\DRW-IV|DR4.FC43354_OP.PV;"2026-08-04 05:46:29,140014";"49,6984786987305"
\\PIAF\PKN Orlen\PI Vision\PKN Orlen\ZAKŁAD PRODUKCYJNY PŁOCK\RAFINERIA\PR03 BLOK PRZEROBU ROPY\DRW-IV|DR4.FC43354_OP.PV;"2026-08-04 06:07:49,165008";"49,5221290588379"
\\PIAF\PKN Orlen\PI Vision\PKN Orlen\ZAKŁAD PRODUKCYJNY PŁOCK\RAFINERIA\PR03 BLOK PRZEROBU ROPY\DRW-IV|DR4.FC43354_OP.PV;"2026-08-04 06:34:34,146011";"49,2880706787109"
\\PIAF\PKN Orlen\PI Vision\PKN Orlen\ZAKŁAD PRODUKCYJNY PŁOCK\RAFINERIA\PR03 BLOK PRZEROBU ROPY\DRW-IV|DR4.FC43354_OP.PV;"2026-08-04 07:09:44,214004";"49,5896949768066"
\\PIAF\PKN Orlen\PI Vision\PKN Orlen\ZAKŁAD PRODUKCYJNY PŁOCK\RAFINERIA\PR03 BLOK PRZEROBU ROPY\DRW-IV|DR4.FC43354_OP.PV;"2026-08-04 07:16:24,202011";"49,3819007873535"
\\PIAF\PKN Orlen\PI Vision\PKN Orlen\ZAKŁAD PRODUKCYJNY PŁOCK\RAFINERIA\PR03 BLOK PRZEROBU ROPY\DRW-IV|DR4.FC43354_OP.PV;"2026-08-04 07:18:49,234009";"49,7065582275391"
\\PIAF\PKN Orlen\PI Vision\PKN Orlen\ZAKŁAD PRODUKCYJNY PŁOCK\RAFINERIA\PR03 BLOK PRZEROBU ROPY\DRW-IV|DR4.FC43354_OP.PV;"2026-08-04 07:31:09,271011";"49,4557495117188"
\\PIAF\PKN Orlen\PI Vision\PKN Orlen\ZAKŁAD PRODUKCYJNY PŁOCK\RAFINERIA\PR03 BLOK PRZEROBU ROPY\DRW-IV|DR4.FC43354_OP.PV;"2026-08-04 07:39:14,243011";"49,6785888671875"
\\PIAF\PKN Orlen\PI Vision\PKN Orlen\ZAKŁAD PRODUKCYJNY PŁOCK\RAFINERIA\PR03 BLOK PRZEROBU ROPY\DRW-IV|DR4.FC43354_OP.PV;"2026-08-04 07:53:54,171005";"49,7569236755371"
\\PIAF\PKN Orlen\PI Vision\PKN Orlen\ZAKŁAD PRODUKCYJNY PŁOCK\RAFINERIA\PR03 BLOK PRZEROBU ROPY\DRW-IV|DR4.FC43354_OP.PV;"2026-08-04 07:59:14,205002";"50,1639366149902"
\\PIAF\PKN Orlen\PI Vision\PKN Orlen\ZAKŁAD PRODUKCYJNY PŁOCK\RAFINERIA\PR03 BLOK PRZEROBU ROPY\DRW-IV|DR4.FC43354_OP.PV;"2026-08-04 08:10:14,178009";"50,3483810424805"
\\PIAF\PKN Orlen\PI Vision\PKN Orlen\ZAKŁAD PRODUKCYJNY PŁOCK\RAFINERIA\PR03 BLOK PRZEROBU ROPY\DRW-IV|DR4.FC43354_OP.PV;"2026-08-04 08:25:04,169006";"50,7587814331055"
\\PIAF\PKN Orlen\PI Vision\PKN Orlen\ZAKŁAD PRODUKCYJNY PŁOCK\RAFINERIA\PR03 BLOK PRZEROBU ROPY\DRW-IV|DR4.FC43354_OP.PV;"2026-08-04 08:32:39,173004";"50,8673248291016"
\\PIAF\PKN Orlen\PI Vision\PKN Orlen\ZAKŁAD PRODUKCYJNY PŁOCK\RAFINERIA\PR03 BLOK PRZEROBU ROPY\DRW-IV|DR4.FC43354_OP.PV;"2026-08-04 09:13:44,123001";"51,1772575378418"
\\PIAF\PKN Orlen\PI Vision\PKN Orlen\ZAKŁAD PRODUKCYJNY PŁOCK\RAFINERIA\PR03 BLOK PRZEROBU ROPY\DRW-IV|DR4.FC43354_OP.PV;"2026-08-04 09:30:59,147003";"51,2158164978027"
\\PIAF\PKN Orlen\PI Vision\PKN Orlen\ZAKŁAD PRODUKCYJNY PŁOCK\RAFINERIA\PR03 BLOK PRZEROBU ROPY\DRW-IV|DR4.FC43354_OP.PV;"2026-08-04 10:08:14,241012";"51,3998870849609"
\\PIAF\PKN Orlen\PI Vision\PKN Orlen\ZAKŁAD PRODUKCYJNY PŁOCK\RAFINERIA\PR03 BLOK PRZEROBU ROPY\DRW-IV|DR4.FC43354_OP.PV;"2026-08-04 10:26:14,108001";"51,5001029968262"
\\PIAF\PKN Orlen\PI Vision\PKN Orlen\ZAKŁAD PRODUKCYJNY PŁOCK\RAFINERIA\PR03 BLOK PRZEROBU ROPY\DRW-IV|DR4.FC43354_OP.PV;"2026-08-04 11:12:04,114013";"51,3002548217773"
\\PIAF\PKN Orlen\PI Vision\PKN Orlen\ZAKŁAD PRODUKCYJNY PŁOCK\RAFINERIA\PR03 BLOK PRZEROBU ROPY\DRW-IV|DR4.FC43354_OP.PV;"2026-08-04 11:27:29,205002";"51,4337120056152"
\\PIAF\PKN Orlen\PI Vision\PKN Orlen\ZAKŁAD PRODUKCYJNY PŁOCK\RAFINERIA\PR03 BLOK PRZEROBU ROPY\DRW-IV|DR4.FC43354_OP.PV;"2026-08-04 11:29:14,205002";"51,6761016845703"
\\PIAF\PKN Orlen\PI Vision\PKN Orlen\ZAKŁAD PRODUKCYJNY PŁOCK\RAFINERIA\PR03 BLOK PRZEROBU ROPY\DRW-IV|DR4.FC43354_OP.PV;"2026-08-04 11:35:44,240005";"51,2934341430664"
\\PIAF\PKN Orlen\PI Vision\PKN Orlen\ZAKŁAD PRODUKCYJNY PŁOCK\RAFINERIA\PR03 BLOK PRZEROBU ROPY\DRW-IV|DR4.FC43354_OP.PV;"2026-08-04 11:38:09,163009";"50,9075202941895"
\\PIAF\PKN Orlen\PI Vision\PKN Orlen\ZAKŁAD PRODUKCYJNY PŁOCK\RAFINERIA\PR03 BLOK PRZEROBU ROPY\DRW-IV|DR4.FC43354_OP.PV;"2026-08-04 11:45:59,150009";"51,5932312011719"
\\PIAF\PKN Orlen\PI Vision\PKN Orlen\ZAKŁAD PRODUKCYJNY PŁOCK\RAFINERIA\PR03 BLOK PRZEROBU ROPY\DRW-IV|DR4.FC43354_OP.PV;"2026-08-04 11:57:04,154999";"51,4759941101074"
\\PIAF\PKN Orlen\PI Vision\PKN Orlen\ZAKŁAD PRODUKCYJNY PŁOCK\RAFINERIA\PR03 BLOK PRZEROBU ROPY\DRW-IV|DR4.FC43354_OP.PV;"2026-08-04 12:16:09,210007";"51,0755195617676"
\\PIAF\PKN Orlen\PI Vision\PKN Orlen\ZAKŁAD PRODUKCYJNY PŁOCK\RAFINERIA\PR03 BLOK PRZEROBU ROPY\DRW-IV|DR4.FC43354_OP.PV;"2026-08-04 12:26:04,215012";"50,9488372802734"
\\PIAF\PKN Orlen\PI Vision\PKN Orlen\ZAKŁAD PRODUKCYJNY PŁOCK\RAFINERIA\PR03 BLOK PRZEROBU ROPY\DRW-IV|DR4.FC43354_OP.PV;"2026-08-04 12:32:04,171005";"50,8369827270508"
\\PIAF\PKN Orlen\PI Vision\PKN Orlen\ZAKŁAD PRODUKCYJNY PŁOCK\RAFINERIA\PR03 BLOK PRZEROBU ROPY\DRW-IV|DR4.FC43354_OP.PV;"2026-08-04 12:36:44,173004";"51,2896842956543"
\\PIAF\PKN Orlen\PI Vision\PKN Orlen\ZAKŁAD PRODUKCYJNY PŁOCK\RAFINERIA\PR03 BLOK PRZEROBU ROPY\DRW-IV|DR4.FC43354_OP.PV;"2026-08-04 13:33:24,121002";"51,2994346618652"
\\PIAF\PKN Orlen\PI Vision\PKN Orlen\ZAKŁAD PRODUKCYJNY PŁOCK\RAFINERIA\PR03 BLOK PRZEROBU ROPY\DRW-IV|DR4.FC43354_OP.PV;"2026-08-04 14:26:04,097";"51,4074859619141"
\\PIAF\PKN Orlen\PI Vision\PKN Orlen\ZAKŁAD PRODUKCYJNY PŁOCK\RAFINERIA\PR03 BLOK PRZEROBU ROPY\DRW-IV|DR4.FC43354_OP.PV;"2026-08-04 14:39:44,088012";"50,6763381958008"
\\PIAF\PKN Orlen\PI Vision\PKN Orlen\ZAKŁAD PRODUKCYJNY PŁOCK\RAFINERIA\PR03 BLOK PRZEROBU ROPY\DRW-IV|DR4.FC43354_OP.PV;"2026-08-04 14:49:09,123001";"50,8534622192383"
\\PIAF\PKN Orlen\PI Vision\PKN Orlen\ZAKŁAD PRODUKCYJNY PŁOCK\RAFINERIA\PR03 BLOK PRZEROBU ROPY\DRW-IV|DR4.FC43354_OP.PV;"2026-08-04 14:53:04,172012";"51,3269538879395"
\\PIAF\PKN Orlen\PI Vision\PKN Orlen\ZAKŁAD PRODUKCYJNY PŁOCK\RAFINERIA\PR03 BLOK PRZEROBU ROPY\DRW-IV|DR4.FC43354_OP.PV;"2026-08-04 15:11:34,117004";"51,5437355041504"
\\PIAF\PKN Orlen\PI Vision\PKN Orlen\ZAKŁAD PRODUKCYJNY PŁOCK\RAFINERIA\PR03 BLOK PRZEROBU ROPY\DRW-IV|DR4.FC43354_OP.PV;"2026-08-04 15:29:24,141006";"51,9062538146973"
\\PIAF\PKN Orlen\PI Vision\PKN Orlen\ZAKŁAD PRODUKCYJNY PŁOCK\RAFINERIA\PR03 BLOK PRZEROBU ROPY\DRW-IV|DR4.FC43354_OP.PV;"2026-08-04 15:44:49,132004";"51,1537895202637"
\\PIAF\PKN Orlen\PI Vision\PKN Orlen\ZAKŁAD PRODUKCYJNY PŁOCK\RAFINERIA\PR03 BLOK PRZEROBU ROPY\DRW-IV|DR4.FC43354_OP.PV;"2026-08-04 15:49:44,219009";"50,7461700439453"
\\PIAF\PKN Orlen\PI Vision\PKN Orlen\ZAKŁAD PRODUKCYJNY PŁOCK\RAFINERIA\PR03 BLOK PRZEROBU ROPY\DRW-IV|DR4.FC43354_OP.PV;"2026-08-04 15:52:49,173004";"50,8576126098633"
\\PIAF\PKN Orlen\PI Vision\PKN Orlen\ZAKŁAD PRODUKCYJNY PŁOCK\RAFINERIA\PR03 BLOK PRZEROBU ROPY\DRW-IV|DR4.FC43354_OP.PV;"2026-08-04 16:01:54,193008";"50,7330589294434"
\\PIAF\PKN Orlen\PI Vision\PKN Orlen\ZAKŁAD PRODUKCYJNY PŁOCK\RAFINERIA\PR03 BLOK PRZEROBU ROPY\DRW-IV|DR4.FC43354_OP.PV;"2026-08-04 16:06:44,257004";"51,1700668334961"
\\PIAF\PKN Orlen\PI Vision\PKN Orlen\ZAKŁAD PRODUKCYJNY PŁOCK\RAFINERIA\PR03 BLOK PRZEROBU ROPY\DRW-IV|DR4.FC43354_OP.PV;"2026-08-04 16:35:34,209015";"51,3878707885742"
\\PIAF\PKN Orlen\PI Vision\PKN Orlen\ZAKŁAD PRODUKCYJNY PŁOCK\RAFINERIA\PR03 BLOK PRZEROBU ROPY\DRW-IV|DR4.FC43354_OP.PV;"2026-08-04 16:43:04,181";"51,6501770019531"
\\PIAF\PKN Orlen\PI Vision\PKN Orlen\ZAKŁAD PRODUKCYJNY PŁOCK\RAFINERIA\PR03 BLOK PRZEROBU ROPY\DRW-IV|DR4.FC43354_OP.PV;"2026-08-04 16:47:14,214004";"51,3010025024414"
\\PIAF\PKN Orlen\PI Vision\PKN Orlen\ZAKŁAD PRODUKCYJNY PŁOCK\RAFINERIA\PR03 BLOK PRZEROBU ROPY\DRW-IV|DR4.FC43354_OP.PV;"2026-08-04 16:57:19,172012";"51,4502143859863"
\\PIAF\PKN Orlen\PI Vision\PKN Orlen\ZAKŁAD PRODUKCYJNY PŁOCK\RAFINERIA\PR03 BLOK PRZEROBU ROPY\DRW-IV|DR4.FC43354_OP.PV;"2026-08-04 16:57:54,172012";"51,8171844482422"
\\PIAF\PKN Orlen\PI Vision\PKN Orlen\ZAKŁAD PRODUKCYJNY PŁOCK\RAFINERIA\PR03 BLOK PRZEROBU ROPY\DRW-IV|DR4.FC43354_OP.PV;"2026-08-04 17:03:49,206009";"51,2422103881836"
\\PIAF\PKN Orlen\PI Vision\PKN Orlen\ZAKŁAD PRODUKCYJNY PŁOCK\RAFINERIA\PR03 BLOK PRZEROBU ROPY\DRW-IV|DR4.FC43354_OP.PV;"2026-08-04 17:23:19,206009";"51,5206260681152"
\\PIAF\PKN Orlen\PI Vision\PKN Orlen\ZAKŁAD PRODUKCYJNY PŁOCK\RAFINERIA\PR03 BLOK PRZEROBU ROPY\DRW-IV|DR4.FC43354_OP.PV;"2026-08-04 18:12:44,165008";"51,6265182495117"
\\PIAF\PKN Orlen\PI Vision\PKN Orlen\ZAKŁAD PRODUKCYJNY PŁOCK\RAFINERIA\PR03 BLOK PRZEROBU ROPY\DRW-IV|DR4.FC43354_OP.PV;"2026-08-04 18:39:24,114013";"51,3254776000977"
\\PIAF\PKN Orlen\PI Vision\PKN Orlen\ZAKŁAD PRODUKCYJNY PŁOCK\RAFINERIA\PR03 BLOK PRZEROBU ROPY\DRW-IV|DR4.FC43354_OP.PV;"2026-08-04 18:45:49,117004";"51,4463424682617"
\\PIAF\PKN Orlen\PI Vision\PKN Orlen\ZAKŁAD PRODUKCYJNY PŁOCK\RAFINERIA\PR03 BLOK PRZEROBU ROPY\DRW-IV|DR4.FC43354_OP.PV;"2026-08-04 19:39:44,125";"51,0592308044434"
\\PIAF\PKN Orlen\PI Vision\PKN Orlen\ZAKŁAD PRODUKCYJNY PŁOCK\RAFINERIA\PR03 BLOK PRZEROBU ROPY\DRW-IV|DR4.FC43354_OP.PV;"2026-08-04 19:46:14,159012";"50,9584846496582"
\\PIAF\PKN Orlen\PI Vision\PKN Orlen\ZAKŁAD PRODUKCYJNY PŁOCK\RAFINERIA\PR03 BLOK PRZEROBU ROPY\DRW-IV|DR4.FC43354_OP.PV;"2026-08-04 19:52:09,084015";"51,3065528869629"
\\PIAF\PKN Orlen\PI Vision\PKN Orlen\ZAKŁAD PRODUKCYJNY PŁOCK\RAFINERIA\PR03 BLOK PRZEROBU ROPY\DRW-IV|DR4.FC43354_OP.PV;"2026-08-04 19:56:34,097";"50,759895324707"
\\PIAF\PKN Orlen\PI Vision\PKN Orlen\ZAKŁAD PRODUKCYJNY PŁOCK\RAFINERIA\PR03 BLOK PRZEROBU ROPY\DRW-IV|DR4.FC43354_OP.PV;"2026-08-04 20:06:04,164001";"50,874137878418"
\\PIAF\PKN Orlen\PI Vision\PKN Orlen\ZAKŁAD PRODUKCYJNY PŁOCK\RAFINERIA\PR03 BLOK PRZEROBU ROPY\DRW-IV|DR4.FC43354_OP.PV;"2026-08-04 20:24:09,272003";"50,5447654724121"
\\PIAF\PKN Orlen\PI Vision\PKN Orlen\ZAKŁAD PRODUKCYJNY PŁOCK\RAFINERIA\PR03 BLOK PRZEROBU ROPY\DRW-IV|DR4.FC43354_OP.PV;"2026-08-04 20:41:19,154007";"49,7839164733887"
\\PIAF\PKN Orlen\PI Vision\PKN Orlen\ZAKŁAD PRODUKCYJNY PŁOCK\RAFINERIA\PR03 BLOK PRZEROBU ROPY\DRW-IV|DR4.FC43354_OP.PV;"2026-08-04 20:59:14,209";"49,4236145019531"
\\PIAF\PKN Orlen\PI Vision\PKN Orlen\ZAKŁAD PRODUKCYJNY PŁOCK\RAFINERIA\PR03 BLOK PRZEROBU ROPY\DRW-IV|DR4.FC43354_OP.PV;"2026-08-04 21:17:04,233001";"49,4209747314453"
\\PIAF\PKN Orlen\PI Vision\PKN Orlen\ZAKŁAD PRODUKCYJNY PŁOCK\RAFINERIA\PR03 BLOK PRZEROBU ROPY\DRW-IV|DR4.FC43354_OP.PV;"2026-08-04 21:28:19,19101";"49,2167930603027"
\\PIAF\PKN Orlen\PI Vision\PKN Orlen\ZAKŁAD PRODUKCYJNY PŁOCK\RAFINERIA\PR03 BLOK PRZEROBU ROPY\DRW-IV|DR4.FC43354_OP.PV;"2026-08-04 22:09:04,150009";"49,0979347229004"
\\PIAF\PKN Orlen\PI Vision\PKN Orlen\ZAKŁAD PRODUKCYJNY PŁOCK\RAFINERIA\PR03 BLOK PRZEROBU ROPY\DRW-IV|DR4.FC43354_OP.PV;"2026-08-04 22:16:39,154007";"49,5330581665039"
\\PIAF\PKN Orlen\PI Vision\PKN Orlen\ZAKŁAD PRODUKCYJNY PŁOCK\RAFINERIA\PR03 BLOK PRZEROBU ROPY\DRW-IV|DR4.FC43354_OP.PV;"2026-08-04 22:49:34,152008";"48,8537178039551"
\\PIAF\PKN Orlen\PI Vision\PKN Orlen\ZAKŁAD PRODUKCYJNY PŁOCK\RAFINERIA\PR03 BLOK PRZEROBU ROPY\DRW-IV|DR4.FC43354_OP.PV;"2026-08-04 23:12:29,102005";"49,417308807373"
\\PIAF\PKN Orlen\PI Vision\PKN Orlen\ZAKŁAD PRODUKCYJNY PŁOCK\RAFINERIA\PR03 BLOK PRZEROBU ROPY\DRW-IV|DR4.FC43354_OP.PV;"2026-08-04 23:47:44,102005";"50,5355377197266"
\\PIAF\PKN Orlen\PI Vision\PKN Orlen\ZAKŁAD PRODUKCYJNY PŁOCK\RAFINERIA\PR03 BLOK PRZEROBU ROPY\DRW-IV|DR4.FC43354_OP.PV;"2026-08-04 23:53:44,167007";"49,8521537780762"
\\PIAF\PKN Orlen\PI Vision\PKN Orlen\ZAKŁAD PRODUKCYJNY PŁOCK\RAFINERIA\PR03 BLOK PRZEROBU ROPY\DRW-IV|DR4.FC43354_OP.PV;"2026-08-05 00:11:09,144012";"50,071361541748"
\\PIAF\PKN Orlen\PI Vision\PKN Orlen\ZAKŁAD PRODUKCYJNY PŁOCK\RAFINERIA\PR03 BLOK PRZEROBU ROPY\DRW-IV|DR4.FC43354_OP.PV;"2026-08-05 00:17:54,162002";"50,1839294433594"
\\PIAF\PKN Orlen\PI Vision\PKN Orlen\ZAKŁAD PRODUKCYJNY PŁOCK\RAFINERIA\PR03 BLOK PRZEROBU ROPY\DRW-IV|DR4.FC43354_OP.PV;"2026-08-05 00:30:09,168014";"49,8644790649414"
\\PIAF\PKN Orlen\PI Vision\PKN Orlen\ZAKŁAD PRODUKCYJNY PŁOCK\RAFINERIA\PR03 BLOK PRZEROBU ROPY\DRW-IV|DR4.FC43354_OP.PV;"2026-08-05 00:36:14,155014";"49,7234039306641"
\\PIAF\PKN Orlen\PI Vision\PKN Orlen\ZAKŁAD PRODUKCYJNY PŁOCK\RAFINERIA\PR03 BLOK PRZEROBU ROPY\DRW-IV|DR4.FC43354_OP.PV;"2026-08-05 00:41:09,141006";"49,143424987793"
\\PIAF\PKN Orlen\PI Vision\PKN Orlen\ZAKŁAD PRODUKCYJNY PŁOCK\RAFINERIA\PR03 BLOK PRZEROBU ROPY\DRW-IV|DR4.FC43354_OP.PV;"2026-08-05 00:56:54,175003";"48,9678192138672"
\\PIAF\PKN Orlen\PI Vision\PKN Orlen\ZAKŁAD PRODUKCYJNY PŁOCK\RAFINERIA\PR03 BLOK PRZEROBU ROPY\DRW-IV|DR4.FC43354_OP.PV;"2026-08-05 01:01:34,177002";"49,027889251709"
\\PIAF\PKN Orlen\PI Vision\PKN Orlen\ZAKŁAD PRODUKCYJNY PŁOCK\RAFINERIA\PR03 BLOK PRZEROBU ROPY\DRW-IV|DR4.FC43354_OP.PV;"2026-08-05 01:11:19,228012";"49,2406120300293"
\\PIAF\PKN Orlen\PI Vision\PKN Orlen\ZAKŁAD PRODUKCYJNY PŁOCK\RAFINERIA\PR03 BLOK PRZEROBU ROPY\DRW-IV|DR4.FC43354_OP.PV;"2026-08-05 01:39:04,147003";"50,1101684570313"
\\PIAF\PKN Orlen\PI Vision\PKN Orlen\ZAKŁAD PRODUKCYJNY PŁOCK\RAFINERIA\PR03 BLOK PRZEROBU ROPY\DRW-IV|DR4.FC43354_OP.PV;"2026-08-05 02:18:04,133011";"50,2404479980469"
\\PIAF\PKN Orlen\PI Vision\PKN Orlen\ZAKŁAD PRODUKCYJNY PŁOCK\RAFINERIA\PR03 BLOK PRZEROBU ROPY\DRW-IV|DR4.FC43354_OP.PV;"2026-08-05 02:38:19,202011";"49,69970703125"
\\PIAF\PKN Orlen\PI Vision\PKN Orlen\ZAKŁAD PRODUKCYJNY PŁOCK\RAFINERIA\PR03 BLOK PRZEROBU ROPY\DRW-IV|DR4.FC43354_OP.PV;"2026-08-05 02:54:39,210007";"48,6127662658691"
\\PIAF\PKN Orlen\PI Vision\PKN Orlen\ZAKŁAD PRODUKCYJNY PŁOCK\RAFINERIA\PR03 BLOK PRZEROBU ROPY\DRW-IV|DR4.FC43354_OP.PV;"2026-08-05 03:28:24,193008";"47,7608795166016"
\\PIAF\PKN Orlen\PI Vision\PKN Orlen\ZAKŁAD PRODUKCYJNY PŁOCK\RAFINERIA\PR03 BLOK PRZEROBU ROPY\DRW-IV|DR4.FC43354_OP.PV;"2026-08-05 03:53:14,110016";"47,9748039245605"
\\PIAF\PKN Orlen\PI Vision\PKN Orlen\ZAKŁAD PRODUKCYJNY PŁOCK\RAFINERIA\PR03 BLOK PRZEROBU ROPY\DRW-IV|DR4.FC43354_OP.PV;"2026-08-05 04:01:04,098007";"48,2071990966797"
\\PIAF\PKN Orlen\PI Vision\PKN Orlen\ZAKŁAD PRODUKCYJNY PŁOCK\RAFINERIA\PR03 BLOK PRZEROBU ROPY\DRW-IV|DR4.FC43354_OP.PV;"2026-08-05 04:15:24,12001";"48,6343078613281"
\\PIAF\PKN Orlen\PI Vision\PKN Orlen\ZAKŁAD PRODUKCYJNY PŁOCK\RAFINERIA\PR03 BLOK PRZEROBU ROPY\DRW-IV|DR4.FC43354_OP.PV;"2026-08-05 04:39:49,163009";"49,0415306091309"
\\PIAF\PKN Orlen\PI Vision\PKN Orlen\ZAKŁAD PRODUKCYJNY PŁOCK\RAFINERIA\PR03 BLOK PRZEROBU ROPY\DRW-IV|DR4.FC43354_OP.PV;"2026-08-05 05:05:19,212006";"49,3613624572754"
\\PIAF\PKN Orlen\PI Vision\PKN Orlen\ZAKŁAD PRODUKCYJNY PŁOCK\RAFINERIA\PR03 BLOK PRZEROBU ROPY\DRW-IV|DR4.FC43354_OP.PV;"2026-08-05 05:17:14,201004";"49,2444648742676"
\\PIAF\PKN Orlen\PI Vision\PKN Orlen\ZAKŁAD PRODUKCYJNY PŁOCK\RAFINERIA\PR03 BLOK PRZEROBU ROPY\DRW-IV|DR4.FC43354_OP.PV;"2026-08-05 05:39:44,227005";"48,5791053771973"
\\PIAF\PKN Orlen\PI Vision\PKN Orlen\ZAKŁAD PRODUKCYJNY PŁOCK\RAFINERIA\PR03 BLOK PRZEROBU ROPY\DRW-IV|DR4.FC43354_OP.PV;"2026-08-05 06:09:19,199005";"48,5049018859863"
\\PIAF\PKN Orlen\PI Vision\PKN Orlen\ZAKŁAD PRODUKCYJNY PŁOCK\RAFINERIA\PR03 BLOK PRZEROBU ROPY\DRW-IV|DR4.FC43354_OP.PV;"2026-08-05 07:13:14,133011";"48,0845718383789"
\\PIAF\PKN Orlen\PI Vision\PKN Orlen\ZAKŁAD PRODUKCYJNY PŁOCK\RAFINERIA\PR03 BLOK PRZEROBU ROPY\DRW-IV|DR4.FC43354_OP.PV;"2026-08-05 07:27:34,155014";"48,295108795166"
\\PIAF\PKN Orlen\PI Vision\PKN Orlen\ZAKŁAD PRODUKCYJNY PŁOCK\RAFINERIA\PR03 BLOK PRZEROBU ROPY\DRW-IV|DR4.FC43354_OP.PV;"2026-08-05 07:40:14,208008";"48,1805152893066"
\\PIAF\PKN Orlen\PI Vision\PKN Orlen\ZAKŁAD PRODUKCYJNY PŁOCK\RAFINERIA\PR03 BLOK PRZEROBU ROPY\DRW-IV|DR4.FC43354_OP.PV;"2026-08-05 08:04:19,171005";"48,8308029174805"
\\PIAF\PKN Orlen\PI Vision\PKN Orlen\ZAKŁAD PRODUKCYJNY PŁOCK\RAFINERIA\PR03 BLOK PRZEROBU ROPY\DRW-IV|DR4.FC43354_OP.PV;"2026-08-05 08:46:54,09201";"48,9151611328125"
\\PIAF\PKN Orlen\PI Vision\PKN Orlen\ZAKŁAD PRODUKCYJNY PŁOCK\RAFINERIA\PR03 BLOK PRZEROBU ROPY\DRW-IV|DR4.FC43354_OP.PV;"2026-08-05 08:47:34,124008";"49,2609329223633"
\\PIAF\PKN Orlen\PI Vision\PKN Orlen\ZAKŁAD PRODUKCYJNY PŁOCK\RAFINERIA\PR03 BLOK PRZEROBU ROPY\DRW-IV|DR4.FC43354_OP.PV;"2026-08-05 08:52:14,126007";"49,0170822143555"
\\PIAF\PKN Orlen\PI Vision\PKN Orlen\ZAKŁAD PRODUKCYJNY PŁOCK\RAFINERIA\PR03 BLOK PRZEROBU ROPY\DRW-IV|DR4.FC43354_OP.PV;"2026-08-05 08:56:24,159012";"48,913387298584"
\\PIAF\PKN Orlen\PI Vision\PKN Orlen\ZAKŁAD PRODUKCYJNY PŁOCK\RAFINERIA\PR03 BLOK PRZEROBU ROPY\DRW-IV|DR4.FC43354_OP.PV;"2026-08-05 09:03:04,146011";"49,2342872619629"
\\PIAF\PKN Orlen\PI Vision\PKN Orlen\ZAKŁAD PRODUKCYJNY PŁOCK\RAFINERIA\PR03 BLOK PRZEROBU ROPY\DRW-IV|DR4.FC43354_OP.PV;"2026-08-05 09:09:29,149002";"48,7996368408203"
\\PIAF\PKN Orlen\PI Vision\PKN Orlen\ZAKŁAD PRODUKCYJNY PŁOCK\RAFINERIA\PR03 BLOK PRZEROBU ROPY\DRW-IV|DR4.FC43354_OP.PV;"2026-08-05 09:17:04,152008";"49,2260322570801"
\\PIAF\PKN Orlen\PI Vision\PKN Orlen\ZAKŁAD PRODUKCYJNY PŁOCK\RAFINERIA\PR03 BLOK PRZEROBU ROPY\DRW-IV|DR4.FC43354_OP.PV;"2026-08-05 09:32:24,212006";"49,2092170715332"
\\PIAF\PKN Orlen\PI Vision\PKN Orlen\ZAKŁAD PRODUKCYJNY PŁOCK\RAFINERIA\PR03 BLOK PRZEROBU ROPY\DRW-IV|DR4.FC43354_OP.PV;"2026-08-05 09:54:49,206009";"49,8698310852051"
\\PIAF\PKN Orlen\PI Vision\PKN Orlen\ZAKŁAD PRODUKCYJNY PŁOCK\RAFINERIA\PR03 BLOK PRZEROBU ROPY\DRW-IV|DR4.FC43354_OP.PV;"2026-08-05 10:06:24,180008";"50,2468948364258"
\\PIAF\PKN Orlen\PI Vision\PKN Orlen\ZAKŁAD PRODUKCYJNY PŁOCK\RAFINERIA\PR03 BLOK PRZEROBU ROPY\DRW-IV|DR4.FC43354_OP.PV;"2026-08-05 10:09:19,181";"49,9278602600098"
\\PIAF\PKN Orlen\PI Vision\PKN Orlen\ZAKŁAD PRODUKCYJNY PŁOCK\RAFINERIA\PR03 BLOK PRZEROBU ROPY\DRW-IV|DR4.FC43354_OP.PV;"2026-08-05 10:20:44,202011";"50,1421203613281"
\\PIAF\PKN Orlen\PI Vision\PKN Orlen\ZAKŁAD PRODUKCYJNY PŁOCK\RAFINERIA\PR03 BLOK PRZEROBU ROPY\DRW-IV|DR4.FC43354_OP.PV;"2026-08-05 10:24:49,20401";"50,022533416748"
\\PIAF\PKN Orlen\PI Vision\PKN Orlen\ZAKŁAD PRODUKCYJNY PŁOCK\RAFINERIA\PR03 BLOK PRZEROBU ROPY\DRW-IV|DR4.FC43354_OP.PV;"2026-08-05 10:36:04,162002";"49,7215843200684"
\\PIAF\PKN Orlen\PI Vision\PKN Orlen\ZAKŁAD PRODUKCYJNY PŁOCK\RAFINERIA\PR03 BLOK PRZEROBU ROPY\DRW-IV|DR4.FC43354_OP.PV;"2026-08-05 10:59:29,20401";"50,370777130127"
\\PIAF\PKN Orlen\PI Vision\PKN Orlen\ZAKŁAD PRODUKCYJNY PŁOCK\RAFINERIA\PR03 BLOK PRZEROBU ROPY\DRW-IV|DR4.FC43354_OP.PV;"2026-08-05 11:03:29,174011";"50,6872177124023"
\\PIAF\PKN Orlen\PI Vision\PKN Orlen\ZAKŁAD PRODUKCYJNY PŁOCK\RAFINERIA\PR03 BLOK PRZEROBU ROPY\DRW-IV|DR4.FC43354_OP.PV;"2026-08-05 11:13:34,241012";"50,5849609375"
\\PIAF\PKN Orlen\PI Vision\PKN Orlen\ZAKŁAD PRODUKCYJNY PŁOCK\RAFINERIA\PR03 BLOK PRZEROBU ROPY\DRW-IV|DR4.FC43354_OP.PV;"2026-08-05 11:30:39,202011";"50,9511489868164"
\\PIAF\PKN Orlen\PI Vision\PKN Orlen\ZAKŁAD PRODUKCYJNY PŁOCK\RAFINERIA\PR03 BLOK PRZEROBU ROPY\DRW-IV|DR4.FC43354_OP.PV;"2026-08-05 11:48:29,125015";"50,3902626037598"
\\PIAF\PKN Orlen\PI Vision\PKN Orlen\ZAKŁAD PRODUKCYJNY PŁOCK\RAFINERIA\PR03 BLOK PRZEROBU ROPY\DRW-IV|DR4.FC43354_OP.PV;"2026-08-05 12:09:54,172012";"50,6451187133789"
\\PIAF\PKN Orlen\PI Vision\PKN Orlen\ZAKŁAD PRODUKCYJNY PŁOCK\RAFINERIA\PR03 BLOK PRZEROBU ROPY\DRW-IV|DR4.FC43354_OP.PV;"2026-08-05 12:31:39,13501";"50,6459045410156"
\\PIAF\PKN Orlen\PI Vision\PKN Orlen\ZAKŁAD PRODUKCYJNY PŁOCK\RAFINERIA\PR03 BLOK PRZEROBU ROPY\DRW-IV|DR4.FC43354_OP.PV;"2026-08-05 12:37:44,122009";"50,7607383728027"
\\PIAF\PKN Orlen\PI Vision\PKN Orlen\ZAKŁAD PRODUKCYJNY PŁOCK\RAFINERIA\PR03 BLOK PRZEROBU ROPY\DRW-IV|DR4.FC43354_OP.PV;"2026-08-05 13:10:09,152008";"50,6066589355469"
\\PIAF\PKN Orlen\PI Vision\PKN Orlen\ZAKŁAD PRODUKCYJNY PŁOCK\RAFINERIA\PR03 BLOK PRZEROBU ROPY\DRW-IV|DR4.FC43354_OP.PV;"2026-08-05 13:36:24,126999";"50,8505821228027"
\\PIAF\PKN Orlen\PI Vision\PKN Orlen\ZAKŁAD PRODUKCYJNY PŁOCK\RAFINERIA\PR03 BLOK PRZEROBU ROPY\DRW-IV|DR4.FC43354_OP.PV;"2026-08-05 13:55:39,235001";"50,6333808898926"
\\PIAF\PKN Orlen\PI Vision\PKN Orlen\ZAKŁAD PRODUKCYJNY PŁOCK\RAFINERIA\PR03 BLOK PRZEROBU ROPY\DRW-IV|DR4.FC43354_OP.PV;"2026-08-05 14:38:44,223007";"50,8896331787109"
\\PIAF\PKN Orlen\PI Vision\PKN Orlen\ZAKŁAD PRODUKCYJNY PŁOCK\RAFINERIA\PR03 BLOK PRZEROBU ROPY\DRW-IV|DR4.FC43354_OP.PV;"2026-08-05 15:05:09,188004";"50,7739181518555"
\\PIAF\PKN Orlen\PI Vision\PKN Orlen\ZAKŁAD PRODUKCYJNY PŁOCK\RAFINERIA\PR03 BLOK PRZEROBU ROPY\DRW-IV|DR4.FC43354_OP.PV;"2026-08-05 15:45:39,17601";"50,9976997375488"
\\PIAF\PKN Orlen\PI Vision\PKN Orlen\ZAKŁAD PRODUKCYJNY PŁOCK\RAFINERIA\PR03 BLOK PRZEROBU ROPY\DRW-IV|DR4.FC43354_OP.PV;"2026-08-05 15:58:54,229004";"50,8934555053711"
\\PIAF\PKN Orlen\PI Vision\PKN Orlen\ZAKŁAD PRODUKCYJNY PŁOCK\RAFINERIA\PR03 BLOK PRZEROBU ROPY\DRW-IV|DR4.FC43354_OP.PV;"2026-08-05 16:22:39,064011";"50,9569091796875"
\\PIAF\PKN Orlen\PI Vision\PKN Orlen\ZAKŁAD PRODUKCYJNY PŁOCK\RAFINERIA\PR03 BLOK PRZEROBU ROPY\DRW-IV|DR4.FC43354_OP.PV;"2026-08-05 16:51:49,159012";"51,2788887023926"
\\PIAF\PKN Orlen\PI Vision\PKN Orlen\ZAKŁAD PRODUKCYJNY PŁOCK\RAFINERIA\PR03 BLOK PRZEROBU ROPY\DRW-IV|DR4.FC43354_OP.PV;"2026-08-05 16:58:19,084015";"50,9711875915527"
\\PIAF\PKN Orlen\PI Vision\PKN Orlen\ZAKŁAD PRODUKCYJNY PŁOCK\RAFINERIA\PR03 BLOK PRZEROBU ROPY\DRW-IV|DR4.FC43354_OP.PV;"2026-08-05 17:05:49,165008";"51,1691627502441"
\\PIAF\PKN Orlen\PI Vision\PKN Orlen\ZAKŁAD PRODUKCYJNY PŁOCK\RAFINERIA\PR03 BLOK PRZEROBU ROPY\DRW-IV|DR4.FC43354_OP.PV;"2026-08-05 17:08:29,182007";"51,5146179199219"
\\PIAF\PKN Orlen\PI Vision\PKN Orlen\ZAKŁAD PRODUKCYJNY PŁOCK\RAFINERIA\PR03 BLOK PRZEROBU ROPY\DRW-IV|DR4.FC43354_OP.PV;"2026-08-05 17:17:34,093002";"50,9743537902832"
\\PIAF\PKN Orlen\PI Vision\PKN Orlen\ZAKŁAD PRODUKCYJNY PŁOCK\RAFINERIA\PR03 BLOK PRZEROBU ROPY\DRW-IV|DR4.FC43354_OP.PV;"2026-08-05 17:31:24,145004";"51,1885452270508"
\\PIAF\PKN Orlen\PI Vision\PKN Orlen\ZAKŁAD PRODUKCYJNY PŁOCK\RAFINERIA\PR03 BLOK PRZEROBU ROPY\DRW-IV|DR4.FC43354_OP.PV;"2026-08-05 18:15:29,171005";"51,0029830932617"
\\PIAF\PKN Orlen\PI Vision\PKN Orlen\ZAKŁAD PRODUKCYJNY PŁOCK\RAFINERIA\PR03 BLOK PRZEROBU ROPY\DRW-IV|DR4.FC43354_OP.PV;"2026-08-05 18:22:09,158005";"50,897144317627"
\\PIAF\PKN Orlen\PI Vision\PKN Orlen\ZAKŁAD PRODUKCYJNY PŁOCK\RAFINERIA\PR03 BLOK PRZEROBU ROPY\DRW-IV|DR4.FC43354_OP.PV;"2026-08-05 18:30:44,209015";"51,0053253173828"
\\PIAF\PKN Orlen\PI Vision\PKN Orlen\ZAKŁAD PRODUKCYJNY PŁOCK\RAFINERIA\PR03 BLOK PRZEROBU ROPY\DRW-IV|DR4.FC43354_OP.PV;"2026-08-05 18:56:14,158005";"50,7889442443848"
\\PIAF\PKN Orlen\PI Vision\PKN Orlen\ZAKŁAD PRODUKCYJNY PŁOCK\RAFINERIA\PR03 BLOK PRZEROBU ROPY\DRW-IV|DR4.FC43354_OP.PV;"2026-08-05 19:08:14,179001";"50,8723068237305"
\\PIAF\PKN Orlen\PI Vision\PKN Orlen\ZAKŁAD PRODUKCYJNY PŁOCK\RAFINERIA\PR03 BLOK PRZEROBU ROPY\DRW-IV|DR4.FC43354_OP.PV;"2026-08-05 19:14:14,134002";"50,5606689453125"
\\PIAF\PKN Orlen\PI Vision\PKN Orlen\ZAKŁAD PRODUKCYJNY PŁOCK\RAFINERIA\PR03 BLOK PRZEROBU ROPY\DRW-IV|DR4.FC43354_OP.PV;"2026-08-05 19:32:14,220001";"50,6756706237793"
\\PIAF\PKN Orlen\PI Vision\PKN Orlen\ZAKŁAD PRODUKCYJNY PŁOCK\RAFINERIA\PR03 BLOK PRZEROBU ROPY\DRW-IV|DR4.FC43354_OP.PV;"2026-08-05 20:06:04,126007";"50,558666229248"
\\PIAF\PKN Orlen\PI Vision\PKN Orlen\ZAKŁAD PRODUKCYJNY PŁOCK\RAFINERIA\PR03 BLOK PRZEROBU ROPY\DRW-IV|DR4.FC43354_OP.PV;"2026-08-05 20:18:34,116012";"50,4682426452637"
\\PIAF\PKN Orlen\PI Vision\PKN Orlen\ZAKŁAD PRODUKCYJNY PŁOCK\RAFINERIA\PR03 BLOK PRZEROBU ROPY\DRW-IV|DR4.FC43354_OP.PV;"2026-08-05 21:11:19,123001";"50,1294288635254"
\\PIAF\PKN Orlen\PI Vision\PKN Orlen\ZAKŁAD PRODUKCYJNY PŁOCK\RAFINERIA\PR03 BLOK PRZEROBU ROPY\DRW-IV|DR4.FC43354_OP.PV;"2026-08-05 21:52:34,07901";"49,6581954956055"
\\PIAF\PKN Orlen\PI Vision\PKN Orlen\ZAKŁAD PRODUKCYJNY PŁOCK\RAFINERIA\PR03 BLOK PRZEROBU ROPY\DRW-IV|DR4.FC43354_OP.PV;"2026-08-05 22:21:39,105011";"50,0611839294434"
\\PIAF\PKN Orlen\PI Vision\PKN Orlen\ZAKŁAD PRODUKCYJNY PŁOCK\RAFINERIA\PR03 BLOK PRZEROBU ROPY\DRW-IV|DR4.FC43354_OP.PV;"2026-08-05 22:32:29,225006";"49,9493827819824"
\\PIAF\PKN Orlen\PI Vision\PKN Orlen\ZAKŁAD PRODUKCYJNY PŁOCK\RAFINERIA\PR03 BLOK PRZEROBU ROPY\DRW-IV|DR4.FC43354_OP.PV;"2026-08-05 23:26:09,243011";"49,8472137451172"
\\PIAF\PKN Orlen\PI Vision\PKN Orlen\ZAKŁAD PRODUKCYJNY PŁOCK\RAFINERIA\PR03 BLOK PRZEROBU ROPY\DRW-IV|DR4.FC43354_OP.PV;"2026-08-06 00:10:04,216003";"49,9561576843262"
\\PIAF\PKN Orlen\PI Vision\PKN Orlen\ZAKŁAD PRODUKCYJNY PŁOCK\RAFINERIA\PR03 BLOK PRZEROBU ROPY\DRW-IV|DR4.FC43354_OP.PV;"2026-08-06 00:13:59,155014";"50,0683975219727"
\\PIAF\PKN Orlen\PI Vision\PKN Orlen\ZAKŁAD PRODUKCYJNY PŁOCK\RAFINERIA\PR03 BLOK PRZEROBU ROPY\DRW-IV|DR4.FC43354_OP.PV;"2026-08-06 00:25:04,160003";"49,8264122009277"
\\PIAF\PKN Orlen\PI Vision\PKN Orlen\ZAKŁAD PRODUKCYJNY PŁOCK\RAFINERIA\PR03 BLOK PRZEROBU ROPY\DRW-IV|DR4.FC43354_OP.PV;"2026-08-06 00:47:49,170013";"50,2548789978027"
\\PIAF\PKN Orlen\PI Vision\PKN Orlen\ZAKŁAD PRODUKCYJNY PŁOCK\RAFINERIA\PR03 BLOK PRZEROBU ROPY\DRW-IV|DR4.FC43354_OP.PV;"2026-08-06 01:02:39,099014";"49,3700408935547"
\\PIAF\PKN Orlen\PI Vision\PKN Orlen\ZAKŁAD PRODUKCYJNY PŁOCK\RAFINERIA\PR03 BLOK PRZEROBU ROPY\DRW-IV|DR4.FC43354_OP.PV;"2026-08-06 01:14:59,136002";"48,5889701843262"
\\PIAF\PKN Orlen\PI Vision\PKN Orlen\ZAKŁAD PRODUKCYJNY PŁOCK\RAFINERIA\PR03 BLOK PRZEROBU ROPY\DRW-IV|DR4.FC43354_OP.PV;"2026-08-06 01:34:39,19101";"48,3538970947266"
\\PIAF\PKN Orlen\PI Vision\PKN Orlen\ZAKŁAD PRODUKCYJNY PŁOCK\RAFINERIA\PR03 BLOK PRZEROBU ROPY\DRW-IV|DR4.FC43354_OP.PV;"2026-08-06 01:44:24,133011";"47,8146476745605"
\\PIAF\PKN Orlen\PI Vision\PKN Orlen\ZAKŁAD PRODUKCYJNY PŁOCK\RAFINERIA\PR03 BLOK PRZEROBU ROPY\DRW-IV|DR4.FC43354_OP.PV;"2026-08-06 01:54:49,106003";"47,9230575561523"
\\PIAF\PKN Orlen\PI Vision\PKN Orlen\ZAKŁAD PRODUKCYJNY PŁOCK\RAFINERIA\PR03 BLOK PRZEROBU ROPY\DRW-IV|DR4.FC43354_OP.PV;"2026-08-06 02:14:59,131012";"47,5457534790039"
\\PIAF\PKN Orlen\PI Vision\PKN Orlen\ZAKŁAD PRODUKCYJNY PŁOCK\RAFINERIA\PR03 BLOK PRZEROBU ROPY\DRW-IV|DR4.FC43354_OP.PV;"2026-08-06 02:15:54,147003";"47,9837493896484"
\\PIAF\PKN Orlen\PI Vision\PKN Orlen\ZAKŁAD PRODUKCYJNY PŁOCK\RAFINERIA\PR03 BLOK PRZEROBU ROPY\DRW-IV|DR4.FC43354_OP.PV;"2026-08-06 02:25:54,073013";"47,7617416381836"
\\PIAF\PKN Orlen\PI Vision\PKN Orlen\ZAKŁAD PRODUKCYJNY PŁOCK\RAFINERIA\PR03 BLOK PRZEROBU ROPY\DRW-IV|DR4.FC43354_OP.PV;"2026-08-06 02:35:34,093002";"48,4472694396973"
\\PIAF\PKN Orlen\PI Vision\PKN Orlen\ZAKŁAD PRODUKCYJNY PŁOCK\RAFINERIA\PR03 BLOK PRZEROBU ROPY\DRW-IV|DR4.FC43354_OP.PV;"2026-08-06 02:58:04,219009";"48,5427055358887"
\\PIAF\PKN Orlen\PI Vision\PKN Orlen\ZAKŁAD PRODUKCYJNY PŁOCK\RAFINERIA\PR03 BLOK PRZEROBU ROPY\DRW-IV|DR4.FC43354_OP.PV;"2026-08-06 04:13:34,214004";"49,2785301208496"
\\PIAF\PKN Orlen\PI Vision\PKN Orlen\ZAKŁAD PRODUKCYJNY PŁOCK\RAFINERIA\PR03 BLOK PRZEROBU ROPY\DRW-IV|DR4.FC43354_OP.PV;"2026-08-06 04:37:04,178009";"49,2523765563965"
\\PIAF\PKN Orlen\PI Vision\PKN Orlen\ZAKŁAD PRODUKCYJNY PŁOCK\RAFINERIA\PR03 BLOK PRZEROBU ROPY\DRW-IV|DR4.FC43354_OP.PV;"2026-08-06 04:53:34,138016";"49,3563423156738"
\\PIAF\PKN Orlen\PI Vision\PKN Orlen\ZAKŁAD PRODUKCYJNY PŁOCK\RAFINERIA\PR03 BLOK PRZEROBU ROPY\DRW-IV|DR4.FC43354_OP.PV;"2026-08-06 05:03:49,158005";"48,8133544921875"
\\PIAF\PKN Orlen\PI Vision\PKN Orlen\ZAKŁAD PRODUKCYJNY PŁOCK\RAFINERIA\PR03 BLOK PRZEROBU ROPY\DRW-IV|DR4.FC43354_OP.PV;"2026-08-06 05:10:54,193008";"48,2672119140625"
\\PIAF\PKN Orlen\PI Vision\PKN Orlen\ZAKŁAD PRODUKCYJNY PŁOCK\RAFINERIA\PR03 BLOK PRZEROBU ROPY\DRW-IV|DR4.FC43354_OP.PV;"2026-08-06 05:23:19,151001";"48,0597457885742"
\\PIAF\PKN Orlen\PI Vision\PKN Orlen\ZAKŁAD PRODUKCYJNY PŁOCK\RAFINERIA\PR03 BLOK PRZEROBU ROPY\DRW-IV|DR4.FC43354_OP.PV;"2026-08-06 05:37:24,189011";"48,2975578308105"
\\PIAF\PKN Orlen\PI Vision\PKN Orlen\ZAKŁAD PRODUKCYJNY PŁOCK\RAFINERIA\PR03 BLOK PRZEROBU ROPY\DRW-IV|DR4.FC43354_OP.PV;"2026-08-06 05:51:49,132004";"47,8465957641602"
\\PIAF\PKN Orlen\PI Vision\PKN Orlen\ZAKŁAD PRODUKCYJNY PŁOCK\RAFINERIA\PR03 BLOK PRZEROBU ROPY\DRW-IV|DR4.FC43354_OP.PV;"2026-08-06 06:10:09,125015";"47,5154266357422"
\\PIAF\PKN Orlen\PI Vision\PKN Orlen\ZAKŁAD PRODUKCYJNY PŁOCK\RAFINERIA\PR03 BLOK PRZEROBU ROPY\DRW-IV|DR4.FC43354_OP.PV;"2026-08-06 06:15:49,174011";"47,6409568786621"
\\PIAF\PKN Orlen\PI Vision\PKN Orlen\ZAKŁAD PRODUKCYJNY PŁOCK\RAFINERIA\PR03 BLOK PRZEROBU ROPY\DRW-IV|DR4.FC43354_OP.PV;"2026-08-06 07:11:54,141006";"47,6114234924316"
\\PIAF\PKN Orlen\PI Vision\PKN Orlen\ZAKŁAD PRODUKCYJNY PŁOCK\RAFINERIA\PR03 BLOK PRZEROBU ROPY\DRW-IV|DR4.FC43354_OP.PV;"2026-08-06 07:20:09,167007";"48,7382888793945"
\\PIAF\PKN Orlen\PI Vision\PKN Orlen\ZAKŁAD PRODUKCYJNY PŁOCK\RAFINERIA\PR03 BLOK PRZEROBU ROPY\DRW-IV|DR4.FC43354_OP.PV;"2026-08-06 07:40:09,238006";"49,058235168457"
\\PIAF\PKN Orlen\PI Vision\PKN Orlen\ZAKŁAD PRODUKCYJNY PŁOCK\RAFINERIA\PR03 BLOK PRZEROBU ROPY\DRW-IV|DR4.FC43354_OP.PV;"2026-08-06 07:53:19,150009";"49,6611595153809"
\\PIAF\PKN Orlen\PI Vision\PKN Orlen\ZAKŁAD PRODUKCYJNY PŁOCK\RAFINERIA\PR03 BLOK PRZEROBU ROPY\DRW-IV|DR4.FC43354_OP.PV;"2026-08-06 07:53:24,181";"49,3911743164063"
\\PIAF\PKN Orlen\PI Vision\PKN Orlen\ZAKŁAD PRODUKCYJNY PŁOCK\RAFINERIA\PR03 BLOK PRZEROBU ROPY\DRW-IV|DR4.FC43354_OP.PV;"2026-08-06 08:03:44,233001";"49,6167678833008"
\\PIAF\PKN Orlen\PI Vision\PKN Orlen\ZAKŁAD PRODUKCYJNY PŁOCK\RAFINERIA\PR03 BLOK PRZEROBU ROPY\DRW-IV|DR4.FC43354_OP.PV;"2026-08-06 08:09:54,251007";"49,7288513183594"
\\PIAF\PKN Orlen\PI Vision\PKN Orlen\ZAKŁAD PRODUKCYJNY PŁOCK\RAFINERIA\PR03 BLOK PRZEROBU ROPY\DRW-IV|DR4.FC43354_OP.PV;"2026-08-06 08:37:44,231003";"50,0226898193359"
\\PIAF\PKN Orlen\PI Vision\PKN Orlen\ZAKŁAD PRODUKCYJNY PŁOCK\RAFINERIA\PR03 BLOK PRZEROBU ROPY\DRW-IV|DR4.FC43354_OP.PV;"2026-08-06 08:45:09,172012";"49,9333114624023"
\\PIAF\PKN Orlen\PI Vision\PKN Orlen\ZAKŁAD PRODUKCYJNY PŁOCK\RAFINERIA\PR03 BLOK PRZEROBU ROPY\DRW-IV|DR4.FC43354_OP.PV;"2026-08-06 08:50:39,158005";"50,1472663879395"
\\PIAF\PKN Orlen\PI Vision\PKN Orlen\ZAKŁAD PRODUKCYJNY PŁOCK\RAFINERIA\PR03 BLOK PRZEROBU ROPY\DRW-IV|DR4.FC43354_OP.PV;"2026-08-06 09:19:14,139999";"50,2615737915039"
\\PIAF\PKN Orlen\PI Vision\PKN Orlen\ZAKŁAD PRODUKCYJNY PŁOCK\RAFINERIA\PR03 BLOK PRZEROBU ROPY\DRW-IV|DR4.FC43354_OP.PV;"2026-08-06 09:22:44,142014";"49,699104309082"
\\PIAF\PKN Orlen\PI Vision\PKN Orlen\ZAKŁAD PRODUKCYJNY PŁOCK\RAFINERIA\PR03 BLOK PRZEROBU ROPY\DRW-IV|DR4.FC43354_OP.PV;"2026-08-06 09:28:04,175003";"50,2855491638184"
\\PIAF\PKN Orlen\PI Vision\PKN Orlen\ZAKŁAD PRODUKCYJNY PŁOCK\RAFINERIA\PR03 BLOK PRZEROBU ROPY\DRW-IV|DR4.FC43354_OP.PV;"2026-08-06 09:29:09,145004";"50,5614204406738"
\\PIAF\PKN Orlen\PI Vision\PKN Orlen\ZAKŁAD PRODUKCYJNY PŁOCK\RAFINERIA\PR03 BLOK PRZEROBU ROPY\DRW-IV|DR4.FC43354_OP.PV;"2026-08-06 09:42:44,104004";"49,8804512023926"
\\PIAF\PKN Orlen\PI Vision\PKN Orlen\ZAKŁAD PRODUKCYJNY PŁOCK\RAFINERIA\PR03 BLOK PRZEROBU ROPY\DRW-IV|DR4.FC43354_OP.PV;"2026-08-06 09:46:04,152008";"50,3732872009277"
\\PIAF\PKN Orlen\PI Vision\PKN Orlen\ZAKŁAD PRODUKCYJNY PŁOCK\RAFINERIA\PR03 BLOK PRZEROBU ROPY\DRW-IV|DR4.FC43354_OP.PV;"2026-08-06 09:51:04,170013";"50,0428123474121"
\\PIAF\PKN Orlen\PI Vision\PKN Orlen\ZAKŁAD PRODUKCYJNY PŁOCK\RAFINERIA\PR03 BLOK PRZEROBU ROPY\DRW-IV|DR4.FC43354_OP.PV;"2026-08-06 09:57:59,142014";"50,3903427124023"
\\PIAF\PKN Orlen\PI Vision\PKN Orlen\ZAKŁAD PRODUKCYJNY PŁOCK\RAFINERIA\PR03 BLOK PRZEROBU ROPY\DRW-IV|DR4.FC43354_OP.PV;"2026-08-06 10:00:04,158005";"50,7615737915039"
\\PIAF\PKN Orlen\PI Vision\PKN Orlen\ZAKŁAD PRODUKCYJNY PŁOCK\RAFINERIA\PR03 BLOK PRZEROBU ROPY\DRW-IV|DR4.FC43354_OP.PV;"2026-08-06 10:03:24,097";"50,4059028625488"
\\PIAF\PKN Orlen\PI Vision\PKN Orlen\ZAKŁAD PRODUKCYJNY PŁOCK\RAFINERIA\PR03 BLOK PRZEROBU ROPY\DRW-IV|DR4.FC43354_OP.PV;"2026-08-06 10:07:29,099014";"49,8614387512207"
\\PIAF\PKN Orlen\PI Vision\PKN Orlen\ZAKŁAD PRODUKCYJNY PŁOCK\RAFINERIA\PR03 BLOK PRZEROBU ROPY\DRW-IV|DR4.FC43354_OP.PV;"2026-08-06 10:13:04,117004";"50,0716133117676"
\\PIAF\PKN Orlen\PI Vision\PKN Orlen\ZAKŁAD PRODUKCYJNY PŁOCK\RAFINERIA\PR03 BLOK PRZEROBU ROPY\DRW-IV|DR4.FC43354_OP.PV;"2026-08-06 10:20:49,183014";"49,6241264343262"
\\PIAF\PKN Orlen\PI Vision\PKN Orlen\ZAKŁAD PRODUKCYJNY PŁOCK\RAFINERIA\PR03 BLOK PRZEROBU ROPY\DRW-IV|DR4.FC43354_OP.PV;"2026-08-06 11:05:39,171005";"49,5170440673828"
\\PIAF\PKN Orlen\PI Vision\PKN Orlen\ZAKŁAD PRODUKCYJNY PŁOCK\RAFINERIA\PR03 BLOK PRZEROBU ROPY\DRW-IV|DR4.FC43354_OP.PV;"2026-08-06 11:11:14,080002";"49,9506568908691"
\\PIAF\PKN Orlen\PI Vision\PKN Orlen\ZAKŁAD PRODUKCYJNY PŁOCK\RAFINERIA\PR03 BLOK PRZEROBU ROPY\DRW-IV|DR4.FC43354_OP.PV;"2026-08-06 11:25:09,164001";"49,5214042663574"
\\PIAF\PKN Orlen\PI Vision\PKN Orlen\ZAKŁAD PRODUKCYJNY PŁOCK\RAFINERIA\PR03 BLOK PRZEROBU ROPY\DRW-IV|DR4.FC43354_OP.PV;"2026-08-06 11:28:59,072006";"49,4571418762207"
\\PIAF\PKN Orlen\PI Vision\PKN Orlen\ZAKŁAD PRODUKCYJNY PŁOCK\RAFINERIA\PR03 BLOK PRZEROBU ROPY\DRW-IV|DR4.FC43354_OP.PV;"2026-08-06 11:37:24,160003";"49,5752906799316"
\\PIAF\PKN Orlen\PI Vision\PKN Orlen\ZAKŁAD PRODUKCYJNY PŁOCK\RAFINERIA\PR03 BLOK PRZEROBU ROPY\DRW-IV|DR4.FC43354_OP.PV;"2026-08-06 11:42:39,272003";"49,2580490112305"
\\PIAF\PKN Orlen\PI Vision\PKN Orlen\ZAKŁAD PRODUKCYJNY PŁOCK\RAFINERIA\PR03 BLOK PRZEROBU ROPY\DRW-IV|DR4.FC43354_OP.PV;"2026-08-06 11:51:14,213012";"49,1231384277344"
\\PIAF\PKN Orlen\PI Vision\PKN Orlen\ZAKŁAD PRODUKCYJNY PŁOCK\RAFINERIA\PR03 BLOK PRZEROBU ROPY\DRW-IV|DR4.FC43354_OP.PV;"2026-08-06 11:53:14,199005";"48,7871589660645"
\\PIAF\PKN Orlen\PI Vision\PKN Orlen\ZAKŁAD PRODUKCYJNY PŁOCK\RAFINERIA\PR03 BLOK PRZEROBU ROPY\DRW-IV|DR4.FC43354_OP.PV;"2026-08-06 12:07:44,174011";"48,8088798522949"
\\PIAF\PKN Orlen\PI Vision\PKN Orlen\ZAKŁAD PRODUKCYJNY PŁOCK\RAFINERIA\PR03 BLOK PRZEROBU ROPY\DRW-IV|DR4.FC43354_OP.PV;"2026-08-06 12:18:14,178009";"49,4412689208984"
\\PIAF\PKN Orlen\PI Vision\PKN Orlen\ZAKŁAD PRODUKCYJNY PŁOCK\RAFINERIA\PR03 BLOK PRZEROBU ROPY\DRW-IV|DR4.FC43354_OP.PV;"2026-08-06 12:43:29,142014";"49,8788070678711"
\\PIAF\PKN Orlen\PI Vision\PKN Orlen\ZAKŁAD PRODUKCYJNY PŁOCK\RAFINERIA\PR03 BLOK PRZEROBU ROPY\DRW-IV|DR4.FC43354_OP.PV;"2026-08-06 13:42:59,161011";"49,9811706542969"
\\PIAF\PKN Orlen\PI Vision\PKN Orlen\ZAKŁAD PRODUKCYJNY PŁOCK\RAFINERIA\PR03 BLOK PRZEROBU ROPY\DRW-IV|DR4.FC43354_OP.PV;"2026-08-06 13:51:04,134002";"49,8519821166992"
\\PIAF\PKN Orlen\PI Vision\PKN Orlen\ZAKŁAD PRODUKCYJNY PŁOCK\RAFINERIA\PR03 BLOK PRZEROBU ROPY\DRW-IV|DR4.FC43354_OP.PV;"2026-08-06 14:09:49,173004";"49,7146759033203"
\\PIAF\PKN Orlen\PI Vision\PKN Orlen\ZAKŁAD PRODUKCYJNY PŁOCK\RAFINERIA\PR03 BLOK PRZEROBU ROPY\DRW-IV|DR4.FC43354_OP.PV;"2026-08-06 14:20:09,115005";"49,0473136901855"
\\PIAF\PKN Orlen\PI Vision\PKN Orlen\ZAKŁAD PRODUKCYJNY PŁOCK\RAFINERIA\PR03 BLOK PRZEROBU ROPY\DRW-IV|DR4.FC43354_OP.PV;"2026-08-06 14:31:44,198013";"49,7897262573242"
\\PIAF\PKN Orlen\PI Vision\PKN Orlen\ZAKŁAD PRODUKCYJNY PŁOCK\RAFINERIA\PR03 BLOK PRZEROBU ROPY\DRW-IV|DR4.FC43354_OP.PV;"2026-08-06 14:41:24,040008";"49,6863327026367"
\\PIAF\PKN Orlen\PI Vision\PKN Orlen\ZAKŁAD PRODUKCYJNY PŁOCK\RAFINERIA\PR03 BLOK PRZEROBU ROPY\DRW-IV|DR4.FC43354_OP.PV;"2026-08-06 15:10:04,139999";"50,0230293273926"
\\PIAF\PKN Orlen\PI Vision\PKN Orlen\ZAKŁAD PRODUKCYJNY PŁOCK\RAFINERIA\PR03 BLOK PRZEROBU ROPY\DRW-IV|DR4.FC43354_OP.PV;"2026-08-06 15:34:39,073013";"50,1770629882813"
\\PIAF\PKN Orlen\PI Vision\PKN Orlen\ZAKŁAD PRODUKCYJNY PŁOCK\RAFINERIA\PR03 BLOK PRZEROBU ROPY\DRW-IV|DR4.FC43354_OP.PV;"2026-08-06 15:50:04,064011";"49,9605140686035"
\\PIAF\PKN Orlen\PI Vision\PKN Orlen\ZAKŁAD PRODUKCYJNY PŁOCK\RAFINERIA\PR03 BLOK PRZEROBU ROPY\DRW-IV|DR4.FC43354_OP.PV;"2026-08-06 16:09:04,188004";"50,1098747253418"
\\PIAF\PKN Orlen\PI Vision\PKN Orlen\ZAKŁAD PRODUKCYJNY PŁOCK\RAFINERIA\PR03 BLOK PRZEROBU ROPY\DRW-IV|DR4.FC43354_OP.PV;"2026-08-06 16:32:49,201004";"49,727897644043"
\\PIAF\PKN Orlen\PI Vision\PKN Orlen\ZAKŁAD PRODUKCYJNY PŁOCK\RAFINERIA\PR03 BLOK PRZEROBU ROPY\DRW-IV|DR4.FC43354_OP.PV;"2026-08-06 16:50:14,177002";"49,6245079040527"
\\PIAF\PKN Orlen\PI Vision\PKN Orlen\ZAKŁAD PRODUKCYJNY PŁOCK\RAFINERIA\PR03 BLOK PRZEROBU ROPY\DRW-IV|DR4.FC43354_OP.PV;"2026-08-06 16:57:19,212006";"48,9428291320801"
\\PIAF\PKN Orlen\PI Vision\PKN Orlen\ZAKŁAD PRODUKCYJNY PŁOCK\RAFINERIA\PR03 BLOK PRZEROBU ROPY\DRW-IV|DR4.FC43354_OP.PV;"2026-08-06 17:13:44,141006";"49,4563331604004"
\\PIAF\PKN Orlen\PI Vision\PKN Orlen\ZAKŁAD PRODUKCYJNY PŁOCK\RAFINERIA\PR03 BLOK PRZEROBU ROPY\DRW-IV|DR4.FC43354_OP.PV;"2026-08-06 17:19:04,174011";"49,912181854248"
\\PIAF\PKN Orlen\PI Vision\PKN Orlen\ZAKŁAD PRODUKCYJNY PŁOCK\RAFINERIA\PR03 BLOK PRZEROBU ROPY\DRW-IV|DR4.FC43354_OP.PV;"2026-08-06 17:31:39,196014";"49,2468795776367"
\\PIAF\PKN Orlen\PI Vision\PKN Orlen\ZAKŁAD PRODUKCYJNY PŁOCK\RAFINERIA\PR03 BLOK PRZEROBU ROPY\DRW-IV|DR4.FC43354_OP.PV;"2026-08-06 17:57:59,129013";"49,0492553710938"
\\PIAF\PKN Orlen\PI Vision\PKN Orlen\ZAKŁAD PRODUKCYJNY PŁOCK\RAFINERIA\PR03 BLOK PRZEROBU ROPY\DRW-IV|DR4.FC43354_OP.PV;"2026-08-06 18:15:29,137008";"49,3225746154785"
\\PIAF\PKN Orlen\PI Vision\PKN Orlen\ZAKŁAD PRODUKCYJNY PŁOCK\RAFINERIA\PR03 BLOK PRZEROBU ROPY\DRW-IV|DR4.FC43354_OP.PV;"2026-08-06 18:49:29,197006";"49,2573661804199"
\\PIAF\PKN Orlen\PI Vision\PKN Orlen\ZAKŁAD PRODUKCYJNY PŁOCK\RAFINERIA\PR03 BLOK PRZEROBU ROPY\DRW-IV|DR4.FC43354_OP.PV;"2026-08-06 19:09:34,190002";"49,5842247009277"
\\PIAF\PKN Orlen\PI Vision\PKN Orlen\ZAKŁAD PRODUKCYJNY PŁOCK\RAFINERIA\PR03 BLOK PRZEROBU ROPY\DRW-IV|DR4.FC43354_OP.PV;"2026-08-06 19:53:34,080002";"49,6731185913086"
\\PIAF\PKN Orlen\PI Vision\PKN Orlen\ZAKŁAD PRODUKCYJNY PŁOCK\RAFINERIA\PR03 BLOK PRZEROBU ROPY\DRW-IV|DR4.FC43354_OP.PV;"2026-08-06 20:04:14,147003";"49,7913513183594"
\\PIAF\PKN Orlen\PI Vision\PKN Orlen\ZAKŁAD PRODUKCYJNY PŁOCK\RAFINERIA\PR03 BLOK PRZEROBU ROPY\DRW-IV|DR4.FC43354_OP.PV;"2026-08-06 20:12:54,219009";"49,6709098815918"
\\PIAF\PKN Orlen\PI Vision\PKN Orlen\ZAKŁAD PRODUKCYJNY PŁOCK\RAFINERIA\PR03 BLOK PRZEROBU ROPY\DRW-IV|DR4.FC43354_OP.PV;"2026-08-06 20:27:44,210007";"49,8847923278809"
\\PIAF\PKN Orlen\PI Vision\PKN Orlen\ZAKŁAD PRODUKCYJNY PŁOCK\RAFINERIA\PR03 BLOK PRZEROBU ROPY\DRW-IV|DR4.FC43354_OP.PV;"2026-08-06 20:37:44,246002";"49,7746925354004"
\\PIAF\PKN Orlen\PI Vision\PKN Orlen\ZAKŁAD PRODUKCYJNY PŁOCK\RAFINERIA\PR03 BLOK PRZEROBU ROPY\DRW-IV|DR4.FC43354_OP.PV;"2026-08-06 20:54:04,144012";"50,5414047241211"
\\PIAF\PKN Orlen\PI Vision\PKN Orlen\ZAKŁAD PRODUKCYJNY PŁOCK\RAFINERIA\PR03 BLOK PRZEROBU ROPY\DRW-IV|DR4.FC43354_OP.PV;"2026-08-06 21:06:54,259002";"50,1008911132813"
\\PIAF\PKN Orlen\PI Vision\PKN Orlen\ZAKŁAD PRODUKCYJNY PŁOCK\RAFINERIA\PR03 BLOK PRZEROBU ROPY\DRW-IV|DR4.FC43354_OP.PV;"2026-08-06 21:28:34,173004";"49,7473793029785"
\\PIAF\PKN Orlen\PI Vision\PKN Orlen\ZAKŁAD PRODUKCYJNY PŁOCK\RAFINERIA\PR03 BLOK PRZEROBU ROPY\DRW-IV|DR4.FC43354_OP.PV;"2026-08-06 21:55:04,169006";"49,6283912658691"
\\PIAF\PKN Orlen\PI Vision\PKN Orlen\ZAKŁAD PRODUKCYJNY PŁOCK\RAFINERIA\PR03 BLOK PRZEROBU ROPY\DRW-IV|DR4.FC43354_OP.PV;"2026-08-06 22:07:34,159012";"49,738525390625"
\\PIAF\PKN Orlen\PI Vision\PKN Orlen\ZAKŁAD PRODUKCYJNY PŁOCK\RAFINERIA\PR03 BLOK PRZEROBU ROPY\DRW-IV|DR4.FC43354_OP.PV;"2026-08-06 22:14:24,208008";"49,6124649047852"
\\PIAF\PKN Orlen\PI Vision\PKN Orlen\ZAKŁAD PRODUKCYJNY PŁOCK\RAFINERIA\PR03 BLOK PRZEROBU ROPY\DRW-IV|DR4.FC43354_OP.PV;"2026-08-06 22:17:09,147003";"49,943962097168"
\\PIAF\PKN Orlen\PI Vision\PKN Orlen\ZAKŁAD PRODUKCYJNY PŁOCK\RAFINERIA\PR03 BLOK PRZEROBU ROPY\DRW-IV|DR4.FC43354_OP.PV;"2026-08-06 22:56:34,155014";"49,8882865905762"
\\PIAF\PKN Orlen\PI Vision\PKN Orlen\ZAKŁAD PRODUKCYJNY PŁOCK\RAFINERIA\PR03 BLOK PRZEROBU ROPY\DRW-IV|DR4.FC43354_OP.PV;"2026-08-06 23:31:19,186004";"49,7344169616699"
\\PIAF\PKN Orlen\PI Vision\PKN Orlen\ZAKŁAD PRODUKCYJNY PŁOCK\RAFINERIA\PR03 BLOK PRZEROBU ROPY\DRW-IV|DR4.FC43354_OP.PV;"2026-08-06 23:58:59,183014";"49,8290596008301"
\\PIAF\PKN Orlen\PI Vision\PKN Orlen\ZAKŁAD PRODUKCYJNY PŁOCK\RAFINERIA\PR03 BLOK PRZEROBU ROPY\DRW-IV|DR4.FC43354_OP.PV;"2026-08-07 00:24:34,163009";"49,9605331420898"
\\PIAF\PKN Orlen\PI Vision\PKN Orlen\ZAKŁAD PRODUKCYJNY PŁOCK\RAFINERIA\PR03 BLOK PRZEROBU ROPY\DRW-IV|DR4.FC43354_OP.PV;"2026-08-07 00:32:49,088012";"49,6723556518555"
\\PIAF\PKN Orlen\PI Vision\PKN Orlen\ZAKŁAD PRODUKCYJNY PŁOCK\RAFINERIA\PR03 BLOK PRZEROBU ROPY\DRW-IV|DR4.FC43354_OP.PV;"2026-08-07 00:35:29,105011";"49,3221549987793"
\\PIAF\PKN Orlen\PI Vision\PKN Orlen\ZAKŁAD PRODUKCYJNY PŁOCK\RAFINERIA\PR03 BLOK PRZEROBU ROPY\DRW-IV|DR4.FC43354_OP.PV;"2026-08-07 00:42:54,209015";"49,8341331481934"
\\PIAF\PKN Orlen\PI Vision\PKN Orlen\ZAKŁAD PRODUKCYJNY PŁOCK\RAFINERIA\PR03 BLOK PRZEROBU ROPY\DRW-IV|DR4.FC43354_OP.PV;"2026-08-07 01:50:34,238006";"49,3867568969727"
\\PIAF\PKN Orlen\PI Vision\PKN Orlen\ZAKŁAD PRODUKCYJNY PŁOCK\RAFINERIA\PR03 BLOK PRZEROBU ROPY\DRW-IV|DR4.FC43354_OP.PV;"2026-08-07 03:31:44,158005";"49,1240463256836"
\\PIAF\PKN Orlen\PI Vision\PKN Orlen\ZAKŁAD PRODUKCYJNY PŁOCK\RAFINERIA\PR03 BLOK PRZEROBU ROPY\DRW-IV|DR4.FC43354_OP.PV;"2026-08-07 04:14:34,180008";"49,0799179077148"
\\PIAF\PKN Orlen\PI Vision\PKN Orlen\ZAKŁAD PRODUKCYJNY PŁOCK\RAFINERIA\PR03 BLOK PRZEROBU ROPY\DRW-IV|DR4.FC43354_OP.PV;"2026-08-07 04:34:49,105011";"49,2800750732422"
\\PIAF\PKN Orlen\PI Vision\PKN Orlen\ZAKŁAD PRODUKCYJNY PŁOCK\RAFINERIA\PR03 BLOK PRZEROBU ROPY\DRW-IV|DR4.FC43354_OP.PV;"2026-08-07 04:47:29,158005";"49,3403434753418"
\\PIAF\PKN Orlen\PI Vision\PKN Orlen\ZAKŁAD PRODUKCYJNY PŁOCK\RAFINERIA\PR03 BLOK PRZEROBU ROPY\DRW-IV|DR4.FC43354_OP.PV;"2026-08-07 05:47:54,190002";"49,0354804992676"
\\PIAF\PKN Orlen\PI Vision\PKN Orlen\ZAKŁAD PRODUKCYJNY PŁOCK\RAFINERIA\PR03 BLOK PRZEROBU ROPY\DRW-IV|DR4.FC43354_OP.PV;"2026-08-07 06:43:54,215012";"49,1047058105469"
\\PIAF\PKN Orlen\PI Vision\PKN Orlen\ZAKŁAD PRODUKCYJNY PŁOCK\RAFINERIA\PR03 BLOK PRZEROBU ROPY\DRW-IV|DR4.FC43354_OP.PV;"2026-08-07 07:09:49,211014";"49,4178352355957"
\\PIAF\PKN Orlen\PI Vision\PKN Orlen\ZAKŁAD PRODUKCYJNY PŁOCK\RAFINERIA\PR03 BLOK PRZEROBU ROPY\DRW-IV|DR4.FC43354_OP.PV;"2026-08-07 08:01:34,19101";"49,5626182556152"
\\PIAF\PKN Orlen\PI Vision\PKN Orlen\ZAKŁAD PRODUKCYJNY PŁOCK\RAFINERIA\PR03 BLOK PRZEROBU ROPY\DRW-IV|DR4.FC43354_OP.PV;"2026-08-07 08:16:29,104004";"49,5461311340332"
\\PIAF\PKN Orlen\PI Vision\PKN Orlen\ZAKŁAD PRODUKCYJNY PŁOCK\RAFINERIA\PR03 BLOK PRZEROBU ROPY\DRW-IV|DR4.FC43354_OP.PV;"2026-08-07 08:35:09,112";"49,5096855163574"
\\PIAF\PKN Orlen\PI Vision\PKN Orlen\ZAKŁAD PRODUKCYJNY PŁOCK\RAFINERIA\PR03 BLOK PRZEROBU ROPY\DRW-IV|DR4.FC43354_OP.PV;"2026-08-07 08:37:29,113006";"49,2515258789063"
\\PIAF\PKN Orlen\PI Vision\PKN Orlen\ZAKŁAD PRODUKCYJNY PŁOCK\RAFINERIA\PR03 BLOK PRZEROBU ROPY\DRW-IV|DR4.FC43354_OP.PV;"2026-08-07 08:50:14,188004";"49,4704666137695"
\\PIAF\PKN Orlen\PI Vision\PKN Orlen\ZAKŁAD PRODUKCYJNY PŁOCK\RAFINERIA\PR03 BLOK PRZEROBU ROPY\DRW-IV|DR4.FC43354_OP.PV;"2026-08-07 10:10:14,145004";"49,6601905822754"
\\PIAF\PKN Orlen\PI Vision\PKN Orlen\ZAKŁAD PRODUKCYJNY PŁOCK\RAFINERIA\PR03 BLOK PRZEROBU ROPY\DRW-IV|DR4.FC43354_OP.PV;"2026-08-07 10:19:14,133011";"49,8585052490234"
\\PIAF\PKN Orlen\PI Vision\PKN Orlen\ZAKŁAD PRODUKCYJNY PŁOCK\RAFINERIA\PR03 BLOK PRZEROBU ROPY\DRW-IV|DR4.FC43354_OP.PV;"2026-08-07 11:35:09,124008";"49,9920349121094"
\\PIAF\PKN Orlen\PI Vision\PKN Orlen\ZAKŁAD PRODUKCYJNY PŁOCK\RAFINERIA\PR03 BLOK PRZEROBU ROPY\DRW-IV|DR4.FC43354_OP.PV;"2026-08-07 12:00:34,150009";"49,7891654968262"
\\PIAF\PKN Orlen\PI Vision\PKN Orlen\ZAKŁAD PRODUKCYJNY PŁOCK\RAFINERIA\PR03 BLOK PRZEROBU ROPY\DRW-IV|DR4.FC43354_OP.PV;"2026-08-07 12:23:59,083008";"49,581787109375"
\\PIAF\PKN Orlen\PI Vision\PKN Orlen\ZAKŁAD PRODUKCYJNY PŁOCK\RAFINERIA\PR03 BLOK PRZEROBU ROPY\DRW-IV|DR4.FC43354_OP.PV;"2026-08-07 12:35:54,069";"49,1039886474609"
\\PIAF\PKN Orlen\PI Vision\PKN Orlen\ZAKŁAD PRODUKCYJNY PŁOCK\RAFINERIA\PR03 BLOK PRZEROBU ROPY\DRW-IV|DR4.FC43354_OP.PV;"2026-08-07 12:47:04,205002";"49,2200775146484"
\\PIAF\PKN Orlen\PI Vision\PKN Orlen\ZAKŁAD PRODUKCYJNY PŁOCK\RAFINERIA\PR03 BLOK PRZEROBU ROPY\DRW-IV|DR4.FC43354_OP.PV;"2026-08-07 12:50:44,060013";"48,9041557312012"
\\PIAF\PKN Orlen\PI Vision\PKN Orlen\ZAKŁAD PRODUKCYJNY PŁOCK\RAFINERIA\PR03 BLOK PRZEROBU ROPY\DRW-IV|DR4.FC43354_OP.PV;"2026-08-07 13:18:04,25";"49,2495651245117"
\\PIAF\PKN Orlen\PI Vision\PKN Orlen\ZAKŁAD PRODUKCYJNY PŁOCK\RAFINERIA\PR03 BLOK PRZEROBU ROPY\DRW-IV|DR4.FC43354_OP.PV;"2026-08-07 14:23:29,168014";"48,955135345459"
\\PIAF\PKN Orlen\PI Vision\PKN Orlen\ZAKŁAD PRODUKCYJNY PŁOCK\RAFINERIA\PR03 BLOK PRZEROBU ROPY\DRW-IV|DR4.FC43354_OP.PV;"2026-08-07 14:46:04,225006";"49,1859474182129"
\\PIAF\PKN Orlen\PI Vision\PKN Orlen\ZAKŁAD PRODUKCYJNY PŁOCK\RAFINERIA\PR03 BLOK PRZEROBU ROPY\DRW-IV|DR4.FC43354_OP.PV;"2026-08-07 14:55:44,136002";"49,0713539123535"
\\PIAF\PKN Orlen\PI Vision\PKN Orlen\ZAKŁAD PRODUKCYJNY PŁOCK\RAFINERIA\PR03 BLOK PRZEROBU ROPY\DRW-IV|DR4.FC43354_OP.PV;"2026-08-07 15:20:14,147003";"49,3718070983887"
\\PIAF\PKN Orlen\PI Vision\PKN Orlen\ZAKŁAD PRODUKCYJNY PŁOCK\RAFINERIA\PR03 BLOK PRZEROBU ROPY\DRW-IV|DR4.FC43354_OP.PV;"2026-08-07 15:28:39,13501";"48,9634399414063"
\\PIAF\PKN Orlen\PI Vision\PKN Orlen\ZAKŁAD PRODUKCYJNY PŁOCK\RAFINERIA\PR03 BLOK PRZEROBU ROPY\DRW-IV|DR4.FC43354_OP.PV;"2026-08-07 16:05:54,12001";"49,3825836181641"
\\PIAF\PKN Orlen\PI Vision\PKN Orlen\ZAKŁAD PRODUKCYJNY PŁOCK\RAFINERIA\PR03 BLOK PRZEROBU ROPY\DRW-IV|DR4.FC43354_OP.PV;"2026-08-07 16:36:19,119003";"49,5226249694824"
\\PIAF\PKN Orlen\PI Vision\PKN Orlen\ZAKŁAD PRODUKCYJNY PŁOCK\RAFINERIA\PR03 BLOK PRZEROBU ROPY\DRW-IV|DR4.FC43354_OP.PV;"2026-08-07 16:51:49,141006";"49,6214637756348"
\\PIAF\PKN Orlen\PI Vision\PKN Orlen\ZAKŁAD PRODUKCYJNY PŁOCK\RAFINERIA\PR03 BLOK PRZEROBU ROPY\DRW-IV|DR4.FC43354_OP.PV;"2026-08-07 17:04:34,136002";"49,3914451599121"
\\PIAF\PKN Orlen\PI Vision\PKN Orlen\ZAKŁAD PRODUKCYJNY PŁOCK\RAFINERIA\PR03 BLOK PRZEROBU ROPY\DRW-IV|DR4.FC43354_OP.PV;"2026-08-07 17:07:44,122009";"49,7257690429688"
\\PIAF\PKN Orlen\PI Vision\PKN Orlen\ZAKŁAD PRODUKCYJNY PŁOCK\RAFINERIA\PR03 BLOK PRZEROBU ROPY\DRW-IV|DR4.FC43354_OP.PV;"2026-08-07 17:24:14,082001";"49,3185729980469"
\\PIAF\PKN Orlen\PI Vision\PKN Orlen\ZAKŁAD PRODUKCYJNY PŁOCK\RAFINERIA\PR03 BLOK PRZEROBU ROPY\DRW-IV|DR4.FC43354_OP.PV;"2026-08-07 17:59:14,198013";"49,5404396057129"
\\PIAF\PKN Orlen\PI Vision\PKN Orlen\ZAKŁAD PRODUKCYJNY PŁOCK\RAFINERIA\PR03 BLOK PRZEROBU ROPY\DRW-IV|DR4.FC43354_OP.PV;"2026-08-07 18:34:44,182007";"49,8555107116699"
\\PIAF\PKN Orlen\PI Vision\PKN Orlen\ZAKŁAD PRODUKCYJNY PŁOCK\RAFINERIA\PR03 BLOK PRZEROBU ROPY\DRW-IV|DR4.FC43354_OP.PV;"2026-08-07 18:44:29,233001";"49,9609222412109"
\\PIAF\PKN Orlen\PI Vision\PKN Orlen\ZAKŁAD PRODUKCYJNY PŁOCK\RAFINERIA\PR03 BLOK PRZEROBU ROPY\DRW-IV|DR4.FC43354_OP.PV;"2026-08-07 19:19:54,186004";"49,814395904541"
\\PIAF\PKN Orlen\PI Vision\PKN Orlen\ZAKŁAD PRODUKCYJNY PŁOCK\RAFINERIA\PR03 BLOK PRZEROBU ROPY\DRW-IV|DR4.FC43354_OP.PV;"2026-08-07 20:33:34,172012";"49,894214630127"
\\PIAF\PKN Orlen\PI Vision\PKN Orlen\ZAKŁAD PRODUKCYJNY PŁOCK\RAFINERIA\PR03 BLOK PRZEROBU ROPY\DRW-IV|DR4.FC43354_OP.PV;"2026-08-07 20:44:59,192001";"50,0373191833496"
\\PIAF\PKN Orlen\PI Vision\PKN Orlen\ZAKŁAD PRODUKCYJNY PŁOCK\RAFINERIA\PR03 BLOK PRZEROBU ROPY\DRW-IV|DR4.FC43354_OP.PV;"2026-08-07 20:53:14,118011";"50,3739624023438"
\\PIAF\PKN Orlen\PI Vision\PKN Orlen\ZAKŁAD PRODUKCYJNY PŁOCK\RAFINERIA\PR03 BLOK PRZEROBU ROPY\DRW-IV|DR4.FC43354_OP.PV;"2026-08-07 21:27:09,190002";"49,8528823852539"
\\PIAF\PKN Orlen\PI Vision\PKN Orlen\ZAKŁAD PRODUKCYJNY PŁOCK\RAFINERIA\PR03 BLOK PRZEROBU ROPY\DRW-IV|DR4.FC43354_OP.PV;"2026-08-07 22:51:34,155014";"49,4456100463867"
\\PIAF\PKN Orlen\PI Vision\PKN Orlen\ZAKŁAD PRODUKCYJNY PŁOCK\RAFINERIA\PR03 BLOK PRZEROBU ROPY\DRW-IV|DR4.FC43354_OP.PV;"2026-08-07 23:49:49,149002";"49,5201072692871"
\\PIAF\PKN Orlen\PI Vision\PKN Orlen\ZAKŁAD PRODUKCYJNY PŁOCK\RAFINERIA\PR03 BLOK PRZEROBU ROPY\DRW-IV|DR4.FC43354_OP.PV;"2026-08-08 00:27:34,132004";"49,1765098571777"
\\PIAF\PKN Orlen\PI Vision\PKN Orlen\ZAKŁAD PRODUKCYJNY PŁOCK\RAFINERIA\PR03 BLOK PRZEROBU ROPY\DRW-IV|DR4.FC43354_OP.PV;"2026-08-08 01:46:59,198013";"49,427864074707"
\\PIAF\PKN Orlen\PI Vision\PKN Orlen\ZAKŁAD PRODUKCYJNY PŁOCK\RAFINERIA\PR03 BLOK PRZEROBU ROPY\DRW-IV|DR4.FC43354_OP.PV;"2026-08-08 02:34:59,113006";"48,9839477539063"
\\PIAF\PKN Orlen\PI Vision\PKN Orlen\ZAKŁAD PRODUKCYJNY PŁOCK\RAFINERIA\PR03 BLOK PRZEROBU ROPY\DRW-IV|DR4.FC43354_OP.PV;"2026-08-08 03:52:54,154007";"49,4869995117188"
\\PIAF\PKN Orlen\PI Vision\PKN Orlen\ZAKŁAD PRODUKCYJNY PŁOCK\RAFINERIA\PR03 BLOK PRZEROBU ROPY\DRW-IV|DR4.FC43354_OP.PV;"2026-08-08 04:38:54,143005";"49,3115081787109"
\\PIAF\PKN Orlen\PI Vision\PKN Orlen\ZAKŁAD PRODUKCYJNY PŁOCK\RAFINERIA\PR03 BLOK PRZEROBU ROPY\DRW-IV|DR4.FC43354_OP.PV;"2026-08-08 04:51:14,179001";"49,4394035339355"
\\PIAF\PKN Orlen\PI Vision\PKN Orlen\ZAKŁAD PRODUKCYJNY PŁOCK\RAFINERIA\PR03 BLOK PRZEROBU ROPY\DRW-IV|DR4.FC43354_OP.PV;"2026-08-08 04:59:34,136002";"49,660572052002"
\\PIAF\PKN Orlen\PI Vision\PKN Orlen\ZAKŁAD PRODUKCYJNY PŁOCK\RAFINERIA\PR03 BLOK PRZEROBU ROPY\DRW-IV|DR4.FC43354_OP.PV;"2026-08-08 05:09:49,156006";"49,4162292480469"
\\PIAF\PKN Orlen\PI Vision\PKN Orlen\ZAKŁAD PRODUKCYJNY PŁOCK\RAFINERIA\PR03 BLOK PRZEROBU ROPY\DRW-IV|DR4.FC43354_OP.PV;"2026-08-08 05:41:14,139008";"49,3020057678223"
\\PIAF\PKN Orlen\PI Vision\PKN Orlen\ZAKŁAD PRODUKCYJNY PŁOCK\RAFINERIA\PR03 BLOK PRZEROBU ROPY\DRW-IV|DR4.FC43354_OP.PV;"2026-08-08 05:56:59,146011";"49,3027305603027"
\\PIAF\PKN Orlen\PI Vision\PKN Orlen\ZAKŁAD PRODUKCYJNY PŁOCK\RAFINERIA\PR03 BLOK PRZEROBU ROPY\DRW-IV|DR4.FC43354_OP.PV;"2026-08-08 06:27:59,19101";"49,3370132446289"
\\PIAF\PKN Orlen\PI Vision\PKN Orlen\ZAKŁAD PRODUKCYJNY PŁOCK\RAFINERIA\PR03 BLOK PRZEROBU ROPY\DRW-IV|DR4.FC43354_OP.PV;"2026-08-08 07:12:44,085007";"49,5209770202637"
\\PIAF\PKN Orlen\PI Vision\PKN Orlen\ZAKŁAD PRODUKCYJNY PŁOCK\RAFINERIA\PR03 BLOK PRZEROBU ROPY\DRW-IV|DR4.FC43354_OP.PV;"2026-08-08 07:41:29,242004";"49,4455833435059"
\\PIAF\PKN Orlen\PI Vision\PKN Orlen\ZAKŁAD PRODUKCYJNY PŁOCK\RAFINERIA\PR03 BLOK PRZEROBU ROPY\DRW-IV|DR4.FC43354_OP.PV;"2026-08-08 08:02:14,106003";"49,5661087036133"
\\PIAF\PKN Orlen\PI Vision\PKN Orlen\ZAKŁAD PRODUKCYJNY PŁOCK\RAFINERIA\PR03 BLOK PRZEROBU ROPY\DRW-IV|DR4.FC43354_OP.PV;"2026-08-08 08:30:14,090012";"49,4931755065918"
\\PIAF\PKN Orlen\PI Vision\PKN Orlen\ZAKŁAD PRODUKCYJNY PŁOCK\RAFINERIA\PR03 BLOK PRZEROBU ROPY\DRW-IV|DR4.FC43354_OP.PV;"2026-08-08 09:13:59,143005";"49,3059921264648"
\\PIAF\PKN Orlen\PI Vision\PKN Orlen\ZAKŁAD PRODUKCYJNY PŁOCK\RAFINERIA\PR03 BLOK PRZEROBU ROPY\DRW-IV|DR4.FC43354_OP.PV;"2026-08-08 09:45:29,156006";"49,4676628112793"
\\PIAF\PKN Orlen\PI Vision\PKN Orlen\ZAKŁAD PRODUKCYJNY PŁOCK\RAFINERIA\PR03 BLOK PRZEROBU ROPY\DRW-IV|DR4.FC43354_OP.PV;"2026-08-08 10:15:24,123001";"49,5847625732422"
\\PIAF\PKN Orlen\PI Vision\PKN Orlen\ZAKŁAD PRODUKCYJNY PŁOCK\RAFINERIA\PR03 BLOK PRZEROBU ROPY\DRW-IV|DR4.FC43354_OP.PV;"2026-08-08 10:42:39,072006";"49,6579627990723"
\\PIAF\PKN Orlen\PI Vision\PKN Orlen\ZAKŁAD PRODUKCYJNY PŁOCK\RAFINERIA\PR03 BLOK PRZEROBU ROPY\DRW-IV|DR4.FC43354_OP.PV;"2026-08-08 10:50:44,154007";"49,3608245849609"
\\PIAF\PKN Orlen\PI Vision\PKN Orlen\ZAKŁAD PRODUKCYJNY PŁOCK\RAFINERIA\PR03 BLOK PRZEROBU ROPY\DRW-IV|DR4.FC43354_OP.PV;"2026-08-08 11:30:29,229004";"49,5761871337891"
\\PIAF\PKN Orlen\PI Vision\PKN Orlen\ZAKŁAD PRODUKCYJNY PŁOCK\RAFINERIA\PR03 BLOK PRZEROBU ROPY\DRW-IV|DR4.FC43354_OP.PV;"2026-08-08 11:56:39,209015";"49,7895469665527"
\\PIAF\PKN Orlen\PI Vision\PKN Orlen\ZAKŁAD PRODUKCYJNY PŁOCK\RAFINERIA\PR03 BLOK PRZEROBU ROPY\DRW-IV|DR4.FC43354_OP.PV;"2026-08-08 12:25:09,190002";"49,4143714904785"
\\PIAF\PKN Orlen\PI Vision\PKN Orlen\ZAKŁAD PRODUKCYJNY PŁOCK\RAFINERIA\PR03 BLOK PRZEROBU ROPY\DRW-IV|DR4.FC43354_OP.PV;"2026-08-08 12:34:29,194016";"49,6279106140137"
\\PIAF\PKN Orlen\PI Vision\PKN Orlen\ZAKŁAD PRODUKCYJNY PŁOCK\RAFINERIA\PR03 BLOK PRZEROBU ROPY\DRW-IV|DR4.FC43354_OP.PV;"2026-08-08 12:44:39,183014";"49,6180534362793"
\\PIAF\PKN Orlen\PI Vision\PKN Orlen\ZAKŁAD PRODUKCYJNY PŁOCK\RAFINERIA\PR03 BLOK PRZEROBU ROPY\DRW-IV|DR4.FC43354_OP.PV;"2026-08-08 12:51:24,202011";"49,7692756652832"
\\PIAF\PKN Orlen\PI Vision\PKN Orlen\ZAKŁAD PRODUKCYJNY PŁOCK\RAFINERIA\PR03 BLOK PRZEROBU ROPY\DRW-IV|DR4.FC43354_OP.PV;"2026-08-08 13:15:04,119003";"49,5414085388184"
\\PIAF\PKN Orlen\PI Vision\PKN Orlen\ZAKŁAD PRODUKCYJNY PŁOCK\RAFINERIA\PR03 BLOK PRZEROBU ROPY\DRW-IV|DR4.FC43354_OP.PV;"2026-08-08 13:52:59,118011";"49,7690696716309"
\\PIAF\PKN Orlen\PI Vision\PKN Orlen\ZAKŁAD PRODUKCYJNY PŁOCK\RAFINERIA\PR03 BLOK PRZEROBU ROPY\DRW-IV|DR4.FC43354_OP.PV;"2026-08-08 14:12:24,189011";"49,4507369995117"
\\PIAF\PKN Orlen\PI Vision\PKN Orlen\ZAKŁAD PRODUKCYJNY PŁOCK\RAFINERIA\PR03 BLOK PRZEROBU ROPY\DRW-IV|DR4.FC43354_OP.PV;"2026-08-08 14:25:49,195007";"49,6731147766113"
\\PIAF\PKN Orlen\PI Vision\PKN Orlen\ZAKŁAD PRODUKCYJNY PŁOCK\RAFINERIA\PR03 BLOK PRZEROBU ROPY\DRW-IV|DR4.FC43354_OP.PV;"2026-08-08 14:36:34,184005";"49,5677490234375"
\\PIAF\PKN Orlen\PI Vision\PKN Orlen\ZAKŁAD PRODUKCYJNY PŁOCK\RAFINERIA\PR03 BLOK PRZEROBU ROPY\DRW-IV|DR4.FC43354_OP.PV;"2026-08-08 14:52:14,160003";"49,606315612793"
\\PIAF\PKN Orlen\PI Vision\PKN Orlen\ZAKŁAD PRODUKCYJNY PŁOCK\RAFINERIA\PR03 BLOK PRZEROBU ROPY\DRW-IV|DR4.FC43354_OP.PV;"2026-08-08 14:59:29,14801";"49,8863525390625"
\\PIAF\PKN Orlen\PI Vision\PKN Orlen\ZAKŁAD PRODUKCYJNY PŁOCK\RAFINERIA\PR03 BLOK PRZEROBU ROPY\DRW-IV|DR4.FC43354_OP.PV;"2026-08-08 15:11:49,184005";"49,7073936462402"
\\PIAF\PKN Orlen\PI Vision\PKN Orlen\ZAKŁAD PRODUKCYJNY PŁOCK\RAFINERIA\PR03 BLOK PRZEROBU ROPY\DRW-IV|DR4.FC43354_OP.PV;"2026-08-08 15:45:49,152008";"49,5449600219727"
\\PIAF\PKN Orlen\PI Vision\PKN Orlen\ZAKŁAD PRODUKCYJNY PŁOCK\RAFINERIA\PR03 BLOK PRZEROBU ROPY\DRW-IV|DR4.FC43354_OP.PV;"2026-08-08 16:09:19,116012";"50,0763282775879"
\\PIAF\PKN Orlen\PI Vision\PKN Orlen\ZAKŁAD PRODUKCYJNY PŁOCK\RAFINERIA\PR03 BLOK PRZEROBU ROPY\DRW-IV|DR4.FC43354_OP.PV;"2026-08-08 16:46:14,19101";"49,9802055358887"
\\PIAF\PKN Orlen\PI Vision\PKN Orlen\ZAKŁAD PRODUKCYJNY PŁOCK\RAFINERIA\PR03 BLOK PRZEROBU ROPY\DRW-IV|DR4.FC43354_OP.PV;"2026-08-08 16:52:24,210007";"50,0687065124512"
\\PIAF\PKN Orlen\PI Vision\PKN Orlen\ZAKŁAD PRODUKCYJNY PŁOCK\RAFINERIA\PR03 BLOK PRZEROBU ROPY\DRW-IV|DR4.FC43354_OP.PV;"2026-08-08 17:07:39,248001";"49,980598449707"
\\PIAF\PKN Orlen\PI Vision\PKN Orlen\ZAKŁAD PRODUKCYJNY PŁOCK\RAFINERIA\PR03 BLOK PRZEROBU ROPY\DRW-IV|DR4.FC43354_OP.PV;"2026-08-08 17:14:54,235001";"50,2253799438477"
\\PIAF\PKN Orlen\PI Vision\PKN Orlen\ZAKŁAD PRODUKCYJNY PŁOCK\RAFINERIA\PR03 BLOK PRZEROBU ROPY\DRW-IV|DR4.FC43354_OP.PV;"2026-08-08 17:23:59,145004";"50,1002197265625"
\\PIAF\PKN Orlen\PI Vision\PKN Orlen\ZAKŁAD PRODUKCYJNY PŁOCK\RAFINERIA\PR03 BLOK PRZEROBU ROPY\DRW-IV|DR4.FC43354_OP.PV;"2026-08-08 18:02:19,209015";"50,058464050293"
\\PIAF\PKN Orlen\PI Vision\PKN Orlen\ZAKŁAD PRODUKCYJNY PŁOCK\RAFINERIA\PR03 BLOK PRZEROBU ROPY\DRW-IV|DR4.FC43354_OP.PV;"2026-08-08 18:26:49,206009";"50,1598815917969"
\\PIAF\PKN Orlen\PI Vision\PKN Orlen\ZAKŁAD PRODUKCYJNY PŁOCK\RAFINERIA\PR03 BLOK PRZEROBU ROPY\DRW-IV|DR4.FC43354_OP.PV;"2026-08-08 18:32:29,146011";"50,0523223876953"
\\PIAF\PKN Orlen\PI Vision\PKN Orlen\ZAKŁAD PRODUKCYJNY PŁOCK\RAFINERIA\PR03 BLOK PRZEROBU ROPY\DRW-IV|DR4.FC43354_OP.PV;"2026-08-08 18:42:04,134002";"50,2594947814941"
\\PIAF\PKN Orlen\PI Vision\PKN Orlen\ZAKŁAD PRODUKCYJNY PŁOCK\RAFINERIA\PR03 BLOK PRZEROBU ROPY\DRW-IV|DR4.FC43354_OP.PV;"2026-08-08 18:59:04,173004";"50,1527061462402"
\\PIAF\PKN Orlen\PI Vision\PKN Orlen\ZAKŁAD PRODUKCYJNY PŁOCK\RAFINERIA\PR03 BLOK PRZEROBU ROPY\DRW-IV|DR4.FC43354_OP.PV;"2026-08-08 19:10:34,116012";"50,2577629089355"
\\PIAF\PKN Orlen\PI Vision\PKN Orlen\ZAKŁAD PRODUKCYJNY PŁOCK\RAFINERIA\PR03 BLOK PRZEROBU ROPY\DRW-IV|DR4.FC43354_OP.PV;"2026-08-08 19:19:14,198013";"49,908031463623"
\\PIAF\PKN Orlen\PI Vision\PKN Orlen\ZAKŁAD PRODUKCYJNY PŁOCK\RAFINERIA\PR03 BLOK PRZEROBU ROPY\DRW-IV|DR4.FC43354_OP.PV;"2026-08-08 19:31:14,109009";"50,1064338684082"
\\PIAF\PKN Orlen\PI Vision\PKN Orlen\ZAKŁAD PRODUKCYJNY PŁOCK\RAFINERIA\PR03 BLOK PRZEROBU ROPY\DRW-IV|DR4.FC43354_OP.PV;"2026-08-08 19:47:39,14801";"49,3581886291504"
\\PIAF\PKN Orlen\PI Vision\PKN Orlen\ZAKŁAD PRODUKCYJNY PŁOCK\RAFINERIA\PR03 BLOK PRZEROBU ROPY\DRW-IV|DR4.FC43354_OP.PV;"2026-08-08 20:33:54,121002";"49,2026214599609"
\\PIAF\PKN Orlen\PI Vision\PKN Orlen\ZAKŁAD PRODUKCYJNY PŁOCK\RAFINERIA\PR03 BLOK PRZEROBU ROPY\DRW-IV|DR4.FC43354_OP.PV;"2026-08-08 20:38:24,170013";"49,1181640625"
\\PIAF\PKN Orlen\PI Vision\PKN Orlen\ZAKŁAD PRODUKCYJNY PŁOCK\RAFINERIA\PR03 BLOK PRZEROBU ROPY\DRW-IV|DR4.FC43354_OP.PV;"2026-08-08 21:01:04,133011";"49,226245880127"
\\PIAF\PKN Orlen\PI Vision\PKN Orlen\ZAKŁAD PRODUKCYJNY PŁOCK\RAFINERIA\PR03 BLOK PRZEROBU ROPY\DRW-IV|DR4.FC43354_OP.PV;"2026-08-08 21:15:04,239013";"49,0488700866699"
\\PIAF\PKN Orlen\PI Vision\PKN Orlen\ZAKŁAD PRODUKCYJNY PŁOCK\RAFINERIA\PR03 BLOK PRZEROBU ROPY\DRW-IV|DR4.FC43354_OP.PV;"2026-08-08 21:33:14,169006";"48,8969993591309"
\\PIAF\PKN Orlen\PI Vision\PKN Orlen\ZAKŁAD PRODUKCYJNY PŁOCK\RAFINERIA\PR03 BLOK PRZEROBU ROPY\DRW-IV|DR4.FC43354_OP.PV;"2026-08-08 22:08:24,247009";"48,816089630127"
\\PIAF\PKN Orlen\PI Vision\PKN Orlen\ZAKŁAD PRODUKCYJNY PŁOCK\RAFINERIA\PR03 BLOK PRZEROBU ROPY\DRW-IV|DR4.FC43354_OP.PV;"2026-08-08 22:41:14,214004";"48,9098968505859"
\\PIAF\PKN Orlen\PI Vision\PKN Orlen\ZAKŁAD PRODUKCYJNY PŁOCK\RAFINERIA\PR03 BLOK PRZEROBU ROPY\DRW-IV|DR4.FC43354_OP.PV;"2026-08-08 23:00:04,17601";"48,8937568664551"
\\PIAF\PKN Orlen\PI Vision\PKN Orlen\ZAKŁAD PRODUKCYJNY PŁOCK\RAFINERIA\PR03 BLOK PRZEROBU ROPY\DRW-IV|DR4.FC43354_OP.PV;"2026-08-08 23:05:49,147003";"48,3868865966797"
\\PIAF\PKN Orlen\PI Vision\PKN Orlen\ZAKŁAD PRODUKCYJNY PŁOCK\RAFINERIA\PR03 BLOK PRZEROBU ROPY\DRW-IV|DR4.FC43354_OP.PV;"2026-08-08 23:28:54,193008";"48,4523086547852"
\\PIAF\PKN Orlen\PI Vision\PKN Orlen\ZAKŁAD PRODUKCYJNY PŁOCK\RAFINERIA\PR03 BLOK PRZEROBU ROPY\DRW-IV|DR4.FC43354_OP.PV;"2026-08-08 23:46:29,123001";"48,5670204162598"
\\PIAF\PKN Orlen\PI Vision\PKN Orlen\ZAKŁAD PRODUKCYJNY PŁOCK\RAFINERIA\PR03 BLOK PRZEROBU ROPY\DRW-IV|DR4.FC43354_OP.PV;"2026-08-09 00:12:29,150009";"48,3195114135742"
\\PIAF\PKN Orlen\PI Vision\PKN Orlen\ZAKŁAD PRODUKCYJNY PŁOCK\RAFINERIA\PR03 BLOK PRZEROBU ROPY\DRW-IV|DR4.FC43354_OP.PV;"2026-08-09 00:24:34,093002";"48,2216911315918"
\\PIAF\PKN Orlen\PI Vision\PKN Orlen\ZAKŁAD PRODUKCYJNY PŁOCK\RAFINERIA\PR03 BLOK PRZEROBU ROPY\DRW-IV|DR4.FC43354_OP.PV;"2026-08-09 00:34:49,113006";"48,8684272766113"
\\PIAF\PKN Orlen\PI Vision\PKN Orlen\ZAKŁAD PRODUKCYJNY PŁOCK\RAFINERIA\PR03 BLOK PRZEROBU ROPY\DRW-IV|DR4.FC43354_OP.PV;"2026-08-09 01:03:04,109009";"48,9040107727051"
\\PIAF\PKN Orlen\PI Vision\PKN Orlen\ZAKŁAD PRODUKCYJNY PŁOCK\RAFINERIA\PR03 BLOK PRZEROBU ROPY\DRW-IV|DR4.FC43354_OP.PV;"2026-08-09 01:07:34,158005";"49,0081100463867"
\\PIAF\PKN Orlen\PI Vision\PKN Orlen\ZAKŁAD PRODUKCYJNY PŁOCK\RAFINERIA\PR03 BLOK PRZEROBU ROPY\DRW-IV|DR4.FC43354_OP.PV;"2026-08-09 01:27:49,105011";"48,8199234008789"
\\PIAF\PKN Orlen\PI Vision\PKN Orlen\ZAKŁAD PRODUKCYJNY PŁOCK\RAFINERIA\PR03 BLOK PRZEROBU ROPY\DRW-IV|DR4.FC43354_OP.PV;"2026-08-09 01:33:34,076004";"48,9316062927246"
\\PIAF\PKN Orlen\PI Vision\PKN Orlen\ZAKŁAD PRODUKCYJNY PŁOCK\RAFINERIA\PR03 BLOK PRZEROBU ROPY\DRW-IV|DR4.FC43354_OP.PV;"2026-08-09 01:36:24,155014";"48,5924797058105"
\\PIAF\PKN Orlen\PI Vision\PKN Orlen\ZAKŁAD PRODUKCYJNY PŁOCK\RAFINERIA\PR03 BLOK PRZEROBU ROPY\DRW-IV|DR4.FC43354_OP.PV;"2026-08-09 01:47:34,182007";"48,7081565856934"
\\PIAF\PKN Orlen\PI Vision\PKN Orlen\ZAKŁAD PRODUKCYJNY PŁOCK\RAFINERIA\PR03 BLOK PRZEROBU ROPY\DRW-IV|DR4.FC43354_OP.PV;"2026-08-09 02:09:44,192001";"48,5009384155273"
\\PIAF\PKN Orlen\PI Vision\PKN Orlen\ZAKŁAD PRODUKCYJNY PŁOCK\RAFINERIA\PR03 BLOK PRZEROBU ROPY\DRW-IV|DR4.FC43354_OP.PV;"2026-08-09 02:18:49,212006";"48,7102203369141"
\\PIAF\PKN Orlen\PI Vision\PKN Orlen\ZAKŁAD PRODUKCYJNY PŁOCK\RAFINERIA\PR03 BLOK PRZEROBU ROPY\DRW-IV|DR4.FC43354_OP.PV;"2026-08-09 02:28:14,247009";"49,1382598876953"
\\PIAF\PKN Orlen\PI Vision\PKN Orlen\ZAKŁAD PRODUKCYJNY PŁOCK\RAFINERIA\PR03 BLOK PRZEROBU ROPY\DRW-IV|DR4.FC43354_OP.PV;"2026-08-09 02:35:59,203003";"48,7909545898438"
\\PIAF\PKN Orlen\PI Vision\PKN Orlen\ZAKŁAD PRODUKCYJNY PŁOCK\RAFINERIA\PR03 BLOK PRZEROBU ROPY\DRW-IV|DR4.FC43354_OP.PV;"2026-08-09 02:41:59,159012";"48,6866340637207"
\\PIAF\PKN Orlen\PI Vision\PKN Orlen\ZAKŁAD PRODUKCYJNY PŁOCK\RAFINERIA\PR03 BLOK PRZEROBU ROPY\DRW-IV|DR4.FC43354_OP.PV;"2026-08-09 02:50:29,179001";"48,4814262390137"
\\PIAF\PKN Orlen\PI Vision\PKN Orlen\ZAKŁAD PRODUKCYJNY PŁOCK\RAFINERIA\PR03 BLOK PRZEROBU ROPY\DRW-IV|DR4.FC43354_OP.PV;"2026-08-09 03:05:44,21701";"48,1740417480469"
\\PIAF\PKN Orlen\PI Vision\PKN Orlen\ZAKŁAD PRODUKCYJNY PŁOCK\RAFINERIA\PR03 BLOK PRZEROBU ROPY\DRW-IV|DR4.FC43354_OP.PV;"2026-08-09 03:19:59,207001";"48,0401268005371"
\\PIAF\PKN Orlen\PI Vision\PKN Orlen\ZAKŁAD PRODUKCYJNY PŁOCK\RAFINERIA\PR03 BLOK PRZEROBU ROPY\DRW-IV|DR4.FC43354_OP.PV;"2026-08-09 03:40:14,154007";"48,2836036682129"
\\PIAF\PKN Orlen\PI Vision\PKN Orlen\ZAKŁAD PRODUKCYJNY PŁOCK\RAFINERIA\PR03 BLOK PRZEROBU ROPY\DRW-IV|DR4.FC43354_OP.PV;"2026-08-09 04:22:09,141006";"48,0093460083008"
\\PIAF\PKN Orlen\PI Vision\PKN Orlen\ZAKŁAD PRODUKCYJNY PŁOCK\RAFINERIA\PR03 BLOK PRZEROBU ROPY\DRW-IV|DR4.FC43354_OP.PV;"2026-08-09 04:43:49,218002";"48,1781234741211"
\\PIAF\PKN Orlen\PI Vision\PKN Orlen\ZAKŁAD PRODUKCYJNY PŁOCK\RAFINERIA\PR03 BLOK PRZEROBU ROPY\DRW-IV|DR4.FC43354_OP.PV;"2026-08-09 04:51:59,112";"48,0503082275391"
\\PIAF\PKN Orlen\PI Vision\PKN Orlen\ZAKŁAD PRODUKCYJNY PŁOCK\RAFINERIA\PR03 BLOK PRZEROBU ROPY\DRW-IV|DR4.FC43354_OP.PV;"2026-08-09 05:28:09,128006";"47,7199516296387"
\\PIAF\PKN Orlen\PI Vision\PKN Orlen\ZAKŁAD PRODUKCYJNY PŁOCK\RAFINERIA\PR03 BLOK PRZEROBU ROPY\DRW-IV|DR4.FC43354_OP.PV;"2026-08-09 05:36:04,147003";"48,1581230163574"
\\PIAF\PKN Orlen\PI Vision\PKN Orlen\ZAKŁAD PRODUKCYJNY PŁOCK\RAFINERIA\PR03 BLOK PRZEROBU ROPY\DRW-IV|DR4.FC43354_OP.PV;"2026-08-09 05:46:29,12001";"48,01025390625"
\\PIAF\PKN Orlen\PI Vision\PKN Orlen\ZAKŁAD PRODUKCYJNY PŁOCK\RAFINERIA\PR03 BLOK PRZEROBU ROPY\DRW-IV|DR4.FC43354_OP.PV;"2026-08-09 06:07:19,067001";"48,2868347167969"
\\PIAF\PKN Orlen\PI Vision\PKN Orlen\ZAKŁAD PRODUKCYJNY PŁOCK\RAFINERIA\PR03 BLOK PRZEROBU ROPY\DRW-IV|DR4.FC43354_OP.PV;"2026-08-09 06:20:24,166";"48,1798439025879"
\\PIAF\PKN Orlen\PI Vision\PKN Orlen\ZAKŁAD PRODUKCYJNY PŁOCK\RAFINERIA\PR03 BLOK PRZEROBU ROPY\DRW-IV|DR4.FC43354_OP.PV;"2026-08-09 06:35:34,164001";"47,8576431274414"
\\PIAF\PKN Orlen\PI Vision\PKN Orlen\ZAKŁAD PRODUKCYJNY PŁOCK\RAFINERIA\PR03 BLOK PRZEROBU ROPY\DRW-IV|DR4.FC43354_OP.PV;"2026-08-09 06:43:14,198013";"47,9794273376465"
\\PIAF\PKN Orlen\PI Vision\PKN Orlen\ZAKŁAD PRODUKCYJNY PŁOCK\RAFINERIA\PR03 BLOK PRZEROBU ROPY\DRW-IV|DR4.FC43354_OP.PV;"2026-08-09 07:04:24,161011";"47,8762817382813"
\\PIAF\PKN Orlen\PI Vision\PKN Orlen\ZAKŁAD PRODUKCYJNY PŁOCK\RAFINERIA\PR03 BLOK PRZEROBU ROPY\DRW-IV|DR4.FC43354_OP.PV;"2026-08-09 07:17:14,174011";"48,0334663391113"
\\PIAF\PKN Orlen\PI Vision\PKN Orlen\ZAKŁAD PRODUKCYJNY PŁOCK\RAFINERIA\PR03 BLOK PRZEROBU ROPY\DRW-IV|DR4.FC43354_OP.PV;"2026-08-09 07:39:44,200012";"47,3474655151367"
\\PIAF\PKN Orlen\PI Vision\PKN Orlen\ZAKŁAD PRODUKCYJNY PŁOCK\RAFINERIA\PR03 BLOK PRZEROBU ROPY\DRW-IV|DR4.FC43354_OP.PV;"2026-08-09 08:06:09,164001";"47,696891784668"
\\PIAF\PKN Orlen\PI Vision\PKN Orlen\ZAKŁAD PRODUKCYJNY PŁOCK\RAFINERIA\PR03 BLOK PRZEROBU ROPY\DRW-IV|DR4.FC43354_OP.PV;"2026-08-09 08:12:54,183014";"47,5923881530762"
\\PIAF\PKN Orlen\PI Vision\PKN Orlen\ZAKŁAD PRODUKCYJNY PŁOCK\RAFINERIA\PR03 BLOK PRZEROBU ROPY\DRW-IV|DR4.FC43354_OP.PV;"2026-08-09 08:18:44,186004";"47,8186187744141"
\\PIAF\PKN Orlen\PI Vision\PKN Orlen\ZAKŁAD PRODUKCYJNY PŁOCK\RAFINERIA\PR03 BLOK PRZEROBU ROPY\DRW-IV|DR4.FC43354_OP.PV;"2026-08-09 08:25:44,189011";"47,067798614502"
\\PIAF\PKN Orlen\PI Vision\PKN Orlen\ZAKŁAD PRODUKCYJNY PŁOCK\RAFINERIA\PR03 BLOK PRZEROBU ROPY\DRW-IV|DR4.FC43354_OP.PV;"2026-08-09 08:43:14,196014";"47,4877815246582"
\\PIAF\PKN Orlen\PI Vision\PKN Orlen\ZAKŁAD PRODUKCYJNY PŁOCK\RAFINERIA\PR03 BLOK PRZEROBU ROPY\DRW-IV|DR4.FC43354_OP.PV;"2026-08-09 08:51:09,128006";"47,5745506286621"
\\PIAF\PKN Orlen\PI Vision\PKN Orlen\ZAKŁAD PRODUKCYJNY PŁOCK\RAFINERIA\PR03 BLOK PRZEROBU ROPY\DRW-IV|DR4.FC43354_OP.PV;"2026-08-09 09:47:54,087006";"48,0120239257813"
\\PIAF\PKN Orlen\PI Vision\PKN Orlen\ZAKŁAD PRODUKCYJNY PŁOCK\RAFINERIA\PR03 BLOK PRZEROBU ROPY\DRW-IV|DR4.FC43354_OP.PV;"2026-08-09 10:02:34,125";"48,0121269226074"
\\PIAF\PKN Orlen\PI Vision\PKN Orlen\ZAKŁAD PRODUKCYJNY PŁOCK\RAFINERIA\PR03 BLOK PRZEROBU ROPY\DRW-IV|DR4.FC43354_OP.PV;"2026-08-09 10:21:34,149002";"48,1478042602539"
\\PIAF\PKN Orlen\PI Vision\PKN Orlen\ZAKŁAD PRODUKCYJNY PŁOCK\RAFINERIA\PR03 BLOK PRZEROBU ROPY\DRW-IV|DR4.FC43354_OP.PV;"2026-08-09 10:31:24,122009";"48,3398590087891"
\\PIAF\PKN Orlen\PI Vision\PKN Orlen\ZAKŁAD PRODUKCYJNY PŁOCK\RAFINERIA\PR03 BLOK PRZEROBU ROPY\DRW-IV|DR4.FC43354_OP.PV;"2026-08-09 10:38:04,109009";"47,7913665771484"
\\PIAF\PKN Orlen\PI Vision\PKN Orlen\ZAKŁAD PRODUKCYJNY PŁOCK\RAFINERIA\PR03 BLOK PRZEROBU ROPY\DRW-IV|DR4.FC43354_OP.PV;"2026-08-09 11:09:54,193008";"48,0976638793945"
\\PIAF\PKN Orlen\PI Vision\PKN Orlen\ZAKŁAD PRODUKCYJNY PŁOCK\RAFINERIA\PR03 BLOK PRZEROBU ROPY\DRW-IV|DR4.FC43354_OP.PV;"2026-08-09 11:29:49,233001";"48,1954765319824"
\\PIAF\PKN Orlen\PI Vision\PKN Orlen\ZAKŁAD PRODUKCYJNY PŁOCK\RAFINERIA\PR03 BLOK PRZEROBU ROPY\DRW-IV|DR4.FC43354_OP.PV;"2026-08-09 11:56:54,229004";"48,3436470031738"
\\PIAF\PKN Orlen\PI Vision\PKN Orlen\ZAKŁAD PRODUKCYJNY PŁOCK\RAFINERIA\PR03 BLOK PRZEROBU ROPY\DRW-IV|DR4.FC43354_OP.PV;"2026-08-09 12:04:34,154007";"48,3164329528809"
\\PIAF\PKN Orlen\PI Vision\PKN Orlen\ZAKŁAD PRODUKCYJNY PŁOCK\RAFINERIA\PR03 BLOK PRZEROBU ROPY\DRW-IV|DR4.FC43354_OP.PV;"2026-08-09 12:30:19,197006";"48,4564666748047"
\\PIAF\PKN Orlen\PI Vision\PKN Orlen\ZAKŁAD PRODUKCYJNY PŁOCK\RAFINERIA\PR03 BLOK PRZEROBU ROPY\DRW-IV|DR4.FC43354_OP.PV;"2026-08-09 12:37:49,169006";"48,5699844360352"
\\PIAF\PKN Orlen\PI Vision\PKN Orlen\ZAKŁAD PRODUKCYJNY PŁOCK\RAFINERIA\PR03 BLOK PRZEROBU ROPY\DRW-IV|DR4.FC43354_OP.PV;"2026-08-09 13:12:39,231003";"48,2769012451172"
\\PIAF\PKN Orlen\PI Vision\PKN Orlen\ZAKŁAD PRODUKCYJNY PŁOCK\RAFINERIA\PR03 BLOK PRZEROBU ROPY\DRW-IV|DR4.FC43354_OP.PV;"2026-08-09 13:21:09,141006";"48,1680335998535"
\\PIAF\PKN Orlen\PI Vision\PKN Orlen\ZAKŁAD PRODUKCYJNY PŁOCK\RAFINERIA\PR03 BLOK PRZEROBU ROPY\DRW-IV|DR4.FC43354_OP.PV;"2026-08-09 13:26:19,112";"47,9425659179688"
\\PIAF\PKN Orlen\PI Vision\PKN Orlen\ZAKŁAD PRODUKCYJNY PŁOCK\RAFINERIA\PR03 BLOK PRZEROBU ROPY\DRW-IV|DR4.FC43354_OP.PV;"2026-08-09 13:30:39,12001";"48,2554664611816"
\\PIAF\PKN Orlen\PI Vision\PKN Orlen\ZAKŁAD PRODUKCYJNY PŁOCK\RAFINERIA\PR03 BLOK PRZEROBU ROPY\DRW-IV|DR4.FC43354_OP.PV;"2026-08-09 14:12:29,185013";"48,3952751159668"
\\PIAF\PKN Orlen\PI Vision\PKN Orlen\ZAKŁAD PRODUKCYJNY PŁOCK\RAFINERIA\PR03 BLOK PRZEROBU ROPY\DRW-IV|DR4.FC43354_OP.PV;"2026-08-09 14:18:59,109009";"48,3088073730469"
\\PIAF\PKN Orlen\PI Vision\PKN Orlen\ZAKŁAD PRODUKCYJNY PŁOCK\RAFINERIA\PR03 BLOK PRZEROBU ROPY\DRW-IV|DR4.FC43354_OP.PV;"2026-08-09 14:28:14,192001";"48,4185256958008"
\\PIAF\PKN Orlen\PI Vision\PKN Orlen\ZAKŁAD PRODUKCYJNY PŁOCK\RAFINERIA\PR03 BLOK PRZEROBU ROPY\DRW-IV|DR4.FC43354_OP.PV;"2026-08-09 14:56:04,141006";"48,2783966064453"
\\PIAF\PKN Orlen\PI Vision\PKN Orlen\ZAKŁAD PRODUKCYJNY PŁOCK\RAFINERIA\PR03 BLOK PRZEROBU ROPY\DRW-IV|DR4.FC43354_OP.PV;"2026-08-09 15:25:14,078003";"48,3695297241211"
\\PIAF\PKN Orlen\PI Vision\PKN Orlen\ZAKŁAD PRODUKCYJNY PŁOCK\RAFINERIA\PR03 BLOK PRZEROBU ROPY\DRW-IV|DR4.FC43354_OP.PV;"2026-08-09 15:31:19,065002";"48,8591117858887"
\\PIAF\PKN Orlen\PI Vision\PKN Orlen\ZAKŁAD PRODUKCYJNY PŁOCK\RAFINERIA\PR03 BLOK PRZEROBU ROPY\DRW-IV|DR4.FC43354_OP.PV;"2026-08-09 15:38:04,183014";"48,3214149475098"
\\PIAF\PKN Orlen\PI Vision\PKN Orlen\ZAKŁAD PRODUKCYJNY PŁOCK\RAFINERIA\PR03 BLOK PRZEROBU ROPY\DRW-IV|DR4.FC43354_OP.PV;"2026-08-09 15:47:39,172012";"48,4132919311523"
\\PIAF\PKN Orlen\PI Vision\PKN Orlen\ZAKŁAD PRODUKCYJNY PŁOCK\RAFINERIA\PR03 BLOK PRZEROBU ROPY\DRW-IV|DR4.FC43354_OP.PV;"2026-08-09 15:52:49,252014";"48,1815605163574"
\\PIAF\PKN Orlen\PI Vision\PKN Orlen\ZAKŁAD PRODUKCYJNY PŁOCK\RAFINERIA\PR03 BLOK PRZEROBU ROPY\DRW-IV|DR4.FC43354_OP.PV;"2026-08-09 16:16:44,091003";"48,6311645507813"
\\PIAF\PKN Orlen\PI Vision\PKN Orlen\ZAKŁAD PRODUKCYJNY PŁOCK\RAFINERIA\PR03 BLOK PRZEROBU ROPY\DRW-IV|DR4.FC43354_OP.PV;"2026-08-09 16:21:19,13501";"48,0949821472168"
\\PIAF\PKN Orlen\PI Vision\PKN Orlen\ZAKŁAD PRODUKCYJNY PŁOCK\RAFINERIA\PR03 BLOK PRZEROBU ROPY\DRW-IV|DR4.FC43354_OP.PV;"2026-08-09 16:29:19,166";"48,868839263916"
\\PIAF\PKN Orlen\PI Vision\PKN Orlen\ZAKŁAD PRODUKCYJNY PŁOCK\RAFINERIA\PR03 BLOK PRZEROBU ROPY\DRW-IV|DR4.FC43354_OP.PV;"2026-08-09 16:43:24,182007";"48,8873863220215"
\\PIAF\PKN Orlen\PI Vision\PKN Orlen\ZAKŁAD PRODUKCYJNY PŁOCK\RAFINERIA\PR03 BLOK PRZEROBU ROPY\DRW-IV|DR4.FC43354_OP.PV;"2026-08-09 16:49:29,170013";"48,6169548034668"
\\PIAF\PKN Orlen\PI Vision\PKN Orlen\ZAKŁAD PRODUKCYJNY PŁOCK\RAFINERIA\PR03 BLOK PRZEROBU ROPY\DRW-IV|DR4.FC43354_OP.PV;"2026-08-09 16:52:34,233001";"49,0882797241211"
\\PIAF\PKN Orlen\PI Vision\PKN Orlen\ZAKŁAD PRODUKCYJNY PŁOCK\RAFINERIA\PR03 BLOK PRZEROBU ROPY\DRW-IV|DR4.FC43354_OP.PV;"2026-08-09 17:04:34,145004";"49,0026435852051"
\\PIAF\PKN Orlen\PI Vision\PKN Orlen\ZAKŁAD PRODUKCYJNY PŁOCK\RAFINERIA\PR03 BLOK PRZEROBU ROPY\DRW-IV|DR4.FC43354_OP.PV;"2026-08-09 17:26:54,21701";"48,4992713928223"
\\PIAF\PKN Orlen\PI Vision\PKN Orlen\ZAKŁAD PRODUKCYJNY PŁOCK\RAFINERIA\PR03 BLOK PRZEROBU ROPY\DRW-IV|DR4.FC43354_OP.PV;"2026-08-09 17:36:39,159012";"49,1418838500977"
\\PIAF\PKN Orlen\PI Vision\PKN Orlen\ZAKŁAD PRODUKCYJNY PŁOCK\RAFINERIA\PR03 BLOK PRZEROBU ROPY\DRW-IV|DR4.FC43354_OP.PV;"2026-08-09 17:46:34,163009";"49,2702751159668"
\\PIAF\PKN Orlen\PI Vision\PKN Orlen\ZAKŁAD PRODUKCYJNY PŁOCK\RAFINERIA\PR03 BLOK PRZEROBU ROPY\DRW-IV|DR4.FC43354_OP.PV;"2026-08-09 18:11:49,134002";"48,8604621887207"
\\PIAF\PKN Orlen\PI Vision\PKN Orlen\ZAKŁAD PRODUKCYJNY PŁOCK\RAFINERIA\PR03 BLOK PRZEROBU ROPY\DRW-IV|DR4.FC43354_OP.PV;"2026-08-09 18:30:54,190002";"48,8974189758301"
\\PIAF\PKN Orlen\PI Vision\PKN Orlen\ZAKŁAD PRODUKCYJNY PŁOCK\RAFINERIA\PR03 BLOK PRZEROBU ROPY\DRW-IV|DR4.FC43354_OP.PV;"2026-08-09 18:43:34,133011";"48,8763999938965"
\\PIAF\PKN Orlen\PI Vision\PKN Orlen\ZAKŁAD PRODUKCYJNY PŁOCK\RAFINERIA\PR03 BLOK PRZEROBU ROPY\DRW-IV|DR4.FC43354_OP.PV;"2026-08-09 18:47:34,103012";"48,3088722229004"
\\PIAF\PKN Orlen\PI Vision\PKN Orlen\ZAKŁAD PRODUKCYJNY PŁOCK\RAFINERIA\PR03 BLOK PRZEROBU ROPY\DRW-IV|DR4.FC43354_OP.PV;"2026-08-09 18:53:09,121002";"48,6718902587891"
\\PIAF\PKN Orlen\PI Vision\PKN Orlen\ZAKŁAD PRODUKCYJNY PŁOCK\RAFINERIA\PR03 BLOK PRZEROBU ROPY\DRW-IV|DR4.FC43354_OP.PV;"2026-08-09 19:00:54,187011";"48,1140899658203"
\\PIAF\PKN Orlen\PI Vision\PKN Orlen\ZAKŁAD PRODUKCYJNY PŁOCK\RAFINERIA\PR03 BLOK PRZEROBU ROPY\DRW-IV|DR4.FC43354_OP.PV;"2026-08-09 19:11:09,098007";"48,5711898803711"
\\PIAF\PKN Orlen\PI Vision\PKN Orlen\ZAKŁAD PRODUKCYJNY PŁOCK\RAFINERIA\PR03 BLOK PRZEROBU ROPY\DRW-IV|DR4.FC43354_OP.PV;"2026-08-09 19:20:29,102005";"48,6535682678223"
\\PIAF\PKN Orlen\PI Vision\PKN Orlen\ZAKŁAD PRODUKCYJNY PŁOCK\RAFINERIA\PR03 BLOK PRZEROBU ROPY\DRW-IV|DR4.FC43354_OP.PV;"2026-08-09 19:26:14,183014";"48,7671585083008"
\\PIAF\PKN Orlen\PI Vision\PKN Orlen\ZAKŁAD PRODUKCYJNY PŁOCK\RAFINERIA\PR03 BLOK PRZEROBU ROPY\DRW-IV|DR4.FC43354_OP.PV;"2026-08-09 19:29:39,153";"48,446475982666"
\\PIAF\PKN Orlen\PI Vision\PKN Orlen\ZAKŁAD PRODUKCYJNY PŁOCK\RAFINERIA\PR03 BLOK PRZEROBU ROPY\DRW-IV|DR4.FC43354_OP.PV;"2026-08-09 19:41:09,095001";"48,5567588806152"
\\PIAF\PKN Orlen\PI Vision\PKN Orlen\ZAKŁAD PRODUKCYJNY PŁOCK\RAFINERIA\PR03 BLOK PRZEROBU ROPY\DRW-IV|DR4.FC43354_OP.PV;"2026-08-09 20:03:54,105011";"48,2245140075684"
\\PIAF\PKN Orlen\PI Vision\PKN Orlen\ZAKŁAD PRODUKCYJNY PŁOCK\RAFINERIA\PR03 BLOK PRZEROBU ROPY\DRW-IV|DR4.FC43354_OP.PV;"2026-08-09 20:08:14,09201";"48,3646049499512"
\\PIAF\PKN Orlen\PI Vision\PKN Orlen\ZAKŁAD PRODUKCYJNY PŁOCK\RAFINERIA\PR03 BLOK PRZEROBU ROPY\DRW-IV|DR4.FC43354_OP.PV;"2026-08-09 20:16:34,227005";"48,2772521972656"
\\PIAF\PKN Orlen\PI Vision\PKN Orlen\ZAKŁAD PRODUKCYJNY PŁOCK\RAFINERIA\PR03 BLOK PRZEROBU ROPY\DRW-IV|DR4.FC43354_OP.PV;"2026-08-09 20:22:19,199005";"48,6945877075195"
\\PIAF\PKN Orlen\PI Vision\PKN Orlen\ZAKŁAD PRODUKCYJNY PŁOCK\RAFINERIA\PR03 BLOK PRZEROBU ROPY\DRW-IV|DR4.FC43354_OP.PV;"2026-08-09 20:48:24,14801";"48,2521209716797"
\\PIAF\PKN Orlen\PI Vision\PKN Orlen\ZAKŁAD PRODUKCYJNY PŁOCK\RAFINERIA\PR03 BLOK PRZEROBU ROPY\DRW-IV|DR4.FC43354_OP.PV;"2026-08-09 21:12:24,189011";"48,132080078125"
\\PIAF\PKN Orlen\PI Vision\PKN Orlen\ZAKŁAD PRODUKCYJNY PŁOCK\RAFINERIA\PR03 BLOK PRZEROBU ROPY\DRW-IV|DR4.FC43354_OP.PV;"2026-08-09 21:16:54,238006";"47,8127212524414"
\\PIAF\PKN Orlen\PI Vision\PKN Orlen\ZAKŁAD PRODUKCYJNY PŁOCK\RAFINERIA\PR03 BLOK PRZEROBU ROPY\DRW-IV|DR4.FC43354_OP.PV;"2026-08-09 21:31:29,13501";"47,9134140014648"
\\PIAF\PKN Orlen\PI Vision\PKN Orlen\ZAKŁAD PRODUKCYJNY PŁOCK\RAFINERIA\PR03 BLOK PRZEROBU ROPY\DRW-IV|DR4.FC43354_OP.PV;"2026-08-09 21:50:34,19101";"47,6952705383301"
\\PIAF\PKN Orlen\PI Vision\PKN Orlen\ZAKŁAD PRODUKCYJNY PŁOCK\RAFINERIA\PR03 BLOK PRZEROBU ROPY\DRW-IV|DR4.FC43354_OP.PV;"2026-08-09 22:03:44,213012";"47,492073059082"
\\PIAF\PKN Orlen\PI Vision\PKN Orlen\ZAKŁAD PRODUKCYJNY PŁOCK\RAFINERIA\PR03 BLOK PRZEROBU ROPY\DRW-IV|DR4.FC43354_OP.PV;"2026-08-09 22:19:39,173004";"47,9101943969727"
\\PIAF\PKN Orlen\PI Vision\PKN Orlen\ZAKŁAD PRODUKCYJNY PŁOCK\RAFINERIA\PR03 BLOK PRZEROBU ROPY\DRW-IV|DR4.FC43354_OP.PV;"2026-08-09 22:58:14,112015";"47,7881317138672"
\\PIAF\PKN Orlen\PI Vision\PKN Orlen\ZAKŁAD PRODUKCYJNY PŁOCK\RAFINERIA\PR03 BLOK PRZEROBU ROPY\DRW-IV|DR4.FC43354_OP.PV;"2026-08-09 23:03:24,193008";"47,8977317810059"
\\PIAF\PKN Orlen\PI Vision\PKN Orlen\ZAKŁAD PRODUKCYJNY PŁOCK\RAFINERIA\PR03 BLOK PRZEROBU ROPY\DRW-IV|DR4.FC43354_OP.PV;"2026-08-09 23:13:59,119003";"47,803581237793"
\\PIAF\PKN Orlen\PI Vision\PKN Orlen\ZAKŁAD PRODUKCYJNY PŁOCK\RAFINERIA\PR03 BLOK PRZEROBU ROPY\DRW-IV|DR4.FC43354_OP.PV;"2026-08-09 23:16:29,183014";"48,1533470153809"
\\PIAF\PKN Orlen\PI Vision\PKN Orlen\ZAKŁAD PRODUKCYJNY PŁOCK\RAFINERIA\PR03 BLOK PRZEROBU ROPY\DRW-IV|DR4.FC43354_OP.PV;"2026-08-09 23:25:04,124008";"47,5004653930664"
\\PIAF\PKN Orlen\PI Vision\PKN Orlen\ZAKŁAD PRODUKCYJNY PŁOCK\RAFINERIA\PR03 BLOK PRZEROBU ROPY\DRW-IV|DR4.FC43354_OP.PV;"2026-08-09 23:38:29,116012";"47,3444519042969"
\\PIAF\PKN Orlen\PI Vision\PKN Orlen\ZAKŁAD PRODUKCYJNY PŁOCK\RAFINERIA\PR03 BLOK PRZEROBU ROPY\DRW-IV|DR4.FC43354_OP.PV;"2026-08-09 23:52:29,122009";"47,2368240356445"
\\PIAF\PKN Orlen\PI Vision\PKN Orlen\ZAKŁAD PRODUKCYJNY PŁOCK\RAFINERIA\PR03 BLOK PRZEROBU ROPY\DRW-IV|DR4.FC43354_OP.PV;"2026-08-09 23:55:04,108001";"47,5614585876465"
\\PIAF\PKN Orlen\PI Vision\PKN Orlen\ZAKŁAD PRODUKCYJNY PŁOCK\RAFINERIA\PR03 BLOK PRZEROBU ROPY\DRW-IV|DR4.FC43354_OP.PV;"2026-08-10 00:02:54,096008";"47,1859817504883"
\\PIAF\PKN Orlen\PI Vision\PKN Orlen\ZAKŁAD PRODUKCYJNY PŁOCK\RAFINERIA\PR03 BLOK PRZEROBU ROPY\DRW-IV|DR4.FC43354_OP.PV;"2026-08-10 00:47:04,162002";"47,2701225280762"
\\PIAF\PKN Orlen\PI Vision\PKN Orlen\ZAKŁAD PRODUKCYJNY PŁOCK\RAFINERIA\PR03 BLOK PRZEROBU ROPY\DRW-IV|DR4.FC43354_OP.PV;"2026-08-10 01:55:29,24501";"47,2848205566406"
\\PIAF\PKN Orlen\PI Vision\PKN Orlen\ZAKŁAD PRODUKCYJNY PŁOCK\RAFINERIA\PR03 BLOK PRZEROBU ROPY\DRW-IV|DR4.FC43354_OP.PV;"2026-08-10 02:20:04,178009";"47,5344543457031"
\\PIAF\PKN Orlen\PI Vision\PKN Orlen\ZAKŁAD PRODUKCYJNY PŁOCK\RAFINERIA\PR03 BLOK PRZEROBU ROPY\DRW-IV|DR4.FC43354_OP.PV;"2026-08-10 02:57:39,199005";"47,3101921081543"
\\PIAF\PKN Orlen\PI Vision\PKN Orlen\ZAKŁAD PRODUKCYJNY PŁOCK\RAFINERIA\PR03 BLOK PRZEROBU ROPY\DRW-IV|DR4.FC43354_OP.PV;"2026-08-10 04:27:59,098007";"46,9795455932617"
\\PIAF\PKN Orlen\PI Vision\PKN Orlen\ZAKŁAD PRODUKCYJNY PŁOCK\RAFINERIA\PR03 BLOK PRZEROBU ROPY\DRW-IV|DR4.FC43354_OP.PV;"2026-08-10 04:33:49,100006";"46,848072052002"
\\PIAF\PKN Orlen\PI Vision\PKN Orlen\ZAKŁAD PRODUKCYJNY PŁOCK\RAFINERIA\PR03 BLOK PRZEROBU ROPY\DRW-IV|DR4.FC43354_OP.PV;"2026-08-10 04:50:59,156006";"46,9418258666992"
\\PIAF\PKN Orlen\PI Vision\PKN Orlen\ZAKŁAD PRODUKCYJNY PŁOCK\RAFINERIA\PR03 BLOK PRZEROBU ROPY\DRW-IV|DR4.FC43354_OP.PV;"2026-08-10 05:57:34,207001";"46,6250953674316"
\\PIAF\PKN Orlen\PI Vision\PKN Orlen\ZAKŁAD PRODUKCYJNY PŁOCK\RAFINERIA\PR03 BLOK PRZEROBU ROPY\DRW-IV|DR4.FC43354_OP.PV;"2026-08-10 06:12:29,192001";"46,7396469116211"
\\PIAF\PKN Orlen\PI Vision\PKN Orlen\ZAKŁAD PRODUKCYJNY PŁOCK\RAFINERIA\PR03 BLOK PRZEROBU ROPY\DRW-IV|DR4.FC43354_OP.PV;"2026-08-10 06:21:24,149002";"46,8507537841797"
\\PIAF\PKN Orlen\PI Vision\PKN Orlen\ZAKŁAD PRODUKCYJNY PŁOCK\RAFINERIA\PR03 BLOK PRZEROBU ROPY\DRW-IV|DR4.FC43354_OP.PV;"2026-08-10 07:14:09,156006";"46,9636764526367"
\\PIAF\PKN Orlen\PI Vision\PKN Orlen\ZAKŁAD PRODUKCYJNY PŁOCK\RAFINERIA\PR03 BLOK PRZEROBU ROPY\DRW-IV|DR4.FC43354_OP.PV;"2026-08-10 07:16:29,157013";"47,3134002685547"
\\PIAF\PKN Orlen\PI Vision\PKN Orlen\ZAKŁAD PRODUKCYJNY PŁOCK\RAFINERIA\PR03 BLOK PRZEROBU ROPY\DRW-IV|DR4.FC43354_OP.PV;"2026-08-10 07:24:19,145004";"47,0737342834473"
\\PIAF\PKN Orlen\PI Vision\PKN Orlen\ZAKŁAD PRODUKCYJNY PŁOCK\RAFINERIA\PR03 BLOK PRZEROBU ROPY\DRW-IV|DR4.FC43354_OP.PV;"2026-08-10 07:40:44,184005";"46,827880859375"
\\PIAF\PKN Orlen\PI Vision\PKN Orlen\ZAKŁAD PRODUKCYJNY PŁOCK\RAFINERIA\PR03 BLOK PRZEROBU ROPY\DRW-IV|DR4.FC43354_OP.PV;"2026-08-10 08:00:39,114013";"46,8406639099121"
\\PIAF\PKN Orlen\PI Vision\PKN Orlen\ZAKŁAD PRODUKCYJNY PŁOCK\RAFINERIA\PR03 BLOK PRZEROBU ROPY\DRW-IV|DR4.FC43354_OP.PV;"2026-08-10 08:36:59,161011";"46,7231140136719"
\\PIAF\PKN Orlen\PI Vision\PKN Orlen\ZAKŁAD PRODUKCYJNY PŁOCK\RAFINERIA\PR03 BLOK PRZEROBU ROPY\DRW-IV|DR4.FC43354_OP.PV;"2026-08-10 08:42:59,117004";"47,6805572509766"
\\PIAF\PKN Orlen\PI Vision\PKN Orlen\ZAKŁAD PRODUKCYJNY PŁOCK\RAFINERIA\PR03 BLOK PRZEROBU ROPY\DRW-IV|DR4.FC43354_OP.PV;"2026-08-10 08:50:54,136002";"47,1438827514648"
\\PIAF\PKN Orlen\PI Vision\PKN Orlen\ZAKŁAD PRODUKCYJNY PŁOCK\RAFINERIA\PR03 BLOK PRZEROBU ROPY\DRW-IV|DR4.FC43354_OP.PV;"2026-08-10 08:58:14,154007";"47,5933990478516"
\\PIAF\PKN Orlen\PI Vision\PKN Orlen\ZAKŁAD PRODUKCYJNY PŁOCK\RAFINERIA\PR03 BLOK PRZEROBU ROPY\DRW-IV|DR4.FC43354_OP.PV;"2026-08-10 09:09:19,159012";"47,3700523376465"
\\PIAF\PKN Orlen\PI Vision\PKN Orlen\ZAKŁAD PRODUKCYJNY PŁOCK\RAFINERIA\PR03 BLOK PRZEROBU ROPY\DRW-IV|DR4.FC43354_OP.PV;"2026-08-10 09:24:19,103012";"47,075439453125"
\\PIAF\PKN Orlen\PI Vision\PKN Orlen\ZAKŁAD PRODUKCYJNY PŁOCK\RAFINERIA\PR03 BLOK PRZEROBU ROPY\DRW-IV|DR4.FC43354_OP.PV;"2026-08-10 09:42:49,158005";"47,3760604858398"
\\PIAF\PKN Orlen\PI Vision\PKN Orlen\ZAKŁAD PRODUKCYJNY PŁOCK\RAFINERIA\PR03 BLOK PRZEROBU ROPY\DRW-IV|DR4.FC43354_OP.PV;"2026-08-10 09:49:19,083008";"47,1048049926758"
\\PIAF\PKN Orlen\PI Vision\PKN Orlen\ZAKŁAD PRODUKCYJNY PŁOCK\RAFINERIA\PR03 BLOK PRZEROBU ROPY\DRW-IV|DR4.FC43354_OP.PV;"2026-08-10 09:57:39,149002";"47,3152236938477"
\\PIAF\PKN Orlen\PI Vision\PKN Orlen\ZAKŁAD PRODUKCYJNY PŁOCK\RAFINERIA\PR03 BLOK PRZEROBU ROPY\DRW-IV|DR4.FC43354_OP.PV;"2026-08-10 10:18:59,165008";"47,6314392089844"
\\PIAF\PKN Orlen\PI Vision\PKN Orlen\ZAKŁAD PRODUKCYJNY PŁOCK\RAFINERIA\PR03 BLOK PRZEROBU ROPY\DRW-IV|DR4.FC43354_OP.PV;"2026-08-10 10:36:49,188004";"47,2106056213379"
\\PIAF\PKN Orlen\PI Vision\PKN Orlen\ZAKŁAD PRODUKCYJNY PŁOCK\RAFINERIA\PR03 BLOK PRZEROBU ROPY\DRW-IV|DR4.FC43354_OP.PV;"2026-08-10 10:54:34,181015";"47,8056449890137"
\\PIAF\PKN Orlen\PI Vision\PKN Orlen\ZAKŁAD PRODUKCYJNY PŁOCK\RAFINERIA\PR03 BLOK PRZEROBU ROPY\DRW-IV|DR4.FC43354_OP.PV;"2026-08-10 11:02:59,169006";"49,0385246276855"
\\PIAF\PKN Orlen\PI Vision\PKN Orlen\ZAKŁAD PRODUKCYJNY PŁOCK\RAFINERIA\PR03 BLOK PRZEROBU ROPY\DRW-IV|DR4.FC43354_OP.PV;"2026-08-10 11:09:59,172012";"48,951229095459"
\\PIAF\PKN Orlen\PI Vision\PKN Orlen\ZAKŁAD PRODUKCYJNY PŁOCK\RAFINERIA\PR03 BLOK PRZEROBU ROPY\DRW-IV|DR4.FC43354_OP.PV;"2026-08-10 11:12:49,142014";"49,2996635437012"
\\PIAF\PKN Orlen\PI Vision\PKN Orlen\ZAKŁAD PRODUKCYJNY PŁOCK\RAFINERIA\PR03 BLOK PRZEROBU ROPY\DRW-IV|DR4.FC43354_OP.PV;"2026-08-10 11:24:14,162002";"49,102912902832"
\\PIAF\PKN Orlen\PI Vision\PKN Orlen\ZAKŁAD PRODUKCYJNY PŁOCK\RAFINERIA\PR03 BLOK PRZEROBU ROPY\DRW-IV|DR4.FC43354_OP.PV;"2026-08-10 11:26:19,179001";"49,4297294616699"
\\PIAF\PKN Orlen\PI Vision\PKN Orlen\ZAKŁAD PRODUKCYJNY PŁOCK\RAFINERIA\PR03 BLOK PRZEROBU ROPY\DRW-IV|DR4.FC43354_OP.PV;"2026-08-10 11:36:44,152008";"48,5545768737793"
\\PIAF\PKN Orlen\PI Vision\PKN Orlen\ZAKŁAD PRODUKCYJNY PŁOCK\RAFINERIA\PR03 BLOK PRZEROBU ROPY\DRW-IV|DR4.FC43354_OP.PV;"2026-08-10 11:47:29,141006";"48,3396606445313"
\\PIAF\PKN Orlen\PI Vision\PKN Orlen\ZAKŁAD PRODUKCYJNY PŁOCK\RAFINERIA\PR03 BLOK PRZEROBU ROPY\DRW-IV|DR4.FC43354_OP.PV;"2026-08-10 11:59:09,146011";"48,2386817932129"
\\PIAF\PKN Orlen\PI Vision\PKN Orlen\ZAKŁAD PRODUKCYJNY PŁOCK\RAFINERIA\PR03 BLOK PRZEROBU ROPY\DRW-IV|DR4.FC43354_OP.PV;"2026-08-10 12:07:54,212006";"48,1149597167969"
\\PIAF\PKN Orlen\PI Vision\PKN Orlen\ZAKŁAD PRODUKCYJNY PŁOCK\RAFINERIA\PR03 BLOK PRZEROBU ROPY\DRW-IV|DR4.FC43354_OP.PV;"2026-08-10 12:31:24,175003";"48,0340309143066"
\\PIAF\PKN Orlen\PI Vision\PKN Orlen\ZAKŁAD PRODUKCYJNY PŁOCK\RAFINERIA\PR03 BLOK PRZEROBU ROPY\DRW-IV|DR4.FC43354_OP.PV;"2026-08-10 12:54:59,170013";"48,3019981384277"
\\PIAF\PKN Orlen\PI Vision\PKN Orlen\ZAKŁAD PRODUKCYJNY PŁOCK\RAFINERIA\PR03 BLOK PRZEROBU ROPY\DRW-IV|DR4.FC43354_OP.PV;"2026-08-10 13:05:49,190002";"47,963737487793"
\\PIAF\PKN Orlen\PI Vision\PKN Orlen\ZAKŁAD PRODUKCYJNY PŁOCK\RAFINERIA\PR03 BLOK PRZEROBU ROPY\DRW-IV|DR4.FC43354_OP.PV;"2026-08-10 13:20:24,197006";"47,9657859802246"
\\PIAF\PKN Orlen\PI Vision\PKN Orlen\ZAKŁAD PRODUKCYJNY PŁOCK\RAFINERIA\PR03 BLOK PRZEROBU ROPY\DRW-IV|DR4.FC43354_OP.PV;"2026-08-10 13:26:49,090012";"48,6636276245117"
\\PIAF\PKN Orlen\PI Vision\PKN Orlen\ZAKŁAD PRODUKCYJNY PŁOCK\RAFINERIA\PR03 BLOK PRZEROBU ROPY\DRW-IV|DR4.FC43354_OP.PV;"2026-08-10 13:47:04,146011";"48,7099227905273"
\\PIAF\PKN Orlen\PI Vision\PKN Orlen\ZAKŁAD PRODUKCYJNY PŁOCK\RAFINERIA\PR03 BLOK PRZEROBU ROPY\DRW-IV|DR4.FC43354_OP.PV;"2026-08-10 13:55:09,118011";"49,0998649597168"
\\PIAF\PKN Orlen\PI Vision\PKN Orlen\ZAKŁAD PRODUKCYJNY PŁOCK\RAFINERIA\PR03 BLOK PRZEROBU ROPY\DRW-IV|DR4.FC43354_OP.PV;"2026-08-10 14:06:59,186004";"48,998649597168"
\\PIAF\PKN Orlen\PI Vision\PKN Orlen\ZAKŁAD PRODUKCYJNY PŁOCK\RAFINERIA\PR03 BLOK PRZEROBU ROPY\DRW-IV|DR4.FC43354_OP.PV;"2026-08-10 14:11:54,172012";"48,5723762512207"
\\PIAF\PKN Orlen\PI Vision\PKN Orlen\ZAKŁAD PRODUKCYJNY PŁOCK\RAFINERIA\PR03 BLOK PRZEROBU ROPY\DRW-IV|DR4.FC43354_OP.PV;"2026-08-10 14:22:39,161011";"49,032356262207"
\\PIAF\PKN Orlen\PI Vision\PKN Orlen\ZAKŁAD PRODUKCYJNY PŁOCK\RAFINERIA\PR03 BLOK PRZEROBU ROPY\DRW-IV|DR4.FC43354_OP.PV;"2026-08-10 14:26:04,132004";"48,7167510986328"
\\PIAF\PKN Orlen\PI Vision\PKN Orlen\ZAKŁAD PRODUKCYJNY PŁOCK\RAFINERIA\PR03 BLOK PRZEROBU ROPY\DRW-IV|DR4.FC43354_OP.PV;"2026-08-10 14:35:59,236007";"48,6069107055664"
\\PIAF\PKN Orlen\PI Vision\PKN Orlen\ZAKŁAD PRODUKCYJNY PŁOCK\RAFINERIA\PR03 BLOK PRZEROBU ROPY\DRW-IV|DR4.FC43354_OP.PV;"2026-08-10 14:43:49,224014";"49,0160636901855"
\\PIAF\PKN Orlen\PI Vision\PKN Orlen\ZAKŁAD PRODUKCYJNY PŁOCK\RAFINERIA\PR03 BLOK PRZEROBU ROPY\DRW-IV|DR4.FC43354_OP.PV;"2026-08-10 14:46:49,256012";"49,3504486083984"
\\PIAF\PKN Orlen\PI Vision\PKN Orlen\ZAKŁAD PRODUKCYJNY PŁOCK\RAFINERIA\PR03 BLOK PRZEROBU ROPY\DRW-IV|DR4.FC43354_OP.PV;"2026-08-10 14:58:59,231003";"48,9432182312012"
\\PIAF\PKN Orlen\PI Vision\PKN Orlen\ZAKŁAD PRODUKCYJNY PŁOCK\RAFINERIA\PR03 BLOK PRZEROBU ROPY\DRW-IV|DR4.FC43354_OP.PV;"2026-08-10 15:15:24,160003";"48,890007019043"
\\PIAF\PKN Orlen\PI Vision\PKN Orlen\ZAKŁAD PRODUKCYJNY PŁOCK\RAFINERIA\PR03 BLOK PRZEROBU ROPY\DRW-IV|DR4.FC43354_OP.PV;"2026-08-10 15:20:54,146011";"48,3104820251465"
\\PIAF\PKN Orlen\PI Vision\PKN Orlen\ZAKŁAD PRODUKCYJNY PŁOCK\RAFINERIA\PR03 BLOK PRZEROBU ROPY\DRW-IV|DR4.FC43354_OP.PV;"2026-08-10 15:39:54,170013";"49,1543350219727"
\\PIAF\PKN Orlen\PI Vision\PKN Orlen\ZAKŁAD PRODUKCYJNY PŁOCK\RAFINERIA\PR03 BLOK PRZEROBU ROPY\DRW-IV|DR4.FC43354_OP.PV;"2026-08-10 15:47:59,141006";"49,0536346435547"
\\PIAF\PKN Orlen\PI Vision\PKN Orlen\ZAKŁAD PRODUKCYJNY PŁOCK\RAFINERIA\PR03 BLOK PRZEROBU ROPY\DRW-IV|DR4.FC43354_OP.PV;"2026-08-10 15:52:44,175003";"49,3826103210449"
\\PIAF\PKN Orlen\PI Vision\PKN Orlen\ZAKŁAD PRODUKCYJNY PŁOCK\RAFINERIA\PR03 BLOK PRZEROBU ROPY\DRW-IV|DR4.FC43354_OP.PV;"2026-08-10 16:04:59,180008";"49,064769744873"
\\PIAF\PKN Orlen\PI Vision\PKN Orlen\ZAKŁAD PRODUKCYJNY PŁOCK\RAFINERIA\PR03 BLOK PRZEROBU ROPY\DRW-IV|DR4.FC43354_OP.PV;"2026-08-10 16:14:29,142014";"49,1806297302246"
\\PIAF\PKN Orlen\PI Vision\PKN Orlen\ZAKŁAD PRODUKCYJNY PŁOCK\RAFINERIA\PR03 BLOK PRZEROBU ROPY\DRW-IV|DR4.FC43354_OP.PV;"2026-08-10 16:16:49,127014";"48,8731498718262"
\\PIAF\PKN Orlen\PI Vision\PKN Orlen\ZAKŁAD PRODUKCYJNY PŁOCK\RAFINERIA\PR03 BLOK PRZEROBU ROPY\DRW-IV|DR4.FC43354_OP.PV;"2026-08-10 16:24:24,126007";"49,4339485168457"
\\PIAF\PKN Orlen\PI Vision\PKN Orlen\ZAKŁAD PRODUKCYJNY PŁOCK\RAFINERIA\PR03 BLOK PRZEROBU ROPY\DRW-IV|DR4.FC43354_OP.PV;"2026-08-10 16:32:44,180008";"49,0052757263184"
\\PIAF\PKN Orlen\PI Vision\PKN Orlen\ZAKŁAD PRODUKCYJNY PŁOCK\RAFINERIA\PR03 BLOK PRZEROBU ROPY\DRW-IV|DR4.FC43354_OP.PV;"2026-08-10 16:43:59,138016";"49,2248115539551"
\\PIAF\PKN Orlen\PI Vision\PKN Orlen\ZAKŁAD PRODUKCYJNY PŁOCK\RAFINERIA\PR03 BLOK PRZEROBU ROPY\DRW-IV|DR4.FC43354_OP.PV;"2026-08-10 17:25:59,157013";"48,9065856933594"
\\PIAF\PKN Orlen\PI Vision\PKN Orlen\ZAKŁAD PRODUKCYJNY PŁOCK\RAFINERIA\PR03 BLOK PRZEROBU ROPY\DRW-IV|DR4.FC43354_OP.PV;"2026-08-10 17:30:44,190002";"49,0164260864258"
\\PIAF\PKN Orlen\PI Vision\PKN Orlen\ZAKŁAD PRODUKCYJNY PŁOCK\RAFINERIA\PR03 BLOK PRZEROBU ROPY\DRW-IV|DR4.FC43354_OP.PV;"2026-08-10 17:37:19,111007";"48,9278678894043"
\\PIAF\PKN Orlen\PI Vision\PKN Orlen\ZAKŁAD PRODUKCYJNY PŁOCK\RAFINERIA\PR03 BLOK PRZEROBU ROPY\DRW-IV|DR4.FC43354_OP.PV;"2026-08-10 17:55:44,13501";"49,0805587768555"
\\PIAF\PKN Orlen\PI Vision\PKN Orlen\ZAKŁAD PRODUKCYJNY PŁOCK\RAFINERIA\PR03 BLOK PRZEROBU ROPY\DRW-IV|DR4.FC43354_OP.PV;"2026-08-10 18:28:44,165008";"49,1113548278809"
\\PIAF\PKN Orlen\PI Vision\PKN Orlen\ZAKŁAD PRODUKCYJNY PŁOCK\RAFINERIA\PR03 BLOK PRZEROBU ROPY\DRW-IV|DR4.FC43354_OP.PV;"2026-08-10 18:51:29,065002";"49,1945304870605"
\\PIAF\PKN Orlen\PI Vision\PKN Orlen\ZAKŁAD PRODUKCYJNY PŁOCK\RAFINERIA\PR03 BLOK PRZEROBU ROPY\DRW-IV|DR4.FC43354_OP.PV;"2026-08-10 19:15:49,223007";"49,0880928039551"
\\PIAF\PKN Orlen\PI Vision\PKN Orlen\ZAKŁAD PRODUKCYJNY PŁOCK\RAFINERIA\PR03 BLOK PRZEROBU ROPY\DRW-IV|DR4.FC43354_OP.PV;"2026-08-10 19:52:09,182007";"49,1323013305664"
\\PIAF\PKN Orlen\PI Vision\PKN Orlen\ZAKŁAD PRODUKCYJNY PŁOCK\RAFINERIA\PR03 BLOK PRZEROBU ROPY\DRW-IV|DR4.FC43354_OP.PV;"2026-08-10 20:00:29,139008";"49,2769775390625"
\\PIAF\PKN Orlen\PI Vision\PKN Orlen\ZAKŁAD PRODUKCYJNY PŁOCK\RAFINERIA\PR03 BLOK PRZEROBU ROPY\DRW-IV|DR4.FC43354_OP.PV;"2026-08-10 20:12:24,238006";"49,2549095153809"
\\PIAF\PKN Orlen\PI Vision\PKN Orlen\ZAKŁAD PRODUKCYJNY PŁOCK\RAFINERIA\PR03 BLOK PRZEROBU ROPY\DRW-IV|DR4.FC43354_OP.PV;"2026-08-10 20:22:04,14801";"49,8577003479004"
\\PIAF\PKN Orlen\PI Vision\PKN Orlen\ZAKŁAD PRODUKCYJNY PŁOCK\RAFINERIA\PR03 BLOK PRZEROBU ROPY\DRW-IV|DR4.FC43354_OP.PV;"2026-08-10 20:37:34,171005";"49,5441970825195"
\\PIAF\PKN Orlen\PI Vision\PKN Orlen\ZAKŁAD PRODUKCYJNY PŁOCK\RAFINERIA\PR03 BLOK PRZEROBU ROPY\DRW-IV|DR4.FC43354_OP.PV;"2026-08-10 20:47:09,159012";"49,1532020568848"
\\PIAF\PKN Orlen\PI Vision\PKN Orlen\ZAKŁAD PRODUKCYJNY PŁOCK\RAFINERIA\PR03 BLOK PRZEROBU ROPY\DRW-IV|DR4.FC43354_OP.PV;"2026-08-10 20:50:09,192001";"48,5716857910156"
\\PIAF\PKN Orlen\PI Vision\PKN Orlen\ZAKŁAD PRODUKCYJNY PŁOCK\RAFINERIA\PR03 BLOK PRZEROBU ROPY\DRW-IV|DR4.FC43354_OP.PV;"2026-08-10 21:04:59,183014";"48,2495193481445"
\\PIAF\PKN Orlen\PI Vision\PKN Orlen\ZAKŁAD PRODUKCYJNY PŁOCK\RAFINERIA\PR03 BLOK PRZEROBU ROPY\DRW-IV|DR4.FC43354_OP.PV;"2026-08-10 21:09:39,185013";"48,8061866760254"
\\PIAF\PKN Orlen\PI Vision\PKN Orlen\ZAKŁAD PRODUKCYJNY PŁOCK\RAFINERIA\PR03 BLOK PRZEROBU ROPY\DRW-IV|DR4.FC43354_OP.PV;"2026-08-10 21:33:59,14801";"49,1338958740234"
\\PIAF\PKN Orlen\PI Vision\PKN Orlen\ZAKŁAD PRODUKCYJNY PŁOCK\RAFINERIA\PR03 BLOK PRZEROBU ROPY\DRW-IV|DR4.FC43354_OP.PV;"2026-08-10 22:38:14,098007";"48,4537124633789"
\\PIAF\PKN Orlen\PI Vision\PKN Orlen\ZAKŁAD PRODUKCYJNY PŁOCK\RAFINERIA\PR03 BLOK PRZEROBU ROPY\DRW-IV|DR4.FC43354_OP.PV;"2026-08-10 22:45:09,179016";"49,1093788146973"
\\PIAF\PKN Orlen\PI Vision\PKN Orlen\ZAKŁAD PRODUKCYJNY PŁOCK\RAFINERIA\PR03 BLOK PRZEROBU ROPY\DRW-IV|DR4.FC43354_OP.PV;"2026-08-10 23:08:24,158005";"48,486701965332"
\\PIAF\PKN Orlen\PI Vision\PKN Orlen\ZAKŁAD PRODUKCYJNY PŁOCK\RAFINERIA\PR03 BLOK PRZEROBU ROPY\DRW-IV|DR4.FC43354_OP.PV;"2026-08-10 23:18:44,100006";"48,3703804016113"
\\PIAF\PKN Orlen\PI Vision\PKN Orlen\ZAKŁAD PRODUKCYJNY PŁOCK\RAFINERIA\PR03 BLOK PRZEROBU ROPY\DRW-IV|DR4.FC43354_OP.PV;"2026-08-10 23:24:29,071014";"48,4717445373535"
\\PIAF\PKN Orlen\PI Vision\PKN Orlen\ZAKŁAD PRODUKCYJNY PŁOCK\RAFINERIA\PR03 BLOK PRZEROBU ROPY\DRW-IV|DR4.FC43354_OP.PV;"2026-08-10 23:48:04,166";"48,4875869750977"
\\PIAF\PKN Orlen\PI Vision\PKN Orlen\ZAKŁAD PRODUKCYJNY PŁOCK\RAFINERIA\PR03 BLOK PRZEROBU ROPY\DRW-IV|DR4.FC43354_OP.PV;"2026-08-11 00:43:04,143005";"48,0628318786621"
\\PIAF\PKN Orlen\PI Vision\PKN Orlen\ZAKŁAD PRODUKCYJNY PŁOCK\RAFINERIA\PR03 BLOK PRZEROBU ROPY\DRW-IV|DR4.FC43354_OP.PV;"2026-08-11 01:00:19,167007";"47,8652153015137"
\\PIAF\PKN Orlen\PI Vision\PKN Orlen\ZAKŁAD PRODUKCYJNY PŁOCK\RAFINERIA\PR03 BLOK PRZEROBU ROPY\DRW-IV|DR4.FC43354_OP.PV;"2026-08-11 01:15:54,220001";"47,799373626709"
\\PIAF\PKN Orlen\PI Vision\PKN Orlen\ZAKŁAD PRODUKCYJNY PŁOCK\RAFINERIA\PR03 BLOK PRZEROBU ROPY\DRW-IV|DR4.FC43354_OP.PV;"2026-08-11 01:45:34,122009";"47,9242210388184"
\\PIAF\PKN Orlen\PI Vision\PKN Orlen\ZAKŁAD PRODUKCYJNY PŁOCK\RAFINERIA\PR03 BLOK PRZEROBU ROPY\DRW-IV|DR4.FC43354_OP.PV;"2026-08-11 02:04:09,208008";"47,8376426696777"
\\PIAF\PKN Orlen\PI Vision\PKN Orlen\ZAKŁAD PRODUKCYJNY PŁOCK\RAFINERIA\PR03 BLOK PRZEROBU ROPY\DRW-IV|DR4.FC43354_OP.PV;"2026-08-11 03:08:19,127014";"48,2072372436523"
\\PIAF\PKN Orlen\PI Vision\PKN Orlen\ZAKŁAD PRODUKCYJNY PŁOCK\RAFINERIA\PR03 BLOK PRZEROBU ROPY\DRW-IV|DR4.FC43354_OP.PV;"2026-08-11 03:29:24,167999";"48,132194519043"
\\PIAF\PKN Orlen\PI Vision\PKN Orlen\ZAKŁAD PRODUKCYJNY PŁOCK\RAFINERIA\PR03 BLOK PRZEROBU ROPY\DRW-IV|DR4.FC43354_OP.PV;"2026-08-11 04:35:39,203003";"47,7621002197266"
\\PIAF\PKN Orlen\PI Vision\PKN Orlen\ZAKŁAD PRODUKCYJNY PŁOCK\RAFINERIA\PR03 BLOK PRZEROBU ROPY\DRW-IV|DR4.FC43354_OP.PV;"2026-08-11 05:11:14,218002";"48,1188278198242"
\\PIAF\PKN Orlen\PI Vision\PKN Orlen\ZAKŁAD PRODUKCYJNY PŁOCK\RAFINERIA\PR03 BLOK PRZEROBU ROPY\DRW-IV|DR4.FC43354_OP.PV;"2026-08-11 05:51:29,190002";"47,9431381225586"
\\PIAF\PKN Orlen\PI Vision\PKN Orlen\ZAKŁAD PRODUKCYJNY PŁOCK\RAFINERIA\PR03 BLOK PRZEROBU ROPY\DRW-IV|DR4.FC43354_OP.PV;"2026-08-11 06:21:19,125";"48,1205215454102"
\\PIAF\PKN Orlen\PI Vision\PKN Orlen\ZAKŁAD PRODUKCYJNY PŁOCK\RAFINERIA\PR03 BLOK PRZEROBU ROPY\DRW-IV|DR4.FC43354_OP.PV;"2026-08-11 06:29:04,19101";"48,0021743774414"
\\PIAF\PKN Orlen\PI Vision\PKN Orlen\ZAKŁAD PRODUKCYJNY PŁOCK\RAFINERIA\PR03 BLOK PRZEROBU ROPY\DRW-IV|DR4.FC43354_OP.PV;"2026-08-11 07:14:19,117004";"47,8729133605957"
\\PIAF\PKN Orlen\PI Vision\PKN Orlen\ZAKŁAD PRODUKCYJNY PŁOCK\RAFINERIA\PR03 BLOK PRZEROBU ROPY\DRW-IV|DR4.FC43354_OP.PV;"2026-08-11 08:23:04,141006";"47,7849578857422"
\\PIAF\PKN Orlen\PI Vision\PKN Orlen\ZAKŁAD PRODUKCYJNY PŁOCK\RAFINERIA\PR03 BLOK PRZEROBU ROPY\DRW-IV|DR4.FC43354_OP.PV;"2026-08-11 08:37:09,160003";"47,7814521789551"
\\PIAF\PKN Orlen\PI Vision\PKN Orlen\ZAKŁAD PRODUKCYJNY PŁOCK\RAFINERIA\PR03 BLOK PRZEROBU ROPY\DRW-IV|DR4.FC43354_OP.PV;"2026-08-11 09:12:29,182007";"47,7404251098633"
\\PIAF\PKN Orlen\PI Vision\PKN Orlen\ZAKŁAD PRODUKCYJNY PŁOCK\RAFINERIA\PR03 BLOK PRZEROBU ROPY\DRW-IV|DR4.FC43354_OP.PV;"2026-08-11 09:22:09,202011";"47,8804550170898"
\\PIAF\PKN Orlen\PI Vision\PKN Orlen\ZAKŁAD PRODUKCYJNY PŁOCK\RAFINERIA\PR03 BLOK PRZEROBU ROPY\DRW-IV|DR4.FC43354_OP.PV;"2026-08-11 09:37:59,240005";"47,8664398193359"
\\PIAF\PKN Orlen\PI Vision\PKN Orlen\ZAKŁAD PRODUKCYJNY PŁOCK\RAFINERIA\PR03 BLOK PRZEROBU ROPY\DRW-IV|DR4.FC43354_OP.PV;"2026-08-11 09:47:29,197006";"48,1773223876953"
\\PIAF\PKN Orlen\PI Vision\PKN Orlen\ZAKŁAD PRODUKCYJNY PŁOCK\RAFINERIA\PR03 BLOK PRZEROBU ROPY\DRW-IV|DR4.FC43354_OP.PV;"2026-08-11 09:57:19,171005";"48,1683959960938"
\\PIAF\PKN Orlen\PI Vision\PKN Orlen\ZAKŁAD PRODUKCYJNY PŁOCK\RAFINERIA\PR03 BLOK PRZEROBU ROPY\DRW-IV|DR4.FC43354_OP.PV;"2026-08-11 10:04:34,213012";"48,3004379272461"
\\PIAF\PKN Orlen\PI Vision\PKN Orlen\ZAKŁAD PRODUKCYJNY PŁOCK\RAFINERIA\PR03 BLOK PRZEROBU ROPY\DRW-IV|DR4.FC43354_OP.PV;"2026-08-11 10:08:09,136002";"47,7310409545898"
\\PIAF\PKN Orlen\PI Vision\PKN Orlen\ZAKŁAD PRODUKCYJNY PŁOCK\RAFINERIA\PR03 BLOK PRZEROBU ROPY\DRW-IV|DR4.FC43354_OP.PV;"2026-08-11 10:35:14,133011";"47,9329681396484"
\\PIAF\PKN Orlen\PI Vision\PKN Orlen\ZAKŁAD PRODUKCYJNY PŁOCK\RAFINERIA\PR03 BLOK PRZEROBU ROPY\DRW-IV|DR4.FC43354_OP.PV;"2026-08-11 10:47:34,152008";"47,501895904541"
\\PIAF\PKN Orlen\PI Vision\PKN Orlen\ZAKŁAD PRODUKCYJNY PŁOCK\RAFINERIA\PR03 BLOK PRZEROBU ROPY\DRW-IV|DR4.FC43354_OP.PV;"2026-08-11 10:54:34,155014";"47,4732551574707"
\\PIAF\PKN Orlen\PI Vision\PKN Orlen\ZAKŁAD PRODUKCYJNY PŁOCK\RAFINERIA\PR03 BLOK PRZEROBU ROPY\DRW-IV|DR4.FC43354_OP.PV;"2026-08-11 10:58:49,110001";"47,9643058776855"
\\PIAF\PKN Orlen\PI Vision\PKN Orlen\ZAKŁAD PRODUKCYJNY PŁOCK\RAFINERIA\PR03 BLOK PRZEROBU ROPY\DRW-IV|DR4.FC43354_OP.PV;"2026-08-11 11:15:39,195007";"47,755443572998"
\\PIAF\PKN Orlen\PI Vision\PKN Orlen\ZAKŁAD PRODUKCYJNY PŁOCK\RAFINERIA\PR03 BLOK PRZEROBU ROPY\DRW-IV|DR4.FC43354_OP.PV;"2026-08-11 11:30:54,124008";"47,6584281921387"
\\PIAF\PKN Orlen\PI Vision\PKN Orlen\ZAKŁAD PRODUKCYJNY PŁOCK\RAFINERIA\PR03 BLOK PRZEROBU ROPY\DRW-IV|DR4.FC43354_OP.PV;"2026-08-11 11:34:19,094009";"47,3259658813477"
\\PIAF\PKN Orlen\PI Vision\PKN Orlen\ZAKŁAD PRODUKCYJNY PŁOCK\RAFINERIA\PR03 BLOK PRZEROBU ROPY\DRW-IV|DR4.FC43354_OP.PV;"2026-08-11 11:51:14,102005";"47,4166221618652"
\\PIAF\PKN Orlen\PI Vision\PKN Orlen\ZAKŁAD PRODUKCYJNY PŁOCK\RAFINERIA\PR03 BLOK PRZEROBU ROPY\DRW-IV|DR4.FC43354_OP.PV;"2026-08-11 12:14:34,112";"47,2189064025879"
\\PIAF\PKN Orlen\PI Vision\PKN Orlen\ZAKŁAD PRODUKCYJNY PŁOCK\RAFINERIA\PR03 BLOK PRZEROBU ROPY\DRW-IV|DR4.FC43354_OP.PV;"2026-08-11 12:44:14,159012";"47,5710716247559"
\\PIAF\PKN Orlen\PI Vision\PKN Orlen\ZAKŁAD PRODUKCYJNY PŁOCK\RAFINERIA\PR03 BLOK PRZEROBU ROPY\DRW-IV|DR4.FC43354_OP.PV;"2026-08-11 12:56:04,117004";"47,3362846374512"
